#VRML V2.0 utf8
# 3D model generated by kicad-lcsc-manager
# Based on easyeda2kicad.py v1.0.1

Shape{
    appearance Appearance {
        material  Material {
            diffuseColor 0.0 0.984313725490196 1.0
            specularColor 0.0 0.49411764705882355 0.5019607843137255
            ambientIntensity 0.6918
            transparency 0.0
            shininess 0.5
        }
    }
    geometry IndexedFaceSet {
        ccw TRUE
        solid FALSE
        coord DEF co Coordinate {
            point [
                -1.3791 1.6929 4.6951, -1.4975 1.6929 4.6033, -2.4298 1.6929 5.7243, -0.1362 1.6929 5.25, -1.2472 1.6929 4.7661, -2.3587 1.6929 5.9115, -2.3743 1.6929 5.876, -1.7783 1.6929 4.0857, -1.7907 1.6929 3.9365, -2.399 1.6929 4.0304, -2.544 1.6929 5.1985, -2.5373 1.6929 5.2545, -1.5991 1.6929 4.4933, -2.5113 1.6929 5.4134, -2.4755 1.6929 5.57, -2.5565 1.6929 5.0363, -1.6812 1.6929 4.368, -2.5586 1.6929 4.8747, -2.5507 1.6929 4.7141, -1.7414 1.6929 4.2309, -2.5326 1.6929 4.5544, -2.1894 1.6929 3.5965, -2.2684 1.6929 3.7367, -2.3383 1.6929 3.8815, -2.4504 1.6929 4.1836, -2.4924 1.6929 4.3408, -2.5045 1.6929 4.3959, -1.7907 1.6929 3.0931, -1.8617 1.6929 3.1655, -1.9686 1.6929 3.2862, -2.068 1.6929 3.4139, -2.1597 1.6929 3.5485, 2.4355 1.6929 5.7069, 0.7308 1.6929 4.942, 2.4176 1.6929 5.7604, 0.4797 1.6929 5.5183, 2.3597 1.6929 5.9115, 0.1797 1.6929 2.3685, -0.1362 1.6929 4.5643, 0.3396 1.6929 2.3848, 0.4984 1.6929 2.4112, 2.2599 1.6929 3.7205, 2.1799 1.6929 3.5809, 2.5582 1.6929 4.8565, 2.5491 1.6929 4.6958, 2.5299 1.6929 4.5362, 2.5007 1.6929 4.378, 2.4615 1.6929 4.2213, 2.412 1.6929 4.0663, 2.3926 1.6929 4.0133, 2.3308 1.6929 3.8647, 2.091 1.6929 3.446, 1.993 1.6929 3.3161, 1.9572 1.6929 3.2726, 1.8496 1.6929 3.1528, 1.735 1.6929 3.0402, 1.6134 1.6929 2.9349, 1.3011 1.6929 2.7177, 1.16 1.6929 2.6402, 1.0145 1.6929 2.5719, 0.8649 1.6929 2.5128, 2.48 1.6929 5.5522, 2.5148 1.6929 5.3953, 2.5396 1.6929 5.2364, 1.4848 1.6929 2.837, 1.3494 1.6929 2.7469, 0.7112 1.6929 2.463, 0.5536 1.6929 2.4228, 2.5544 1.6929 5.0755, 2.559 1.6929 4.9129, 0.0189 1.6929 2.3623, -0.1362 1.6929 2.366, -0.1426 1.6929 2.3662, -0.3046 1.6929 2.3804, -0.5205 1.6929 2.3913, -0.9961 1.6929 4.1897, -0.7358 1.6929 2.3726, -0.831 1.6929 2.3536, -0.9238 1.6929 2.327, -1.1621 1.6929 3.9365, -1.0141 1.6929 2.2927, -1.1329 1.6929 4.0601, -1.0978 1.6929 4.1136, -1.0514 1.6929 4.1576, -1.1547 1.6929 4.0, -1.1017 1.6929 2.2511, -1.1142 1.6929 2.2444, -1.1621 1.6929 2.217, -0.117 1.6929 6.0526, -0.0575 1.6929 6.0526, -0.0575 1.6929 6.0008, -0.0364 1.6929 5.9124, -0.0364 1.6929 6.0699, -0.0056 1.6929 6.0444, -0.0056 1.6929 6.0656, 0.1032 1.6929 6.0285, 0.0938 1.6929 6.0434, 0.1845 1.6929 6.0699, 0.6248 1.6929 7.4029, 0.7796 1.6929 7.3587, 0.931 1.6929 7.3049, 1.079 1.6929 7.2417, -0.1132 1.6929 6.0008, -0.1132 1.6929 5.9835, -0.1362 1.6929 5.9115, 0.0126 1.6929 6.0705, 0.0314 1.6929 6.0718, 0.0852 1.6929 5.9259, 0.0967 1.6929 5.9381, 0.125 1.6929 5.9124, 0.047 1.6929 5.9115, 0.2056 1.6929 5.9124, 0.0313 1.6929 6.0545, -0.0028 1.6929 5.9363, 0.0121 1.6929 6.052, -0.0056 1.6929 5.9379, -0.117 1.6929 6.0699, -0.0712 1.6929 7.4793, 0.0895 1.6929 7.4787, 0.25 1.6929 7.4681, -0.1362 1.6929 7.4755, 0.4102 1.6929 7.4472, 0.5699 1.6929 7.416, 0.125 1.6929 5.9297, 0.1051 1.6929 5.9529, 0.1845 1.6929 5.9297, 0.0801 1.6929 6.0566, 0.0653 1.6929 6.0652, 0.0481 1.6929 6.0704, 0.0571 1.6929 5.9125, 0.0724 1.6929 5.9177, 0.2056 1.6929 6.0699, 1.2232 1.6929 7.169, 1.3636 1.6929 7.0867, 1.411 1.6929 7.0562, 0.0468 1.6929 6.0528, 0.0585 1.6929 6.0486, 0.0696 1.6929 6.0411, 0.0791 1.6929 6.0305, 0.0855 1.6929 6.0183, 0.0897 1.6929 6.0013, 0.0904 1.6929 5.9895, 0.0888 1.6929 5.9724, 0.0845 1.6929 5.9589, 0.0348 1.6929 5.9278, 0.0707 1.6929 5.9402, 0.0494 1.6929 5.9294, 0.061 1.6929 5.9337, 0.078 1.6929 5.948, 0.0139 1.6929 5.9301, 0.0112 1.6929 5.9137, 0.0271 1.6929 5.9115, 0.11 1.6929 5.9698, 0.1115 1.6929 5.9882, 0.1093 1.6929 6.0105, -0.0575 1.6929 5.9835, -0.0575 1.6929 5.9297, -0.1209 1.6929 5.9297, -0.1209 1.6929 5.9124, -0.0056 1.6929 5.9206, 1.5424 1.6929 6.9632, 1.6676 1.6929 6.8624, 1.7862 1.6929 6.7538, 1.8983 1.6929 6.6374, 2.0035 1.6929 6.5133, 2.0381 1.6929 6.4688, 2.1314 1.6929 6.3376, 2.2161 1.6929 6.201, 2.2921 1.6929 6.0592, 2.3593 1.6929 5.9123, 0.0377 1.6929 5.9105, 0.0334 1.6929 5.9106, -2.3088 1.6929 6.025, -2.2839 1.6929 6.0756, -0.432 1.6929 5.9124, -0.2319 1.6929 7.4698, -0.3494 1.6929 6.0699, -1.5277 1.6929 6.9743, -1.6536 1.6929 6.8743, -1.7731 1.6929 6.7665, -0.4089 1.6929 5.9124, -2.2068 1.6929 6.2169, -2.1212 1.6929 6.3528, -2.027 1.6929 6.4833, -1.1134 1.6929 7.2254, -0.3705 1.6929 6.0699, -1.2576 1.6929 7.15, -1.3957 1.6929 7.0662, -1.9244 1.6929 6.6081, -1.8133 1.6929 6.727, -0.2899 1.6929 5.9124, -0.2325 1.6929 5.9197, -0.2144 1.6929 5.9142, -0.1944 1.6929 5.9124, -0.1516 1.6929 5.9124, -0.1516 1.6929 6.0699, -0.196 1.6929 6.0699, -0.2188 1.6929 6.0675, -0.2372 1.6929 6.061, -0.2528 1.6929 6.0508, -0.2705 1.6929 5.9557, -0.2617 1.6929 5.9418, -0.2488 1.6929 5.9293, -0.3129 1.6929 5.9124, -0.3279 1.6929 5.9566, -0.393 1.6929 5.9566, -0.2589 1.6929 6.0452, -0.2684 1.6929 6.0328, -0.275 1.6929 6.0176, -1.0624 1.6929 7.2494, -0.9139 1.6929 7.3116, -0.7621 1.6929 7.3642, -0.6071 1.6929 7.4073, -0.449 1.6929 7.4406, -0.288 1.6929 7.4641, -0.278 1.6929 6.0009, -0.2783 1.6929 5.9931, -0.2761 1.6929 5.9721, 0.026 -1.6929 5.298, 0.026 -1.6929 5.8523, -0.3605 -1.6929 5.8523, 1.0624 -1.6929 7.2494, 0.9334 -1.6929 7.3034, 0.9334 -1.6929 6.2508, -0.25 -1.6929 7.4681, -0.3605 -1.6929 7.4537, -0.3605 -1.6929 6.2508, -0.0189 -1.6929 2.3623, 0.026 -1.6929 2.3634, 0.026 -1.6929 4.6123, 0.6646 -1.6929 6.2148, 0.7951 -1.6929 6.2508, 0.6262 -1.6929 6.2508, 0.3621 -1.6929 6.2148, 0.4926 -1.6929 6.2508, 0.3237 -1.6929 6.2508, -0.7998 -1.6929 6.2532, -0.7998 -1.6929 6.2508, -0.6942 -1.6929 6.2508, -0.939 -1.6929 6.2148, -0.8085 -1.6929 6.2508, -1.7495 -1.6929 6.2508, -0.939 -1.6929 6.1668, -0.7998 -1.6929 5.8979, -0.7134 -1.6929 5.8979, -0.6942 -1.6929 5.8523, -0.7134 -1.6929 5.8547, -0.939 -1.6929 5.8547, -0.8478 -1.6929 5.8979, -0.8478 -1.6929 6.1932, -0.939 -1.6929 5.8979, -1.7495 -1.6929 5.8523, -0.931 -1.6929 7.3049, -1.079 -1.6929 7.2417, -1.2232 -1.6929 7.169, -1.3636 -1.6929 7.0867, -1.411 -1.6929 7.0562, 0.1745 -1.6929 5.8523, 0.172 -1.6929 5.8516, 0.3237 -1.6929 5.1683, 0.0697 -1.6929 5.8607, 0.0596 -1.6929 5.8655, 0.0596 -1.6929 5.9183, 0.026 -1.6929 6.2508, 0.1435 -1.6929 5.8499, 0.108 -1.6929 5.8523, 0.1005 -1.6929 5.8528, 0.2661 -1.6929 6.2484, 0.1353 -1.6929 6.0515, 0.1347 -1.6929 5.8933, 0.1421 -1.6929 5.8931, 0.0991 -1.6929 5.8997, 0.1046 -1.6929 6.0504, 0.074 -1.6929 6.048, 0.074 -1.6929 6.2484, 0.2035 -1.6929 6.0343, 0.2007 -1.6929 6.0362, 0.243 -1.6929 6.0699, 0.2617 -1.6929 6.0519, 0.2661 -1.6929 6.2052, 0.3237 -1.6929 5.8523, 0.2091 -1.6929 5.861, 0.2352 -1.6929 5.8749, 0.2204 -1.6929 6.0829, 0.1849 -1.6929 6.0439, 0.1574 -1.6929 6.0503, 0.2816 -1.6929 5.9434, 0.2722 -1.6929 5.9176, 0.2577 -1.6929 5.8957, 0.2303 -1.6929 5.9941, 0.225 -1.6929 6.0094, 0.2157 -1.6929 6.0234, 0.2178 -1.6929 5.9264, 0.1675 -1.6929 5.8955, 0.2058 -1.6929 5.9137, 0.1877 -1.6929 5.9022, 0.2261 -1.6929 5.9408, 0.2311 -1.6929 5.9578, 0.2325 -1.6929 5.974, 0.122 -1.6929 6.0935, 0.1385 -1.6929 6.0943, 0.122 -1.6929 6.2052, 0.155 -1.6929 6.0947, 0.1915 -1.6929 6.0915, 0.274 -1.6929 6.0323, 0.2818 -1.6929 6.0094, 0.2853 -1.6929 5.977, 0.3621 -1.6929 6.1668, 0.5877 -1.6929 5.8979, 0.5877 -1.6929 5.8547, 0.6262 -1.6929 5.8523, 0.3621 -1.6929 5.8547, 0.3621 -1.6929 5.8979, 0.4533 -1.6929 5.8979, 0.4533 -1.6929 6.1932, 0.449 -1.6929 7.4406, 0.6071 -1.6929 7.4073, 0.6262 -1.6929 7.402, 0.5013 -1.6929 6.2532, 0.5013 -1.6929 6.2508, 0.5013 -1.6929 5.8979, 0.6646 -1.6929 6.1668, 0.8038 -1.6929 6.2508, 0.8038 -1.6929 5.8979, 0.8902 -1.6929 5.8979, 0.9334 -1.6929 5.8523, 0.8902 -1.6929 5.8547, 0.6646 -1.6929 5.8547, 0.6646 -1.6929 5.8979, 0.7558 -1.6929 5.8979, 0.7558 -1.6929 6.1932, 0.8038 -1.6929 6.2532, 0.9139 -1.6929 7.3116, 0.7621 -1.6929 7.3642, 0.6262 -1.6929 4.3509, 0.6262 -1.6929 2.3822, 0.9334 -1.6929 4.2171, 0.7358 -1.6929 2.3726, 0.8153 -1.6929 2.3573, 0.1426 -1.6929 2.3662, 0.3046 -1.6929 2.3804, 0.3237 -1.6929 4.4827, 0.3237 -1.6929 2.3814, 0.5205 -1.6929 2.3913, -0.3605 -1.6929 4.7807, -0.3605 -1.6929 2.3883, -0.3396 -1.6929 2.3848, -0.1797 -1.6929 2.3685, -0.6942 -1.6929 4.9261, -0.5536 -1.6929 2.4228, -0.4984 -1.6929 2.4112, -0.7308 -1.6929 4.942, -1.3011 -1.6929 2.7177, -1.16 -1.6929 2.6402, -1.0145 -1.6929 2.5719, -0.8649 -1.6929 2.5128, -1.7495 -1.6929 3.0544, -1.735 -1.6929 3.0402, -1.6134 -1.6929 2.9349, -0.7112 -1.6929 2.463, -0.6942 -1.6929 2.4587, -1.4848 -1.6929 2.837, -1.3494 -1.6929 2.7469, -2.4176 -1.6929 5.7604, -2.4355 -1.6929 5.7069, -1.8496 -1.6929 3.1528, -1.9572 -1.6929 3.2726, -2.5582 -1.6929 4.8565, -2.5491 -1.6929 4.6958, -2.5299 -1.6929 4.5362, -2.5007 -1.6929 4.378, -2.3926 -1.6929 4.0133, -2.3308 -1.6929 3.8647, -2.2599 -1.6929 3.7205, -2.1799 -1.6929 3.5809, -2.48 -1.6929 5.5522, -2.5148 -1.6929 5.3953, -2.5396 -1.6929 5.2364, -2.4615 -1.6929 4.2213, -2.412 -1.6929 4.0663, -2.091 -1.6929 3.446, -1.993 -1.6929 3.3161, -2.5544 -1.6929 5.0755, -2.559 -1.6929 4.9129, -2.2921 -1.6929 6.0592, -2.3593 -1.6929 5.9123, -2.3824 -1.6929 5.8523, -2.0381 -1.6929 6.4688, -2.1314 -1.6929 6.3376, -2.1852 -1.6929 6.2508, -2.2161 -1.6929 6.201, -1.5424 -1.6929 6.9632, -1.6676 -1.6929 6.8624, -1.7495 -1.6929 6.7874, -1.7862 -1.6929 6.7538, -1.8983 -1.6929 6.6374, -2.0035 -1.6929 6.5133, -0.6248 -1.6929 7.4029, -0.6942 -1.6929 7.3831, -0.7796 -1.6929 7.3587, -0.4102 -1.6929 7.4472, -0.5699 -1.6929 7.416, 0.0712 -1.6929 7.4793, 0.026 -1.6929 7.4792, -0.0895 -1.6929 7.4787, 0.3237 -1.6929 7.4589, 0.288 -1.6929 7.4641, 0.2319 -1.6929 7.4698, 2.1855 -1.6929 6.2508, 2.1212 -1.6929 6.3528, 2.027 -1.6929 6.4833, 1.7731 -1.6929 6.7665, 1.6536 -1.6929 6.8743, 1.5277 -1.6929 6.9743, 1.3957 -1.6929 7.0662, 1.9244 -1.6929 6.6081, 1.8133 -1.6929 6.727, 1.2576 -1.6929 7.15, 1.1134 -1.6929 7.2254, 1.2551 -1.6929 5.8547, 1.1879 -1.6929 5.8547, 1.2455 -1.6929 6.2484, 2.383 -1.6929 5.8523, 2.3743 -1.6929 5.876, 1.0305 -1.6929 6.0476, 1.0295 -1.6929 6.0476, 1.0345 -1.6929 6.0401, 1.0295 -1.6929 5.8547, 1.0391 -1.6929 6.0329, 0.9766 -1.6929 5.8547, 0.9766 -1.6929 6.2484, 1.0295 -1.6929 6.2484, 2.3088 -1.6929 6.025, 2.2839 -1.6929 6.0756, 2.2068 -1.6929 6.2169, 1.0295 -1.6929 6.0638, 1.0305 -1.6929 6.0638, 1.0346 -1.6929 6.0712, 1.1831 -1.6929 6.2484, 1.0391 -1.6929 6.0782, 2.5326 -1.6929 4.5544, 2.5507 -1.6929 4.7141, 1.7414 -1.6929 4.2309, 1.6812 -1.6929 4.368, 1.7783 -1.6929 4.0857, 2.4924 -1.6929 4.3408, 2.5045 -1.6929 4.3959, 1.7907 -1.6929 3.9365, 2.399 -1.6929 4.0304, 2.4504 -1.6929 4.1836, 0.9334 -1.6929 4.9027, 1.2472 -1.6929 4.7661, 1.3791 -1.6929 4.6951, 2.4298 -1.6929 5.7243, 1.4975 -1.6929 4.6033, 2.544 -1.6929 5.1985, 1.5991 -1.6929 4.4933, 2.5565 -1.6929 5.0363, 2.5586 -1.6929 4.8747, 2.5373 -1.6929 5.2545, 2.5113 -1.6929 5.4134, 2.4755 -1.6929 5.57, 2.1894 -1.6929 3.5965, 2.2684 -1.6929 3.7367, 2.3383 -1.6929 3.8815, 1.7907 -1.6929 3.0931, 1.8617 -1.6929 3.1655, 1.9686 -1.6929 3.2862, 2.068 -1.6929 3.4139, 2.1597 -1.6929 3.5485, 0.6262 -1.6929 5.0366, 1.0775 -1.6929 6.0596, -0.6942 -1.6929 5.0259, -0.4797 -1.6929 5.5183, -0.3605 -1.6929 5.4664, 0.908 -1.6929 2.3321, 0.9334 -1.6929 2.3229, 0.9961 -1.6929 4.1897, 0.9987 -1.6929 2.2992, 1.0872 -1.6929 2.2586, 1.1621 -1.6929 3.9365, 1.1062 -1.6929 2.2487, 1.1621 -1.6929 2.217, 1.0978 -1.6929 4.1136, 1.1329 -1.6929 4.0601, 1.1547 -1.6929 4.0, 1.0514 -1.6929 4.1576, -0.3965 -1.6929 5.9507, -0.3965 -1.6929 5.9939, -0.4925 -1.6929 5.9507, -0.4925 -1.6929 5.8547, -0.4445 -1.6929 5.8547, -0.4445 -1.6929 5.9507, -0.675 -1.6929 5.9507, -0.675 -1.6929 5.9868, -0.5019 -1.6929 6.2484, -0.4445 -1.6929 6.2484, -0.4445 -1.6929 5.9939, -0.2134 -1.6929 6.2484, -0.1565 -1.6929 6.2423, -0.1104 -1.6929 6.2261, -0.0676 -1.6929 6.1974, -0.0273 -1.6929 5.9626, -0.0498 -1.6929 5.9274, -0.0823 -1.6929 5.8963, -0.1234 -1.6929 5.8724, -0.0672 -1.6929 6.197, -0.0393 -1.6929 6.1662, -0.021 -1.6929 6.1323, -0.1687 -1.6929 5.8589, -0.2174 -1.6929 5.8547, -0.3245 -1.6929 5.8547, -0.3245 -1.6929 6.2484, -0.0105 -1.6929 6.0935, -0.0076 -1.6929 6.0565, -0.0131 -1.6929 6.0038, -1.6728 1.8031 3.0931, -1.6728 1.8031 3.9365, -1.6675 1.8305 3.9365, -1.5354 1.9635 3.9365, -1.4961 1.9685 3.9365, -1.4961 1.9685 0.6037, -1.5726 1.9501 3.9365, -1.54 1.963 3.9365, -1.5354 1.9636 0.5799, -1.5221 1.9666 0.5895, -1.6732 1.7913 0.5709, -1.6732 1.7913 2.8387, -1.6688 1.8308 0.5709, -1.6732 1.7922 2.8483, -1.673 1.8012 2.9861, -1.6557 1.8682 0.5709, -1.6644 1.8466 3.9365, -1.6544 1.8676 3.9365, -1.6454 1.8867 3.9365, -1.6346 1.9018 0.5709, -1.6335 1.9009 3.9365, -1.6171 1.9207 3.9365, -1.6065 1.9299 0.5709, -1.5481 1.9607 0.5709, -1.5729 1.951 0.5709, -1.5812 1.9467 3.9365, -1.6058 1.9289 3.9365, -1.4307 1.9666 0.5895, -1.4567 1.9685 0.6037, -1.4567 1.9685 3.9365, -1.2799 1.8031 2.217, -1.2798 1.8008 2.1168, -1.284 1.8308 0.5709, -1.2795 1.7913 1.9901, -1.2795 1.7913 0.5709, -1.2799 1.8031 3.9365, -1.2852 1.8305 3.9365, -1.2884 1.8466 3.9365, -1.2971 1.8682 0.5709, -1.2983 1.8676 3.9365, -1.3074 1.8867 3.9365, -1.3182 1.9018 0.5709, -1.3192 1.9009 3.9365, -1.3462 1.9299 0.5709, -1.3469 1.9289 3.9365, -1.3357 1.9207 3.9365, -1.4174 1.9636 0.5799, -1.4173 1.9635 3.9365, -1.4047 1.9607 0.5709, -1.4127 1.963 3.9365, -1.3798 1.951 0.5709, -1.3802 1.9501 3.9365, -1.3715 1.9467 3.9365, -1.6504 1.7913 0.4839, -1.6325 1.8234 0.4625, -1.6493 1.7913 0.4824, -1.6275 1.8048 0.4542, -1.6239 1.7913 0.4482, -1.6454 1.8753 0.5259, -1.6302 1.8672 0.4857, -1.6306 1.8641 0.484, -1.6009 1.9251 0.526, -1.6128 1.9122 0.5145, -1.6193 1.9104 0.5259, -1.6153 1.9068 0.511, -1.6285 1.8788 0.4922, -1.6211 1.9163 0.5709, -1.5881 1.9427 0.5709, -1.5866 1.9402 0.5395, -1.5845 1.9444 0.5709, -1.5551 1.9583 0.5651, -1.572 1.9502 0.5516, -1.6618 1.8347 0.5259, -1.6675 1.8362 0.5709, -1.6671 1.8371 0.5709, -1.6454 1.8304 0.4839, -1.6339 1.8421 0.4718, -1.6328 1.8272 0.4644, -1.5877 1.9395 0.5386, -1.6235 1.9144 0.5709, -1.6493 1.8798 0.5709, -1.6505 1.8782 0.5709, -1.6674 1.7913 0.5259, -1.6671 1.7913 0.5251, -1.2909 1.8347 0.5259, -1.2853 1.8362 0.5709, -1.2857 1.8371 0.5709, -1.3202 1.8233 0.4625, -1.32 1.8272 0.4644, -1.3074 1.8304 0.4839, -1.34 1.9122 0.5145, -1.3519 1.9251 0.526, -1.3335 1.9104 0.5259, -1.3979 1.9577 0.5654, -1.3683 1.9444 0.5709, -1.3221 1.8641 0.484, -1.3226 1.8672 0.4857, -1.3073 1.8753 0.5259, -1.3243 1.8788 0.4922, -1.3375 1.9068 0.511, -1.3034 1.7913 0.4824, -1.3289 1.7913 0.4482, -1.3243 1.8047 0.4539, -1.3023 1.7913 0.4839, -1.3023 1.8782 0.5709, -1.3035 1.8798 0.5709, -1.3293 1.9144 0.5709, -1.3316 1.9163 0.5709, -1.365 1.9395 0.5386, -1.3646 1.9427 0.5709, -1.3661 1.9402 0.5395, -1.3807 1.9502 0.5515, -1.3189 1.8421 0.4718, -1.2857 1.7913 0.5251, -1.2853 1.7913 0.5259, -1.6213 1.7856 0.4456, -1.6119 1.7704 0.4374, -1.6001 1.7531 0.4275, -1.6213 1.5086 0.4456, -1.6732 1.4567 0.5709, -1.6717 1.4582 0.5477, -1.6672 1.4627 0.525, -1.6597 1.4702 0.5031, -1.6495 1.4804 0.4823, -1.6366 1.4933 0.463, -1.6195 1.7815 0.4437, -1.5906 1.7434 0.421, -1.5875 1.7412 0.4194, -1.5846 1.5453 0.4174, -1.5844 1.739 0.4179, -1.5624 1.723 0.4066, -1.5418 1.7136 0.4002, -1.5419 1.588 0.3997, -1.5485 1.716 0.4016, -1.555 1.7193 0.404, -1.5179 1.7054 0.3951, -1.5171 1.7052 0.395, -1.4961 1.6339 0.3937, -1.4975 1.7014 0.3937, -1.4961 1.7013 0.3937, -1.4567 1.6339 0.3937, -1.4567 1.7013 0.3937, -1.4108 1.588 0.3997, -1.4533 1.7017 0.3937, -1.4358 1.7058 0.3956, -1.3981 1.7198 0.4044, -1.3798 1.7295 0.4113, -1.3681 1.5453 0.4174, -1.4218 1.7092 0.3972, -1.4108 1.7132 0.3998, -1.4104 1.7133 0.3999, -1.3724 1.7348 0.415, -1.3683 1.7389 0.4177, -1.3314 1.5086 0.4456, -1.3657 1.7414 0.4194, -1.3472 1.7597 0.4316, -1.3405 1.769 0.4372, -1.3315 1.7862 0.4457, -1.3401 1.7698 0.4375, -1.293 1.4702 0.5031, -1.3033 1.4804 0.4823, -1.3161 1.4933 0.463, -1.2795 1.4567 0.5709, -1.281 1.4582 0.5477, -1.2856 1.4627 0.525, 1.5354 -1.9635 3.9365, 1.4961 -1.9685 3.9365, 1.4961 -1.9685 0.6037, 1.5726 -1.9501 3.9365, 1.54 -1.963 3.9365, 1.5354 -1.9636 0.5799, 1.5221 -1.9666 0.5895, 1.6732 -1.7913 0.5709, 1.6732 -1.7913 2.8387, 1.6688 -1.8308 0.5709, 1.6732 -1.7922 2.8483, 1.673 -1.7997 2.9538, 1.6728 -1.8031 3.0931, 1.6728 -1.8031 3.9365, 1.6675 -1.8305 3.9365, 1.5481 -1.9607 0.5709, 1.5729 -1.951 0.5709, 1.5812 -1.9467 3.9365, 1.6065 -1.9299 0.5709, 1.6058 -1.9289 3.9365, 1.6171 -1.9207 3.9365, 1.6346 -1.9018 0.5709, 1.6335 -1.9009 3.9365, 1.6454 -1.8867 3.9365, 1.6557 -1.8682 0.5709, 1.6544 -1.8676 3.9365, 1.6644 -1.8466 3.9365, 1.4307 -1.9666 0.5895, 1.4567 -1.9685 0.6037, 1.4567 -1.9685 3.9365, 1.2799 -1.8031 2.217, 1.2798 -1.8008 2.1168, 1.284 -1.8308 0.5709, 1.2795 -1.7913 1.9901, 1.2795 -1.7913 0.5709, 1.4174 -1.9636 0.5799, 1.4173 -1.9635 3.9365, 1.4047 -1.9607 0.5709, 1.4127 -1.963 3.9365, 1.3798 -1.951 0.5709, 1.3802 -1.9501 3.9365, 1.3462 -1.9299 0.5709, 1.3715 -1.9467 3.9365, 1.3469 -1.9289 3.9365, 1.3182 -1.9018 0.5709, 1.3357 -1.9207 3.9365, 1.3192 -1.9009 3.9365, 1.3074 -1.8867 3.9365, 1.2971 -1.8682 0.5709, 1.2799 -1.8031 3.9365, 1.2852 -1.8305 3.9365, 1.2884 -1.8466 3.9365, 1.2983 -1.8676 3.9365, 1.6504 -1.7913 0.4839, 1.6325 -1.8234 0.4625, 1.6493 -1.7913 0.4824, 1.6275 -1.8048 0.4542, 1.6239 -1.7913 0.4482, 1.6454 -1.8753 0.5259, 1.6302 -1.8672 0.4857, 1.6306 -1.8641 0.484, 1.6009 -1.9251 0.526, 1.6128 -1.9122 0.5145, 1.6193 -1.9104 0.5259, 1.6153 -1.9068 0.511, 1.6285 -1.8788 0.4922, 1.6211 -1.9163 0.5709, 1.5881 -1.9427 0.5709, 1.5866 -1.9402 0.5395, 1.5845 -1.9444 0.5709, 1.5551 -1.9583 0.5651, 1.572 -1.9502 0.5516, 1.6618 -1.8347 0.5259, 1.6675 -1.8362 0.5709, 1.6671 -1.8371 0.5709, 1.6454 -1.8304 0.4839, 1.6339 -1.8421 0.4718, 1.6328 -1.8272 0.4644, 1.5877 -1.9395 0.5386, 1.6235 -1.9144 0.5709, 1.6493 -1.8798 0.5709, 1.6505 -1.8782 0.5709, 1.6674 -1.7913 0.5259, 1.6671 -1.7913 0.5251, 1.3202 -1.8233 0.4625, 1.32 -1.8272 0.4644, 1.3074 -1.8304 0.4839, 1.34 -1.9122 0.5145, 1.3519 -1.9251 0.526, 1.3335 -1.9104 0.5259, 1.3979 -1.9577 0.5654, 1.3683 -1.9444 0.5709, 1.3807 -1.9502 0.5515, 1.3221 -1.8641 0.484, 1.3226 -1.8672 0.4857, 1.3073 -1.8753 0.5259, 1.3243 -1.8788 0.4922, 1.3375 -1.9068 0.511, 1.2909 -1.8347 0.5259, 1.3189 -1.8421 0.4718, 1.3289 -1.7913 0.4482, 1.3243 -1.8047 0.4539, 1.3192 -1.7913 0.4612, 1.3023 -1.7913 0.4839, 1.3661 -1.9402 0.5395, 1.3646 -1.9427 0.5709, 1.365 -1.9395 0.5386, 1.3316 -1.9163 0.5709, 1.3293 -1.9144 0.5709, 1.3035 -1.8798 0.5709, 1.2846 -1.7913 0.5315, 1.2853 -1.8362 0.5709, 1.2857 -1.8371 0.5709, 1.3023 -1.8782 0.5709, 1.2981 -1.7913 0.4944, 1.2853 -1.7913 0.5259, 1.6213 -1.7856 0.4456, 1.6119 -1.7704 0.4374, 1.6001 -1.7531 0.4275, 1.6213 -1.5086 0.4456, 1.6732 -1.4567 0.5709, 1.6717 -1.4582 0.5477, 1.6672 -1.4627 0.525, 1.6597 -1.4702 0.5031, 1.6495 -1.4804 0.4823, 1.6366 -1.4933 0.463, 1.6195 -1.7815 0.4437, 1.5906 -1.7434 0.421, 1.5875 -1.7412 0.4194, 1.5846 -1.5453 0.4174, 1.5844 -1.739 0.4179, 1.5624 -1.723 0.4066, 1.5418 -1.7136 0.4002, 1.5419 -1.588 0.3997, 1.5485 -1.716 0.4016, 1.555 -1.7193 0.404, 1.5179 -1.7054 0.3951, 1.5171 -1.7052 0.395, 1.4961 -1.6339 0.3937, 1.4975 -1.7014 0.3937, 1.4961 -1.7013 0.3937, 1.4567 -1.6339 0.3937, 1.4567 -1.7013 0.3937, 1.4174 -1.5945 0.3989, 1.4533 -1.7017 0.3937, 1.4358 -1.7058 0.3956, 1.4218 -1.7092 0.3972, 1.4173 -1.7108 0.3982, 1.4108 -1.588 0.3997, 1.4104 -1.7133 0.3999, 1.3803 -1.5575 0.4124, 1.3981 -1.7198 0.4044, 1.3798 -1.7295 0.4112, 1.3681 -1.5453 0.4174, 1.3798 -1.7295 0.4113, 1.3471 -1.5243 0.4335, 1.3724 -1.7348 0.415, 1.3657 -1.7414 0.4194, 1.3472 -1.7597 0.4316, 1.3462 -1.7609 0.4324, 1.3314 -1.5086 0.4456, 1.3405 -1.769 0.4372, 1.3182 -1.4953 0.4604, 1.3401 -1.7698 0.4375, 1.2971 -1.4742 0.494, 1.3041 -1.4813 0.4828, 1.2856 -1.4627 0.525, 1.284 -1.4611 0.5314, 1.2806 -1.4578 0.551, 1.2795 -1.4567 0.5709, -0.3984 0.6693 1.5986, -0.3984 0.9055 1.5986, -0.2625 0.9055 1.5867, -0.2625 -0.9055 1.5859, -0.444 -0.9055 1.6044, -0.4778 0.6693 1.6091, -0.6581 0.6693 1.6402, -0.6517 -0.9055 1.6389, -0.7239 -0.9055 1.654, -0.7253 0.6693 1.6555, -0.7256 -0.9055 1.6545, -0.8272 0.6693 1.6787, -0.9301 -0.9055 1.7066, -1.9946 0.9196 2.2343, -1.9919 0.9199 2.2322, -1.9919 0.6693 2.2322, -1.7114 0.6693 2.0455, -1.5998 0.6693 1.9829, -1.5994 -0.9055 1.9836, -1.5599 0.6693 1.9606, -1.5169 -0.9055 1.9384, -1.4796 0.6693 1.9196, -1.3267 -0.9055 1.849, -1.3203 0.6693 1.8463, -1.174 -0.9055 1.7887, -1.1742 0.6693 1.788, -1.131 -0.9055 1.7717, -1.1584 0.6693 1.7817, -0.994 0.6693 1.7258, -1.7015 -0.9055 2.0396, -1.7646 -0.9055 2.0778, -2.085 0.9095 2.3037, -1.9938 -0.9055 2.2354, -1.9417 -0.9055 2.1957, -1.8582 0.6693 2.1381, -2.1424 0.9063 2.3505, -2.1098 -0.9055 2.3237, -2.1881 0.9055 2.3892, -2.2853 0.9055 2.4767, -2.2689 -0.9055 2.4614, -2.349 0.9055 2.54, -2.349 -0.9055 2.5401, -2.4346 0.9055 2.6253, -2.4188 -0.9055 2.6086, -2.5743 0.9055 2.7831, -2.5594 -0.9055 2.7653, -2.6063 -0.9055 2.8222, -2.6584 0.9055 2.8911, -2.6583 -0.9055 2.8911, -2.7043 0.9055 2.9501, -2.7344 -0.9055 2.9921, -2.8243 0.9055 3.1262, -2.8507 -0.9055 3.1684, -2.8631 0.9055 3.1888, -2.9157 -0.9055 3.2819, -2.9156 0.9055 3.282, -2.9664 0.9055 3.3723, -2.9552 -0.9055 3.351, -3.0578 0.9055 3.5615, -3.0479 -0.9055 3.5396, -3.1161 0.9055 3.7048, -3.1165 -0.9055 3.7046, -3.1372 0.9055 3.7563, -3.1288 -0.9055 3.734, -3.1542 -0.9055 3.8032, -3.2044 0.9055 3.9566, -3.2188 -0.9055 4.0059, -3.2563 0.9055 4.1513, -3.2553 -0.9055 4.1516, -3.2592 0.9055 4.1622, -3.2752 0.9055 4.2342, -3.2702 -0.9055 4.2108, -3.3119 0.9055 4.4415, -3.3084 -0.9055 4.4177, -3.3313 0.9055 4.6133, -3.3319 -0.9055 4.6133, -3.3355 0.9055 4.6503, -3.3334 -0.9055 4.6264, -3.3459 0.9055 4.8604, -3.3454 -0.9055 4.8365, -3.3464 -0.9055 4.9103, -3.3431 0.9055 5.0717, -3.3416 -0.9055 5.0812, -3.3423 0.9055 5.0812, -3.3404 -0.9055 5.123, -3.3268 0.9055 5.2838, -3.321 -0.9055 5.3333, -3.318 0.9055 5.357, -3.2885 -0.9055 5.5412, -3.2871 0.9055 5.5461, -3.2874 -0.9055 5.5461, -3.284 0.9055 5.5648, -3.2431 -0.9055 5.7464, -3.2371 0.9055 5.7696, -3.1774 0.9055 5.9714, -3.1848 -0.9055 5.9487, -3.1675 0.9055 5.9985, -3.1681 -0.9055 5.9988, -3.1614 -0.9055 6.0186, -3.1048 0.9055 6.1698, -3.0853 -0.9055 6.2173, -3.0192 0.9055 6.3646, -2.9974 -0.9055 6.4094, -2.9869 0.9055 6.4304, -2.9863 -0.9055 6.4301, -2.9867 0.9055 6.4307, -2.8979 -0.9055 6.5948, -2.8859 0.9055 6.6155, -2.7738 0.9055 6.7933, -2.7872 -0.9055 6.7734, -2.7461 0.9055 6.8318, -2.7458 -0.9055 6.8316, -2.6507 0.9055 6.9639, -2.6652 -0.9055 6.9449, -2.62 -0.9055 7.0032, -2.5166 0.9055 7.1271, -2.4824 -0.9055 7.1655, -2.4522 0.9055 7.1959, -2.4527 -0.9055 7.1963, -2.3713 0.9055 7.2826, -2.3358 -0.9055 7.3176, -2.3187 0.9055 7.3343, -2.1806 -0.9055 7.4597, -2.1624 0.9055 7.4753, -2.111 0.9055 7.5161, -2.1108 -0.9055 7.5159, -1.9978 0.9055 7.6059, -2.017 -0.9055 7.5915, -1.8252 0.9055 7.7262, -1.8451 -0.9055 7.7131, -1.7832 -0.9055 7.7531, -1.7281 0.9055 7.7851, -1.7282 -0.9055 7.7853, -1.6446 0.9055 7.8357, -1.5996 -0.9055 7.8607, -1.456 0.9055 7.9344, -1.4109 -0.9055 7.9557, -1.3893 0.9055 7.9657, -1.3115 -0.9055 7.9982, -1.3116 0.9055 7.9983, -1.1951 0.9055 8.047, -1.2175 -0.9055 8.0384, -0.9965 0.9055 8.1159, -1.0194 -0.9055 8.1087, -0.8693 0.9055 8.1512, -0.8694 -0.9055 8.1515, -0.7938 0.9055 8.1722, -0.817 -0.9055 8.1664, -0.7453 -0.9055 8.1837, -0.5871 0.9055 8.2158, -0.5365 -0.9055 8.2244, -0.4101 0.9055 8.2416, -0.4101 -0.9055 8.2409, -0.3766 0.9055 8.2465, -0.3032 0.9055 8.254, -0.327 -0.9055 8.2517, -0.0931 0.9055 8.2664, -0.1171 -0.9055 8.2657, -0.0 0.9055 8.2661, 0.0 -0.9055 8.2661, 0.1171 0.9055 8.2657, 0.0931 -0.9055 8.2664, 0.327 0.9055 8.2517, 0.3032 -0.9055 8.254, 0.3766 -0.9055 8.2465, 0.4668 0.9055 8.2335, 0.4668 -0.9055 8.2333, 0.5365 0.9055 8.2244, 0.5871 -0.9055 8.2158, 0.7453 0.9055 8.1837, 0.7938 -0.9055 8.1722, 0.817 0.9055 8.1664, 0.9244 -0.9055 8.1359, 0.9244 0.9055 8.1358, 1.0194 0.9055 8.1087, 0.9965 -0.9055 8.1159, 1.2175 0.9055 8.0384, 1.1951 -0.9055 8.047, 1.3641 0.9055 7.9757, 1.3643 -0.9055 7.9762, 1.4109 0.9055 7.9557, 1.3893 -0.9055 7.9657, 1.456 -0.9055 7.9344, 1.5996 0.9055 7.8607, 1.6446 -0.9055 7.8357, 1.7776 0.9055 7.7563, 1.777 -0.9055 7.7554, 1.7832 0.9055 7.7531, 1.8451 0.9055 7.7131, 1.8252 -0.9055 7.7262, 2.017 0.9055 7.5915, 1.9978 -0.9055 7.6059, 2.1554 0.9055 7.48, 2.1558 -0.9055 7.4805, 2.1806 0.9055 7.4597, 2.1624 -0.9055 7.4753, 2.3358 0.9055 7.3176, 2.3187 -0.9055 7.3343, 2.3713 -0.9055 7.2826, 2.4824 0.9055 7.1655, 2.4913 -0.9055 7.1541, 2.4917 0.9055 7.1545, 2.5166 -0.9055 7.1271, 2.62 0.9055 7.0032, 2.6507 -0.9055 6.9639, 2.6652 0.9055 6.9449, 2.7738 -0.9055 6.7933, 2.779 0.9055 6.7849, 2.7791 -0.9055 6.785, 2.7872 0.9055 6.7734, 2.8859 -0.9055 6.6155, 2.8979 0.9055 6.5948, 2.9974 0.9055 6.4094, 2.9867 -0.9055 6.4307, 3.0114 0.9055 6.3787, 3.0121 -0.9055 6.379, 3.0192 -0.9055 6.3646, 3.0853 0.9055 6.2173, 3.1048 -0.9055 6.1698, 3.1614 0.9055 6.0186, 3.1774 -0.9055 5.9714, 3.1848 0.9055 5.9487, 3.1861 0.9055 5.9444, 3.1854 -0.9055 5.9443, 3.2431 0.9055 5.7464, 3.2371 -0.9055 5.7696, 3.2885 0.9055 5.5412, 3.284 -0.9055 5.5648, 3.2966 0.9055 5.4896, 3.2963 -0.9055 5.4896, 3.321 0.9055 5.3333, 3.318 -0.9055 5.357, 3.3268 -0.9055 5.2838, 3.3404 0.9055 5.123, 3.3431 -0.9055 5.0717, 3.3432 0.9055 5.024, 3.3437 -0.9055 5.0241, 3.3464 0.9055 4.9103, 3.3459 -0.9055 4.8604, 3.3454 0.9055 4.8365, 3.3355 -0.9055 4.6503, 3.3334 0.9055 4.6264, 3.325 0.9055 4.5565, 3.3249 -0.9055 4.5565, 3.3084 0.9055 4.4177, 3.3119 -0.9055 4.4415, 3.2702 0.9055 4.2108, 3.2752 -0.9055 4.2342, 3.2592 -0.9055 4.1622, 3.2414 0.9055 4.096, 3.2416 -0.9055 4.096, 3.2188 0.9055 4.0059, 3.2044 -0.9055 3.9566, 3.1542 0.9055 3.8032, 3.1372 -0.9055 3.7563, 3.1288 0.9055 3.734, 3.0945 -0.9055 3.6518, 3.0946 0.9055 3.6518, 3.0479 0.9055 3.5396, 3.0578 -0.9055 3.5615, 2.9552 0.9055 3.351, 2.9664 -0.9055 3.3723, 2.8872 0.9055 3.2323, 2.8875 -0.9055 3.2321, 2.8507 0.9055 3.1684, 2.8631 -0.9055 3.1888, 2.8243 -0.9055 3.1262, 2.7344 0.9055 2.9921, 2.7043 -0.9055 2.9501, 2.6238 0.9055 2.8455, 2.6232 -0.9055 2.8459, 2.6063 0.9055 2.8222, 2.2853 -0.9055 2.4767, 2.1881 -0.9055 2.3892, 2.3082 0.9055 2.5, 2.5594 0.9055 2.7653, 2.5743 -0.9055 2.7831, 2.4188 0.9055 2.6086, 2.4346 -0.9055 2.6253, 2.3084 -0.9055 2.4997, 2.0936 -0.9088 2.3106, 1.9919 -0.9199 2.2322, 1.9919 -0.6693 2.2322, 2.2689 0.9055 2.4614, 2.1098 0.9055 2.3237, 1.9483 0.9055 2.2007, 1.9479 -0.6693 2.2013, 1.9417 0.9055 2.1957, 1.8582 -0.6693 2.1381, 1.7646 0.9055 2.0778, 1.7114 -0.6693 2.0455, 1.7015 0.9055 2.0396, 1.5599 -0.6693 1.9606, 1.5492 0.9055 1.9561, 1.5496 -0.6693 1.9554, 1.5169 0.9055 1.9384, 1.4796 -0.6693 1.9196, 1.3267 0.9055 1.849, 1.3203 -0.6693 1.8463, 1.131 0.9055 1.7717, 1.1584 -0.6693 1.7817, 1.1205 0.9055 1.7683, 1.1204 -0.6693 1.7688, 0.9301 0.9055 1.7066, 0.994 -0.6693 1.7258, 0.8272 -0.6693 1.6787, 0.7239 0.9055 1.654, 0.6696 -0.6693 1.6428, 0.6696 0.9055 1.6426, 0.6517 0.9055 1.6389, 0.6581 -0.6693 1.6402, 0.444 0.9055 1.6044, 0.4778 -0.6693 1.6091, 0.235 0.9055 1.5831, 0.3984 -0.6693 1.5986, 0.2055 0.9055 1.5819, -0.235 -0.9055 1.5831, -0.1864 0.9055 1.58, -0.0248 -0.9055 1.5749, 0.0248 0.9055 1.5749, 0.1864 -0.9055 1.58, 0.2055 -0.9055 1.5817, 0.3984 -0.9055 1.5986, 1.6732 -1.7826 2.7827, 1.6732 -1.6929 1.5995, 1.6732 -1.4567 1.1412, 1.6732 -1.4499 1.2539, 1.6732 -1.43 1.3645, 1.6732 -1.4298 1.3652, 1.6732 -1.4032 1.4556, 1.6732 -1.3736 1.5263, 1.6732 -1.3602 1.5584, 1.6732 -1.351 1.5761, 1.6732 -1.3388 1.5995, 1.6732 -1.6932 1.6043, 1.6732 -1.6937 1.6142, 1.6732 -1.6958 1.6538, 1.6732 -1.7041 1.8123, 1.6732 -1.7326 2.2967, 1.6732 -1.7436 2.4459, 1.6732 -1.761 2.6309, 1.6732 -1.7737 2.7267, 1.2795 -1.7602 1.8436, 1.2795 -1.7386 1.7646, 1.2795 -1.6495 1.4853, 1.2795 -1.5929 1.2856, 1.2795 -1.5078 0.9087, 1.2795 -1.4656 0.7243, 1.2795 -1.4567 0.6757, 1.4764 -1.7013 0.3937, 1.278 -1.4567 0.7262, 1.2682 -1.4567 0.9119, 1.431 -1.4567 1.043, 1.2712 -1.4567 0.8777, 1.2748 -1.4567 0.8369, 1.267 -1.4567 0.9207, 1.2643 -1.4567 0.9414, 1.2588 -1.4567 0.9837, 1.631 -1.4567 1.1228, 1.2755 -1.4567 0.8122, 1.2775 -1.4567 0.7438, 1.4862 -1.9685 0.6073, 1.3963 -1.9685 4.192, 1.4414 -1.9685 4.0677, 1.4847 -1.9685 4.0537, -0.3273 -1.9685 5.1305, -0.343 -1.9685 5.0944, 1.1295 -1.9685 4.4959, 1.1138 -1.9685 4.4599, 1.2325 -1.9685 4.4387, 1.228 -1.9685 4.3934, 1.3225 -1.9685 4.3627, 1.3239 -1.9685 4.3025, 1.3963 -1.9685 4.2709, 1.451 -1.9685 4.1666, 1.4764 -1.9685 0.6085, 1.4665 -1.9685 0.6073, -1.6732 1.4567 1.1412, -1.6732 1.6929 1.5995, -1.6732 1.4499 1.2539, -1.6732 1.43 1.3645, -1.6732 1.6932 1.6043, -1.6732 1.707 1.867, -1.6732 1.4298 1.3652, -1.6732 1.4032 1.4556, -1.6732 1.3736 1.5263, -1.6732 1.3602 1.5584, -1.6732 1.351 1.5761, -1.6732 1.3388 1.5995, -1.6732 1.7133 1.9814, -1.6732 1.7439 2.4493, -1.6732 1.7545 2.5689, -1.6732 1.7737 2.7267, -1.6732 1.7826 2.7827, -1.2795 1.7602 1.8436, -1.2795 1.7386 1.7646, -1.2795 1.6495 1.4853, -1.2795 1.5929 1.2856, -1.2795 1.5078 0.9087, -1.2795 1.4656 0.7243, -1.2795 1.4567 0.6757, -1.4764 1.7013 0.3937, -1.431 1.4567 1.043, -1.2752 1.4567 0.8298, -1.2701 1.4567 0.8776, -1.631 1.4567 1.1228, -1.2757 1.4567 0.8126, -1.2781 1.4567 0.7262, -1.2776 1.4567 0.744, -1.2656 1.4567 0.9205, -1.2633 1.4567 0.9413, -1.2588 1.4567 0.9837, -1.4862 1.9685 0.6073, -1.3963 1.9685 4.192, -1.4414 1.9685 4.0677, -1.4847 1.9685 4.0537, 0.3273 1.9685 5.1305, 0.343 1.9685 5.0944, -1.1295 1.9685 4.4959, -1.1138 1.9685 4.4599, -1.2325 1.9685 4.4387, -1.228 1.9685 4.3934, -1.3225 1.9685 4.3627, -1.3239 1.9685 4.3025, -1.3963 1.9685 4.2709, -1.451 1.9685 4.1666, -1.4764 1.9685 0.6085, -1.4665 1.9685 0.6073, -0.5836 0.8727 1.5975, -0.614 0.9055 1.5947, -0.507 0.9055 1.604, -0.4007 0.6719 1.5989, -0.4789 0.7585 1.6024, -0.5063 0.9055 1.6041, -0.507 0.7896 1.6037, -0.5128 0.796 1.6039, -1.6536 1.3512 1.5665, -1.5506 1.4299 1.31, -1.4757 1.3512 1.4845, -1.6947 1.2165 1.7815, -1.6925 1.2254 1.7694, -1.6674 1.2261 1.7566, -1.6844 1.2588 1.7239, -1.5815 1.2261 1.7128, -1.6788 1.2815 1.693, -1.7577 1.0574 1.9536, -1.7555 1.0625 1.9484, -1.6091 1.063 1.8673, -1.7201 1.1435 1.867, -1.6952 1.2146 1.7842, -1.7601 1.0519 1.9591, -1.5724 0.8731 1.9369, -1.7615 1.0493 1.9613, -1.7251 0.8731 2.0225, -1.8112 0.9528 2.0447, -1.8579 0.8726 2.1044, -1.99 0.6719 2.2308, -1.9693 0.701 2.2148, -1.8941 0.8133 2.1463, -1.8592 0.8705 2.106, -1.8702 0.8516 2.1201, -1.8728 0.8473 2.1234, -0.645 0.9382 1.5884, -0.629 0.9215 1.5922, -0.6634 0.8731 1.6139, -0.6152 0.9068 1.5945, -0.7649 1.062 1.5538, -0.7445 1.0415 1.5615, -0.8338 0.8731 1.6527, -0.7398 1.0367 1.5633, -0.7246 1.0214 1.5691, -0.7077 1.0038 1.5732, -0.6762 0.9708 1.5808, -0.6699 0.9643 1.5823, -0.8456 1.1419 1.5189, -0.8163 1.1137 1.5344, -0.8533 1.063 1.5764, -0.8114 1.1088 1.5362, -0.7778 1.0749 1.549, -0.934 1.2257 1.4679, -0.919 1.2119 1.4779, -1.0253 1.063 1.6251, -0.9036 1.1976 1.4881, -0.8818 1.1767 1.4997, -0.8718 1.1671 1.505, -1.0367 1.3155 1.3842, -1.0214 1.3031 1.3998, -1.0625 1.2261 1.5056, -1.0798 1.3508 1.3401, -0.9971 1.2818 1.4194, -0.9573 1.2468 1.4515, -0.9505 1.2409 1.457, -1.0965 1.3639 1.3215, -1.0858 1.3557 1.334, -1.1109 1.3512 1.3499, -1.0832 1.3535 1.3367, -1.1925 1.4298 1.1765, -1.1484 1.4017 1.2519, -1.2947 1.3512 1.4123, -1.1366 1.3932 1.2677, -1.1352 1.3921 1.2697, -1.2442 1.4538 1.05, -1.2552 1.456 1.0002, -1.2144 1.4416 1.1304, -1.3604 1.4299 1.2342, -1.2058 1.437 1.1485, -1.1927 1.43 1.1762, -1.4113 1.2261 1.6344, -1.2383 1.2261 1.5653, -1.4914 0.8731 1.8956, -1.5262 1.063 1.825, -1.3309 0.8731 1.8216, -1.3619 1.063 1.7493, -1.1677 0.8731 1.7565, -1.1949 1.063 1.6827, -1.002 0.8731 1.7002, -1.8584 1.0252 2.1067, -1.8906 0.9889 2.1427, -1.9258 0.9578 2.1774, -1.9575 0.9366 2.2052, -1.7953 1.1229 2.0206, -1.7908 1.1316 2.0134, -1.8569 1.0269 2.105, -1.8251 1.0715 2.0644, -1.7156 1.3374 1.8544, -1.7577 1.2067 1.9536, -1.7369 1.2635 1.9097, -1.762 1.1949 1.9627, -1.689 1.4721 1.7565, -1.6791 1.5578 1.6952, -1.674 1.6452 1.6332, -1.6732 1.69 1.6015, -1.6984 1.416 1.7969, -1.6948 1.4374 1.7815, 1.99 -0.6719 2.2308, 1.9127 -0.7844 2.165, 1.9575 -0.9366 2.2052, 1.8941 -0.8133 2.1463, 1.8708 -0.8517 2.1191, 1.9258 -0.9578 2.1774, 1.8594 -0.8705 2.1058, 1.8906 -0.9889 2.1427, 1.8584 -1.0252 2.1067, 1.7908 -1.1316 2.0134, 1.7586 -1.0567 1.9531, 1.7953 -1.1229 2.0206, 1.7621 -1.0495 1.9599, 1.8251 -1.0715 2.0644, 1.7821 -1.0074 1.9991, 1.8569 -1.0269 2.105, 1.8338 -0.9126 2.076, 1.858 -0.8726 2.1043, 1.6948 -1.2164 1.7815, 1.6956 -1.2132 1.7859, 1.7156 -1.3374 1.8544, 1.7369 -1.2635 1.9097, 1.7577 -1.2067 1.9536, 1.7201 -1.1435 1.867, 1.7394 -1.097 1.9155, 1.762 -1.1949 1.9627, 1.756 -1.0622 1.948, 1.689 -1.4721 1.7565, 1.6791 -1.5578 1.6952, 1.6733 -1.331 1.6133, 1.6732 -1.69 1.6015, 1.674 -1.6452 1.6332, 1.6984 -1.416 1.7969, 1.6948 -1.4374 1.7815, 1.6925 -1.2254 1.7694, 1.6841 -1.2587 1.7244, 1.6798 -1.2758 1.7013, 1.6091 -1.063 1.8673, 1.6536 -1.3512 1.5665, 1.5506 -1.4299 1.31, 1.4757 -1.3512 1.4845, 1.6674 -1.2261 1.7566, 1.5815 -1.2261 1.7128, 1.7251 -0.8731 2.0225, 1.5724 -0.8731 1.9369, 0.4007 -0.6719 1.5989, 0.4788 -0.7585 1.603, 0.5007 -0.7828 1.6042, 0.5836 -0.8728 1.598, 0.6398 -0.9327 1.5892, 0.6152 -0.9068 1.5945, 0.6634 -0.8731 1.6139, 0.614 -0.9055 1.5947, 0.6007 -0.8914 1.5967, 0.7651 -1.0623 1.5542, 0.7415 -1.0383 1.5623, 0.8338 -0.8731 1.6527, 0.7344 -1.0311 1.5647, 0.7035 -0.9996 1.5753, 0.6708 -0.9653 1.5824, 0.6698 -0.9643 1.5826, 0.8419 -1.1383 1.5209, 0.8077 -1.1049 1.5372, 0.8533 -1.063 1.5764, 0.7894 -1.087 1.5459, 0.7744 -1.0717 1.5511, 0.9154 -1.2084 1.48, 0.9036 -1.1976 1.4881, 1.0253 -1.063 1.6251, 0.9337 -1.2251 1.4674, 0.8773 -1.1728 1.5034, 0.8728 -1.1685 1.5061, 0.871 -1.1668 1.5069, 1.0799 -1.3509 1.3402, 1.0386 -1.3175 1.3837, 1.0625 -1.2261 1.5056, 1.0348 -1.3143 1.3869, 0.9926 -1.2779 1.4234, 0.9733 -1.2613 1.4401, 0.9531 -1.2429 1.454, 1.1358 -1.3929 1.2701, 1.1334 -1.3911 1.2732, 1.1109 -1.3512 1.3499, 1.0858 -1.3557 1.334, 1.0802 -1.3511 1.3399, 1.1374 -1.3941 1.2681, 1.2947 -1.3512 1.4123, 1.1824 -1.4238 1.1957, 1.2442 -1.4538 1.05, 1.2552 -1.456 1.0002, 1.2275 -1.4477 1.0984, 1.3604 -1.4299 1.2342, 1.1928 -1.43 1.176, 1.1927 -1.43 1.1762, 1.1926 -1.4299 1.1765, 1.4113 -1.2261 1.6344, 1.2383 -1.2261 1.5653, 1.4914 -0.8731 1.8956, 1.5262 -1.063 1.825, 1.3309 -0.8731 1.8216, 1.3619 -1.063 1.7493, 1.1677 -0.8731 1.7565, 1.1949 -1.063 1.6827, 1.002 -0.8731 1.7002, 0.507 -0.9055 1.604, 0.5063 -0.9055 1.6041, 0.5069 -0.7896 1.6037, -0.6511 1.1081 1.6143, -0.6861 1.1352 1.6123, -0.7593 1.189 1.6011, -0.8035 1.22 1.5898, -0.8828 1.2736 1.5607, -0.9248 1.3011 1.5404, -1.2404 1.4744 1.1577, -1.2351 1.5032 1.3077, -1.2306 1.5192 1.3753, -1.2207 1.513 1.3878, -1.2213 1.5525 1.5161, -1.2209 1.5537 1.5205, -1.2068 1.5499 1.5355, -1.2064 1.5967 1.6761, -1.1924 1.5958 1.6915, -1.1059 1.5232 1.6241, -1.1667 1.6902 2.1454, -1.0398 1.6773 2.1072, -1.116 1.6782 2.0673, -1.1749 1.6782 2.0303, -1.168 1.6895 2.126, -1.1764 1.6758 2.0095, -1.0363 1.6348 1.9454, -1.1767 1.6751 2.006, -1.1653 1.642 1.8683, -1.1903 1.6432 1.8497, -1.1882 1.6487 1.8719, -1.1953 1.6299 1.7962, -1.0788 1.58 1.7742, -1.1958 1.6284 1.7905, -1.2115 1.5815 1.621, -1.2243 1.5417 1.4704, -1.1253 1.4733 1.4908, -1.2296 1.5228 1.3903, -1.1704 1.4923 1.4463, -1.1468 1.4384 1.3605, -1.2353 1.5017 1.2999, -1.2008 1.4684 1.2897, -1.238 1.4876 1.2262, -1.0979 1.4096 1.413, -1.1567 1.5365 1.583, -1.0776 1.4533 1.531, -1.055 1.3835 1.4522, -1.0106 1.356 1.4869, -0.9674 1.3286 1.516, -1.0302 1.4332 1.565, -1.2188 1.5598 1.5425, -0.9827 1.4131 1.5938, -1.0541 1.5097 1.6595, -1.1366 1.588 1.7356, -0.9352 1.3927 1.6178, -1.0013 1.496 1.6897, -1.2039 1.6042 1.7032, -0.8428 1.2469 1.5769, -0.8894 1.3729 1.6367, -0.9496 1.4826 1.7141, -1.0213 1.5721 1.8061, -1.1019 1.6384 1.9097, -0.844 1.3528 1.6517, -0.8977 1.469 1.7337, -0.9626 1.5642 1.8328, -1.1865 1.6527 1.8923, -0.7648 1.1929 1.5999, -0.7989 1.3325 1.6628, -0.8455 1.4551 1.7487, -0.9027 1.556 1.8543, -0.9684 1.631 1.9754, -0.7925 1.3295 1.6641, -0.838 1.4531 1.7505, -0.8941 1.5548 1.857, -0.9585 1.6305 1.9792, -1.0287 1.6772 2.1124, -0.7221 1.1621 1.608, -0.749 1.3093 1.6709, -0.7871 1.4393 1.7602, -0.8348 1.5466 1.8722, -0.8902 1.6267 2.0021, -0.9508 1.6762 2.1442, -0.7067 1.2888 1.6743, -0.7371 1.4253 1.7657, -0.7759 1.5383 1.8823, -0.8213 1.6229 2.0189, -0.8714 1.6752 2.1694, -0.6657 1.2682 1.6745, -0.6882 1.411 1.767, -0.7175 1.5298 1.8874, -0.7522 1.619 2.0299, -0.7906 1.6742 2.1878, -0.617 1.0807 1.6142, -0.626 1.2472 1.6718, -0.6405 1.3964 1.7644, -0.6598 1.5211 1.8876, -0.6829 1.6149 2.0351, -0.7087 1.6732 2.1995, -0.396 1.0585 1.6186, -0.5066 1.0591 1.6192, -0.6166 1.0589 1.6118, -0.5074 1.2068 1.664, -0.5087 1.343 1.7368, -0.3858 1.2992 1.7033, -0.3905 1.2043 1.6643, -0.3952 1.1093 1.6252, -0.6238 1.2056 1.6574, -0.5126 1.5602 1.954, -0.3564 1.5562 1.9491, -0.5105 1.4623 1.8347, -0.3709 1.4623 1.8276, -0.3821 1.3399 1.7343, -0.6351 1.3405 1.7297, -0.6502 1.4588 1.826, -0.6685 1.5563 1.9429, -0.5151 1.633 2.0901, -0.5177 1.6778 2.2378, -0.3289 1.6661 2.1781, -0.3402 1.6268 2.0838, -0.3515 1.5874 1.9895, -0.6894 1.6295 2.0762, -0.3229 1.6728 2.2285, -0.7121 1.6756 2.2211, -1.8826 1.6178 2.7427, -1.9306 1.5874 2.6871, -2.0165 1.5874 2.7643, -2.1727 1.0844 2.4071, -1.7759 1.6771 2.8662, -1.8065 1.6661 2.8308, -1.784 1.69 2.9936, -1.8868 1.6661 2.903, -2.1317 1.2527 2.4545, -2.1705 1.1093 2.4095, -2.267 1.1093 2.4963, -2.0673 1.4024 2.5289, -2.1191 1.2992 2.4691, -2.2133 1.2992 2.5537, -1.9829 1.5261 2.6266, -2.1278 1.4623 2.6451, -2.0373 1.4623 2.5637, -2.5634 1.6661 5.952, -2.6233 1.6661 5.7882, -2.6726 1.6661 5.6217, -2.7113 1.6661 5.4526, -2.7393 1.6661 5.281, -2.7466 1.6661 5.2206, -2.7601 1.6661 5.0454, -2.7624 1.6661 4.871, -2.7538 1.6661 4.6976, -2.7343 1.6661 4.5252, -2.704 1.6661 4.354, -2.6908 1.6661 4.2946, -2.6456 1.6661 4.1248, -2.59 1.6661 3.9595, -2.5245 1.6661 3.7986, -2.4491 1.6661 3.6424, -2.3638 1.6661 3.491, -2.3317 1.6661 3.4392, -2.2327 1.6661 3.2938, -2.1253 1.6661 3.156, -2.01 1.6661 3.0257, -1.7852 1.6905 3.0113, -0.2503 1.6661 7.6727, -0.3109 1.6661 7.6666, -0.4847 1.6661 7.6413, -0.6554 1.6661 7.6052, -0.8228 1.6661 7.5588, -0.9867 1.6661 7.5019, -1.147 1.6661 7.4348, -1.2021 1.6661 7.4089, -1.3577 1.6661 7.3275, -1.5069 1.6661 7.237, -1.6494 1.6661 7.1377, -1.7853 1.6661 7.0299, -1.9143 1.6661 6.9134, -1.9577 1.6661 6.8708, -2.0777 1.6661 6.7424, -2.1885 1.6661 6.6077, -2.2901 1.6661 6.4668, -2.3826 1.6661 6.3201, -2.4658 1.6661 6.1675, -2.4927 1.6661 6.1128, 2.5472 1.6661 5.9913, 2.4746 1.6661 6.1499, 2.3926 1.6661 6.3029, 2.3011 1.6661 6.4504, 2.2004 1.6661 6.592, 2.1631 1.6661 6.6401, 2.0495 1.6661 6.7741, 1.9285 1.6661 6.8997, 1.8003 1.6661 7.017, 1.6653 1.6661 7.1259, 1.5234 1.6661 7.2262, 1.4722 1.6661 7.2592, 1.3206 1.6661 7.348, 1.1649 1.6661 7.4265, 1.0052 1.6661 7.4948, 0.8417 1.6661 7.5528, 0.6745 1.6661 7.6005, 0.6153 1.6661 7.6147, 0.4429 1.6661 7.6484, 0.27 1.6661 7.6709, 0.0967 1.6661 7.6824, -0.0768 1.6661 7.683, -2.415 1.1093 2.6437, -2.5536 1.1093 2.8002, -2.6826 1.1093 2.9659, -2.8016 1.1093 3.1406, -2.8402 1.1093 3.2027, -2.9426 1.1093 3.3847, -3.0332 1.1093 3.5724, -3.112 1.1093 3.7657, -3.1787 1.1093 3.9643, -3.2331 1.1093 4.1683, -3.2489 1.1093 4.2397, -3.2853 1.1093 4.4453, -3.3087 1.1093 4.6525, -3.3191 1.1093 4.8609, -3.3163 1.1093 5.0705, -3.3001 1.1093 5.2809, -3.2914 1.1093 5.3535, -3.2577 1.1093 5.5596, -3.2112 1.1093 5.7628, -3.152 1.1093 5.9629, -3.0799 1.1093 6.1597, -2.995 1.1093 6.353, -2.9627 1.1093 6.4186, -2.8627 1.1093 6.6019, -2.7516 1.1093 6.7783, -2.6295 1.1093 6.9475, -2.4964 1.1093 7.1094, -2.3523 1.1093 7.2636, -2.3001 1.1093 7.3149, -2.145 1.1093 7.4548, -1.9818 1.1093 7.5844, -1.8105 1.1093 7.7037, -1.6314 1.1093 7.8124, -1.4443 1.1093 7.9102, -1.3781 1.1093 7.9413, -1.1855 1.1093 8.022, -0.9886 1.1093 8.0903, -0.7875 1.1093 8.1461, -0.5824 1.1093 8.1894, -0.3736 1.1093 8.2198, -0.3008 1.1093 8.2272, -0.0923 1.1093 8.2396, 0.1161 1.1093 8.2389, 0.3244 1.1093 8.225, 0.5322 1.1093 8.198, 0.7393 1.1093 8.1575, 0.8105 1.1093 8.1404, 1.0113 1.1093 8.0831, 1.2077 1.1093 8.0134, 1.3996 1.1093 7.9314, 1.5868 1.1093 7.8371, 1.7689 1.1093 7.7303, 1.8304 1.1093 7.6907, 2.0009 1.1093 7.5701, 2.1632 1.1093 7.4393, 2.3171 1.1093 7.2984, 2.4625 1.1093 7.1475, 2.599 1.1093 6.9865, 2.6439 1.1093 6.9287, 2.7649 1.1093 6.7585, 2.8747 1.1093 6.5814, 2.9733 1.1093 6.3974, 3.0606 1.1093 6.2069, 3.1361 1.1093 6.0098, 3.1593 1.1093 5.9404, 3.2171 1.1093 5.7398, 3.2622 1.1093 5.5362, 3.2944 1.1093 5.33, 3.3136 1.1093 5.1214, 3.3196 1.1093 4.9104, 3.3186 1.1093 4.8372, 3.3067 1.1093 4.6287, 3.2818 1.1093 4.4218, 3.244 1.1093 4.2165, 3.193 1.1093 4.0133, 3.1289 1.1093 3.8122, 3.1037 1.1093 3.7435, 3.0235 1.1093 3.5507, 2.9315 1.1093 3.3636, 2.8278 1.1093 3.1825, 2.7125 1.1093 3.0075, 2.5854 1.1093 2.839, 2.5389 1.1093 2.7826, 2.3994 1.1093 2.6272, 2.2507 1.1093 2.4811, 2.0929 1.1093 2.3445, 1.9261 1.1093 2.2176, 1.7504 1.1093 2.1006, 1.6878 1.1093 2.0627, 1.5048 1.1093 1.9623, 1.3161 1.1093 1.8737, 1.122 1.1093 1.797, 0.9226 1.1093 1.7324, 0.7181 1.1093 1.6802, 0.6465 1.1093 1.6652, 0.4405 1.1093 1.631, 0.2331 1.1093 1.6098, 0.0246 1.1093 1.6017, -2.3578 1.2992 2.6976, -2.4931 1.2992 2.8505, -2.619 1.2992 3.0122, -2.7352 1.2992 3.1828, -2.7729 1.2992 3.2434, -2.8729 1.2992 3.4211, -2.9614 1.2992 3.6044, -3.0383 1.2992 3.7931, -3.1034 1.2992 3.987, -3.1565 1.2992 4.1861, -3.1719 1.2992 4.2559, -3.2075 1.2992 4.4566, -3.2303 1.2992 4.6588, -3.2404 1.2992 4.8623, -3.2377 1.2992 5.0669, -3.2219 1.2992 5.2724, -3.2134 1.2992 5.3433, -3.1805 1.2992 5.5445, -3.1351 1.2992 5.7429, -3.0773 1.2992 5.9383, -3.007 1.2992 6.1304, -2.924 1.2992 6.3191, -2.8925 1.2992 6.3831, -2.7949 1.2992 6.5621, -2.6864 1.2992 6.7343, -2.5672 1.2992 6.8995, -2.4372 1.2992 7.0576, -2.2965 1.2992 7.2081, -2.2456 1.2992 7.2582, -2.0942 1.2992 7.3948, -1.9348 1.2992 7.5213, -1.7676 1.2992 7.6378, -1.5927 1.2992 7.7439, -1.4101 1.2992 7.8394, -1.3455 1.2992 7.8697, -1.1574 1.2992 7.9485, -0.9651 1.2992 8.0152, -0.7688 1.2992 8.0697, -0.5686 1.2992 8.112, -0.3647 1.2992 8.1416, -0.2936 1.2992 8.1489, -0.0901 1.2992 8.161, 0.1134 1.2992 8.1602, 0.3167 1.2992 8.1467, 0.5196 1.2992 8.1203, 0.7218 1.2992 8.0808, 0.7913 1.2992 8.0641, 0.9873 1.2992 8.0082, 1.1791 1.2992 7.9401, 1.3665 1.2992 7.8601, 1.5492 1.2992 7.768, 1.727 1.2992 7.6638, 1.787 1.2992 7.6251, 1.9534 1.2992 7.5074, 2.1119 1.2992 7.3797, 2.2622 1.2992 7.2421, 2.4041 1.2992 7.0947, 2.5374 1.2992 6.9376, 2.5812 1.2992 6.8811, 2.6993 1.2992 6.715, 2.8066 1.2992 6.542, 2.9029 1.2992 6.3625, 2.988 1.2992 6.1764, 3.0618 1.2992 5.984, 3.0844 1.2992 5.9163, 3.1409 1.2992 5.7204, 3.1849 1.2992 5.5217, 3.2163 1.2992 5.3204, 3.2351 1.2992 5.1166, 3.2409 1.2992 4.9106, 3.2399 1.2992 4.8392, 3.2284 1.2992 4.6357, 3.2041 1.2992 4.4336, 3.1671 1.2992 4.2332, 3.1174 1.2992 4.0348, 3.0547 1.2992 3.8385, 3.0301 1.2992 3.7714, 2.9518 1.2992 3.5832, 2.862 1.2992 3.4005, 2.7608 1.2992 3.2237, 2.6482 1.2992 3.0529, 2.5241 1.2992 2.8884, 2.4787 1.2992 2.8332, 2.3425 1.2992 2.6815, 2.1973 1.2992 2.5389, 2.0433 1.2992 2.4055, 1.8805 1.2992 2.2816, 1.7089 1.2992 2.1675, 1.6478 1.2992 2.1305, 1.4691 1.2992 2.0324, 1.2849 1.2992 1.9459, 1.0954 1.2992 1.871, 0.9007 1.2992 1.808, 0.7011 1.2992 1.757, 0.6312 1.2992 1.7423, 0.4301 1.2992 1.709, 0.2276 1.2992 1.6883, 0.024 1.2992 1.6804, -2.2668 1.4623 2.7835, -2.3969 1.4623 2.9304, -2.5179 1.4623 3.0859, -2.6296 1.4623 3.2499, -2.6658 1.4623 3.3082, -2.762 1.4623 3.479, -2.847 1.4623 3.6552, -2.921 1.4623 3.8366, -2.9836 1.4623 4.0231, -3.0346 1.4623 4.2145, -3.0495 1.4623 4.2816, -3.0836 1.4623 4.4746, -3.1056 1.4623 4.669, -3.1153 1.4623 4.8646, -3.1127 1.4623 5.0613, -3.0975 1.4623 5.2588, -3.0893 1.4623 5.327, -3.0577 1.4623 5.5204, -3.014 1.4623 5.7112, -2.9585 1.4623 5.899, -2.8909 1.4623 6.0837, -2.8111 1.4623 6.2651, -2.7809 1.4623 6.3267, -2.687 1.4623 6.4988, -2.5827 1.4623 6.6643, -2.468 1.4623 6.8231, -2.3431 1.4623 6.9751, -2.2079 1.4623 7.1198, -2.1589 1.4623 7.168, -2.0133 1.4623 7.2993, -1.8601 1.4623 7.4209, -1.6994 1.4623 7.5329, -1.5312 1.4623 7.6349, -1.3557 1.4623 7.7267, -1.2935 1.4623 7.7559, -1.1127 1.4623 7.8316, -0.9279 1.4623 7.8957, -0.7391 1.4623 7.9482, -0.5467 1.4623 7.9888, -0.3506 1.4623 8.0173, -0.2823 1.4623 8.0243, -0.0867 1.4623 8.0359, 0.109 1.4623 8.0352, 0.3045 1.4623 8.0222, 0.4995 1.4623 7.9968, 0.694 1.4623 7.9588, 0.7607 1.4623 7.9428, 0.9492 1.4623 7.889, 1.1336 1.4623 7.8236, 1.3137 1.4623 7.7466, 1.4894 1.4623 7.6581, 1.6603 1.4623 7.5579, 1.718 1.4623 7.5207, 1.878 1.4623 7.4075, 2.0304 1.4623 7.2847, 2.1749 1.4623 7.1525, 2.3113 1.4623 7.0108, 2.4394 1.4623 6.8597, 2.4816 1.4623 6.8055, 2.5951 1.4623 6.6457, 2.6982 1.4623 6.4794, 2.7908 1.4623 6.3068, 2.8727 1.4623 6.128, 2.9436 1.4623 5.943, 2.9654 1.4623 5.8779, 3.0196 1.4623 5.6895, 3.0619 1.4623 5.4985, 3.0921 1.4623 5.3049, 3.1102 1.4623 5.1091, 3.1158 1.4623 4.911, 3.1148 1.4623 4.8424, 3.1037 1.4623 4.6467, 3.0804 1.4623 4.4524, 3.0448 1.4623 4.2598, 2.997 1.4623 4.069, 2.9368 1.4623 3.8803, 2.9131 1.4623 3.8158, 2.8379 1.4623 3.6348, 2.7515 1.4623 3.4592, 2.6542 1.4623 3.2892, 2.546 1.4623 3.125, 2.4267 1.4623 2.9668, 2.383 1.4623 2.9138, 2.2521 1.4623 2.768, 2.1125 1.4623 2.6309, 1.9644 1.4623 2.5027, 1.8079 1.4623 2.3835, 1.6429 1.4623 2.2738, 1.5842 1.4623 2.2382, 1.4124 1.4623 2.1439, 1.2353 1.4623 2.0608, 1.0531 1.4623 1.9888, 0.866 1.4623 1.9282, 0.674 1.4623 1.8792, 0.6068 1.4623 1.8651, 0.4134 1.4623 1.833, 0.2188 1.4623 1.8131, 0.0231 1.4623 1.8055, -2.1481 1.5874 2.8954, -2.2714 1.5874 3.0346, -2.3861 1.5874 3.182, -2.492 1.5874 3.3374, -2.5263 1.5874 3.3927, -2.6174 1.5874 3.5545, -2.698 1.5874 3.7215, -2.7681 1.5874 3.8934, -2.8274 1.5874 4.0701, -2.8758 1.5874 4.2515, -2.8899 1.5874 4.315, -2.9223 1.5874 4.4979, -2.9431 1.5874 4.6822, -2.9523 1.5874 4.8676, -2.9498 1.5874 5.054, -2.9354 1.5874 5.2412, -2.9276 1.5874 5.3058, -2.8976 1.5874 5.4891, -2.8563 1.5874 5.6698, -2.8036 1.5874 5.8478, -2.7396 1.5874 6.0229, -2.664 1.5874 6.1948, -2.6353 1.5874 6.2531, -2.5464 1.5874 6.4162, -2.4475 1.5874 6.5731, -2.3389 1.5874 6.7236, -2.2205 1.5874 6.8676, -2.0923 1.5874 7.0048, -2.0459 1.5874 7.0504, -1.908 1.5874 7.1748, -1.7628 1.5874 7.2901, -1.6104 1.5874 7.3962, -1.4511 1.5874 7.4929, -1.2847 1.5874 7.5799, -1.2258 1.5874 7.6075, -1.0545 1.5874 7.6793, -0.8793 1.5874 7.7401, -0.7004 1.5874 7.7897, -0.5181 1.5874 7.8282, -0.3323 1.5874 7.8553, -0.2675 1.5874 7.8619, -0.0821 1.5874 7.8729, 0.1033 1.5874 7.8722, 0.2885 1.5874 7.8599, 0.4734 1.5874 7.8358, 0.6576 1.5874 7.7999, 0.7209 1.5874 7.7847, 0.8995 1.5874 7.7337, 1.0743 1.5874 7.6717, 1.245 1.5874 7.5987, 1.4114 1.5874 7.5148, 1.5734 1.5874 7.4199, 1.6281 1.5874 7.3846, 1.7797 1.5874 7.2774, 1.9241 1.5874 7.161, 2.061 1.5874 7.0357, 2.1903 1.5874 6.9015, 2.3118 1.5874 6.7582, 2.3517 1.5874 6.7069, 2.4593 1.5874 6.5555, 2.557 1.5874 6.3979, 2.6447 1.5874 6.2343, 2.7223 1.5874 6.0648, 2.7895 1.5874 5.8895, 2.8102 1.5874 5.8278, 2.8616 1.5874 5.6493, 2.9016 1.5874 5.4683, 2.9303 1.5874 5.2849, 2.9474 1.5874 5.0992, 2.9527 1.5874 4.9116, 2.9518 1.5874 4.8465, 2.9413 1.5874 4.6611, 2.9191 1.5874 4.477, 2.8855 1.5874 4.2944, 2.8402 1.5874 4.1136, 2.7831 1.5874 3.9347, 2.7607 1.5874 3.8737, 2.6893 1.5874 3.7022, 2.6075 1.5874 3.5358, 2.5153 1.5874 3.3747, 2.4127 1.5874 3.219, 2.2997 1.5874 3.0691, 2.2583 1.5874 3.0189, 2.1342 1.5874 2.8807, 2.0019 1.5874 2.7508, 1.8616 1.5874 2.6293, 1.7133 1.5874 2.5164, 1.557 1.5874 2.4123, 1.5013 1.5874 2.3786, 1.3385 1.5874 2.2893, 1.1706 1.5874 2.2105, 0.998 1.5874 2.1423, 0.8206 1.5874 2.0848, 0.6387 1.5874 2.0384, 0.575 1.5874 2.025, 0.3918 1.5874 1.9946, 0.2074 1.5874 1.9758, 0.0219 1.5874 1.9686, 2.6101 1.6661 5.8272, 2.6294 1.6661 5.7695, 2.6776 1.6661 5.6025, 2.715 1.6661 5.4331, 2.7418 1.6661 5.2615, 2.7578 1.6661 5.0878, 2.7628 1.6661 4.9122, 2.762 1.6661 4.8513, 2.7521 1.6661 4.6778, 2.7314 1.6661 4.5055, 2.6999 1.6661 4.3347, 2.6575 1.6661 4.1656, 2.6041 1.6661 3.9982, 2.5831 1.6661 3.941, 2.5164 1.6661 3.7806, 2.4398 1.6661 3.6249, 2.3535 1.6661 3.4741, 2.2575 1.6661 3.3285, 2.1518 1.6661 3.1883, 2.113 1.6661 3.1413, 1.9969 1.6661 3.0119, 1.8732 1.6661 2.8904, 1.7419 1.6661 2.7767, 1.6031 1.6661 2.671, 1.4568 1.6661 2.5737, 1.4047 1.6661 2.5422, 1.2524 1.6661 2.4586, 1.0953 1.6661 2.3848, 0.9338 1.6661 2.321, 0.7679 1.6661 2.2673, 0.5976 1.6661 2.2238, 0.5381 1.6661 2.2113, 0.3666 1.6661 2.1828, 0.194 1.6661 2.1652, 0.0205 1.6661 2.1585, -0.1539 1.6661 2.1627, -0.1645 1.5874 1.9731, -0.1736 1.4623 1.8103, -0.1805 1.2992 1.6853, -0.1849 1.1093 1.6068, -1.9469 1.4087 2.421, -1.9575 1.3841 2.4002, -2.0112 1.3918 2.4574, -2.101 1.2494 2.4185, -1.7657 1.6687 2.8005, -1.7564 1.6624 2.7447, -1.8072 1.6227 2.6657, -1.8588 1.6101 2.6762, -1.7657 1.6687 2.8005, -1.7745 1.6758 2.8565, -1.7713 1.6733 2.8365, -1.873 1.6172 2.7116, -1.967 1.5238 2.5939, -2.0442 1.399 2.4945, -2.1342 1.0823 2.3696, -1.9434 1.5156 2.558, -2.0587 1.2446 2.3791, -2.0837 1.0812 2.3271, -1.8354 1.6007 2.6218, -1.8863 1.5313 2.535, -1.9051 1.5056 2.5028, -1.9859 1.2608 2.3297, -2.002 1.0845 2.2618, -2.0012 1.0951 2.2656, -1.9903 1.2415 2.3187, -1.8049 1.6169 2.6258, -1.8795 1.5238 2.5036, -1.9341 1.403 2.3958, -1.9661 1.2603 2.3076, -1.974 1.1023 2.243, -1.6741 1.6527 1.6385, -1.6732 1.6909 1.6022, -1.6732 1.6905 1.6019, -1.674 1.6897 1.6646, -1.6732 1.6927 1.6043, -1.6732 1.6923 1.6031, -1.6732 1.6927 1.6034, -1.6738 1.6825 1.6595, -1.6775 1.6636 1.7698, -1.6754 1.6838 1.7843, -1.6765 1.6796 1.8685, -1.6846 1.6458 1.8783, -1.6775 1.678 1.9022, -1.6912 1.6349 1.9497, -1.6799 1.6742 1.9836, -1.7029 1.6209 2.0505, -1.6867 1.6706 2.0893, -1.7166 1.6096 2.1465, -1.6935 1.6671 2.1939, -1.7318 1.6014 2.2372, -1.6998 1.6637 2.2932, -1.7478 1.5966 2.3227, -1.7059 1.6606 2.3874, -1.7501 1.5962 2.3347, -1.7068 1.6601 2.4006, -1.7103 1.6582 2.4562, -1.7646 1.5953 2.4068, -1.7131 1.6581 2.4802, -1.778 1.5974 2.4724, -1.7215 1.6576 2.5514, -1.7247 1.6575 2.5785, -1.7897 1.6022 2.5315, -1.7313 1.6585 2.6134, -1.7991 1.6092 2.5846, -1.7415 1.6601 2.6669, -1.7493 1.6613 2.7074, -1.6804 1.579 1.71, -1.6927 1.5072 1.7802, -1.7041 1.4606 1.8262, -1.7249 1.3959 1.8908, -1.75 1.3361 1.9519, -1.779 1.2817 2.0091, -1.8113 1.233 2.0624, -1.8162 1.2264 2.0698, -1.8483 1.1885 2.114, -1.8811 1.1572 2.1536, -1.9141 1.1322 2.1887, -1.9466 1.1135 2.2195, -1.6742 1.6601 1.6437, -1.681 1.6003 1.7249, -1.6941 1.5423 1.8043, -1.7062 1.505 1.8563, -1.7282 1.454 1.929, -1.7545 1.4078 1.9972, -1.7845 1.3671 2.0606, -1.8172 1.3322 2.1191, -1.8221 1.3277 2.1271, -1.8538 1.3024 2.1749, -1.8851 1.2833 2.2168, -1.9154 1.2701 2.2533, -1.9437 1.2625 2.2845, -1.6732 1.6914 1.6025, -1.6742 1.6676 1.649, -1.6807 1.6214 1.7398, -1.6932 1.5771 1.8288, -1.7048 1.549 1.887, -1.7256 1.5111 1.9685, -1.7504 1.4778 2.0451, -1.7783 1.4497 2.1164, -1.8084 1.4272 2.1823, -1.8129 1.4244 2.1913, -1.8413 1.41 2.2453, -1.8688 1.4011 2.2927, -1.8944 1.3974 2.334, -1.9173 1.3986 2.3695, -1.6732 1.6918 1.6028, -1.674 1.675 1.6543, -1.6795 1.6426 1.7548, -1.69 1.6117 1.8535, -1.6997 1.5924 1.9182, -1.7172 1.5669 2.0091, -1.7378 1.5454 2.0951, -1.7607 1.5283 2.1756, -1.7851 1.516 2.2506, -1.7887 1.5146 2.261, -1.8113 1.5086 2.3233, -1.8327 1.507 2.3788, -1.852 1.5095 2.428, -1.8683 1.5158 2.471, 0.8861 -1.2916 1.5711, 0.8452 -1.266 1.5871, 1.2393 -1.4803 1.1881, 1.1855 -1.6551 1.9042, 1.1772 -1.6739 1.9998, 1.1663 -1.6741 2.0074, 1.0206 -1.6716 2.0879, 1.0948 -1.6728 2.0507, 1.1656 -1.6908 2.1619, 1.1764 -1.6758 2.0095, 1.1756 -1.677 2.0201, 1.168 -1.6895 2.126, 1.0674 -1.6186 1.8779, 1.129 -1.6234 1.8405, 1.1957 -1.6287 1.7915, 1.1953 -1.6299 1.7962, 1.1891 -1.6282 1.797, 1.1947 -1.6315 1.8024, 1.1882 -1.6487 1.8719, 1.2032 -1.6065 1.7113, 1.0871 -1.5499 1.701, 1.2138 -1.5746 1.5962, 1.2108 -1.5838 1.6294, 1.1948 -1.5711 1.6166, 1.1429 -1.5608 1.6608, 1.0976 -1.4808 1.5516, 1.1458 -1.4984 1.5102, 1.1945 -1.5162 1.4611, 1.2213 -1.5525 1.5161, 1.218 -1.5622 1.5512, 1.1554 -1.4499 1.3684, 1.2293 -1.5239 1.3954, 1.2274 -1.5305 1.4233, 1.2351 -1.5032 1.3077, 1.2103 -1.479 1.2963, 1.2352 -1.5025 1.3037, 1.237 -1.4926 1.2522, 0.6181 -1.1093 1.6212, 0.647 -1.1313 1.622, 0.6303 -1.2992 1.6989, 0.7043 -1.6661 2.1713, 0.7708 -1.6673 2.163, 0.6825 -1.1572 1.6209, 0.8493 -1.6686 2.1471, 0.9271 -1.6699 2.1245, 1.0039 -1.6713 2.0952, 0.7193 -1.1831 1.6173, 0.7574 -1.209 1.6112, 0.7659 -1.2147 1.6094, 0.8052 -1.2404 1.5998, 1.0042 -1.6136 1.9097, 0.9397 -1.6086 1.9358, 0.9253 -1.6075 1.9408, 0.8597 -1.6024 1.96, 0.7943 -1.5972 1.9734, 0.7292 -1.5919 1.9813, 0.6749 -1.5874 1.9837, 0.928 -1.3174 1.5512, 1.0329 -1.5394 1.7338, 0.9782 -1.5289 1.7612, 0.9231 -1.5183 1.7834, 0.8677 -1.5076 1.8007, 0.8556 -1.5052 1.8039, 0.8004 -1.4942 1.8153, 0.7463 -1.4831 1.822, 0.6933 -1.4719 1.8241, 0.6496 -1.4623 1.8226, 0.9727 -1.3444 1.526, 1.0162 -1.3703 1.4971, 1.0495 -1.4633 1.5868, 0.9989 -1.4448 1.618, 0.9506 -1.4272 1.6427, 0.9029 -1.4095 1.6627, 0.8556 -1.3918 1.6783, 0.8088 -1.3738 1.6899, 0.7985 -1.3698 1.692, 0.7527 -1.3517 1.6988, 0.7082 -1.3334 1.702, 0.6653 -1.3149 1.7017, 1.0607 -1.3964 1.4625, 1.1069 -1.4229 1.4205, 1.2241 -1.5426 1.4742, 0.3229 -1.6728 2.2285, 0.7121 -1.6728 2.2215, 0.5177 -1.6778 2.2378, 0.6896 -1.6268 2.0775, 0.5151 -1.633 2.0901, 0.5126 -1.5602 1.954, 0.6686 -1.5562 1.9435, 0.3289 -1.6661 2.1781, 0.3402 -1.6268 2.0838, 0.3515 -1.5874 1.9895, 0.3564 -1.5562 1.9491, 0.5105 -1.4623 1.8347, 0.3709 -1.4623 1.8276, 0.5087 -1.343 1.7368, 0.6351 -1.3399 1.7298, 0.3821 -1.3399 1.7343, 0.3858 -1.2992 1.7033, 0.5074 -1.2068 1.664, 0.3905 -1.2043 1.6643, 0.5066 -1.0591 1.6192, 0.6171 -1.0585 1.6146, 0.6242 -1.2043 1.6601, 0.3952 -1.1093 1.6252, 0.396 -1.0585 1.6186, -0.0205 -1.6661 2.1585, -0.5381 -1.6661 2.2113, 1.8826 -1.6178 2.7427, 1.9306 -1.5874 2.6871, 2.0165 -1.5874 2.7643, 2.1727 -1.0844 2.4071, 1.7759 -1.6771 2.8662, 1.8065 -1.6661 2.8308, 1.7821 -1.6879 2.9636, 1.8868 -1.6661 2.903, 2.1317 -1.2527 2.4545, 2.1705 -1.1093 2.4095, 2.267 -1.1093 2.4963, 2.0673 -1.4024 2.5289, 2.1191 -1.2992 2.4691, 2.2133 -1.2992 2.5537, 1.9829 -1.5261 2.6266, 2.1278 -1.4623 2.6451, 2.0373 -1.4623 2.5637, 2.6233 -1.6661 5.7882, 2.6726 -1.6661 5.6217, 2.7113 -1.6661 5.4526, 2.7393 -1.6661 5.281, 2.7466 -1.6661 5.2206, 2.7601 -1.6661 5.0454, 2.7624 -1.6661 4.871, 2.7538 -1.6661 4.6976, 2.7343 -1.6661 4.5252, 2.704 -1.6661 4.354, 2.6908 -1.6661 4.2946, 2.6456 -1.6661 4.1248, 2.59 -1.6661 3.9595, 2.5245 -1.6661 3.7986, 2.4491 -1.6661 3.6424, 2.3638 -1.6661 3.491, 2.3317 -1.6661 3.4392, 2.2327 -1.6661 3.2938, 2.1253 -1.6661 3.156, 2.01 -1.6661 3.0257, 1.7852 -1.6898 3.0108, 2.3826 -1.6661 6.3201, 2.4658 -1.6661 6.1675, 2.4927 -1.6661 6.1128, 2.5634 -1.6661 5.952, 1.147 -1.6661 7.4348, 1.2021 -1.6661 7.4089, 1.3577 -1.6661 7.3275, 1.5069 -1.6661 7.237, 1.6494 -1.6661 7.1377, 1.7853 -1.6661 7.0299, 1.9143 -1.6661 6.9134, 1.9577 -1.6661 6.8708, 2.0777 -1.6661 6.7424, 2.1885 -1.6661 6.6077, 2.2901 -1.6661 6.4668, 0.8228 -1.6661 7.5588, 0.9867 -1.6661 7.5019, 0.4847 -1.6661 7.6413, 0.6554 -1.6661 7.6052, 0.0768 -1.6661 7.683, 0.2503 -1.6661 7.6727, 0.3109 -1.6661 7.6666, -0.27 -1.6661 7.6709, -0.0967 -1.6661 7.6824, -0.6745 -1.6661 7.6005, -0.6153 -1.6661 7.6147, -0.4429 -1.6661 7.6484, -1.8003 -1.6661 7.017, -1.6653 -1.6661 7.1259, -1.5234 -1.6661 7.2262, -1.4722 -1.6661 7.2592, -1.3206 -1.6661 7.348, -1.1649 -1.6661 7.4265, -1.0052 -1.6661 7.4948, -0.8417 -1.6661 7.5528, -2.3011 -1.6661 6.4504, -2.2004 -1.6661 6.592, -2.1631 -1.6661 6.6401, -2.0495 -1.6661 6.7741, -1.9285 -1.6661 6.8997, -2.5472 -1.6661 5.9913, -2.4746 -1.6661 6.1499, -2.3926 -1.6661 6.3029, -1.9969 -1.6661 3.0119, -2.113 -1.6661 3.1413, -2.1518 -1.6661 3.1883, -2.2575 -1.6661 3.3285, -2.3535 -1.6661 3.4741, -2.4398 -1.6661 3.6249, -2.5164 -1.6661 3.7806, -2.5831 -1.6661 3.941, -2.6041 -1.6661 3.9982, -2.6575 -1.6661 4.1656, -2.6999 -1.6661 4.3347, -2.7314 -1.6661 4.5055, -2.7521 -1.6661 4.6778, -2.762 -1.6661 4.8513, -2.7628 -1.6661 4.9122, -2.7578 -1.6661 5.0878, -2.7418 -1.6661 5.2615, -2.715 -1.6661 5.4331, -2.6776 -1.6661 5.6025, -2.6294 -1.6661 5.7695, -2.6101 -1.6661 5.8272, 2.415 -1.1093 2.6437, 2.5536 -1.1093 2.8002, 2.6826 -1.1093 2.9659, 2.8016 -1.1093 3.1406, 2.8402 -1.1093 3.2027, 2.9426 -1.1093 3.3847, 3.0332 -1.1093 3.5724, 3.112 -1.1093 3.7657, 3.1787 -1.1093 3.9643, 3.2331 -1.1093 4.1683, 3.2489 -1.1093 4.2397, 3.2853 -1.1093 4.4453, 3.3087 -1.1093 4.6525, 3.3191 -1.1093 4.8609, 3.3163 -1.1093 5.0705, 3.3001 -1.1093 5.2809, 3.2914 -1.1093 5.3535, 3.2577 -1.1093 5.5596, 3.2112 -1.1093 5.7628, 3.152 -1.1093 5.9629, 3.0799 -1.1093 6.1597, 2.995 -1.1093 6.353, 2.9627 -1.1093 6.4186, 2.8627 -1.1093 6.6019, 2.7516 -1.1093 6.7783, 2.6295 -1.1093 6.9475, 2.4964 -1.1093 7.1094, 2.3523 -1.1093 7.2636, 2.3001 -1.1093 7.3149, 2.145 -1.1093 7.4548, 1.9818 -1.1093 7.5844, 1.8105 -1.1093 7.7037, 1.6314 -1.1093 7.8124, 1.4443 -1.1093 7.9102, 1.3781 -1.1093 7.9413, 1.1855 -1.1093 8.022, 0.9886 -1.1093 8.0903, 0.7875 -1.1093 8.1461, 0.5824 -1.1093 8.1894, 0.3736 -1.1093 8.2198, 0.3008 -1.1093 8.2272, 0.0923 -1.1093 8.2396, -0.1161 -1.1093 8.2389, -0.3244 -1.1093 8.225, -0.5322 -1.1093 8.198, -0.7393 -1.1093 8.1575, -0.8105 -1.1093 8.1404, -1.0113 -1.1093 8.0831, -1.2077 -1.1093 8.0134, -1.3996 -1.1093 7.9314, -1.5868 -1.1093 7.8371, -1.7689 -1.1093 7.7303, -1.8304 -1.1093 7.6907, -2.0009 -1.1093 7.5701, -2.1632 -1.1093 7.4393, -2.3171 -1.1093 7.2984, -2.4625 -1.1093 7.1475, -2.599 -1.1093 6.9865, -2.6439 -1.1093 6.9287, -2.7649 -1.1093 6.7585, -2.8747 -1.1093 6.5814, -2.9733 -1.1093 6.3974, -3.0606 -1.1093 6.2069, -3.1361 -1.1093 6.0098, -3.1593 -1.1093 5.9404, -3.2171 -1.1093 5.7398, -3.2622 -1.1093 5.5362, -3.2944 -1.1093 5.33, -3.3136 -1.1093 5.1214, -3.3196 -1.1093 4.9104, -3.3186 -1.1093 4.8372, -3.3067 -1.1093 4.6287, -3.2818 -1.1093 4.4218, -3.244 -1.1093 4.2165, -3.193 -1.1093 4.0133, -3.1289 -1.1093 3.8122, -3.1037 -1.1093 3.7435, -3.0235 -1.1093 3.5507, -2.9315 -1.1093 3.3636, -2.8278 -1.1093 3.1825, -2.7125 -1.1093 3.0075, -2.5854 -1.1093 2.839, -2.5389 -1.1093 2.7826, -2.3994 -1.1093 2.6272, -2.2507 -1.1093 2.4811, -2.0929 -1.1093 2.3445, -1.9261 -1.1093 2.2176, -1.7504 -1.1093 2.1006, -1.6878 -1.1093 2.0627, -1.5048 -1.1093 1.9623, -1.3161 -1.1093 1.8737, -1.122 -1.1093 1.797, -0.9226 -1.1093 1.7324, 2.3578 -1.2992 2.6976, 2.4931 -1.2992 2.8505, 2.619 -1.2992 3.0122, 2.7352 -1.2992 3.1828, 2.7729 -1.2992 3.2434, 2.8729 -1.2992 3.4211, 2.9614 -1.2992 3.6044, 3.0383 -1.2992 3.7931, 3.1034 -1.2992 3.987, 3.1565 -1.2992 4.1861, 3.1719 -1.2992 4.2559, 3.2075 -1.2992 4.4566, 3.2303 -1.2992 4.6588, 3.2404 -1.2992 4.8623, 3.2377 -1.2992 5.0669, 3.2219 -1.2992 5.2724, 3.2134 -1.2992 5.3433, 3.1805 -1.2992 5.5445, 3.1351 -1.2992 5.7429, 3.0773 -1.2992 5.9383, 3.007 -1.2992 6.1304, 2.924 -1.2992 6.3191, 2.8925 -1.2992 6.3831, 2.7949 -1.2992 6.5621, 2.6864 -1.2992 6.7343, 2.5672 -1.2992 6.8995, 2.4372 -1.2992 7.0576, 2.2965 -1.2992 7.2081, 2.2456 -1.2992 7.2582, 2.0942 -1.2992 7.3948, 1.9348 -1.2992 7.5213, 1.7676 -1.2992 7.6378, 1.5927 -1.2992 7.7439, 1.4101 -1.2992 7.8394, 1.3455 -1.2992 7.8697, 1.1574 -1.2992 7.9485, 0.9651 -1.2992 8.0152, 0.7688 -1.2992 8.0697, 0.5686 -1.2992 8.112, 0.3647 -1.2992 8.1416, 0.2936 -1.2992 8.1489, 0.0901 -1.2992 8.161, -0.1134 -1.2992 8.1602, -0.3167 -1.2992 8.1467, -0.5196 -1.2992 8.1203, -0.7218 -1.2992 8.0808, -0.7913 -1.2992 8.0641, -0.9873 -1.2992 8.0082, -1.1791 -1.2992 7.9401, -1.3665 -1.2992 7.8601, -1.5492 -1.2992 7.768, -1.727 -1.2992 7.6638, -1.787 -1.2992 7.6251, -1.9534 -1.2992 7.5074, -2.1119 -1.2992 7.3797, -2.2622 -1.2992 7.2421, -2.4041 -1.2992 7.0947, -2.5374 -1.2992 6.9376, -2.5812 -1.2992 6.8811, -2.6993 -1.2992 6.715, -2.8066 -1.2992 6.542, -2.9029 -1.2992 6.3625, -2.988 -1.2992 6.1764, -3.0618 -1.2992 5.984, -3.0844 -1.2992 5.9163, -3.1409 -1.2992 5.7204, -3.1849 -1.2992 5.5217, -3.2163 -1.2992 5.3204, -3.2351 -1.2992 5.1166, -3.2409 -1.2992 4.9106, -3.2399 -1.2992 4.8392, -3.2284 -1.2992 4.6357, -3.2041 -1.2992 4.4336, -3.1671 -1.2992 4.2332, -3.1174 -1.2992 4.0348, -3.0547 -1.2992 3.8385, -3.0301 -1.2992 3.7714, -2.9518 -1.2992 3.5832, -2.862 -1.2992 3.4005, -2.7608 -1.2992 3.2237, -2.6482 -1.2992 3.0529, -2.5241 -1.2992 2.8884, -2.4787 -1.2992 2.8332, -2.3425 -1.2992 2.6815, -2.1973 -1.2992 2.5389, -2.0433 -1.2992 2.4055, -1.8805 -1.2992 2.2816, -1.7089 -1.2992 2.1675, -1.6478 -1.2992 2.1305, -1.4691 -1.2992 2.0324, -1.2849 -1.2992 1.9459, -1.0954 -1.2992 1.871, -0.9007 -1.2992 1.808, 2.2668 -1.4623 2.7835, 2.3969 -1.4623 2.9304, 2.5179 -1.4623 3.0859, 2.6296 -1.4623 3.2499, 2.6658 -1.4623 3.3082, 2.762 -1.4623 3.479, 2.847 -1.4623 3.6552, 2.921 -1.4623 3.8366, 2.9836 -1.4623 4.0231, 3.0346 -1.4623 4.2145, 3.0495 -1.4623 4.2816, 3.0836 -1.4623 4.4746, 3.1056 -1.4623 4.669, 3.1153 -1.4623 4.8646, 3.1127 -1.4623 5.0613, 3.0975 -1.4623 5.2588, 3.0893 -1.4623 5.327, 3.0577 -1.4623 5.5204, 3.014 -1.4623 5.7112, 2.9585 -1.4623 5.899, 2.8909 -1.4623 6.0837, 2.8111 -1.4623 6.2651, 2.7809 -1.4623 6.3267, 2.687 -1.4623 6.4988, 2.5827 -1.4623 6.6643, 2.468 -1.4623 6.8231, 2.3431 -1.4623 6.9751, 2.2079 -1.4623 7.1198, 2.1589 -1.4623 7.168, 2.0133 -1.4623 7.2993, 1.8601 -1.4623 7.4209, 1.6994 -1.4623 7.5329, 1.5312 -1.4623 7.6349, 1.3557 -1.4623 7.7267, 1.2935 -1.4623 7.7559, 1.1127 -1.4623 7.8316, 0.9279 -1.4623 7.8957, 0.7391 -1.4623 7.9482, 0.5467 -1.4623 7.9888, 0.3506 -1.4623 8.0173, 0.2823 -1.4623 8.0243, 0.0867 -1.4623 8.0359, -0.109 -1.4623 8.0352, -0.3045 -1.4623 8.0222, -0.4995 -1.4623 7.9968, -0.694 -1.4623 7.9588, -0.7607 -1.4623 7.9428, -0.9492 -1.4623 7.889, -1.1336 -1.4623 7.8236, -1.3137 -1.4623 7.7466, -1.4894 -1.4623 7.6581, -1.6603 -1.4623 7.5579, -1.718 -1.4623 7.5207, -1.878 -1.4623 7.4075, -2.0304 -1.4623 7.2847, -2.1749 -1.4623 7.1525, -2.3113 -1.4623 7.0108, -2.4394 -1.4623 6.8597, -2.4816 -1.4623 6.8055, -2.5951 -1.4623 6.6457, -2.6982 -1.4623 6.4794, -2.7908 -1.4623 6.3068, -2.8727 -1.4623 6.128, -2.9436 -1.4623 5.943, -2.9654 -1.4623 5.8779, -3.0196 -1.4623 5.6895, -3.0619 -1.4623 5.4985, -3.0921 -1.4623 5.3049, -3.1102 -1.4623 5.1091, -3.1158 -1.4623 4.911, -3.1148 -1.4623 4.8424, -3.1037 -1.4623 4.6467, -3.0804 -1.4623 4.4524, -3.0448 -1.4623 4.2598, -2.997 -1.4623 4.069, -2.9368 -1.4623 3.8803, -2.9131 -1.4623 3.8158, -2.8379 -1.4623 3.6348, -2.7515 -1.4623 3.4592, -2.6542 -1.4623 3.2892, -2.546 -1.4623 3.125, -2.4267 -1.4623 2.9668, -2.383 -1.4623 2.9138, -2.2521 -1.4623 2.768, -2.1125 -1.4623 2.6309, -1.9644 -1.4623 2.5027, -1.8079 -1.4623 2.3835, -1.6429 -1.4623 2.2738, -1.5842 -1.4623 2.2382, -1.4124 -1.4623 2.1439, -1.2353 -1.4623 2.0608, -1.0531 -1.4623 1.9888, -0.866 -1.4623 1.9282, 2.1481 -1.5874 2.8954, 2.2714 -1.5874 3.0346, 2.3861 -1.5874 3.182, 2.492 -1.5874 3.3374, 2.5263 -1.5874 3.3927, 2.6174 -1.5874 3.5545, 2.698 -1.5874 3.7215, 2.7681 -1.5874 3.8934, 2.8274 -1.5874 4.0701, 2.8758 -1.5874 4.2515, 2.8899 -1.5874 4.315, 2.9223 -1.5874 4.4979, 2.9431 -1.5874 4.6822, 2.9523 -1.5874 4.8676, 2.9498 -1.5874 5.054, 2.9354 -1.5874 5.2412, 2.9276 -1.5874 5.3058, 2.8976 -1.5874 5.4891, 2.8563 -1.5874 5.6698, 2.8036 -1.5874 5.8478, 2.7396 -1.5874 6.0229, 2.664 -1.5874 6.1948, 2.6353 -1.5874 6.2531, 2.5464 -1.5874 6.4162, 2.4475 -1.5874 6.5731, 2.3389 -1.5874 6.7236, 2.2205 -1.5874 6.8676, 2.0923 -1.5874 7.0048, 2.0459 -1.5874 7.0504, 1.908 -1.5874 7.1748, 1.7628 -1.5874 7.2901, 1.6104 -1.5874 7.3962, 1.4511 -1.5874 7.4929, 1.2847 -1.5874 7.5799, 1.2258 -1.5874 7.6075, 1.0545 -1.5874 7.6793, 0.8793 -1.5874 7.7401, 0.7004 -1.5874 7.7897, 0.5181 -1.5874 7.8282, 0.3323 -1.5874 7.8553, 0.2675 -1.5874 7.8619, 0.0821 -1.5874 7.8729, -0.1033 -1.5874 7.8722, -0.2885 -1.5874 7.8599, -0.4734 -1.5874 7.8358, -0.6576 -1.5874 7.7999, -0.7209 -1.5874 7.7847, -0.8995 -1.5874 7.7337, -1.0743 -1.5874 7.6717, -1.245 -1.5874 7.5987, -1.4114 -1.5874 7.5148, -1.5734 -1.5874 7.4199, -1.6281 -1.5874 7.3846, -1.7797 -1.5874 7.2774, -1.9241 -1.5874 7.161, -2.061 -1.5874 7.0357, -2.1903 -1.5874 6.9015, -2.3118 -1.5874 6.7582, -2.3517 -1.5874 6.7069, -2.4593 -1.5874 6.5555, -2.557 -1.5874 6.3979, -2.6447 -1.5874 6.2343, -2.7223 -1.5874 6.0648, -2.7895 -1.5874 5.8895, -2.8102 -1.5874 5.8278, -2.8616 -1.5874 5.6493, -2.9016 -1.5874 5.4683, -2.9303 -1.5874 5.2849, -2.9474 -1.5874 5.0992, -2.9527 -1.5874 4.9116, -2.9518 -1.5874 4.8465, -2.9413 -1.5874 4.6611, -2.9191 -1.5874 4.477, -2.8855 -1.5874 4.2944, -2.8402 -1.5874 4.1136, -2.7831 -1.5874 3.9347, -2.7607 -1.5874 3.8737, -2.6893 -1.5874 3.7022, -2.6075 -1.5874 3.5358, -2.5153 -1.5874 3.3747, -2.4127 -1.5874 3.219, -2.2997 -1.5874 3.0691, -2.2583 -1.5874 3.0189, -2.1342 -1.5874 2.8807, -2.0019 -1.5874 2.7508, -1.8616 -1.5874 2.6293, -1.7133 -1.5874 2.5164, -1.557 -1.5874 2.4123, -1.5013 -1.5874 2.3786, -1.3385 -1.5874 2.2893, -1.1706 -1.5874 2.2105, -0.998 -1.5874 2.1423, -0.8206 -1.5874 2.0848, -1.8732 -1.6661 2.8904, -1.7419 -1.6661 2.7767, -1.6031 -1.6661 2.671, -1.4568 -1.6661 2.5737, -1.4047 -1.6661 2.5422, -1.2524 -1.6661 2.4586, -1.0953 -1.6661 2.3848, -0.9338 -1.6661 2.321, -0.7679 -1.6661 2.2673, -0.5976 -1.6661 2.2238, -0.6387 -1.5874 2.0384, -0.674 -1.4623 1.8792, -0.7011 -1.2992 1.757, -0.7181 -1.1093 1.6802, -0.575 -1.5874 2.025, -0.6068 -1.4623 1.8651, -0.6312 -1.2992 1.7423, -0.6465 -1.1093 1.6652, -0.3666 -1.6661 2.1828, -0.3918 -1.5874 1.9946, -0.4134 -1.4623 1.833, -0.4301 -1.2992 1.709, -0.4405 -1.1093 1.631, -0.194 -1.6661 2.1652, -0.2074 -1.5874 1.9758, -0.2188 -1.4623 1.8131, -0.2276 -1.2992 1.6883, -0.2331 -1.1093 1.6098, -0.0219 -1.5874 1.9686, -0.0231 -1.4623 1.8055, -0.024 -1.2992 1.6804, -0.0246 -1.1093 1.6017, 0.1539 -1.6661 2.1627, 0.1645 -1.5874 1.9731, 0.1736 -1.4623 1.8103, 0.1805 -1.2992 1.6853, 0.1849 -1.1093 1.6068, 1.861 -1.6111 2.6814, 1.7745 -1.6758 2.8565, 1.7665 -1.6694 2.8058, 1.7657 -1.6687 2.8005, 1.7564 -1.6624 2.7447, 2.002 -1.0845 2.2618, 2.0913 -1.0812 2.3333, 2.0012 -1.0951 2.2656, 2.065 -1.2452 2.3849, 1.9903 -1.2415 2.3187, 1.9859 -1.2608 2.3297, 1.9575 -1.3841 2.4002, 2.0161 -1.3928 2.4628, 1.9469 -1.4087 2.421, 1.947 -1.5167 2.5633, 1.9051 -1.5056 2.5028, 1.8072 -1.6227 2.6657, 1.8354 -1.6007 2.6218, 1.8863 -1.5313 2.535, 1.8049 -1.6169 2.6258, 1.8795 -1.5238 2.5036, 1.9341 -1.403 2.3958, 1.9661 -1.2603 2.3076, 1.974 -1.1023 2.243, 1.6741 -1.6527 1.6385, 1.6732 -1.6909 1.6022, 1.6732 -1.6905 1.6019, 1.6732 -1.6927 1.6043, 1.6732 -1.6927 1.6034, 1.6732 -1.6923 1.6031, 1.6732 -1.6922 1.6143, 1.6738 -1.6825 1.6595, 1.6734 -1.6902 1.6541, 1.6735 -1.6896 1.6646, 1.6775 -1.6636 1.7698, 1.6749 -1.6837 1.7843, 1.6753 -1.6822 1.8135, 1.6846 -1.6458 1.8783, 1.6792 -1.6785 1.902, 1.6912 -1.6349 1.9497, 1.6826 -1.6753 1.9795, 1.7029 -1.6209 2.0505, 1.6875 -1.6707 2.0893, 1.7166 -1.6096 2.1465, 1.6922 -1.6663 2.1943, 1.7318 -1.6014 2.2372, 1.6966 -1.6621 2.2941, 1.6969 -1.6618 2.3016, 1.7478 -1.5966 2.3227, 1.7044 -1.6598 2.3879, 1.7501 -1.5962 2.3347, 1.7055 -1.6595 2.401, 1.71 -1.6583 2.4528, 1.7646 -1.5953 2.4068, 1.7135 -1.6583 2.4799, 1.778 -1.5974 2.4724, 1.7225 -1.6583 2.5506, 1.7897 -1.6022 2.5315, 1.7307 -1.6582 2.6143, 1.7343 -1.6582 2.6425, 1.7991 -1.6092 2.5846, 1.74 -1.6593 2.6689, 1.7486 -1.6609 2.7085, 1.6804 -1.579 1.71, 1.6927 -1.5072 1.7802, 1.7041 -1.4606 1.8262, 1.7249 -1.3959 1.8908, 1.75 -1.3361 1.9519, 1.779 -1.2817 2.0091, 1.8113 -1.233 2.0624, 1.8162 -1.2264 2.0698, 1.8483 -1.1885 2.114, 1.8811 -1.1572 2.1536, 1.9141 -1.1322 2.1887, 1.9466 -1.1135 2.2195, 1.6742 -1.6601 1.6437, 1.681 -1.6003 1.7249, 1.6941 -1.5423 1.8043, 1.7062 -1.505 1.8563, 1.7282 -1.454 1.929, 1.7545 -1.4078 1.9972, 1.7845 -1.3671 2.0606, 1.8172 -1.3322 2.1191, 1.8221 -1.3277 2.1271, 1.8538 -1.3024 2.1749, 1.8851 -1.2833 2.2168, 1.9154 -1.2701 2.2533, 1.9437 -1.2625 2.2845, 1.6732 -1.6914 1.6025, 1.6742 -1.6676 1.649, 1.6807 -1.6214 1.7398, 1.6932 -1.5771 1.8288, 1.7048 -1.549 1.887, 1.7256 -1.5111 1.9685, 1.7504 -1.4778 2.0451, 1.7783 -1.4497 2.1164, 1.8084 -1.4272 2.1823, 1.8129 -1.4244 2.1913, 1.8413 -1.41 2.2453, 1.8688 -1.4011 2.2927, 1.8944 -1.3974 2.334, 1.9173 -1.3986 2.3695, 1.6732 -1.6918 1.6028, 1.674 -1.675 1.6543, 1.6795 -1.6426 1.7548, 1.69 -1.6117 1.8535, 1.6997 -1.5924 1.9182, 1.7172 -1.5669 2.0091, 1.7378 -1.5454 2.0951, 1.7607 -1.5283 2.1756, 1.7851 -1.516 2.2506, 1.7887 -1.5146 2.261, 1.8113 -1.5086 2.3233, 1.8327 -1.507 2.3788, 1.852 -1.5095 2.428, 1.8683 -1.5158 2.471, -0.35 -1.963 5.1884, -0.4008 -1.963 5.0717, -0.3713 -1.9467 5.2426, -0.4551 -1.9467 5.0504, -0.3899 -1.9207 5.2898, -0.5023 -1.9207 5.0318, -0.4045 -1.8867 5.3271, -0.5395 -1.8867 5.0172, -0.5537 -1.8672 5.0116, -0.4101 -1.8672 5.3412, -0.5645 -1.8466 5.0073, -0.4144 -1.8466 5.3521, -0.4173 -1.8252 5.3594, -0.5719 -1.8252 5.0044, -0.4187 -1.8031 5.3632, -0.5756 -1.8031 5.003, 1.1471 -1.963 4.5362, 1.1635 -1.9467 4.574, 1.1779 -1.9207 4.6069, 1.1892 -1.8867 4.6329, 1.1967 -1.8466 4.6503, 1.2001 -1.8031 4.658, 1.0432 -1.8031 4.2978, 1.0466 -1.8466 4.3055, 1.0542 -1.8867 4.3229, 1.0655 -1.9207 4.3489, 1.0798 -1.9467 4.3818, 1.0963 -1.963 4.4196, 1.3148 -1.8031 4.5963, 1.4178 -1.8031 4.5165, 1.332 -1.8031 4.583, 1.3281 -1.8466 4.5772, 1.5062 -1.8031 4.4208, 1.4472 -1.8031 4.4846, 1.443 -1.8466 4.4803, 1.5776 -1.8031 4.3118, 1.5419 -1.8031 4.3663, 1.5371 -1.8466 4.3631, 1.6621 -1.8031 4.0663, 1.6499 -1.8466 4.0861, 1.6567 -1.8031 4.0873, 1.63 -1.8031 4.1926, 1.6069 -1.8466 4.2301, 1.6125 -1.8031 4.2323, 1.6313 -1.8867 4.0824, 1.6035 -1.9207 4.077, 1.5683 -1.9467 4.0701, 1.5278 -1.963 4.0622, 1.5893 -1.8867 4.2229, 1.5631 -1.9207 4.2122, 1.5299 -1.9467 4.1987, 1.4917 -1.963 4.1832, 1.5212 -1.8867 4.3527, 1.4975 -1.9207 4.3372, 1.4675 -1.9467 4.3176, 1.433 -1.963 4.295, 1.4294 -1.8867 4.4671, 1.4091 -1.9207 4.4473, 1.3834 -1.9467 4.4222, 1.354 -1.963 4.3934, 1.3173 -1.8867 4.5616, 1.3012 -1.9207 4.5383, 1.2808 -1.9467 4.5088, 1.2574 -1.963 4.4749, 1.3986 -1.963 4.0576, 1.3585 -1.9467 4.0482, 1.3236 -1.9207 4.0399, 1.2961 -1.8867 4.0334, 1.2776 -1.8466 4.029, 1.2694 -1.8031 4.0271, 1.357 -1.963 4.1723, 1.3202 -1.9467 4.1539, 1.2881 -1.9207 4.1378, 1.2628 -1.8867 4.1251, 1.2458 -1.8466 4.1166, 1.2383 -1.8031 4.1128, 1.2902 -1.963 4.2743, 1.2586 -1.9467 4.2479, 1.231 -1.9207 4.2249, 1.2093 -1.8867 4.2067, 1.1948 -1.8466 4.1946, 1.1883 -1.8031 4.1892, 1.2017 -1.963 4.3582, 1.177 -1.9467 4.3253, 1.1555 -1.9207 4.2965, 1.1385 -1.8867 4.2739, 1.1271 -1.8466 4.2587, 1.1221 -1.8031 4.2519, 0.4187 1.8031 5.3632, 0.5756 1.8031 5.003, 0.5719 1.8252 5.0044, 0.4173 1.8252 5.3594, 0.5645 1.8466 5.0073, 0.4144 1.8466 5.3521, 0.5537 1.8672 5.0116, 0.4101 1.8672 5.3412, 0.5395 1.8867 5.0172, 0.4045 1.8867 5.3271, 0.5023 1.9207 5.0318, 0.3899 1.9207 5.2898, 0.4551 1.9467 5.0504, 0.3713 1.9467 5.2426, 0.4008 1.963 5.0717, 0.35 1.963 5.1884, -1.1471 1.963 4.5362, -1.1635 1.9467 4.574, -1.1779 1.9207 4.6069, -1.1892 1.8867 4.6329, -1.1967 1.8466 4.6503, -1.2001 1.8031 4.658, -1.0432 1.8031 4.2978, -1.0466 1.8466 4.3055, -1.0542 1.8867 4.3229, -1.0655 1.9207 4.3489, -1.0798 1.9467 4.3818, -1.0963 1.963 4.4196, -1.63 1.8031 4.1926, -1.6125 1.8031 4.2323, -1.6069 1.8466 4.2301, -1.5776 1.8031 4.3118, -1.5419 1.8031 4.3663, -1.5371 1.8466 4.3631, -1.5062 1.8031 4.4208, -1.4472 1.8031 4.4846, -1.443 1.8466 4.4803, -1.4178 1.8031 4.5165, -1.332 1.8031 4.583, -1.3281 1.8466 4.5772, -1.3148 1.8031 4.5963, -1.6035 1.9207 4.077, -1.5683 1.9467 4.0701, -1.5278 1.963 4.0622, -1.4917 1.963 4.1832, -1.5299 1.9467 4.1987, -1.5631 1.9207 4.2122, -1.5893 1.8867 4.2229, -1.433 1.963 4.295, -1.4675 1.9467 4.3176, -1.4975 1.9207 4.3372, -1.5212 1.8867 4.3527, -1.6313 1.8867 4.0824, -1.6499 1.8466 4.0861, -1.3173 1.8867 4.5616, -1.3012 1.9207 4.5383, -1.2808 1.9467 4.5088, -1.2574 1.963 4.4749, -1.4294 1.8867 4.4671, -1.4091 1.9207 4.4473, -1.3834 1.9467 4.4222, -1.354 1.963 4.3934, -1.6567 1.8031 4.0873, -1.6621 1.8031 4.0663, -1.2694 1.8031 4.0271, -1.2776 1.8466 4.029, -1.2961 1.8867 4.0334, -1.3236 1.9207 4.0399, -1.3585 1.9467 4.0482, -1.1221 1.8031 4.2519, -1.1271 1.8466 4.2587, -1.1385 1.8867 4.2739, -1.1555 1.9207 4.2965, -1.177 1.9467 4.3253, -1.2017 1.963 4.3582, -1.1883 1.8031 4.1892, -1.1948 1.8466 4.1946, -1.2093 1.8867 4.2067, -1.231 1.9207 4.2249, -1.2586 1.9467 4.2479, -1.2902 1.963 4.2743, -1.2383 1.8031 4.1128, -1.2458 1.8466 4.1166, -1.2628 1.8867 4.1251, -1.2881 1.9207 4.1378, -1.3202 1.9467 4.1539, -1.357 1.963 4.1723, -1.3986 1.963 4.0576
            ]
        }
        coordIndex [
            0,1,2,-1,3,4,5,-1,5,4,0,-1,5,0,6,-1,6,0,2,-1,7,8,9,-1,10,11,12,-1,12,11,13,-1,12,13,1,-1,1,13,14,-1,1,14,2,-1,10,12,15,-1,15,12,16,-1,15,16,17,-1,17,16,18,-1,18,16,19,-1,18,19,20,-1,21,22,8,-1,8,22,23,-1,8,23,9,-1,9,24,7,-1,7,24,25,-1,7,25,19,-1,19,25,26,-1,19,26,20,-1,27,28,8,-1,8,28,29,-1,29,30,8,-1,8,30,31,-1,8,31,21,-1,32,33,34,-1,34,33,35,-1,34,35,36,-1,37,38,39,-1,39,38,40,-1,38,41,42,-1,33,43,44,-1,44,45,33,-1,33,45,46,-1,33,46,47,-1,47,48,33,-1,33,48,49,-1,33,49,38,-1,38,49,50,-1,38,50,41,-1,42,51,38,-1,38,51,52,-1,38,52,53,-1,53,54,38,-1,38,54,55,-1,38,55,56,-1,57,58,38,-1,38,58,59,-1,38,59,60,-1,32,61,33,-1,33,61,62,-1,33,62,63,-1,56,64,38,-1,38,64,65,-1,38,65,57,-1,60,66,38,-1,38,66,67,-1,38,67,40,-1,63,68,33,-1,33,68,69,-1,33,69,43,-1,37,70,38,-1,38,70,71,-1,38,71,72,-1,72,73,38,-1,38,73,74,-1,38,74,75,-1,75,74,76,-1,77,78,79,-1,79,78,80,-1,81,82,76,-1,76,82,83,-1,76,83,75,-1,77,79,76,-1,76,79,84,-1,76,84,81,-1,80,85,79,-1,79,85,86,-1,79,86,87,-1,88,89,90,-1,91,92,93,-1,93,92,94,-1,95,96,97,-1,98,99,92,-1,92,99,100,-1,92,100,101,-1,102,103,104,-1,94,92,105,-1,105,92,101,-1,105,101,106,-1,107,108,109,-1,110,109,111,-1,112,113,114,-1,114,113,115,-1,114,115,93,-1,116,117,92,-1,92,117,118,-1,92,118,119,-1,90,102,88,-1,88,102,104,-1,88,104,116,-1,116,104,120,-1,116,120,117,-1,119,121,92,-1,92,121,122,-1,92,122,98,-1,109,108,123,-1,123,108,124,-1,123,124,125,-1,96,126,97,-1,97,126,127,-1,97,127,128,-1,110,129,109,-1,109,129,130,-1,109,130,107,-1,128,106,97,-1,97,106,101,-1,97,101,131,-1,131,101,132,-1,131,132,111,-1,111,132,133,-1,111,133,134,-1,112,135,113,-1,113,135,136,-1,113,136,137,-1,137,138,113,-1,113,138,139,-1,113,139,140,-1,140,141,113,-1,113,141,142,-1,113,142,143,-1,144,145,146,-1,146,145,147,-1,143,148,113,-1,113,148,145,-1,113,145,149,-1,149,145,144,-1,150,151,91,-1,91,151,104,-1,124,152,125,-1,125,152,153,-1,125,153,97,-1,97,153,154,-1,97,154,95,-1,155,156,103,-1,103,156,157,-1,103,157,104,-1,104,157,158,-1,104,158,91,-1,93,115,91,-1,91,115,159,-1,91,159,150,-1,134,160,111,-1,111,160,161,-1,111,161,162,-1,162,163,111,-1,111,163,164,-1,111,164,165,-1,165,166,111,-1,111,166,167,-1,111,167,168,-1,168,169,111,-1,111,169,36,-1,111,36,110,-1,110,36,35,-1,110,35,170,-1,170,35,3,-1,170,3,171,-1,172,173,174,-1,175,120,176,-1,177,174,178,-1,178,174,179,-1,174,180,104,-1,173,181,174,-1,174,181,182,-1,174,182,183,-1,184,185,186,-1,186,185,174,-1,186,174,187,-1,187,174,177,-1,172,174,5,-1,5,174,104,-1,5,104,3,-1,3,104,151,-1,3,151,171,-1,183,188,174,-1,174,188,189,-1,174,189,179,-1,190,191,192,-1,193,194,104,-1,104,194,195,-1,104,195,120,-1,120,195,196,-1,196,197,120,-1,120,197,198,-1,120,198,176,-1,176,198,199,-1,200,201,190,-1,190,201,202,-1,190,202,191,-1,192,193,190,-1,190,193,104,-1,190,104,203,-1,203,104,180,-1,203,180,204,-1,204,180,205,-1,199,206,176,-1,176,206,207,-1,176,207,208,-1,184,209,185,-1,185,209,210,-1,185,210,176,-1,176,210,211,-1,176,211,212,-1,212,213,176,-1,176,213,214,-1,176,214,175,-1,208,215,176,-1,176,215,216,-1,176,216,190,-1,190,216,217,-1,190,217,200,-1,218,219,220,-1,221,222,223,-1,224,225,226,-1,227,228,229,-1,230,231,232,-1,233,234,235,-1,236,237,238,-1,239,240,241,-1,239,241,242,-1,237,243,238,-1,238,243,244,-1,238,244,245,-1,245,244,246,-1,245,246,247,-1,248,249,250,-1,250,249,242,-1,250,242,251,-1,251,242,241,-1,252,253,236,-1,236,253,254,-1,236,254,240,-1,240,254,255,-1,240,255,256,-1,257,258,259,-1,259,258,218,-1,260,261,219,-1,219,261,262,-1,219,262,263,-1,258,264,218,-1,218,264,265,-1,218,265,219,-1,219,265,266,-1,219,266,260,-1,267,235,263,-1,268,269,270,-1,269,268,271,-1,271,268,272,-1,271,272,262,-1,262,272,273,-1,262,273,263,-1,263,273,274,-1,263,274,267,-1,270,275,276,-1,277,278,279,-1,257,280,281,-1,281,280,282,-1,277,279,283,-1,276,284,270,-1,270,284,285,-1,270,285,268,-1,286,287,280,-1,280,287,288,-1,280,288,282,-1,289,290,270,-1,270,290,291,-1,270,291,275,-1,292,293,294,-1,294,293,295,-1,292,296,293,-1,293,296,297,-1,293,297,270,-1,270,297,298,-1,270,298,289,-1,299,300,301,-1,301,300,302,-1,301,302,279,-1,279,302,303,-1,279,303,283,-1,278,304,279,-1,279,304,305,-1,279,305,280,-1,280,305,306,-1,280,306,286,-1,233,235,307,-1,308,309,310,-1,310,309,311,-1,310,311,280,-1,280,311,312,-1,313,314,312,-1,312,314,307,-1,312,307,280,-1,280,307,235,-1,280,235,279,-1,279,235,267,-1,315,235,316,-1,316,235,234,-1,316,234,317,-1,317,234,318,-1,317,318,232,-1,232,318,319,-1,232,319,320,-1,230,232,321,-1,322,323,223,-1,223,323,324,-1,223,324,325,-1,325,324,326,-1,325,326,310,-1,310,326,327,-1,310,327,328,-1,329,330,328,-1,328,330,321,-1,328,321,310,-1,310,321,232,-1,310,232,308,-1,308,232,320,-1,322,223,331,-1,331,223,222,-1,331,222,231,-1,231,222,332,-1,231,332,232,-1,232,332,333,-1,232,333,317,-1,334,335,336,-1,336,335,337,-1,336,337,338,-1,228,339,229,-1,229,339,340,-1,229,340,341,-1,341,340,342,-1,341,342,334,-1,334,342,343,-1,334,343,335,-1,344,345,346,-1,344,346,229,-1,229,346,347,-1,229,347,227,-1,348,349,344,-1,344,349,350,-1,344,350,345,-1,351,245,251,-1,251,245,247,-1,251,247,250,-1,352,353,348,-1,348,353,354,-1,348,354,355,-1,356,357,348,-1,348,357,358,-1,355,359,348,-1,348,359,360,-1,348,360,349,-1,358,361,348,-1,348,361,362,-1,348,362,352,-1,363,364,251,-1,348,351,356,-1,356,351,251,-1,356,251,365,-1,365,251,366,-1,367,368,251,-1,251,368,369,-1,251,369,370,-1,371,372,251,-1,251,372,373,-1,251,373,374,-1,364,375,251,-1,251,375,376,-1,251,376,377,-1,370,378,251,-1,251,378,379,-1,251,379,371,-1,374,380,251,-1,251,380,381,-1,251,381,366,-1,377,382,251,-1,251,382,383,-1,251,383,367,-1,384,385,251,-1,251,385,386,-1,251,386,363,-1,387,388,241,-1,241,388,389,-1,241,389,251,-1,251,389,390,-1,251,390,384,-1,256,391,240,-1,240,391,392,-1,240,392,241,-1,241,392,393,-1,241,393,394,-1,394,395,241,-1,241,395,396,-1,241,396,387,-1,226,397,238,-1,238,397,398,-1,238,398,236,-1,236,398,399,-1,236,399,252,-1,225,400,226,-1,226,400,401,-1,226,401,397,-1,402,403,263,-1,263,403,404,-1,315,405,235,-1,235,405,406,-1,235,406,263,-1,263,406,407,-1,263,407,402,-1,408,409,223,-1,223,409,410,-1,411,412,223,-1,223,412,413,-1,223,413,414,-1,410,415,223,-1,223,415,416,-1,223,416,411,-1,414,417,223,-1,223,417,418,-1,223,418,221,-1,419,420,325,-1,421,422,423,-1,424,425,426,-1,426,425,427,-1,426,427,428,-1,428,427,420,-1,420,427,325,-1,325,427,429,-1,325,429,223,-1,223,429,430,-1,223,430,431,-1,423,432,421,-1,421,432,433,-1,421,433,434,-1,435,436,431,-1,431,436,437,-1,434,408,421,-1,421,408,223,-1,421,223,438,-1,438,223,431,-1,438,431,439,-1,439,431,437,-1,440,441,442,-1,442,441,443,-1,444,445,442,-1,442,445,446,-1,442,446,440,-1,447,448,444,-1,444,448,449,-1,444,449,445,-1,450,451,422,-1,422,451,452,-1,422,452,453,-1,453,452,454,-1,455,456,457,-1,457,456,443,-1,457,443,458,-1,458,443,441,-1,455,459,456,-1,456,459,460,-1,456,460,454,-1,454,460,461,-1,454,461,453,-1,462,463,447,-1,447,463,464,-1,447,464,448,-1,465,466,447,-1,447,466,467,-1,467,468,447,-1,447,468,469,-1,447,469,462,-1,257,259,280,-1,280,259,470,-1,280,470,310,-1,310,470,450,-1,310,450,325,-1,325,450,422,-1,325,422,419,-1,419,422,421,-1,419,421,471,-1,351,472,245,-1,245,472,473,-1,245,473,220,-1,220,473,474,-1,220,474,218,-1,338,475,336,-1,336,475,476,-1,336,476,477,-1,478,479,480,-1,480,479,481,-1,480,481,482,-1,483,480,484,-1,484,480,485,-1,476,478,477,-1,477,478,480,-1,477,480,486,-1,486,480,483,-1,487,220,488,-1,488,220,226,-1,489,245,490,-1,490,245,220,-1,490,220,491,-1,491,220,487,-1,491,487,492,-1,489,493,245,-1,245,493,494,-1,245,494,238,-1,238,494,495,-1,238,495,226,-1,226,495,496,-1,226,496,488,-1,488,496,497,-1,404,224,263,-1,263,224,226,-1,263,226,498,-1,498,499,263,-1,263,499,500,-1,263,500,501,-1,502,503,219,-1,219,503,504,-1,219,504,505,-1,501,506,263,-1,263,506,507,-1,263,507,508,-1,505,509,219,-1,219,509,510,-1,219,510,220,-1,220,510,511,-1,220,511,226,-1,226,511,512,-1,226,512,498,-1,508,513,263,-1,263,513,514,-1,263,514,219,-1,219,514,515,-1,219,515,502,-1,516,517,518,-1,519,520,521,-1,522,523,524,-1,524,523,519,-1,524,519,525,-1,525,519,521,-1,526,527,528,-1,528,527,529,-1,528,529,530,-1,530,516,528,-1,528,516,518,-1,528,518,531,-1,531,518,532,-1,532,533,531,-1,531,533,534,-1,531,534,535,-1,534,536,535,-1,535,536,537,-1,535,537,538,-1,524,539,522,-1,522,539,540,-1,522,540,541,-1,541,540,538,-1,541,538,542,-1,542,538,537,-1,543,544,545,-1,546,547,548,-1,548,547,549,-1,548,549,550,-1,551,546,552,-1,552,546,548,-1,552,548,553,-1,553,548,554,-1,553,554,555,-1,555,554,556,-1,556,554,557,-1,556,557,558,-1,559,560,557,-1,557,560,561,-1,557,561,558,-1,543,545,562,-1,562,545,563,-1,562,563,564,-1,564,563,565,-1,564,565,566,-1,566,565,567,-1,566,567,559,-1,559,567,568,-1,559,568,560,-1,569,570,571,-1,571,570,572,-1,571,572,573,-1,574,575,576,-1,577,578,579,-1,579,578,580,-1,579,580,574,-1,574,580,581,-1,574,581,575,-1,582,583,584,-1,584,583,585,-1,539,586,585,-1,585,586,587,-1,585,587,584,-1,588,589,590,-1,590,574,588,-1,588,574,576,-1,588,576,591,-1,591,576,592,-1,591,592,593,-1,584,594,582,-1,582,594,577,-1,582,577,595,-1,595,577,579,-1,595,579,596,-1,596,579,574,-1,596,574,597,-1,597,574,590,-1,526,589,598,-1,598,589,588,-1,598,588,599,-1,599,588,591,-1,599,591,569,-1,569,591,593,-1,569,593,570,-1,600,601,550,-1,601,600,602,-1,603,604,605,-1,606,607,608,-1,609,564,610,-1,611,612,613,-1,613,612,614,-1,613,614,608,-1,608,614,615,-1,608,615,606,-1,616,617,618,-1,616,618,619,-1,620,613,621,-1,621,613,608,-1,621,608,622,-1,622,608,607,-1,622,607,623,-1,623,607,624,-1,623,624,625,-1,625,624,626,-1,625,626,610,-1,610,626,627,-1,610,627,609,-1,620,602,613,-1,613,602,600,-1,613,600,611,-1,611,600,605,-1,611,605,628,-1,628,605,604,-1,618,603,619,-1,619,603,605,-1,619,605,629,-1,629,605,600,-1,629,600,630,-1,630,600,550,-1,571,573,631,-1,632,633,634,-1,635,526,636,-1,636,526,598,-1,636,598,637,-1,637,598,599,-1,637,599,638,-1,638,599,569,-1,638,569,639,-1,639,569,571,-1,639,571,640,-1,640,571,631,-1,640,631,634,-1,634,631,641,-1,634,641,632,-1,633,642,634,-1,634,642,643,-1,634,643,644,-1,644,643,645,-1,644,645,646,-1,647,648,649,-1,649,648,644,-1,649,644,650,-1,650,644,646,-1,647,651,648,-1,648,651,652,-1,648,652,653,-1,653,652,654,-1,653,654,655,-1,656,657,658,-1,658,657,659,-1,658,659,660,-1,661,662,663,-1,660,664,658,-1,658,664,665,-1,658,665,663,-1,663,665,666,-1,663,666,661,-1,662,667,663,-1,663,667,668,-1,663,668,669,-1,668,670,669,-1,669,670,671,-1,669,671,672,-1,617,616,673,-1,673,616,669,-1,673,669,674,-1,674,669,672,-1,629,675,619,-1,619,675,676,-1,619,676,616,-1,616,676,677,-1,616,677,669,-1,550,678,630,-1,630,678,679,-1,630,679,629,-1,629,679,680,-1,629,680,675,-1,681,682,683,-1,684,685,686,-1,686,685,681,-1,686,681,687,-1,687,681,683,-1,688,689,690,-1,690,689,691,-1,690,691,692,-1,693,694,695,-1,686,696,684,-1,684,696,697,-1,684,697,698,-1,698,697,699,-1,698,699,700,-1,700,699,701,-1,701,699,702,-1,701,702,703,-1,703,702,704,-1,704,702,705,-1,704,705,706,-1,692,693,690,-1,690,693,695,-1,690,695,705,-1,705,695,707,-1,705,707,706,-1,708,709,710,-1,711,712,713,-1,713,712,714,-1,713,714,715,-1,708,710,716,-1,716,710,717,-1,716,717,718,-1,718,717,719,-1,718,719,720,-1,720,719,721,-1,720,721,722,-1,721,723,722,-1,722,723,724,-1,722,724,725,-1,725,724,726,-1,726,727,725,-1,725,727,728,-1,725,728,729,-1,730,711,731,-1,731,711,713,-1,731,713,732,-1,732,713,729,-1,732,729,733,-1,733,729,728,-1,734,735,736,-1,736,735,737,-1,736,737,738,-1,739,740,741,-1,742,743,744,-1,744,743,745,-1,744,745,739,-1,739,745,746,-1,739,746,740,-1,747,748,749,-1,749,748,750,-1,696,751,750,-1,750,751,752,-1,750,752,749,-1,753,754,755,-1,755,739,753,-1,753,739,741,-1,753,741,756,-1,756,741,757,-1,756,757,758,-1,749,759,747,-1,747,759,742,-1,747,742,760,-1,760,742,744,-1,760,744,761,-1,761,744,739,-1,761,739,762,-1,762,739,755,-1,688,754,763,-1,763,754,753,-1,763,753,764,-1,764,753,756,-1,764,756,734,-1,734,756,758,-1,734,758,735,-1,765,766,767,-1,768,769,770,-1,771,718,772,-1,771,772,773,-1,774,775,776,-1,776,775,777,-1,776,777,770,-1,770,777,778,-1,770,778,768,-1,776,779,774,-1,774,779,767,-1,774,767,780,-1,780,767,766,-1,781,782,783,-1,783,782,784,-1,773,772,785,-1,785,772,786,-1,785,786,787,-1,787,786,788,-1,787,788,769,-1,769,788,789,-1,769,789,770,-1,770,789,790,-1,770,790,776,-1,715,791,792,-1,792,791,779,-1,792,779,793,-1,793,779,776,-1,793,776,794,-1,794,776,790,-1,782,765,784,-1,784,765,767,-1,784,767,795,-1,795,767,779,-1,795,779,796,-1,796,779,791,-1,736,738,797,-1,798,799,800,-1,801,688,802,-1,802,688,763,-1,802,763,803,-1,803,763,764,-1,803,764,804,-1,804,764,734,-1,804,734,805,-1,805,734,736,-1,805,736,806,-1,806,736,797,-1,806,797,800,-1,800,797,807,-1,800,807,798,-1,799,808,800,-1,800,808,809,-1,800,809,810,-1,810,809,811,-1,810,811,812,-1,813,814,815,-1,815,814,810,-1,815,810,816,-1,816,810,812,-1,813,817,814,-1,814,817,818,-1,814,818,819,-1,819,818,820,-1,819,820,821,-1,822,823,824,-1,824,823,825,-1,824,825,826,-1,826,827,824,-1,824,827,828,-1,824,828,829,-1,829,828,830,-1,829,830,831,-1,830,832,831,-1,831,832,833,-1,831,833,834,-1,834,833,835,-1,834,835,836,-1,836,835,837,-1,836,837,838,-1,838,839,836,-1,836,839,840,-1,836,840,841,-1,841,840,842,-1,841,842,843,-1,844,781,783,-1,795,845,846,-1,795,846,784,-1,784,846,843,-1,784,843,783,-1,783,843,842,-1,783,842,844,-1,845,795,847,-1,847,795,796,-1,847,796,848,-1,848,796,791,-1,848,791,849,-1,849,791,715,-1,849,715,850,-1,851,852,853,-1,854,855,856,-1,856,855,857,-1,855,858,857,-1,857,858,859,-1,857,859,860,-1,860,859,861,-1,860,861,862,-1,862,861,863,-1,864,865,866,-1,867,868,869,-1,869,868,870,-1,869,870,871,-1,871,870,872,-1,871,872,873,-1,873,872,874,-1,873,874,875,-1,875,874,876,-1,875,876,877,-1,877,876,878,-1,877,878,863,-1,863,878,879,-1,863,879,862,-1,866,880,881,-1,882,864,883,-1,883,864,866,-1,883,866,884,-1,884,866,881,-1,880,866,869,-1,869,866,885,-1,869,885,867,-1,882,883,886,-1,886,883,887,-1,886,887,888,-1,888,887,889,-1,889,887,890,-1,889,890,891,-1,891,890,892,-1,891,892,893,-1,893,892,894,-1,893,894,895,-1,894,896,895,-1,895,896,897,-1,895,897,898,-1,898,897,899,-1,898,899,900,-1,900,899,901,-1,900,901,902,-1,902,901,903,-1,902,903,904,-1,904,903,905,-1,904,905,906,-1,906,905,907,-1,907,905,908,-1,907,908,909,-1,909,908,910,-1,909,910,911,-1,911,910,912,-1,911,912,913,-1,912,914,913,-1,913,914,915,-1,913,915,916,-1,916,915,917,-1,916,917,918,-1,918,917,919,-1,918,919,920,-1,920,919,921,-1,921,919,922,-1,921,922,923,-1,923,922,924,-1,923,924,925,-1,925,924,926,-1,925,926,927,-1,927,926,928,-1,927,928,929,-1,928,930,929,-1,929,930,931,-1,929,931,932,-1,932,931,933,-1,932,933,934,-1,934,933,935,-1,934,935,936,-1,936,935,937,-1,936,937,938,-1,938,937,939,-1,938,939,940,-1,940,939,941,-1,940,941,942,-1,942,941,943,-1,942,943,944,-1,944,943,945,-1,945,943,946,-1,945,946,947,-1,946,948,947,-1,947,948,949,-1,947,949,950,-1,950,949,951,-1,950,951,952,-1,952,951,953,-1,952,953,954,-1,954,953,955,-1,954,955,956,-1,956,955,957,-1,956,957,958,-1,958,957,959,-1,959,957,960,-1,959,960,961,-1,961,960,962,-1,961,962,963,-1,962,964,963,-1,963,964,965,-1,963,965,966,-1,966,965,967,-1,966,967,968,-1,968,967,969,-1,968,969,970,-1,970,969,971,-1,970,971,972,-1,972,971,973,-1,972,973,974,-1,974,973,975,-1,975,973,976,-1,975,976,977,-1,977,976,978,-1,977,978,979,-1,978,980,979,-1,979,980,981,-1,979,981,982,-1,982,981,983,-1,982,983,984,-1,984,983,985,-1,984,985,986,-1,986,985,987,-1,986,987,988,-1,988,987,989,-1,988,989,990,-1,990,989,991,-1,991,989,992,-1,991,992,993,-1,993,992,994,-1,993,994,995,-1,995,994,996,-1,995,996,997,-1,996,998,997,-1,997,998,999,-1,997,999,1000,-1,1000,999,1001,-1,1000,1001,1002,-1,1002,1001,1003,-1,1002,1003,1004,-1,1004,1003,1005,-1,1005,1003,1006,-1,1005,1006,1007,-1,1007,1006,1008,-1,1007,1008,1009,-1,1009,1008,1010,-1,1009,1010,1011,-1,1011,1010,1012,-1,1011,1012,1013,-1,1012,1014,1013,-1,1013,1014,1015,-1,1013,1015,1016,-1,1016,1015,1017,-1,1016,1017,1018,-1,1018,1017,1019,-1,1018,1019,1020,-1,1020,1019,1021,-1,1020,1021,1022,-1,1022,1021,1023,-1,1022,1023,1024,-1,1024,1023,1025,-1,1025,1023,1026,-1,1025,1026,1027,-1,1027,1026,1028,-1,1027,1028,1029,-1,1029,1028,1030,-1,1029,1030,1031,-1,1030,1032,1031,-1,1031,1032,1033,-1,1031,1033,1034,-1,1034,1033,1035,-1,1034,1035,1036,-1,1036,1035,1037,-1,1036,1037,1038,-1,1038,1037,1039,-1,1039,1037,1040,-1,1039,1040,1041,-1,1041,1040,1042,-1,1041,1042,1043,-1,1043,1042,1044,-1,1043,1044,1045,-1,1045,1044,1046,-1,1045,1046,1047,-1,1046,1048,1047,-1,1047,1048,1049,-1,1047,1049,1050,-1,1050,1049,1051,-1,1050,1051,1052,-1,1052,1051,1053,-1,1052,1053,1054,-1,1054,1053,1055,-1,1054,1055,1056,-1,1056,1055,1057,-1,1056,1057,1058,-1,1058,1057,1059,-1,1058,1059,1060,-1,1060,1059,1061,-1,1060,1061,1062,-1,1062,1061,1063,-1,1063,1061,1064,-1,1063,1064,1065,-1,1064,1066,1065,-1,1065,1066,1067,-1,1065,1067,1068,-1,1068,1067,1069,-1,1068,1069,1070,-1,1070,1069,1071,-1,1070,1071,1072,-1,1072,1071,1073,-1,1073,1071,1074,-1,1073,1074,1075,-1,1075,1074,1076,-1,1075,1076,1077,-1,1077,1076,1078,-1,1077,1078,1079,-1,1079,1078,1080,-1,1079,1080,1081,-1,1080,1082,1081,-1,1081,1082,1083,-1,1081,1083,1084,-1,1084,1083,1085,-1,1084,1085,1086,-1,1086,1085,1087,-1,1086,1087,1088,-1,1088,1087,1089,-1,1088,1089,1090,-1,1090,1089,1091,-1,1090,1091,1092,-1,1092,1091,1093,-1,1093,1091,1094,-1,1093,1094,1095,-1,1095,1094,1096,-1,1095,1096,1097,-1,1096,1098,1097,-1,1097,1098,1099,-1,1097,1099,1100,-1,1100,1099,1101,-1,1100,1101,1102,-1,1102,1101,1103,-1,1102,1103,1104,-1,1104,1103,1105,-1,1104,1105,1106,-1,1106,1105,1107,-1,1106,1107,1108,-1,1108,1107,1109,-1,1109,1107,1110,-1,1109,1110,1111,-1,1111,1110,1112,-1,1111,1112,1113,-1,1113,1112,1114,-1,1113,1114,1115,-1,1114,1116,1115,-1,1115,1116,1117,-1,1115,1117,1118,-1,1118,1117,1119,-1,1118,1119,1120,-1,1120,1119,1121,-1,1120,1121,1122,-1,1123,1124,1125,-1,1122,1121,1126,-1,1126,1121,1127,-1,1126,1127,1128,-1,1128,1127,1129,-1,1128,1129,1125,-1,1125,1129,1130,-1,1125,1130,1123,-1,1131,1132,1133,-1,1124,1131,1125,-1,1125,1131,1133,-1,1125,1133,1134,-1,1134,1133,1135,-1,1135,1133,1136,-1,1136,1133,1137,-1,1136,1137,1138,-1,1138,1137,1139,-1,1138,1139,1140,-1,1140,1139,1141,-1,1140,1141,1142,-1,1142,1141,1143,-1,1142,1143,1144,-1,1144,1143,1145,-1,1144,1145,1146,-1,1146,1145,1147,-1,1146,1147,1148,-1,1148,1147,1149,-1,1148,1149,1150,-1,1150,1149,1151,-1,1150,1151,1152,-1,1152,1151,1153,-1,1152,1153,1154,-1,1153,1155,1154,-1,1154,1155,1156,-1,1154,1156,1157,-1,1157,1156,1158,-1,1157,1158,1159,-1,1159,1158,1160,-1,1160,1158,1161,-1,1160,1161,1162,-1,1162,1161,1163,-1,1162,1163,1164,-1,1164,1163,1165,-1,1164,1165,1166,-1,856,851,854,-1,854,851,853,-1,854,853,1167,-1,1167,853,1168,-1,1167,1168,1169,-1,1169,1168,1170,-1,1169,1170,1171,-1,1171,1170,1166,-1,1171,1166,1172,-1,1172,1166,1165,-1,1172,1165,1173,-1,1174,689,688,-1,1175,688,801,-1,801,1176,1175,-1,1175,1176,1177,-1,1175,1177,1178,-1,1178,1179,1175,-1,1175,1179,1180,-1,1175,1180,1181,-1,1181,1182,1175,-1,1175,1182,1183,-1,1175,1183,1184,-1,1175,1185,688,-1,688,1185,1186,-1,688,1186,1187,-1,1187,1188,688,-1,688,1188,1189,-1,688,1189,1190,-1,1190,1191,688,-1,688,1191,1192,-1,688,1192,1174,-1,714,1193,715,-1,715,1193,1194,-1,1194,1195,715,-1,715,1195,1196,-1,715,1196,1197,-1,1197,1198,715,-1,715,1198,1199,-1,715,1199,850,-1,823,822,1200,-1,1200,822,819,-1,1200,819,821,-1,850,1199,801,-1,801,1199,1201,-1,1202,1203,1204,-1,1204,1203,1205,-1,1202,1206,1203,-1,1203,1206,1207,-1,1203,1207,1208,-1,1203,1209,1205,-1,1205,1209,1176,-1,1205,1176,1210,-1,1210,1176,801,-1,1210,801,1211,-1,1211,801,1201,-1,1212,683,682,-1,1213,1214,1215,-1,1215,1214,710,-1,1216,1217,1218,-1,1218,1217,1219,-1,1218,1219,1220,-1,1220,1219,1221,-1,1220,1221,1222,-1,1222,1221,1223,-1,1222,1223,1224,-1,1224,1223,1213,-1,1224,1213,1225,-1,1225,1213,1215,-1,1212,682,1226,-1,1226,682,1215,-1,1226,1215,1227,-1,1227,1215,710,-1,1227,710,709,-1,635,1228,1229,-1,1229,1228,1230,-1,1229,1230,1231,-1,635,1229,526,-1,526,1229,1232,-1,526,1232,1233,-1,1231,1234,1229,-1,1229,1234,1235,-1,1229,1235,1236,-1,1236,1237,1229,-1,1229,1237,1238,-1,1229,1238,1239,-1,1233,1240,526,-1,526,1240,1241,-1,526,1241,1242,-1,1242,1243,526,-1,526,1243,1244,-1,526,1244,527,-1,549,1245,550,-1,550,1245,1246,-1,1246,1247,550,-1,550,1247,1248,-1,550,1248,1249,-1,1249,1250,550,-1,550,1250,1251,-1,550,1251,678,-1,657,656,1252,-1,1252,656,653,-1,1252,653,655,-1,635,678,1251,-1,1253,1254,1255,-1,1253,1256,1254,-1,1254,1256,1228,-1,1254,1228,1257,-1,1257,1228,635,-1,1251,1258,635,-1,635,1258,1259,-1,635,1259,1257,-1,1255,1260,1253,-1,1253,1260,1261,-1,1253,1261,1262,-1,1263,521,520,-1,1264,1265,1266,-1,1266,1265,545,-1,1267,1268,1269,-1,1269,1268,1270,-1,1269,1270,1271,-1,1271,1270,1272,-1,1271,1272,1273,-1,1273,1272,1274,-1,1273,1274,1275,-1,1275,1274,1264,-1,1275,1264,1276,-1,1276,1264,1266,-1,1263,520,1277,-1,1277,520,1266,-1,1277,1266,1278,-1,1278,1266,545,-1,1278,545,544,-1,1279,1280,1281,-1,851,1282,852,-1,852,1282,1283,-1,852,1283,1284,-1,1284,1283,1285,-1,1284,1285,1281,-1,1281,1285,1286,-1,1281,1286,1279,-1,1239,1238,1287,-1,1235,1234,1288,-1,1288,1234,1231,-1,1288,1231,1230,-1,1238,1237,1287,-1,1287,1237,1236,-1,1287,1236,1289,-1,1290,1291,1292,-1,1292,1291,1293,-1,1292,1293,1294,-1,1294,1293,1295,-1,1296,1297,1298,-1,1298,1297,1299,-1,1298,1299,1300,-1,1301,1302,1303,-1,1303,1302,1304,-1,1303,1304,1305,-1,1305,1304,1306,-1,866,1307,885,-1,885,1307,1308,-1,885,1308,1309,-1,1310,867,1311,-1,1311,867,885,-1,1311,885,1312,-1,1312,885,1309,-1,851,856,1282,-1,1282,856,1283,-1,1283,856,1286,-1,1286,856,857,-1,1286,857,1279,-1,1313,1314,1315,-1,1314,1316,1315,-1,1315,1316,1280,-1,1315,1280,1279,-1,1317,1318,1319,-1,1319,1318,1320,-1,1319,1320,1321,-1,1321,1322,1319,-1,1319,1322,1323,-1,1319,1323,1315,-1,1315,1323,1324,-1,1315,1324,1313,-1,1325,1326,1327,-1,1327,1326,1328,-1,1327,1328,1329,-1,1330,1331,1332,-1,1331,1333,1332,-1,1332,1333,1334,-1,1332,1334,1327,-1,1327,1334,1335,-1,1327,1335,1325,-1,1336,1337,1338,-1,1336,1338,1339,-1,1337,1340,1338,-1,1338,1340,1341,-1,1338,1341,1342,-1,1343,1344,1345,-1,1345,1344,1346,-1,1347,1348,1349,-1,1349,1348,1350,-1,1349,1350,1345,-1,1345,1350,1351,-1,1345,1351,1343,-1,1352,1253,1353,-1,1353,1253,1262,-1,1352,1354,1355,-1,1355,1354,1356,-1,1355,1356,1357,-1,1236,1235,1289,-1,1289,1235,1288,-1,1289,1288,1349,-1,1349,1288,1355,-1,1349,1355,1347,-1,1347,1355,1357,-1,1352,1355,1253,-1,1253,1355,1288,-1,1253,1288,1256,-1,1256,1288,1230,-1,1256,1230,1228,-1,1295,1239,1294,-1,1294,1239,1287,-1,1294,1287,1358,-1,1358,1287,1289,-1,1358,1289,1359,-1,1359,1289,1349,-1,1359,1349,1338,-1,1338,1349,1345,-1,1338,1345,1339,-1,1339,1345,1346,-1,1301,1296,1302,-1,1302,1296,1298,-1,1302,1298,1360,-1,1360,1298,1361,-1,1360,1361,1362,-1,1362,1361,1363,-1,1362,1363,1364,-1,1364,1363,1365,-1,1364,1365,1366,-1,1366,1365,1332,-1,1366,1332,1319,-1,1319,1332,1327,-1,1319,1327,1317,-1,1317,1327,1329,-1,1300,1290,1298,-1,1298,1290,1292,-1,1298,1292,1361,-1,1361,1292,1294,-1,1361,1294,1363,-1,1363,1294,1358,-1,1363,1358,1365,-1,1365,1358,1359,-1,1365,1359,1332,-1,1332,1359,1338,-1,1332,1338,1330,-1,1330,1338,1342,-1,1279,857,1315,-1,1315,857,862,-1,1315,862,1319,-1,1319,862,879,-1,1319,879,1366,-1,1366,879,878,-1,1366,878,1364,-1,1364,878,874,-1,1364,874,1362,-1,1362,874,872,-1,1362,872,1360,-1,1360,872,870,-1,1360,870,1302,-1,1302,870,867,-1,1302,867,1304,-1,1304,867,1310,-1,1304,1310,1306,-1,1307,866,865,-1,1305,1306,1367,-1,1367,1306,1310,-1,1367,1310,1368,-1,1368,1310,1311,-1,1368,1311,1369,-1,1369,1311,1312,-1,1369,1312,1370,-1,1370,1312,1309,-1,1370,1309,865,-1,865,1309,1308,-1,865,1308,1307,-1,1371,1372,1296,-1,1367,1373,1305,-1,1305,1373,1374,-1,1305,1374,1303,-1,1303,1374,1371,-1,1303,1371,1301,-1,1301,1371,1296,-1,1290,1300,1375,-1,1299,1376,1300,-1,1300,1376,1377,-1,1300,1377,1375,-1,1372,1378,1296,-1,1296,1378,1376,-1,1296,1376,1297,-1,1297,1376,1299,-1,1239,1379,1380,-1,1380,1381,1239,-1,1239,1381,1382,-1,1239,1382,1229,-1,1375,1383,1290,-1,1290,1383,1384,-1,1290,1384,1291,-1,1291,1384,1293,-1,1379,1239,1384,-1,1384,1239,1295,-1,1384,1295,1293,-1,1385,1133,1132,-1,1385,1132,1386,-1,1386,1132,1387,-1,1386,1387,1388,-1,1388,1387,1389,-1,1389,1387,1390,-1,1389,1390,1391,-1,1391,1390,1392,-1,1391,1392,1393,-1,1394,1395,1396,-1,1396,1395,1397,-1,1396,1397,1398,-1,1398,1397,1399,-1,1398,1399,1400,-1,1400,1399,1401,-1,1400,1401,1393,-1,1393,1401,1402,-1,1393,1402,1391,-1,1403,1404,1405,-1,1405,1404,1406,-1,1406,1404,1407,-1,1407,1404,1408,-1,1407,1408,1409,-1,1394,1410,1395,-1,1395,1410,1407,-1,1395,1407,1411,-1,1411,1407,1409,-1,1412,1413,1414,-1,1415,1175,1184,-1,1414,1413,1184,-1,1184,1413,1416,-1,1184,1416,1415,-1,1405,1417,1403,-1,1403,1417,1418,-1,1403,1418,1419,-1,1419,1418,1420,-1,1412,1414,1418,-1,1418,1414,1421,-1,1418,1421,1420,-1,1395,1411,1422,-1,1184,1183,1423,-1,1180,1179,1424,-1,1424,1179,1178,-1,1424,1178,1177,-1,1183,1182,1423,-1,1423,1182,1181,-1,1423,1181,1425,-1,1403,1419,1426,-1,1426,1419,1420,-1,1426,1420,1427,-1,1427,1420,1421,-1,1427,1421,1414,-1,1411,1409,1422,-1,1422,1409,1408,-1,1422,1408,1404,-1,1428,1402,1401,-1,1401,1399,1428,-1,1428,1399,1397,-1,1428,1397,1429,-1,1133,1385,1139,-1,1139,1385,1386,-1,1391,1141,1389,-1,1389,1141,1139,-1,1389,1139,1388,-1,1388,1139,1386,-1,1165,1163,1430,-1,1430,1163,1431,-1,1431,1163,1432,-1,1432,1163,1161,-1,1432,1161,1433,-1,1434,1435,1436,-1,1435,1437,1436,-1,1436,1437,1438,-1,1436,1438,1433,-1,1439,1440,1441,-1,1441,1440,1442,-1,1442,1443,1441,-1,1441,1443,1444,-1,1441,1444,1436,-1,1436,1444,1445,-1,1436,1445,1434,-1,1446,1447,1448,-1,1448,1447,1449,-1,1448,1449,1450,-1,1451,1452,1453,-1,1451,1453,1454,-1,1452,1455,1453,-1,1453,1455,1456,-1,1453,1456,1448,-1,1448,1456,1457,-1,1448,1457,1446,-1,1458,1459,1460,-1,1460,1459,1461,-1,1461,1462,1460,-1,1460,1462,1463,-1,1460,1463,1464,-1,1465,1466,1467,-1,1467,1466,1468,-1,1467,1468,1469,-1,1465,1467,1470,-1,1470,1467,1471,-1,1470,1471,1472,-1,1473,1203,1474,-1,1474,1203,1208,-1,1473,1475,1476,-1,1475,1477,1476,-1,1476,1477,1478,-1,1476,1478,1479,-1,1181,1180,1425,-1,1425,1180,1424,-1,1425,1424,1471,-1,1471,1424,1476,-1,1471,1476,1472,-1,1472,1476,1479,-1,1473,1476,1203,-1,1203,1476,1424,-1,1203,1424,1209,-1,1209,1424,1177,-1,1209,1177,1176,-1,1414,1184,1427,-1,1427,1184,1423,-1,1427,1423,1480,-1,1480,1423,1425,-1,1480,1425,1481,-1,1481,1425,1471,-1,1481,1471,1460,-1,1460,1471,1467,-1,1460,1467,1458,-1,1458,1467,1469,-1,1397,1395,1429,-1,1429,1395,1422,-1,1429,1422,1482,-1,1482,1422,1483,-1,1482,1483,1484,-1,1484,1483,1485,-1,1484,1485,1486,-1,1486,1485,1487,-1,1486,1487,1488,-1,1488,1487,1453,-1,1488,1453,1441,-1,1441,1453,1448,-1,1441,1448,1439,-1,1439,1448,1450,-1,1404,1403,1422,-1,1422,1403,1426,-1,1422,1426,1483,-1,1483,1426,1427,-1,1483,1427,1485,-1,1485,1427,1480,-1,1485,1480,1487,-1,1487,1480,1481,-1,1487,1481,1453,-1,1453,1481,1460,-1,1453,1460,1454,-1,1454,1460,1464,-1,1433,1161,1436,-1,1436,1161,1156,-1,1436,1156,1441,-1,1441,1156,1155,-1,1441,1155,1488,-1,1488,1155,1151,-1,1488,1151,1486,-1,1486,1151,1149,-1,1486,1149,1484,-1,1484,1149,1147,-1,1484,1147,1482,-1,1482,1147,1143,-1,1482,1143,1429,-1,1429,1143,1141,-1,1429,1141,1428,-1,1428,1141,1391,-1,1428,1391,1402,-1,1438,1437,1489,-1,1173,1165,1430,-1,1430,1431,1173,-1,1173,1431,1432,-1,1173,1432,1490,-1,1490,1432,1491,-1,1490,1491,1489,-1,1489,1491,1433,-1,1489,1433,1438,-1,1314,1313,1492,-1,1324,1323,1493,-1,1321,1320,1494,-1,1317,1329,1495,-1,1326,1325,1496,-1,1335,1334,1497,-1,1354,1352,1498,-1,1499,1500,1501,-1,1502,1503,1504,-1,1505,1506,1507,-1,87,86,1508,-1,1508,86,1509,-1,1510,1511,1512,-1,1511,1510,1513,-1,1513,1510,1514,-1,1513,1514,1515,-1,1516,1517,1518,-1,1517,1516,1519,-1,1519,1516,1520,-1,1519,1520,1521,-1,1505,1507,1522,-1,1523,1502,1524,-1,1500,1525,1501,-1,1501,1525,1523,-1,1501,1523,1526,-1,1526,1523,1524,-1,1499,1527,1528,-1,1528,1527,1529,-1,1528,1529,1530,-1,1529,1351,1350,-1,1350,1348,1529,-1,1529,1348,1347,-1,1529,1347,1530,-1,1530,1347,1357,-1,1530,1357,1498,-1,1498,1357,1356,-1,1498,1356,1354,-1,1351,1529,1343,-1,1343,1529,1527,-1,1343,1527,1344,-1,1531,1339,1527,-1,1527,1339,1346,-1,1527,1346,1344,-1,1502,1504,1524,-1,1524,1504,1532,-1,1524,1532,1533,-1,1499,1501,1527,-1,1527,1501,1526,-1,1527,1526,1531,-1,1531,1526,1524,-1,1531,1524,1534,-1,1534,1524,1533,-1,1534,1533,1535,-1,1342,1341,1535,-1,1535,1341,1340,-1,1535,1340,1534,-1,1534,1340,1337,-1,1534,1337,1531,-1,1531,1337,1336,-1,1531,1336,1339,-1,1333,1331,1536,-1,1536,1331,1330,-1,1330,1342,1536,-1,1536,1342,1535,-1,1536,1535,1537,-1,1537,1535,1533,-1,1537,1533,1507,-1,1507,1533,1532,-1,1507,1532,1522,-1,1522,1532,1504,-1,1522,1504,1538,-1,1538,1504,1503,-1,1334,1333,1497,-1,1497,1333,1536,-1,1497,1536,1539,-1,1539,1536,1537,-1,1539,1537,1540,-1,1540,1537,1507,-1,1540,1507,1541,-1,1541,1507,1506,-1,1325,1335,1496,-1,1496,1335,1497,-1,1496,1497,1542,-1,1542,1497,1539,-1,1542,1539,1543,-1,1543,1539,1540,-1,1543,1540,1520,-1,1520,1540,1541,-1,1520,1541,1521,-1,1521,1541,1506,-1,1521,1506,1544,-1,1544,1506,1505,-1,1328,1326,1545,-1,1545,1326,1496,-1,1545,1496,1546,-1,1546,1496,1542,-1,1546,1542,1547,-1,1547,1542,1543,-1,1547,1543,1548,-1,1548,1543,1520,-1,1548,1520,1549,-1,1549,1520,1516,-1,1329,1328,1495,-1,1495,1328,1545,-1,1495,1545,1550,-1,1550,1545,1546,-1,1550,1546,1551,-1,1551,1546,1547,-1,1551,1547,1552,-1,1552,1547,1548,-1,1552,1548,1514,-1,1514,1548,1549,-1,1514,1549,1515,-1,1515,1549,1516,-1,1515,1516,1553,-1,1553,1516,1518,-1,1318,1317,1554,-1,1554,1317,1495,-1,1554,1495,1555,-1,1555,1495,1550,-1,1555,1550,1556,-1,1556,1550,1551,-1,1556,1551,1557,-1,1557,1551,1552,-1,1557,1552,1558,-1,1558,1552,1514,-1,1558,1514,1509,-1,1509,1514,1510,-1,1509,1510,1508,-1,1508,1510,1512,-1,1320,1318,1494,-1,1494,1318,1554,-1,1494,1554,1559,-1,1559,1554,1555,-1,1559,1555,1560,-1,1560,1555,1556,-1,1560,1556,1561,-1,1561,1556,1557,-1,1561,1557,1562,-1,1562,1557,1558,-1,1562,1558,1563,-1,1563,1558,1509,-1,1563,1509,85,-1,85,1509,86,-1,1322,1321,1564,-1,1564,1321,1494,-1,1564,1494,1565,-1,1565,1494,1559,-1,1565,1559,1566,-1,1566,1559,1560,-1,1566,1560,1567,-1,1567,1560,1561,-1,1567,1561,1568,-1,1568,1561,1562,-1,1568,1562,1569,-1,1569,1562,1563,-1,1569,1563,80,-1,80,1563,85,-1,1323,1322,1493,-1,1493,1322,1564,-1,1493,1564,1570,-1,1570,1564,1565,-1,1570,1565,1571,-1,1571,1565,1566,-1,1571,1566,1572,-1,1572,1566,1567,-1,1572,1567,1573,-1,1573,1567,1568,-1,1573,1568,1574,-1,1574,1568,1569,-1,1574,1569,78,-1,78,1569,80,-1,1313,1324,1492,-1,1492,1324,1493,-1,1492,1493,1575,-1,1575,1493,1570,-1,1575,1570,1576,-1,1576,1570,1571,-1,1576,1571,1577,-1,1577,1571,1572,-1,1577,1572,1578,-1,1578,1572,1573,-1,1578,1573,1579,-1,1579,1573,1574,-1,1579,1574,77,-1,77,1574,78,-1,1580,1280,1316,-1,1316,1314,1580,-1,1580,1314,1492,-1,1580,1492,1581,-1,1581,1492,1575,-1,1581,1575,1582,-1,1582,1575,1576,-1,1582,1576,1583,-1,1583,1576,1577,-1,1583,1577,1584,-1,1584,1577,1578,-1,1584,1578,1585,-1,1585,1578,1579,-1,1585,1579,76,-1,76,1579,77,-1,852,1284,1586,-1,1586,1284,1587,-1,1281,1280,1588,-1,1281,1588,1284,-1,1284,1588,1587,-1,1587,1588,1580,-1,1587,1580,1589,-1,1590,1591,1589,-1,1589,1591,1592,-1,1589,1592,1587,-1,1587,1592,1593,-1,1587,1593,1586,-1,1580,1594,1589,-1,1589,1594,1581,-1,1589,1581,1590,-1,1595,1596,1597,-1,1597,1596,1598,-1,1597,1598,1590,-1,1590,1598,1599,-1,1590,1599,1591,-1,1581,1600,1590,-1,1590,1600,1582,-1,1590,1582,1597,-1,1597,1582,1601,-1,1597,1601,1595,-1,1601,1583,1595,-1,1595,1583,1602,-1,1595,1602,1603,-1,1604,1605,1603,-1,1603,1605,1606,-1,1603,1606,1595,-1,1595,1606,1607,-1,1595,1607,1596,-1,1602,1584,1603,-1,1603,1584,1608,-1,1603,1608,1604,-1,74,73,1604,-1,1604,73,1609,-1,1604,1609,1605,-1,1608,1585,1604,-1,1604,1585,1610,-1,1604,1610,74,-1,74,1610,76,-1,1611,1612,1613,-1,1614,888,889,-1,1615,1616,1617,-1,1617,1616,1618,-1,1619,1620,1621,-1,1621,1620,1614,-1,1622,1623,1624,-1,1624,1623,1619,-1,1612,1625,1626,-1,1626,1625,1627,-1,1626,1627,1622,-1,1611,1613,1616,-1,1628,2,1629,-1,1629,2,14,-1,1629,14,1630,-1,1630,14,13,-1,1630,13,1631,-1,1631,13,11,-1,1631,11,1632,-1,1632,11,10,-1,1632,10,1633,-1,1633,10,15,-1,1633,15,1634,-1,1634,15,17,-1,1634,17,1635,-1,1635,17,18,-1,1635,18,1636,-1,1636,18,20,-1,1636,20,1637,-1,1637,20,26,-1,1637,26,1638,-1,1638,26,25,-1,1638,25,1639,-1,1639,25,24,-1,1639,24,1640,-1,1640,24,9,-1,1640,9,1641,-1,1641,9,23,-1,1641,23,1642,-1,1642,23,22,-1,1642,22,1643,-1,1643,22,21,-1,1643,21,1644,-1,1644,21,31,-1,1644,31,1645,-1,1645,31,30,-1,1645,30,1646,-1,1646,30,29,-1,1646,29,1647,-1,1647,29,28,-1,1647,28,1648,-1,1648,28,27,-1,1648,27,1618,-1,1618,27,1649,-1,1618,1649,1617,-1,1650,214,1651,-1,1651,214,213,-1,1651,213,1652,-1,1652,213,212,-1,1652,212,1653,-1,1653,212,211,-1,1653,211,1654,-1,1654,211,210,-1,1654,210,1655,-1,1655,210,209,-1,1655,209,1656,-1,1656,209,184,-1,1656,184,1657,-1,1657,184,186,-1,1657,186,1658,-1,1658,186,187,-1,1658,187,1659,-1,1659,187,177,-1,1659,177,1660,-1,1660,177,178,-1,1660,178,1661,-1,1661,178,179,-1,1661,179,1662,-1,1662,179,189,-1,1662,189,1663,-1,1663,189,188,-1,1663,188,1664,-1,1664,188,183,-1,1664,183,1665,-1,1665,183,182,-1,1665,182,1666,-1,1666,182,181,-1,1666,181,1667,-1,1667,181,173,-1,1667,173,1668,-1,1668,173,172,-1,1668,172,1669,-1,1669,172,5,-1,1669,5,1628,-1,1628,5,6,-1,1628,6,2,-1,1670,168,1671,-1,1671,168,167,-1,1671,167,1672,-1,1672,167,166,-1,1672,166,1673,-1,1673,166,165,-1,1673,165,1674,-1,1674,165,164,-1,1674,164,1675,-1,1675,164,163,-1,1675,163,1676,-1,1676,163,162,-1,1676,162,1677,-1,1677,162,161,-1,1677,161,1678,-1,1678,161,160,-1,1678,160,1679,-1,1679,160,134,-1,1679,134,1680,-1,1680,134,133,-1,1680,133,1681,-1,1681,133,132,-1,1681,132,1682,-1,1682,132,101,-1,1682,101,1683,-1,1683,101,100,-1,1683,100,1684,-1,1684,100,99,-1,1684,99,1685,-1,1685,99,98,-1,1685,98,1686,-1,1686,98,122,-1,1686,122,1687,-1,1687,122,121,-1,1687,121,1688,-1,1688,121,119,-1,1688,119,1689,-1,1689,119,118,-1,1689,118,1690,-1,1690,118,117,-1,1690,117,1691,-1,1691,117,120,-1,1691,120,1650,-1,1650,120,175,-1,1650,175,214,-1,1614,889,1621,-1,1621,889,893,-1,1621,893,1692,-1,1692,893,895,-1,1692,895,1693,-1,1693,895,900,-1,1693,900,1694,-1,1694,900,902,-1,1694,902,1695,-1,1695,902,904,-1,1695,904,1696,-1,1696,904,907,-1,1696,907,1697,-1,1697,907,909,-1,1697,909,1698,-1,1698,909,913,-1,1698,913,1699,-1,1699,913,916,-1,1699,916,1700,-1,1700,916,920,-1,1700,920,1701,-1,1701,920,921,-1,1701,921,1702,-1,1702,921,923,-1,1702,923,1703,-1,1703,923,927,-1,1703,927,1704,-1,1704,927,929,-1,1704,929,1705,-1,1705,929,932,-1,1705,932,1706,-1,1706,932,936,-1,1706,936,1707,-1,1707,936,938,-1,1707,938,1708,-1,1708,938,942,-1,1708,942,1709,-1,1709,942,944,-1,1709,944,1710,-1,1710,944,945,-1,1710,945,1711,-1,1711,945,950,-1,1711,950,1712,-1,1712,950,952,-1,1712,952,1713,-1,1713,952,956,-1,1713,956,1714,-1,1714,956,958,-1,1714,958,1715,-1,1715,958,959,-1,1715,959,1716,-1,1716,959,963,-1,1716,963,1717,-1,1717,963,966,-1,1717,966,1718,-1,1718,966,970,-1,1718,970,1719,-1,1719,970,972,-1,1719,972,1720,-1,1720,972,974,-1,1720,974,1721,-1,1721,974,977,-1,1721,977,1722,-1,1722,977,979,-1,1722,979,1723,-1,1723,979,984,-1,1723,984,1724,-1,1724,984,986,-1,1724,986,1725,-1,1725,986,988,-1,1725,988,1726,-1,1726,988,991,-1,1726,991,1727,-1,1727,991,993,-1,1727,993,1728,-1,1728,993,997,-1,1728,997,1729,-1,1729,997,1000,-1,1729,1000,1730,-1,1730,1000,1004,-1,1730,1004,1731,-1,1731,1004,1005,-1,1731,1005,1732,-1,1732,1005,1007,-1,1732,1007,1733,-1,1733,1007,1011,-1,1733,1011,1734,-1,1734,1011,1013,-1,1734,1013,1735,-1,1735,1013,1018,-1,1735,1018,1736,-1,1736,1018,1020,-1,1736,1020,1737,-1,1737,1020,1022,-1,1737,1022,1738,-1,1738,1022,1025,-1,1738,1025,1739,-1,1739,1025,1027,-1,1739,1027,1740,-1,1740,1027,1031,-1,1740,1031,1741,-1,1741,1031,1034,-1,1741,1034,1742,-1,1742,1034,1038,-1,1742,1038,1743,-1,1743,1038,1039,-1,1743,1039,1744,-1,1744,1039,1041,-1,1744,1041,1745,-1,1745,1041,1045,-1,1745,1045,1746,-1,1746,1045,1047,-1,1746,1047,1747,-1,1747,1047,1050,-1,1747,1050,1748,-1,1748,1050,1054,-1,1748,1054,1749,-1,1749,1054,1056,-1,1749,1056,1750,-1,1750,1056,1060,-1,1750,1060,1751,-1,1751,1060,1062,-1,1751,1062,1752,-1,1752,1062,1063,-1,1752,1063,1753,-1,1753,1063,1068,-1,1753,1068,1754,-1,1754,1068,1070,-1,1754,1070,1755,-1,1755,1070,1072,-1,1755,1072,1756,-1,1756,1072,1075,-1,1756,1075,1757,-1,1757,1075,1077,-1,1757,1077,1758,-1,1758,1077,1081,-1,1758,1081,1759,-1,1759,1081,1084,-1,1759,1084,1760,-1,1760,1084,1088,-1,1760,1088,1761,-1,1761,1088,1090,-1,1761,1090,1762,-1,1762,1090,1092,-1,1762,1092,1763,-1,1763,1092,1095,-1,1763,1095,1764,-1,1764,1095,1097,-1,1764,1097,1765,-1,1765,1097,1102,-1,1765,1102,1766,-1,1766,1102,1104,-1,1766,1104,1767,-1,1767,1104,1106,-1,1767,1106,1768,-1,1768,1106,1109,-1,1768,1109,1769,-1,1769,1109,1111,-1,1769,1111,1770,-1,1770,1111,1115,-1,1770,1115,1771,-1,1771,1115,1118,-1,1771,1118,1772,-1,1772,1118,1122,-1,1772,1122,1773,-1,1773,1122,1126,-1,1773,1126,1774,-1,1774,1126,1128,-1,1774,1128,1775,-1,1775,1128,1134,-1,1775,1134,1776,-1,1776,1134,1135,-1,1776,1135,1777,-1,1777,1135,1138,-1,1777,1138,1778,-1,1778,1138,1140,-1,1778,1140,1779,-1,1779,1140,1142,-1,1779,1142,1780,-1,1780,1142,1146,-1,1780,1146,1781,-1,1781,1146,1148,-1,1781,1148,1782,-1,1782,1148,1150,-1,1782,1150,1783,-1,1783,1150,1154,-1,1783,1154,1784,-1,1784,1154,1157,-1,1784,1157,1785,-1,1785,1157,1160,-1,1785,1160,1786,-1,1786,1160,1162,-1,1786,1162,1787,-1,1787,1162,1164,-1,1787,1164,1788,-1,1788,1164,1170,-1,1788,1170,1789,-1,1619,1621,1624,-1,1624,1621,1692,-1,1624,1692,1790,-1,1790,1692,1693,-1,1790,1693,1791,-1,1791,1693,1694,-1,1791,1694,1792,-1,1792,1694,1695,-1,1792,1695,1793,-1,1793,1695,1696,-1,1793,1696,1794,-1,1794,1696,1697,-1,1794,1697,1795,-1,1795,1697,1698,-1,1795,1698,1796,-1,1796,1698,1699,-1,1796,1699,1797,-1,1797,1699,1700,-1,1797,1700,1798,-1,1798,1700,1701,-1,1798,1701,1799,-1,1799,1701,1702,-1,1799,1702,1800,-1,1800,1702,1703,-1,1800,1703,1801,-1,1801,1703,1704,-1,1801,1704,1802,-1,1802,1704,1705,-1,1802,1705,1803,-1,1803,1705,1706,-1,1803,1706,1804,-1,1804,1706,1707,-1,1804,1707,1805,-1,1805,1707,1708,-1,1805,1708,1806,-1,1806,1708,1709,-1,1806,1709,1807,-1,1807,1709,1710,-1,1807,1710,1808,-1,1808,1710,1711,-1,1808,1711,1809,-1,1809,1711,1712,-1,1809,1712,1810,-1,1810,1712,1713,-1,1810,1713,1811,-1,1811,1713,1714,-1,1811,1714,1812,-1,1812,1714,1715,-1,1812,1715,1813,-1,1813,1715,1716,-1,1813,1716,1814,-1,1814,1716,1717,-1,1814,1717,1815,-1,1815,1717,1718,-1,1815,1718,1816,-1,1816,1718,1719,-1,1816,1719,1817,-1,1817,1719,1720,-1,1817,1720,1818,-1,1818,1720,1721,-1,1818,1721,1819,-1,1819,1721,1722,-1,1819,1722,1820,-1,1820,1722,1723,-1,1820,1723,1821,-1,1821,1723,1724,-1,1821,1724,1822,-1,1822,1724,1725,-1,1822,1725,1823,-1,1823,1725,1726,-1,1823,1726,1824,-1,1824,1726,1727,-1,1824,1727,1825,-1,1825,1727,1728,-1,1825,1728,1826,-1,1826,1728,1729,-1,1826,1729,1827,-1,1827,1729,1730,-1,1827,1730,1828,-1,1828,1730,1731,-1,1828,1731,1829,-1,1829,1731,1732,-1,1829,1732,1830,-1,1830,1732,1733,-1,1830,1733,1831,-1,1831,1733,1734,-1,1831,1734,1832,-1,1832,1734,1735,-1,1832,1735,1833,-1,1833,1735,1736,-1,1833,1736,1834,-1,1834,1736,1737,-1,1834,1737,1835,-1,1835,1737,1738,-1,1835,1738,1836,-1,1836,1738,1739,-1,1836,1739,1837,-1,1837,1739,1740,-1,1837,1740,1838,-1,1838,1740,1741,-1,1838,1741,1839,-1,1839,1741,1742,-1,1839,1742,1840,-1,1840,1742,1743,-1,1840,1743,1841,-1,1841,1743,1744,-1,1841,1744,1842,-1,1842,1744,1745,-1,1842,1745,1843,-1,1843,1745,1746,-1,1843,1746,1844,-1,1844,1746,1747,-1,1844,1747,1845,-1,1845,1747,1748,-1,1845,1748,1846,-1,1846,1748,1749,-1,1846,1749,1847,-1,1847,1749,1750,-1,1847,1750,1848,-1,1848,1750,1751,-1,1848,1751,1849,-1,1849,1751,1752,-1,1849,1752,1850,-1,1850,1752,1753,-1,1850,1753,1851,-1,1851,1753,1754,-1,1851,1754,1852,-1,1852,1754,1755,-1,1852,1755,1853,-1,1853,1755,1756,-1,1853,1756,1854,-1,1854,1756,1757,-1,1854,1757,1855,-1,1855,1757,1758,-1,1855,1758,1856,-1,1856,1758,1759,-1,1856,1759,1857,-1,1857,1759,1760,-1,1857,1760,1858,-1,1858,1760,1761,-1,1858,1761,1859,-1,1859,1761,1762,-1,1859,1762,1860,-1,1860,1762,1763,-1,1860,1763,1861,-1,1861,1763,1764,-1,1861,1764,1862,-1,1862,1764,1765,-1,1862,1765,1863,-1,1863,1765,1766,-1,1863,1766,1864,-1,1864,1766,1767,-1,1864,1767,1865,-1,1865,1767,1768,-1,1865,1768,1866,-1,1866,1768,1769,-1,1866,1769,1867,-1,1867,1769,1770,-1,1867,1770,1868,-1,1868,1770,1771,-1,1868,1771,1869,-1,1869,1771,1772,-1,1869,1772,1870,-1,1870,1772,1773,-1,1870,1773,1871,-1,1871,1773,1774,-1,1871,1774,1872,-1,1872,1774,1775,-1,1872,1775,1873,-1,1873,1775,1776,-1,1873,1776,1874,-1,1874,1776,1777,-1,1874,1777,1875,-1,1875,1777,1778,-1,1875,1778,1876,-1,1876,1778,1779,-1,1876,1779,1877,-1,1877,1779,1780,-1,1877,1780,1878,-1,1878,1780,1781,-1,1878,1781,1879,-1,1879,1781,1782,-1,1879,1782,1880,-1,1880,1782,1783,-1,1880,1783,1881,-1,1881,1783,1784,-1,1881,1784,1882,-1,1882,1784,1785,-1,1882,1785,1883,-1,1883,1785,1786,-1,1883,1786,1884,-1,1884,1786,1787,-1,1884,1787,1885,-1,1885,1787,1788,-1,1885,1788,1886,-1,1886,1788,1789,-1,1886,1789,1887,-1,1622,1624,1626,-1,1626,1624,1790,-1,1626,1790,1888,-1,1888,1790,1791,-1,1888,1791,1889,-1,1889,1791,1792,-1,1889,1792,1890,-1,1890,1792,1793,-1,1890,1793,1891,-1,1891,1793,1794,-1,1891,1794,1892,-1,1892,1794,1795,-1,1892,1795,1893,-1,1893,1795,1796,-1,1893,1796,1894,-1,1894,1796,1797,-1,1894,1797,1895,-1,1895,1797,1798,-1,1895,1798,1896,-1,1896,1798,1799,-1,1896,1799,1897,-1,1897,1799,1800,-1,1897,1800,1898,-1,1898,1800,1801,-1,1898,1801,1899,-1,1899,1801,1802,-1,1899,1802,1900,-1,1900,1802,1803,-1,1900,1803,1901,-1,1901,1803,1804,-1,1901,1804,1902,-1,1902,1804,1805,-1,1902,1805,1903,-1,1903,1805,1806,-1,1903,1806,1904,-1,1904,1806,1807,-1,1904,1807,1905,-1,1905,1807,1808,-1,1905,1808,1906,-1,1906,1808,1809,-1,1906,1809,1907,-1,1907,1809,1810,-1,1907,1810,1908,-1,1908,1810,1811,-1,1908,1811,1909,-1,1909,1811,1812,-1,1909,1812,1910,-1,1910,1812,1813,-1,1910,1813,1911,-1,1911,1813,1814,-1,1911,1814,1912,-1,1912,1814,1815,-1,1912,1815,1913,-1,1913,1815,1816,-1,1913,1816,1914,-1,1914,1816,1817,-1,1914,1817,1915,-1,1915,1817,1818,-1,1915,1818,1916,-1,1916,1818,1819,-1,1916,1819,1917,-1,1917,1819,1820,-1,1917,1820,1918,-1,1918,1820,1821,-1,1918,1821,1919,-1,1919,1821,1822,-1,1919,1822,1920,-1,1920,1822,1823,-1,1920,1823,1921,-1,1921,1823,1824,-1,1921,1824,1922,-1,1922,1824,1825,-1,1922,1825,1923,-1,1923,1825,1826,-1,1923,1826,1924,-1,1924,1826,1827,-1,1924,1827,1925,-1,1925,1827,1828,-1,1925,1828,1926,-1,1926,1828,1829,-1,1926,1829,1927,-1,1927,1829,1830,-1,1927,1830,1928,-1,1928,1830,1831,-1,1928,1831,1929,-1,1929,1831,1832,-1,1929,1832,1930,-1,1930,1832,1833,-1,1930,1833,1931,-1,1931,1833,1834,-1,1931,1834,1932,-1,1932,1834,1835,-1,1932,1835,1933,-1,1933,1835,1836,-1,1933,1836,1934,-1,1934,1836,1837,-1,1934,1837,1935,-1,1935,1837,1838,-1,1935,1838,1936,-1,1936,1838,1839,-1,1936,1839,1937,-1,1937,1839,1840,-1,1937,1840,1938,-1,1938,1840,1841,-1,1938,1841,1939,-1,1939,1841,1842,-1,1939,1842,1940,-1,1940,1842,1843,-1,1940,1843,1941,-1,1941,1843,1844,-1,1941,1844,1942,-1,1942,1844,1845,-1,1942,1845,1943,-1,1943,1845,1846,-1,1943,1846,1944,-1,1944,1846,1847,-1,1944,1847,1945,-1,1945,1847,1848,-1,1945,1848,1946,-1,1946,1848,1849,-1,1946,1849,1947,-1,1947,1849,1850,-1,1947,1850,1948,-1,1948,1850,1851,-1,1948,1851,1949,-1,1949,1851,1852,-1,1949,1852,1950,-1,1950,1852,1853,-1,1950,1853,1951,-1,1951,1853,1854,-1,1951,1854,1952,-1,1952,1854,1855,-1,1952,1855,1953,-1,1953,1855,1856,-1,1953,1856,1954,-1,1954,1856,1857,-1,1954,1857,1955,-1,1955,1857,1858,-1,1955,1858,1956,-1,1956,1858,1859,-1,1956,1859,1957,-1,1957,1859,1860,-1,1957,1860,1958,-1,1958,1860,1861,-1,1958,1861,1959,-1,1959,1861,1862,-1,1959,1862,1960,-1,1960,1862,1863,-1,1960,1863,1961,-1,1961,1863,1864,-1,1961,1864,1962,-1,1962,1864,1865,-1,1962,1865,1963,-1,1963,1865,1866,-1,1963,1866,1964,-1,1964,1866,1867,-1,1964,1867,1965,-1,1965,1867,1868,-1,1965,1868,1966,-1,1966,1868,1869,-1,1966,1869,1967,-1,1967,1869,1870,-1,1967,1870,1968,-1,1968,1870,1871,-1,1968,1871,1969,-1,1969,1871,1872,-1,1969,1872,1970,-1,1970,1872,1873,-1,1970,1873,1971,-1,1971,1873,1874,-1,1971,1874,1972,-1,1972,1874,1875,-1,1972,1875,1973,-1,1973,1875,1876,-1,1973,1876,1974,-1,1974,1876,1877,-1,1974,1877,1975,-1,1975,1877,1878,-1,1975,1878,1976,-1,1976,1878,1879,-1,1976,1879,1977,-1,1977,1879,1880,-1,1977,1880,1978,-1,1978,1880,1881,-1,1978,1881,1979,-1,1979,1881,1882,-1,1979,1882,1980,-1,1980,1882,1883,-1,1980,1883,1981,-1,1981,1883,1884,-1,1981,1884,1982,-1,1982,1884,1885,-1,1982,1885,1983,-1,1983,1885,1886,-1,1983,1886,1984,-1,1984,1886,1887,-1,1984,1887,1985,-1,1612,1626,1613,-1,1613,1626,1888,-1,1613,1888,1986,-1,1986,1888,1889,-1,1986,1889,1987,-1,1987,1889,1890,-1,1987,1890,1988,-1,1988,1890,1891,-1,1988,1891,1989,-1,1989,1891,1892,-1,1989,1892,1990,-1,1990,1892,1893,-1,1990,1893,1991,-1,1991,1893,1894,-1,1991,1894,1992,-1,1992,1894,1895,-1,1992,1895,1993,-1,1993,1895,1896,-1,1993,1896,1994,-1,1994,1896,1897,-1,1994,1897,1995,-1,1995,1897,1898,-1,1995,1898,1996,-1,1996,1898,1899,-1,1996,1899,1997,-1,1997,1899,1900,-1,1997,1900,1998,-1,1998,1900,1901,-1,1998,1901,1999,-1,1999,1901,1902,-1,1999,1902,2000,-1,2000,1902,1903,-1,2000,1903,2001,-1,2001,1903,1904,-1,2001,1904,2002,-1,2002,1904,1905,-1,2002,1905,2003,-1,2003,1905,1906,-1,2003,1906,2004,-1,2004,1906,1907,-1,2004,1907,2005,-1,2005,1907,1908,-1,2005,1908,2006,-1,2006,1908,1909,-1,2006,1909,2007,-1,2007,1909,1910,-1,2007,1910,2008,-1,2008,1910,1911,-1,2008,1911,2009,-1,2009,1911,1912,-1,2009,1912,2010,-1,2010,1912,1913,-1,2010,1913,2011,-1,2011,1913,1914,-1,2011,1914,2012,-1,2012,1914,1915,-1,2012,1915,2013,-1,2013,1915,1916,-1,2013,1916,2014,-1,2014,1916,1917,-1,2014,1917,2015,-1,2015,1917,1918,-1,2015,1918,2016,-1,2016,1918,1919,-1,2016,1919,2017,-1,2017,1919,1920,-1,2017,1920,2018,-1,2018,1920,1921,-1,2018,1921,2019,-1,2019,1921,1922,-1,2019,1922,2020,-1,2020,1922,1923,-1,2020,1923,2021,-1,2021,1923,1924,-1,2021,1924,2022,-1,2022,1924,1925,-1,2022,1925,2023,-1,2023,1925,1926,-1,2023,1926,2024,-1,2024,1926,1927,-1,2024,1927,2025,-1,2025,1927,1928,-1,2025,1928,2026,-1,2026,1928,1929,-1,2026,1929,2027,-1,2027,1929,1930,-1,2027,1930,2028,-1,2028,1930,1931,-1,2028,1931,2029,-1,2029,1931,1932,-1,2029,1932,2030,-1,2030,1932,1933,-1,2030,1933,2031,-1,2031,1933,1934,-1,2031,1934,2032,-1,2032,1934,1935,-1,2032,1935,2033,-1,2033,1935,1936,-1,2033,1936,2034,-1,2034,1936,1937,-1,2034,1937,2035,-1,2035,1937,1938,-1,2035,1938,2036,-1,2036,1938,1939,-1,2036,1939,2037,-1,2037,1939,1940,-1,2037,1940,2038,-1,2038,1940,1941,-1,2038,1941,2039,-1,2039,1941,1942,-1,2039,1942,2040,-1,2040,1942,1943,-1,2040,1943,2041,-1,2041,1943,1944,-1,2041,1944,2042,-1,2042,1944,1945,-1,2042,1945,2043,-1,2043,1945,1946,-1,2043,1946,2044,-1,2044,1946,1947,-1,2044,1947,2045,-1,2045,1947,1948,-1,2045,1948,2046,-1,2046,1948,1949,-1,2046,1949,2047,-1,2047,1949,1950,-1,2047,1950,2048,-1,2048,1950,1951,-1,2048,1951,2049,-1,2049,1951,1952,-1,2049,1952,2050,-1,2050,1952,1953,-1,2050,1953,2051,-1,2051,1953,1954,-1,2051,1954,2052,-1,2052,1954,1955,-1,2052,1955,2053,-1,2053,1955,1956,-1,2053,1956,2054,-1,2054,1956,1957,-1,2054,1957,2055,-1,2055,1957,1958,-1,2055,1958,2056,-1,2056,1958,1959,-1,2056,1959,2057,-1,2057,1959,1960,-1,2057,1960,2058,-1,2058,1960,1961,-1,2058,1961,2059,-1,2059,1961,1962,-1,2059,1962,2060,-1,2060,1962,1963,-1,2060,1963,2061,-1,2061,1963,1964,-1,2061,1964,2062,-1,2062,1964,1965,-1,2062,1965,2063,-1,2063,1965,1966,-1,2063,1966,2064,-1,2064,1966,1967,-1,2064,1967,2065,-1,2065,1967,1968,-1,2065,1968,2066,-1,2066,1968,1969,-1,2066,1969,2067,-1,2067,1969,1970,-1,2067,1970,2068,-1,2068,1970,1971,-1,2068,1971,2069,-1,2069,1971,1972,-1,2069,1972,2070,-1,2070,1972,1973,-1,2070,1973,2071,-1,2071,1973,1974,-1,2071,1974,2072,-1,2072,1974,1975,-1,2072,1975,2073,-1,2073,1975,1976,-1,2073,1976,2074,-1,2074,1976,1977,-1,2074,1977,2075,-1,2075,1977,1978,-1,2075,1978,2076,-1,2076,1978,1979,-1,2076,1979,2077,-1,2077,1979,1980,-1,2077,1980,2078,-1,2078,1980,1981,-1,2078,1981,2079,-1,2079,1981,1982,-1,2079,1982,2080,-1,2080,1982,1983,-1,2080,1983,2081,-1,2081,1983,1984,-1,2081,1984,2082,-1,2082,1984,1985,-1,2082,1985,2083,-1,1616,1613,1618,-1,1618,1613,1986,-1,1618,1986,1648,-1,1648,1986,1987,-1,1648,1987,1647,-1,1647,1987,1988,-1,1647,1988,1646,-1,1646,1988,1989,-1,1646,1989,1645,-1,1645,1989,1990,-1,1645,1990,1644,-1,1644,1990,1991,-1,1644,1991,1643,-1,1643,1991,1992,-1,1643,1992,1642,-1,1642,1992,1993,-1,1642,1993,1641,-1,1641,1993,1994,-1,1641,1994,1640,-1,1640,1994,1995,-1,1640,1995,1639,-1,1639,1995,1996,-1,1639,1996,1638,-1,1638,1996,1997,-1,1638,1997,1637,-1,1637,1997,1998,-1,1637,1998,1636,-1,1636,1998,1999,-1,1636,1999,1635,-1,1635,1999,2000,-1,1635,2000,1634,-1,1634,2000,2001,-1,1634,2001,1633,-1,1633,2001,2002,-1,1633,2002,1632,-1,1632,2002,2003,-1,1632,2003,1631,-1,1631,2003,2004,-1,1631,2004,1630,-1,1630,2004,2005,-1,1630,2005,1629,-1,1629,2005,2006,-1,1629,2006,1628,-1,1628,2006,2007,-1,1628,2007,1669,-1,1669,2007,2008,-1,1669,2008,1668,-1,1668,2008,2009,-1,1668,2009,1667,-1,1667,2009,2010,-1,1667,2010,1666,-1,1666,2010,2011,-1,1666,2011,1665,-1,1665,2011,2012,-1,1665,2012,1664,-1,1664,2012,2013,-1,1664,2013,1663,-1,1663,2013,2014,-1,1663,2014,1662,-1,1662,2014,2015,-1,1662,2015,1661,-1,1661,2015,2016,-1,1661,2016,1660,-1,1660,2016,2017,-1,1660,2017,1659,-1,1659,2017,2018,-1,1659,2018,1658,-1,1658,2018,2019,-1,1658,2019,1657,-1,1657,2019,2020,-1,1657,2020,1656,-1,1656,2020,2021,-1,1656,2021,1655,-1,1655,2021,2022,-1,1655,2022,1654,-1,1654,2022,2023,-1,1654,2023,1653,-1,1653,2023,2024,-1,1653,2024,1652,-1,1652,2024,2025,-1,1652,2025,1651,-1,1651,2025,2026,-1,1651,2026,1650,-1,1650,2026,2027,-1,1650,2027,1691,-1,1691,2027,2028,-1,1691,2028,1690,-1,1690,2028,2029,-1,1690,2029,1689,-1,1689,2029,2030,-1,1689,2030,1688,-1,1688,2030,2031,-1,1688,2031,1687,-1,1687,2031,2032,-1,1687,2032,1686,-1,1686,2032,2033,-1,1686,2033,1685,-1,1685,2033,2034,-1,1685,2034,1684,-1,1684,2034,2035,-1,1684,2035,1683,-1,1683,2035,2036,-1,1683,2036,1682,-1,1682,2036,2037,-1,1682,2037,1681,-1,1681,2037,2038,-1,1681,2038,1680,-1,1680,2038,2039,-1,1680,2039,1679,-1,1679,2039,2040,-1,1679,2040,1678,-1,1678,2040,2041,-1,1678,2041,1677,-1,1677,2041,2042,-1,1677,2042,1676,-1,1676,2042,2043,-1,1676,2043,1675,-1,1675,2043,2044,-1,1675,2044,1674,-1,1674,2044,2045,-1,1674,2045,1673,-1,1673,2045,2046,-1,1673,2046,1672,-1,1672,2046,2047,-1,1672,2047,1671,-1,1671,2047,2048,-1,1671,2048,1670,-1,1670,2048,2049,-1,1670,2049,2084,-1,2084,2049,2050,-1,2084,2050,2085,-1,2085,2050,2051,-1,2085,2051,2086,-1,2086,2051,2052,-1,2086,2052,2087,-1,2087,2052,2053,-1,2087,2053,2088,-1,2088,2053,2054,-1,2088,2054,2089,-1,2089,2054,2055,-1,2089,2055,2090,-1,2090,2055,2056,-1,2090,2056,2091,-1,2091,2056,2057,-1,2091,2057,2092,-1,2092,2057,2058,-1,2092,2058,2093,-1,2093,2058,2059,-1,2093,2059,2094,-1,2094,2059,2060,-1,2094,2060,2095,-1,2095,2060,2061,-1,2095,2061,2096,-1,2096,2061,2062,-1,2096,2062,2097,-1,2097,2062,2063,-1,2097,2063,2098,-1,2098,2063,2064,-1,2098,2064,2099,-1,2099,2064,2065,-1,2099,2065,2100,-1,2100,2065,2066,-1,2100,2066,2101,-1,2101,2066,2067,-1,2101,2067,2102,-1,2102,2067,2068,-1,2102,2068,2103,-1,2103,2068,2069,-1,2103,2069,2104,-1,2104,2069,2070,-1,2104,2070,2105,-1,2105,2070,2071,-1,2105,2071,2106,-1,2106,2071,2072,-1,2106,2072,2107,-1,2107,2072,2073,-1,2107,2073,2108,-1,2108,2073,2074,-1,2108,2074,2109,-1,2109,2074,2075,-1,2109,2075,2110,-1,2110,2075,2076,-1,2110,2076,2111,-1,2111,2076,2077,-1,2111,2077,2112,-1,2112,2077,2078,-1,2112,2078,2113,-1,2113,2078,2079,-1,2113,2079,2114,-1,2114,2079,2080,-1,2114,2080,2115,-1,2115,2080,2081,-1,2115,2081,2116,-1,2116,2081,2082,-1,2116,2082,2117,-1,2117,2082,2083,-1,2117,2083,2118,-1,71,70,2118,-1,2118,70,37,-1,2118,37,2117,-1,2117,37,39,-1,2117,39,2116,-1,2116,39,40,-1,2116,40,2115,-1,2115,40,67,-1,2115,67,2114,-1,2114,67,66,-1,2114,66,2113,-1,2113,66,60,-1,2113,60,2112,-1,2112,60,59,-1,2112,59,2111,-1,2111,59,58,-1,2111,58,2110,-1,2110,58,57,-1,2110,57,2109,-1,2109,57,65,-1,2109,65,2108,-1,2108,65,64,-1,2108,64,2107,-1,2107,64,56,-1,2107,56,2106,-1,2106,56,55,-1,2106,55,2105,-1,2105,55,54,-1,2105,54,2104,-1,2104,54,53,-1,2104,53,2103,-1,2103,53,52,-1,2103,52,2102,-1,2102,52,51,-1,2102,51,2101,-1,2101,51,42,-1,2101,42,2100,-1,2100,42,41,-1,2100,41,2099,-1,2099,41,50,-1,2099,50,2098,-1,2098,50,49,-1,2098,49,2097,-1,2097,49,48,-1,2097,48,2096,-1,2096,48,47,-1,2096,47,2095,-1,2095,47,46,-1,2095,46,2094,-1,2094,46,45,-1,2094,45,2093,-1,2093,45,44,-1,2093,44,2092,-1,2092,44,43,-1,2092,43,2091,-1,2091,43,69,-1,2091,69,2090,-1,2090,69,68,-1,2090,68,2089,-1,2089,68,63,-1,2089,63,2088,-1,2088,63,62,-1,2088,62,2087,-1,2087,62,61,-1,2087,61,2086,-1,2086,61,32,-1,2086,32,2085,-1,2085,32,34,-1,2085,34,2084,-1,2084,34,36,-1,2084,36,1670,-1,1670,36,169,-1,1670,169,168,-1,72,71,2119,-1,2119,71,2118,-1,2119,2118,2120,-1,2120,2118,2083,-1,2120,2083,2121,-1,2121,2083,1985,-1,2121,1985,2122,-1,2122,1985,1887,-1,2122,1887,2123,-1,2123,1887,1789,-1,2123,1789,1168,-1,1168,1789,1170,-1,73,72,1605,-1,1605,72,2119,-1,1605,2119,1607,-1,1607,2119,2120,-1,1607,2120,1598,-1,1598,2120,2121,-1,1598,2121,1591,-1,1591,2121,2122,-1,1591,2122,1593,-1,1593,2122,2123,-1,1593,2123,852,-1,852,2123,1168,-1,2124,2125,2126,-1,1620,1619,2127,-1,2128,2129,2130,-1,2131,2132,2128,-1,1615,2133,1616,-1,1616,2133,2134,-1,1616,2134,1611,-1,1611,2134,2135,-1,1611,2135,1612,-1,1612,2135,2136,-1,1623,1622,2137,-1,2137,1622,1627,-1,2137,1627,2136,-1,2136,1627,1625,-1,2136,1625,1612,-1,888,1614,2138,-1,2134,2132,2135,-1,2135,2132,2131,-1,2135,2131,2136,-1,2136,2131,2139,-1,2136,2139,2137,-1,2140,2141,2138,-1,888,2138,886,-1,886,2138,2141,-1,886,2141,882,-1,2128,2130,2131,-1,2131,2130,2142,-1,2131,2142,2139,-1,2139,2142,2143,-1,2139,2143,2144,-1,2144,2124,2139,-1,2139,2124,2126,-1,2139,2126,2137,-1,2137,2126,2127,-1,2137,2127,1623,-1,1623,2127,1619,-1,2125,2145,2126,-1,2126,2145,2140,-1,2126,2140,2127,-1,2127,2140,2138,-1,2127,2138,1620,-1,1620,2138,1614,-1,865,882,2146,-1,2146,882,2141,-1,2146,2141,2147,-1,2147,2141,2140,-1,2147,2140,2148,-1,2148,2140,2145,-1,2142,2130,2149,-1,2144,2143,2150,-1,2125,2124,2151,-1,2148,2145,2152,-1,2146,2147,2153,-1,2154,2155,2156,-1,2156,2155,1229,-1,2157,2158,2159,-1,2159,2158,2160,-1,2159,2160,1229,-1,2159,2161,2157,-1,2157,2161,2162,-1,2157,2162,2163,-1,2163,2162,2164,-1,2164,2162,2165,-1,2164,2165,2166,-1,2166,2165,2167,-1,2166,2167,2168,-1,2168,2167,2169,-1,2168,2169,2170,-1,2170,2169,2171,-1,2170,2171,2172,-1,2172,2171,2173,-1,2172,2173,2174,-1,2174,2173,2175,-1,2174,2175,2176,-1,2176,2175,2177,-1,2176,2177,2178,-1,2178,2177,2179,-1,2179,2177,2180,-1,2179,2180,2181,-1,2181,2180,2182,-1,2181,2182,2183,-1,2183,2182,2184,-1,2184,2182,2185,-1,2184,2185,2186,-1,2186,2185,2187,-1,2186,2187,2188,-1,2188,2187,2149,-1,2188,2149,2189,-1,2189,2149,2130,-1,2189,2130,2129,-1,1229,1382,2156,-1,2156,1382,1381,-1,2156,1381,2154,-1,2154,1381,1380,-1,2190,1380,1379,-1,2190,1379,2191,-1,2191,1379,1384,-1,2191,1384,2192,-1,1384,1383,2192,-1,2192,1383,1375,-1,2192,1375,2193,-1,2193,1375,1377,-1,2193,1377,2194,-1,2194,1377,1376,-1,2194,1376,2195,-1,1376,1378,2195,-1,2195,1378,1372,-1,2195,1372,2196,-1,2196,1372,1371,-1,2196,1371,2197,-1,2197,1371,1374,-1,2197,1374,2198,-1,2198,1374,1373,-1,2198,1373,2199,-1,2199,1373,1367,-1,2199,1367,2200,-1,1367,1368,2200,-1,2200,1368,1369,-1,2200,1369,2201,-1,2201,1369,1370,-1,2201,1370,2153,-1,2153,1370,865,-1,2153,865,2146,-1,2202,2190,2203,-1,2203,2190,2191,-1,2203,2191,2204,-1,2204,2191,2192,-1,2204,2192,2205,-1,2205,2192,2193,-1,2205,2193,2206,-1,2206,2193,2194,-1,2206,2194,2207,-1,2207,2194,2195,-1,2207,2195,2208,-1,2208,2195,2196,-1,2208,2196,2209,-1,2209,2196,2197,-1,2209,2197,2210,-1,2210,2197,2198,-1,2210,2198,2211,-1,2211,2198,2199,-1,2211,2199,2212,-1,2212,2199,2200,-1,2212,2200,2213,-1,2213,2200,2201,-1,2213,2201,2214,-1,2214,2201,2153,-1,2214,2153,2152,-1,2152,2153,2147,-1,2152,2147,2148,-1,2215,2202,2216,-1,2216,2202,2203,-1,2216,2203,2217,-1,2217,2203,2204,-1,2217,2204,2218,-1,2218,2204,2205,-1,2218,2205,2219,-1,2219,2205,2206,-1,2219,2206,2220,-1,2220,2206,2207,-1,2220,2207,2221,-1,2221,2207,2208,-1,2221,2208,2222,-1,2222,2208,2209,-1,2222,2209,2223,-1,2223,2209,2210,-1,2223,2210,2224,-1,2224,2210,2211,-1,2224,2211,2225,-1,2225,2211,2212,-1,2225,2212,2226,-1,2226,2212,2213,-1,2226,2213,2227,-1,2227,2213,2214,-1,2227,2214,2228,-1,2228,2214,2152,-1,2228,2152,2151,-1,2151,2152,2145,-1,2151,2145,2125,-1,1229,2215,2229,-1,2229,2215,2216,-1,2229,2216,2230,-1,2230,2216,2217,-1,2230,2217,2231,-1,2231,2217,2218,-1,2231,2218,2232,-1,2232,2218,2219,-1,2232,2219,2233,-1,2233,2219,2220,-1,2233,2220,2234,-1,2234,2220,2221,-1,2234,2221,2235,-1,2235,2221,2222,-1,2235,2222,2236,-1,2236,2222,2223,-1,2236,2223,2237,-1,2237,2223,2224,-1,2237,2224,2238,-1,2238,2224,2225,-1,2238,2225,2239,-1,2239,2225,2226,-1,2239,2226,2240,-1,2240,2226,2227,-1,2240,2227,2241,-1,2241,2227,2228,-1,2241,2228,2242,-1,2242,2228,2151,-1,2242,2151,2150,-1,2150,2151,2124,-1,2150,2124,2144,-1,1229,2229,2159,-1,2159,2229,2230,-1,2159,2230,2161,-1,2161,2230,2231,-1,2161,2231,2162,-1,2162,2231,2232,-1,2162,2232,2165,-1,2165,2232,2233,-1,2165,2233,2167,-1,2167,2233,2234,-1,2167,2234,2169,-1,2169,2234,2235,-1,2169,2235,2171,-1,2171,2235,2236,-1,2171,2236,2173,-1,2173,2236,2237,-1,2173,2237,2175,-1,2175,2237,2238,-1,2175,2238,2177,-1,2177,2238,2239,-1,2177,2239,2180,-1,2180,2239,2240,-1,2180,2240,2182,-1,2182,2240,2241,-1,2182,2241,2185,-1,2185,2241,2242,-1,2185,2242,2187,-1,2187,2242,2150,-1,2187,2150,2149,-1,2149,2150,2143,-1,2149,2143,2142,-1,1380,2190,2154,-1,2154,2190,2202,-1,2154,2202,2155,-1,2155,2202,2215,-1,2155,2215,1229,-1,1446,2243,2244,-1,1475,1473,2245,-1,2246,2247,2248,-1,2249,2250,2251,-1,2247,2252,2248,-1,2248,2252,2253,-1,2248,2253,2250,-1,2250,2253,2254,-1,2250,2254,2251,-1,2255,2256,2246,-1,2257,2258,2259,-1,2259,2258,2260,-1,2259,2260,2256,-1,2256,2260,2261,-1,2256,2261,2246,-1,2262,2257,2263,-1,2264,2265,2266,-1,2266,2265,2262,-1,2266,2262,2267,-1,2267,2262,2263,-1,2264,2268,2269,-1,2270,2271,2269,-1,2269,2271,2272,-1,2269,2272,2264,-1,2273,2274,2275,-1,2274,2273,2276,-1,2276,2273,2277,-1,2276,2277,2278,-1,1465,1470,2277,-1,2278,2277,2279,-1,2279,2277,1470,-1,2279,1470,1472,-1,1472,1479,2279,-1,2279,1479,1478,-1,2279,1478,2245,-1,2245,1478,1477,-1,2245,1477,1475,-1,1437,1435,2280,-1,2280,1435,2281,-1,2280,2281,2282,-1,337,2283,2284,-1,1435,1434,2281,-1,2281,1434,1445,-1,2281,1445,2285,-1,337,2284,338,-1,338,2284,2286,-1,338,2286,475,-1,475,2286,476,-1,476,2286,2287,-1,476,2287,478,-1,478,2287,2288,-1,478,2288,479,-1,479,2288,2249,-1,479,2249,481,-1,481,2249,2251,-1,481,2251,482,-1,1445,1444,2285,-1,2285,1444,1443,-1,2285,1443,2289,-1,2289,1443,1442,-1,2289,1442,2290,-1,2290,1442,1440,-1,2290,1440,2291,-1,2291,1440,1439,-1,2291,1439,2292,-1,2246,2248,2255,-1,2255,2248,2250,-1,2255,2250,2293,-1,2293,2250,2249,-1,2293,2249,2294,-1,2294,2249,2288,-1,2294,2288,2295,-1,2295,2288,2287,-1,2295,2287,2296,-1,2296,2287,2286,-1,2296,2286,2297,-1,2297,2286,2284,-1,2297,2284,2298,-1,2298,2284,2283,-1,2298,2283,2299,-1,1439,1450,2292,-1,2292,1450,1449,-1,2292,1449,2244,-1,2244,1449,1447,-1,2244,1447,1446,-1,1446,1457,2243,-1,2243,1457,1456,-1,2243,1456,2300,-1,2257,2259,2263,-1,2263,2259,2256,-1,2263,2256,2301,-1,2301,2256,2255,-1,2301,2255,2302,-1,2302,2255,2293,-1,2302,2293,2303,-1,2303,2293,2294,-1,2303,2294,2304,-1,2304,2294,2295,-1,2304,2295,2305,-1,2305,2295,2296,-1,2305,2296,2306,-1,2306,2296,2297,-1,2306,2297,2307,-1,2307,2297,2298,-1,2307,2298,2308,-1,2308,2298,2299,-1,2308,2299,2309,-1,1456,1455,2300,-1,2300,1455,1452,-1,2300,1452,2310,-1,1452,1451,2310,-1,2310,1451,1454,-1,2310,1454,2311,-1,2264,2266,2268,-1,2268,2266,2267,-1,2268,2267,2312,-1,2312,2267,2263,-1,2312,2263,2313,-1,2313,2263,2301,-1,2313,2301,2314,-1,2314,2301,2302,-1,2314,2302,2315,-1,2315,2302,2303,-1,2315,2303,2316,-1,2316,2303,2304,-1,2316,2304,2317,-1,2317,2304,2305,-1,2317,2305,2318,-1,2318,2305,2306,-1,2318,2306,2319,-1,2319,2306,2307,-1,2319,2307,2320,-1,2320,2307,2308,-1,2320,2308,2321,-1,2321,2308,2309,-1,2321,2309,2282,-1,1454,1464,2311,-1,2311,1464,1463,-1,2311,1463,2322,-1,2282,2281,2321,-1,2321,2281,2285,-1,2321,2285,2320,-1,2320,2285,2289,-1,2320,2289,2319,-1,2319,2289,2290,-1,2319,2290,2318,-1,2318,2290,2291,-1,2318,2291,2317,-1,2317,2291,2292,-1,2317,2292,2316,-1,2316,2292,2244,-1,2316,2244,2315,-1,2315,2244,2243,-1,2315,2243,2314,-1,2314,2243,2300,-1,2314,2300,2313,-1,2313,2300,2310,-1,2313,2310,2312,-1,2312,2310,2311,-1,2312,2311,2268,-1,2268,2311,2322,-1,2268,2322,2269,-1,2269,2322,2323,-1,2269,2323,2270,-1,1463,1462,2322,-1,2322,1462,1461,-1,2322,1461,2323,-1,2323,1461,1459,-1,2323,1459,1458,-1,1458,2273,2323,-1,2323,2273,2275,-1,2323,2275,2270,-1,2270,2275,2324,-1,2270,2324,2271,-1,1458,1469,2273,-1,2273,1469,1468,-1,2273,1468,2277,-1,2277,1468,1466,-1,2277,1466,1465,-1,342,340,2325,-1,2283,2326,2327,-1,2327,2326,337,-1,337,335,2327,-1,2327,335,343,-1,2327,343,342,-1,2283,2327,2328,-1,2328,2327,2329,-1,2328,2329,2299,-1,2299,2329,2330,-1,2299,2330,2331,-1,342,2325,2327,-1,2327,2325,2332,-1,2327,2332,2329,-1,2329,2332,2333,-1,2329,2333,2330,-1,2333,2334,2330,-1,2330,2334,2335,-1,2330,2335,2336,-1,2336,2335,2337,-1,2336,2337,2338,-1,2331,2330,2309,-1,2309,2330,2336,-1,2309,2336,2339,-1,2339,2336,2338,-1,2339,2338,2282,-1,2337,2340,2338,-1,2338,2340,2341,-1,2338,2341,2342,-1,2342,2341,2343,-1,2342,2343,2344,-1,1489,1437,2345,-1,2282,2338,2346,-1,2346,2338,2342,-1,2346,2342,2280,-1,2280,2342,2344,-1,2280,2344,2345,-1,2345,2344,1490,-1,2345,1490,1489,-1,2343,2347,2344,-1,2344,2347,2348,-1,2344,2348,1490,-1,1490,2348,1173,-1,228,227,2349,-1,345,350,2350,-1,2351,2352,2353,-1,2354,1124,1123,-1,2355,2356,2357,-1,2357,2356,2358,-1,2359,2360,2361,-1,2361,2360,2354,-1,2362,2363,2364,-1,2364,2363,2359,-1,2352,2365,2366,-1,2366,2365,2367,-1,2366,2367,2362,-1,2351,2353,2356,-1,2368,461,2369,-1,2369,461,460,-1,2369,460,2370,-1,2370,460,459,-1,2370,459,2371,-1,2371,459,455,-1,2371,455,2372,-1,2372,455,457,-1,2372,457,2373,-1,2373,457,458,-1,2373,458,2374,-1,2374,458,441,-1,2374,441,2375,-1,2375,441,440,-1,2375,440,2376,-1,2376,440,446,-1,2376,446,2377,-1,2377,446,445,-1,2377,445,2378,-1,2378,445,449,-1,2378,449,2379,-1,2379,449,448,-1,2379,448,2380,-1,2380,448,464,-1,2380,464,2381,-1,2381,464,463,-1,2381,463,2382,-1,2382,463,462,-1,2382,462,2383,-1,2383,462,469,-1,2383,469,2384,-1,2384,469,468,-1,2384,468,2385,-1,2385,468,467,-1,2385,467,2386,-1,2386,467,466,-1,2386,466,2387,-1,2387,466,465,-1,2387,465,2358,-1,2358,465,2388,-1,2358,2388,2357,-1,2389,433,2390,-1,2390,433,432,-1,2390,432,2391,-1,2391,432,423,-1,2391,423,2392,-1,2392,423,422,-1,2392,422,2368,-1,2368,422,453,-1,2368,453,461,-1,2393,418,2394,-1,2394,418,417,-1,2394,417,2395,-1,2395,417,414,-1,2395,414,2396,-1,2396,414,413,-1,2396,413,2397,-1,2397,413,412,-1,2397,412,2398,-1,2398,412,411,-1,2398,411,2399,-1,2399,411,416,-1,2399,416,2400,-1,2400,416,415,-1,2400,415,2401,-1,2401,415,410,-1,2401,410,2402,-1,2402,410,409,-1,2402,409,2403,-1,2403,409,408,-1,2403,408,2389,-1,2389,408,434,-1,2389,434,433,-1,2404,332,2405,-1,2405,332,222,-1,2405,222,2393,-1,2393,222,221,-1,2393,221,418,-1,2406,316,2407,-1,2407,316,317,-1,2407,317,2404,-1,2404,317,333,-1,2404,333,332,-1,2408,407,2409,-1,2409,407,406,-1,2409,406,2410,-1,2410,406,405,-1,2410,405,2406,-1,2406,405,315,-1,2406,315,316,-1,2411,404,2412,-1,2412,404,403,-1,2412,403,2408,-1,2408,403,402,-1,2408,402,407,-1,2413,401,2414,-1,2414,401,400,-1,2414,400,2415,-1,2415,400,225,-1,2415,225,2411,-1,2411,225,224,-1,2411,224,404,-1,2416,391,2417,-1,2417,391,256,-1,2417,256,2418,-1,2418,256,255,-1,2418,255,2419,-1,2419,255,254,-1,2419,254,2420,-1,2420,254,253,-1,2420,253,2421,-1,2421,253,252,-1,2421,252,2422,-1,2422,252,399,-1,2422,399,2423,-1,2423,399,398,-1,2423,398,2413,-1,2413,398,397,-1,2413,397,401,-1,2424,387,2425,-1,2425,387,396,-1,2425,396,2426,-1,2426,396,395,-1,2426,395,2427,-1,2427,395,394,-1,2427,394,2428,-1,2428,394,393,-1,2428,393,2416,-1,2416,393,392,-1,2416,392,391,-1,2429,384,2430,-1,2430,384,390,-1,2430,390,2431,-1,2431,390,389,-1,2431,389,2424,-1,2424,389,388,-1,2424,388,387,-1,2432,366,2433,-1,2433,366,381,-1,2433,381,2434,-1,2434,381,380,-1,2434,380,2435,-1,2435,380,374,-1,2435,374,2436,-1,2436,374,373,-1,2436,373,2437,-1,2437,373,372,-1,2437,372,2438,-1,2438,372,371,-1,2438,371,2439,-1,2439,371,379,-1,2439,379,2440,-1,2440,379,378,-1,2440,378,2441,-1,2441,378,370,-1,2441,370,2442,-1,2442,370,369,-1,2442,369,2443,-1,2443,369,368,-1,2443,368,2444,-1,2444,368,367,-1,2444,367,2445,-1,2445,367,383,-1,2445,383,2446,-1,2446,383,382,-1,2446,382,2447,-1,2447,382,377,-1,2447,377,2448,-1,2448,377,376,-1,2448,376,2449,-1,2449,376,375,-1,2449,375,2450,-1,2450,375,364,-1,2450,364,2451,-1,2451,364,363,-1,2451,363,2452,-1,2452,363,386,-1,2452,386,2429,-1,2429,386,385,-1,2429,385,384,-1,2354,1123,2361,-1,2361,1123,1129,-1,2361,1129,2453,-1,2453,1129,1127,-1,2453,1127,2454,-1,2454,1127,1119,-1,2454,1119,2455,-1,2455,1119,1117,-1,2455,1117,2456,-1,2456,1117,1116,-1,2456,1116,2457,-1,2457,1116,1112,-1,2457,1112,2458,-1,2458,1112,1110,-1,2458,1110,2459,-1,2459,1110,1105,-1,2459,1105,2460,-1,2460,1105,1103,-1,2460,1103,2461,-1,2461,1103,1099,-1,2461,1099,2462,-1,2462,1099,1098,-1,2462,1098,2463,-1,2463,1098,1096,-1,2463,1096,2464,-1,2464,1096,1091,-1,2464,1091,2465,-1,2465,1091,1089,-1,2465,1089,2466,-1,2466,1089,1085,-1,2466,1085,2467,-1,2467,1085,1083,-1,2467,1083,2468,-1,2468,1083,1082,-1,2468,1082,2469,-1,2469,1082,1078,-1,2469,1078,2470,-1,2470,1078,1076,-1,2470,1076,2471,-1,2471,1076,1071,-1,2471,1071,2472,-1,2472,1071,1069,-1,2472,1069,2473,-1,2473,1069,1067,-1,2473,1067,2474,-1,2474,1067,1064,-1,2474,1064,2475,-1,2475,1064,1061,-1,2475,1061,2476,-1,2476,1061,1057,-1,2476,1057,2477,-1,2477,1057,1055,-1,2477,1055,2478,-1,2478,1055,1053,-1,2478,1053,2479,-1,2479,1053,1049,-1,2479,1049,2480,-1,2480,1049,1048,-1,2480,1048,2481,-1,2481,1048,1046,-1,2481,1046,2482,-1,2482,1046,1042,-1,2482,1042,2483,-1,2483,1042,1040,-1,2483,1040,2484,-1,2484,1040,1035,-1,2484,1035,2485,-1,2485,1035,1033,-1,2485,1033,2486,-1,2486,1033,1032,-1,2486,1032,2487,-1,2487,1032,1028,-1,2487,1028,2488,-1,2488,1028,1026,-1,2488,1026,2489,-1,2489,1026,1021,-1,2489,1021,2490,-1,2490,1021,1019,-1,2490,1019,2491,-1,2491,1019,1015,-1,2491,1015,2492,-1,2492,1015,1014,-1,2492,1014,2493,-1,2493,1014,1012,-1,2493,1012,2494,-1,2494,1012,1008,-1,2494,1008,2495,-1,2495,1008,1006,-1,2495,1006,2496,-1,2496,1006,1001,-1,2496,1001,2497,-1,2497,1001,999,-1,2497,999,2498,-1,2498,999,998,-1,2498,998,2499,-1,2499,998,994,-1,2499,994,2500,-1,2500,994,992,-1,2500,992,2501,-1,2501,992,987,-1,2501,987,2502,-1,2502,987,985,-1,2502,985,2503,-1,2503,985,981,-1,2503,981,2504,-1,2504,981,980,-1,2504,980,2505,-1,2505,980,978,-1,2505,978,2506,-1,2506,978,973,-1,2506,973,2507,-1,2507,973,971,-1,2507,971,2508,-1,2508,971,967,-1,2508,967,2509,-1,2509,967,965,-1,2509,965,2510,-1,2510,965,964,-1,2510,964,2511,-1,2511,964,960,-1,2511,960,2512,-1,2512,960,957,-1,2512,957,2513,-1,2513,957,953,-1,2513,953,2514,-1,2514,953,951,-1,2514,951,2515,-1,2515,951,949,-1,2515,949,2516,-1,2516,949,946,-1,2516,946,2517,-1,2517,946,943,-1,2517,943,2518,-1,2518,943,939,-1,2518,939,2519,-1,2519,939,937,-1,2519,937,2520,-1,2520,937,935,-1,2520,935,2521,-1,2521,935,931,-1,2521,931,2522,-1,2522,931,930,-1,2522,930,2523,-1,2523,930,928,-1,2523,928,2524,-1,2524,928,924,-1,2524,924,2525,-1,2525,924,922,-1,2525,922,2526,-1,2526,922,917,-1,2526,917,2527,-1,2527,917,915,-1,2527,915,2528,-1,2528,915,914,-1,2528,914,2529,-1,2529,914,910,-1,2529,910,2530,-1,2530,910,908,-1,2530,908,2531,-1,2531,908,903,-1,2531,903,2532,-1,2532,903,901,-1,2532,901,2533,-1,2533,901,897,-1,2533,897,2534,-1,2534,897,896,-1,2534,896,2535,-1,2535,896,894,-1,2535,894,2536,-1,2536,894,890,-1,2536,890,2537,-1,2537,890,887,-1,2537,887,2538,-1,2538,887,884,-1,2538,884,2539,-1,2539,884,881,-1,2539,881,2540,-1,2540,881,880,-1,2540,880,2541,-1,2541,880,871,-1,2541,871,2542,-1,2542,871,873,-1,2542,873,2543,-1,2543,873,877,-1,2543,877,2544,-1,2544,877,863,-1,2544,863,2545,-1,2359,2361,2364,-1,2364,2361,2453,-1,2364,2453,2546,-1,2546,2453,2454,-1,2546,2454,2547,-1,2547,2454,2455,-1,2547,2455,2548,-1,2548,2455,2456,-1,2548,2456,2549,-1,2549,2456,2457,-1,2549,2457,2550,-1,2550,2457,2458,-1,2550,2458,2551,-1,2551,2458,2459,-1,2551,2459,2552,-1,2552,2459,2460,-1,2552,2460,2553,-1,2553,2460,2461,-1,2553,2461,2554,-1,2554,2461,2462,-1,2554,2462,2555,-1,2555,2462,2463,-1,2555,2463,2556,-1,2556,2463,2464,-1,2556,2464,2557,-1,2557,2464,2465,-1,2557,2465,2558,-1,2558,2465,2466,-1,2558,2466,2559,-1,2559,2466,2467,-1,2559,2467,2560,-1,2560,2467,2468,-1,2560,2468,2561,-1,2561,2468,2469,-1,2561,2469,2562,-1,2562,2469,2470,-1,2562,2470,2563,-1,2563,2470,2471,-1,2563,2471,2564,-1,2564,2471,2472,-1,2564,2472,2565,-1,2565,2472,2473,-1,2565,2473,2566,-1,2566,2473,2474,-1,2566,2474,2567,-1,2567,2474,2475,-1,2567,2475,2568,-1,2568,2475,2476,-1,2568,2476,2569,-1,2569,2476,2477,-1,2569,2477,2570,-1,2570,2477,2478,-1,2570,2478,2571,-1,2571,2478,2479,-1,2571,2479,2572,-1,2572,2479,2480,-1,2572,2480,2573,-1,2573,2480,2481,-1,2573,2481,2574,-1,2574,2481,2482,-1,2574,2482,2575,-1,2575,2482,2483,-1,2575,2483,2576,-1,2576,2483,2484,-1,2576,2484,2577,-1,2577,2484,2485,-1,2577,2485,2578,-1,2578,2485,2486,-1,2578,2486,2579,-1,2579,2486,2487,-1,2579,2487,2580,-1,2580,2487,2488,-1,2580,2488,2581,-1,2581,2488,2489,-1,2581,2489,2582,-1,2582,2489,2490,-1,2582,2490,2583,-1,2583,2490,2491,-1,2583,2491,2584,-1,2584,2491,2492,-1,2584,2492,2585,-1,2585,2492,2493,-1,2585,2493,2586,-1,2586,2493,2494,-1,2586,2494,2587,-1,2587,2494,2495,-1,2587,2495,2588,-1,2588,2495,2496,-1,2588,2496,2589,-1,2589,2496,2497,-1,2589,2497,2590,-1,2590,2497,2498,-1,2590,2498,2591,-1,2591,2498,2499,-1,2591,2499,2592,-1,2592,2499,2500,-1,2592,2500,2593,-1,2593,2500,2501,-1,2593,2501,2594,-1,2594,2501,2502,-1,2594,2502,2595,-1,2595,2502,2503,-1,2595,2503,2596,-1,2596,2503,2504,-1,2596,2504,2597,-1,2597,2504,2505,-1,2597,2505,2598,-1,2598,2505,2506,-1,2598,2506,2599,-1,2599,2506,2507,-1,2599,2507,2600,-1,2600,2507,2508,-1,2600,2508,2601,-1,2601,2508,2509,-1,2601,2509,2602,-1,2602,2509,2510,-1,2602,2510,2603,-1,2603,2510,2511,-1,2603,2511,2604,-1,2604,2511,2512,-1,2604,2512,2605,-1,2605,2512,2513,-1,2605,2513,2606,-1,2606,2513,2514,-1,2606,2514,2607,-1,2607,2514,2515,-1,2607,2515,2608,-1,2608,2515,2516,-1,2608,2516,2609,-1,2609,2516,2517,-1,2609,2517,2610,-1,2610,2517,2518,-1,2610,2518,2611,-1,2611,2518,2519,-1,2611,2519,2612,-1,2612,2519,2520,-1,2612,2520,2613,-1,2613,2520,2521,-1,2613,2521,2614,-1,2614,2521,2522,-1,2614,2522,2615,-1,2615,2522,2523,-1,2615,2523,2616,-1,2616,2523,2524,-1,2616,2524,2617,-1,2617,2524,2525,-1,2617,2525,2618,-1,2618,2525,2526,-1,2618,2526,2619,-1,2619,2526,2527,-1,2619,2527,2620,-1,2620,2527,2528,-1,2620,2528,2621,-1,2621,2528,2529,-1,2621,2529,2622,-1,2622,2529,2530,-1,2622,2530,2623,-1,2623,2530,2531,-1,2623,2531,2624,-1,2624,2531,2532,-1,2624,2532,2625,-1,2625,2532,2533,-1,2625,2533,2626,-1,2626,2533,2534,-1,2626,2534,2627,-1,2627,2534,2535,-1,2627,2535,2628,-1,2628,2535,2536,-1,2628,2536,2629,-1,2629,2536,2537,-1,2629,2537,2630,-1,2630,2537,2538,-1,2630,2538,2631,-1,2631,2538,2539,-1,2631,2539,2632,-1,2632,2539,2540,-1,2632,2540,2633,-1,2633,2540,2541,-1,2633,2541,2634,-1,2634,2541,2542,-1,2634,2542,2635,-1,2635,2542,2543,-1,2635,2543,2636,-1,2636,2543,2544,-1,2636,2544,2637,-1,2637,2544,2545,-1,2637,2545,2638,-1,2362,2364,2366,-1,2366,2364,2546,-1,2366,2546,2639,-1,2639,2546,2547,-1,2639,2547,2640,-1,2640,2547,2548,-1,2640,2548,2641,-1,2641,2548,2549,-1,2641,2549,2642,-1,2642,2549,2550,-1,2642,2550,2643,-1,2643,2550,2551,-1,2643,2551,2644,-1,2644,2551,2552,-1,2644,2552,2645,-1,2645,2552,2553,-1,2645,2553,2646,-1,2646,2553,2554,-1,2646,2554,2647,-1,2647,2554,2555,-1,2647,2555,2648,-1,2648,2555,2556,-1,2648,2556,2649,-1,2649,2556,2557,-1,2649,2557,2650,-1,2650,2557,2558,-1,2650,2558,2651,-1,2651,2558,2559,-1,2651,2559,2652,-1,2652,2559,2560,-1,2652,2560,2653,-1,2653,2560,2561,-1,2653,2561,2654,-1,2654,2561,2562,-1,2654,2562,2655,-1,2655,2562,2563,-1,2655,2563,2656,-1,2656,2563,2564,-1,2656,2564,2657,-1,2657,2564,2565,-1,2657,2565,2658,-1,2658,2565,2566,-1,2658,2566,2659,-1,2659,2566,2567,-1,2659,2567,2660,-1,2660,2567,2568,-1,2660,2568,2661,-1,2661,2568,2569,-1,2661,2569,2662,-1,2662,2569,2570,-1,2662,2570,2663,-1,2663,2570,2571,-1,2663,2571,2664,-1,2664,2571,2572,-1,2664,2572,2665,-1,2665,2572,2573,-1,2665,2573,2666,-1,2666,2573,2574,-1,2666,2574,2667,-1,2667,2574,2575,-1,2667,2575,2668,-1,2668,2575,2576,-1,2668,2576,2669,-1,2669,2576,2577,-1,2669,2577,2670,-1,2670,2577,2578,-1,2670,2578,2671,-1,2671,2578,2579,-1,2671,2579,2672,-1,2672,2579,2580,-1,2672,2580,2673,-1,2673,2580,2581,-1,2673,2581,2674,-1,2674,2581,2582,-1,2674,2582,2675,-1,2675,2582,2583,-1,2675,2583,2676,-1,2676,2583,2584,-1,2676,2584,2677,-1,2677,2584,2585,-1,2677,2585,2678,-1,2678,2585,2586,-1,2678,2586,2679,-1,2679,2586,2587,-1,2679,2587,2680,-1,2680,2587,2588,-1,2680,2588,2681,-1,2681,2588,2589,-1,2681,2589,2682,-1,2682,2589,2590,-1,2682,2590,2683,-1,2683,2590,2591,-1,2683,2591,2684,-1,2684,2591,2592,-1,2684,2592,2685,-1,2685,2592,2593,-1,2685,2593,2686,-1,2686,2593,2594,-1,2686,2594,2687,-1,2687,2594,2595,-1,2687,2595,2688,-1,2688,2595,2596,-1,2688,2596,2689,-1,2689,2596,2597,-1,2689,2597,2690,-1,2690,2597,2598,-1,2690,2598,2691,-1,2691,2598,2599,-1,2691,2599,2692,-1,2692,2599,2600,-1,2692,2600,2693,-1,2693,2600,2601,-1,2693,2601,2694,-1,2694,2601,2602,-1,2694,2602,2695,-1,2695,2602,2603,-1,2695,2603,2696,-1,2696,2603,2604,-1,2696,2604,2697,-1,2697,2604,2605,-1,2697,2605,2698,-1,2698,2605,2606,-1,2698,2606,2699,-1,2699,2606,2607,-1,2699,2607,2700,-1,2700,2607,2608,-1,2700,2608,2701,-1,2701,2608,2609,-1,2701,2609,2702,-1,2702,2609,2610,-1,2702,2610,2703,-1,2703,2610,2611,-1,2703,2611,2704,-1,2704,2611,2612,-1,2704,2612,2705,-1,2705,2612,2613,-1,2705,2613,2706,-1,2706,2613,2614,-1,2706,2614,2707,-1,2707,2614,2615,-1,2707,2615,2708,-1,2708,2615,2616,-1,2708,2616,2709,-1,2709,2616,2617,-1,2709,2617,2710,-1,2710,2617,2618,-1,2710,2618,2711,-1,2711,2618,2619,-1,2711,2619,2712,-1,2712,2619,2620,-1,2712,2620,2713,-1,2713,2620,2621,-1,2713,2621,2714,-1,2714,2621,2622,-1,2714,2622,2715,-1,2715,2622,2623,-1,2715,2623,2716,-1,2716,2623,2624,-1,2716,2624,2717,-1,2717,2624,2625,-1,2717,2625,2718,-1,2718,2625,2626,-1,2718,2626,2719,-1,2719,2626,2627,-1,2719,2627,2720,-1,2720,2627,2628,-1,2720,2628,2721,-1,2721,2628,2629,-1,2721,2629,2722,-1,2722,2629,2630,-1,2722,2630,2723,-1,2723,2630,2631,-1,2723,2631,2724,-1,2724,2631,2632,-1,2724,2632,2725,-1,2725,2632,2633,-1,2725,2633,2726,-1,2726,2633,2634,-1,2726,2634,2727,-1,2727,2634,2635,-1,2727,2635,2728,-1,2728,2635,2636,-1,2728,2636,2729,-1,2729,2636,2637,-1,2729,2637,2730,-1,2730,2637,2638,-1,2730,2638,2731,-1,2352,2366,2353,-1,2353,2366,2639,-1,2353,2639,2732,-1,2732,2639,2640,-1,2732,2640,2733,-1,2733,2640,2641,-1,2733,2641,2734,-1,2734,2641,2642,-1,2734,2642,2735,-1,2735,2642,2643,-1,2735,2643,2736,-1,2736,2643,2644,-1,2736,2644,2737,-1,2737,2644,2645,-1,2737,2645,2738,-1,2738,2645,2646,-1,2738,2646,2739,-1,2739,2646,2647,-1,2739,2647,2740,-1,2740,2647,2648,-1,2740,2648,2741,-1,2741,2648,2649,-1,2741,2649,2742,-1,2742,2649,2650,-1,2742,2650,2743,-1,2743,2650,2651,-1,2743,2651,2744,-1,2744,2651,2652,-1,2744,2652,2745,-1,2745,2652,2653,-1,2745,2653,2746,-1,2746,2653,2654,-1,2746,2654,2747,-1,2747,2654,2655,-1,2747,2655,2748,-1,2748,2655,2656,-1,2748,2656,2749,-1,2749,2656,2657,-1,2749,2657,2750,-1,2750,2657,2658,-1,2750,2658,2751,-1,2751,2658,2659,-1,2751,2659,2752,-1,2752,2659,2660,-1,2752,2660,2753,-1,2753,2660,2661,-1,2753,2661,2754,-1,2754,2661,2662,-1,2754,2662,2755,-1,2755,2662,2663,-1,2755,2663,2756,-1,2756,2663,2664,-1,2756,2664,2757,-1,2757,2664,2665,-1,2757,2665,2758,-1,2758,2665,2666,-1,2758,2666,2759,-1,2759,2666,2667,-1,2759,2667,2760,-1,2760,2667,2668,-1,2760,2668,2761,-1,2761,2668,2669,-1,2761,2669,2762,-1,2762,2669,2670,-1,2762,2670,2763,-1,2763,2670,2671,-1,2763,2671,2764,-1,2764,2671,2672,-1,2764,2672,2765,-1,2765,2672,2673,-1,2765,2673,2766,-1,2766,2673,2674,-1,2766,2674,2767,-1,2767,2674,2675,-1,2767,2675,2768,-1,2768,2675,2676,-1,2768,2676,2769,-1,2769,2676,2677,-1,2769,2677,2770,-1,2770,2677,2678,-1,2770,2678,2771,-1,2771,2678,2679,-1,2771,2679,2772,-1,2772,2679,2680,-1,2772,2680,2773,-1,2773,2680,2681,-1,2773,2681,2774,-1,2774,2681,2682,-1,2774,2682,2775,-1,2775,2682,2683,-1,2775,2683,2776,-1,2776,2683,2684,-1,2776,2684,2777,-1,2777,2684,2685,-1,2777,2685,2778,-1,2778,2685,2686,-1,2778,2686,2779,-1,2779,2686,2687,-1,2779,2687,2780,-1,2780,2687,2688,-1,2780,2688,2781,-1,2781,2688,2689,-1,2781,2689,2782,-1,2782,2689,2690,-1,2782,2690,2783,-1,2783,2690,2691,-1,2783,2691,2784,-1,2784,2691,2692,-1,2784,2692,2785,-1,2785,2692,2693,-1,2785,2693,2786,-1,2786,2693,2694,-1,2786,2694,2787,-1,2787,2694,2695,-1,2787,2695,2788,-1,2788,2695,2696,-1,2788,2696,2789,-1,2789,2696,2697,-1,2789,2697,2790,-1,2790,2697,2698,-1,2790,2698,2791,-1,2791,2698,2699,-1,2791,2699,2792,-1,2792,2699,2700,-1,2792,2700,2793,-1,2793,2700,2701,-1,2793,2701,2794,-1,2794,2701,2702,-1,2794,2702,2795,-1,2795,2702,2703,-1,2795,2703,2796,-1,2796,2703,2704,-1,2796,2704,2797,-1,2797,2704,2705,-1,2797,2705,2798,-1,2798,2705,2706,-1,2798,2706,2799,-1,2799,2706,2707,-1,2799,2707,2800,-1,2800,2707,2708,-1,2800,2708,2801,-1,2801,2708,2709,-1,2801,2709,2802,-1,2802,2709,2710,-1,2802,2710,2803,-1,2803,2710,2711,-1,2803,2711,2804,-1,2804,2711,2712,-1,2804,2712,2805,-1,2805,2712,2713,-1,2805,2713,2806,-1,2806,2713,2714,-1,2806,2714,2807,-1,2807,2714,2715,-1,2807,2715,2808,-1,2808,2715,2716,-1,2808,2716,2809,-1,2809,2716,2717,-1,2809,2717,2810,-1,2810,2717,2718,-1,2810,2718,2811,-1,2811,2718,2719,-1,2811,2719,2812,-1,2812,2719,2720,-1,2812,2720,2813,-1,2813,2720,2721,-1,2813,2721,2814,-1,2814,2721,2722,-1,2814,2722,2815,-1,2815,2722,2723,-1,2815,2723,2816,-1,2816,2723,2724,-1,2816,2724,2817,-1,2817,2724,2725,-1,2817,2725,2818,-1,2818,2725,2726,-1,2818,2726,2819,-1,2819,2726,2727,-1,2819,2727,2820,-1,2820,2727,2728,-1,2820,2728,2821,-1,2821,2728,2729,-1,2821,2729,2822,-1,2822,2729,2730,-1,2822,2730,2823,-1,2823,2730,2731,-1,2823,2731,2824,-1,2356,2353,2358,-1,2358,2353,2732,-1,2358,2732,2387,-1,2387,2732,2733,-1,2387,2733,2386,-1,2386,2733,2734,-1,2386,2734,2385,-1,2385,2734,2735,-1,2385,2735,2384,-1,2384,2735,2736,-1,2384,2736,2383,-1,2383,2736,2737,-1,2383,2737,2382,-1,2382,2737,2738,-1,2382,2738,2381,-1,2381,2738,2739,-1,2381,2739,2380,-1,2380,2739,2740,-1,2380,2740,2379,-1,2379,2740,2741,-1,2379,2741,2378,-1,2378,2741,2742,-1,2378,2742,2377,-1,2377,2742,2743,-1,2377,2743,2376,-1,2376,2743,2744,-1,2376,2744,2375,-1,2375,2744,2745,-1,2375,2745,2374,-1,2374,2745,2746,-1,2374,2746,2373,-1,2373,2746,2747,-1,2373,2747,2372,-1,2372,2747,2748,-1,2372,2748,2371,-1,2371,2748,2749,-1,2371,2749,2370,-1,2370,2749,2750,-1,2370,2750,2369,-1,2369,2750,2751,-1,2369,2751,2368,-1,2368,2751,2752,-1,2368,2752,2392,-1,2392,2752,2753,-1,2392,2753,2391,-1,2391,2753,2754,-1,2391,2754,2390,-1,2390,2754,2755,-1,2390,2755,2389,-1,2389,2755,2756,-1,2389,2756,2403,-1,2403,2756,2757,-1,2403,2757,2402,-1,2402,2757,2758,-1,2402,2758,2401,-1,2401,2758,2759,-1,2401,2759,2400,-1,2400,2759,2760,-1,2400,2760,2399,-1,2399,2760,2761,-1,2399,2761,2398,-1,2398,2761,2762,-1,2398,2762,2397,-1,2397,2762,2763,-1,2397,2763,2396,-1,2396,2763,2764,-1,2396,2764,2395,-1,2395,2764,2765,-1,2395,2765,2394,-1,2394,2765,2766,-1,2394,2766,2393,-1,2393,2766,2767,-1,2393,2767,2405,-1,2405,2767,2768,-1,2405,2768,2404,-1,2404,2768,2769,-1,2404,2769,2407,-1,2407,2769,2770,-1,2407,2770,2406,-1,2406,2770,2771,-1,2406,2771,2410,-1,2410,2771,2772,-1,2410,2772,2409,-1,2409,2772,2773,-1,2409,2773,2408,-1,2408,2773,2774,-1,2408,2774,2412,-1,2412,2774,2775,-1,2412,2775,2411,-1,2411,2775,2776,-1,2411,2776,2415,-1,2415,2776,2777,-1,2415,2777,2414,-1,2414,2777,2778,-1,2414,2778,2413,-1,2413,2778,2779,-1,2413,2779,2423,-1,2423,2779,2780,-1,2423,2780,2422,-1,2422,2780,2781,-1,2422,2781,2421,-1,2421,2781,2782,-1,2421,2782,2420,-1,2420,2782,2783,-1,2420,2783,2419,-1,2419,2783,2784,-1,2419,2784,2418,-1,2418,2784,2785,-1,2418,2785,2417,-1,2417,2785,2786,-1,2417,2786,2416,-1,2416,2786,2787,-1,2416,2787,2428,-1,2428,2787,2788,-1,2428,2788,2427,-1,2427,2788,2789,-1,2427,2789,2426,-1,2426,2789,2790,-1,2426,2790,2425,-1,2425,2790,2791,-1,2425,2791,2424,-1,2424,2791,2792,-1,2424,2792,2431,-1,2431,2792,2793,-1,2431,2793,2430,-1,2430,2793,2794,-1,2430,2794,2429,-1,2429,2794,2795,-1,2429,2795,2452,-1,2452,2795,2796,-1,2452,2796,2451,-1,2451,2796,2797,-1,2451,2797,2450,-1,2450,2797,2798,-1,2450,2798,2449,-1,2449,2798,2799,-1,2449,2799,2448,-1,2448,2799,2800,-1,2448,2800,2447,-1,2447,2800,2801,-1,2447,2801,2446,-1,2446,2801,2802,-1,2446,2802,2445,-1,2445,2802,2803,-1,2445,2803,2444,-1,2444,2803,2804,-1,2444,2804,2443,-1,2443,2804,2805,-1,2443,2805,2442,-1,2442,2805,2806,-1,2442,2806,2441,-1,2441,2806,2807,-1,2441,2807,2440,-1,2440,2807,2808,-1,2440,2808,2439,-1,2439,2808,2809,-1,2439,2809,2438,-1,2438,2809,2810,-1,2438,2810,2437,-1,2437,2810,2811,-1,2437,2811,2436,-1,2436,2811,2812,-1,2436,2812,2435,-1,2435,2812,2813,-1,2435,2813,2434,-1,2434,2813,2814,-1,2434,2814,2433,-1,2433,2814,2815,-1,2433,2815,2432,-1,2432,2815,2816,-1,2432,2816,2825,-1,2825,2816,2817,-1,2825,2817,2826,-1,2826,2817,2818,-1,2826,2818,2827,-1,2827,2818,2819,-1,2827,2819,2828,-1,2828,2819,2820,-1,2828,2820,2829,-1,2829,2820,2821,-1,2829,2821,2830,-1,2830,2821,2822,-1,2830,2822,2831,-1,2831,2822,2823,-1,2831,2823,2832,-1,2832,2823,2824,-1,2832,2824,2833,-1,360,359,2833,-1,2833,359,355,-1,2833,355,2832,-1,2832,355,354,-1,2832,354,2831,-1,2831,354,353,-1,2831,353,2830,-1,2830,353,352,-1,2830,352,2829,-1,2829,352,362,-1,2829,362,2828,-1,2828,362,361,-1,2828,361,2827,-1,2827,361,358,-1,2827,358,2826,-1,2826,358,357,-1,2826,357,2825,-1,2825,357,356,-1,2825,356,2432,-1,2432,356,365,-1,2432,365,366,-1,349,360,2834,-1,2834,360,2833,-1,2834,2833,2835,-1,2835,2833,2824,-1,2835,2824,2836,-1,2836,2824,2731,-1,2836,2731,2837,-1,2837,2731,2638,-1,2837,2638,2838,-1,2838,2638,2545,-1,2838,2545,859,-1,859,2545,863,-1,350,349,2350,-1,2350,349,2834,-1,2350,2834,2839,-1,2839,2834,2835,-1,2839,2835,2840,-1,2840,2835,2836,-1,2840,2836,2841,-1,2841,2836,2837,-1,2841,2837,2842,-1,2842,2837,2838,-1,2842,2838,858,-1,858,2838,859,-1,346,345,2843,-1,2843,345,2350,-1,2843,2350,2844,-1,2844,2350,2839,-1,2844,2839,2845,-1,2845,2839,2840,-1,2845,2840,2846,-1,2846,2840,2841,-1,2846,2841,2847,-1,2847,2841,2842,-1,2847,2842,855,-1,855,2842,858,-1,347,346,2848,-1,2848,346,2843,-1,2848,2843,2849,-1,2849,2843,2844,-1,2849,2844,2850,-1,2850,2844,2845,-1,2850,2845,2851,-1,2851,2845,2846,-1,2851,2846,2852,-1,2852,2846,2847,-1,2852,2847,1167,-1,1167,2847,855,-1,227,347,2349,-1,2349,347,2848,-1,2349,2848,2853,-1,2853,2848,2849,-1,2853,2849,2854,-1,2854,2849,2850,-1,2854,2850,2855,-1,2855,2850,2851,-1,2855,2851,2856,-1,2856,2851,2852,-1,2856,2852,1169,-1,1169,2852,1167,-1,339,228,2857,-1,2857,228,2349,-1,2857,2349,2858,-1,2858,2349,2853,-1,2858,2853,2859,-1,2859,2853,2854,-1,2859,2854,2860,-1,2860,2854,2855,-1,2860,2855,2861,-1,2861,2855,2856,-1,2861,2856,1171,-1,1171,2856,1169,-1,340,339,2332,-1,2332,339,2857,-1,2332,2857,2334,-1,2334,2857,2858,-1,2334,2858,2337,-1,2337,2858,2859,-1,2337,2859,2341,-1,2341,2859,2860,-1,2341,2860,2347,-1,2347,2860,2861,-1,2347,2861,1173,-1,1173,2861,1171,-1,2862,2351,2356,-1,2355,2863,2356,-1,2356,2863,2864,-1,2356,2864,2862,-1,2862,2864,2865,-1,2862,2865,2866,-1,2867,2868,2869,-1,2869,2868,2870,-1,2869,2870,2871,-1,2871,2870,2872,-1,2873,2874,2875,-1,2875,2874,2876,-1,2875,2876,2877,-1,2866,2878,2862,-1,2862,2878,2879,-1,2862,2879,2876,-1,2876,2879,2880,-1,2876,2880,2877,-1,1124,2868,1131,-1,1131,2868,2867,-1,1131,2867,1132,-1,2359,2870,2360,-1,2360,2870,2868,-1,2360,2868,2354,-1,2354,2868,1124,-1,2359,2363,2870,-1,2870,2363,2874,-1,2870,2874,2872,-1,2872,2874,2873,-1,2363,2362,2874,-1,2874,2362,2367,-1,2874,2367,2876,-1,2876,2367,2365,-1,2876,2365,2862,-1,2862,2365,2352,-1,2862,2352,2351,-1,2879,2878,2881,-1,2877,2880,2882,-1,2873,2875,2883,-1,2871,2872,2884,-1,2867,2869,2885,-1,2886,2887,2888,-1,2888,2887,1175,-1,2889,2890,2891,-1,2891,2890,1175,-1,2889,2891,2892,-1,2892,2891,2893,-1,2892,2893,2894,-1,2894,2893,2895,-1,2895,2893,2896,-1,2895,2896,2897,-1,2897,2896,2898,-1,2898,2896,2899,-1,2898,2899,2900,-1,2900,2899,2901,-1,2900,2901,2902,-1,2902,2901,2903,-1,2902,2903,2904,-1,2904,2903,2905,-1,2904,2905,2906,-1,2906,2905,2907,-1,2906,2907,2908,-1,2908,2907,2909,-1,2909,2907,2910,-1,2909,2910,2911,-1,2911,2910,2912,-1,2911,2912,2913,-1,2913,2912,2914,-1,2914,2912,2915,-1,2914,2915,2916,-1,2916,2915,2917,-1,2916,2917,2918,-1,2918,2917,2919,-1,2918,2919,2920,-1,2920,2919,2921,-1,2921,2919,2922,-1,2921,2922,2923,-1,2923,2922,2881,-1,2923,2881,2924,-1,2924,2881,2878,-1,2924,2878,2866,-1,1175,1415,2888,-1,2888,1415,1416,-1,2888,1416,2886,-1,2886,1416,1413,-1,2925,1413,1412,-1,2925,1412,2926,-1,2926,1412,1418,-1,2926,1418,2927,-1,1418,1417,2927,-1,2927,1417,1405,-1,2927,1405,2928,-1,2928,1405,1406,-1,2928,1406,2929,-1,2929,1406,1407,-1,2929,1407,2930,-1,1407,1410,2930,-1,2930,1410,1394,-1,2930,1394,2931,-1,2931,1394,1396,-1,2931,1396,2932,-1,2932,1396,1398,-1,2932,1398,2933,-1,2933,1398,1400,-1,2933,1400,2934,-1,2934,1400,1393,-1,2934,1393,2935,-1,1393,1392,2935,-1,2935,1392,1390,-1,2935,1390,2936,-1,2936,1390,1387,-1,2936,1387,2885,-1,2885,1387,1132,-1,2885,1132,2867,-1,2937,2925,2938,-1,2938,2925,2926,-1,2938,2926,2939,-1,2939,2926,2927,-1,2939,2927,2940,-1,2940,2927,2928,-1,2940,2928,2941,-1,2941,2928,2929,-1,2941,2929,2942,-1,2942,2929,2930,-1,2942,2930,2943,-1,2943,2930,2931,-1,2943,2931,2944,-1,2944,2931,2932,-1,2944,2932,2945,-1,2945,2932,2933,-1,2945,2933,2946,-1,2946,2933,2934,-1,2946,2934,2947,-1,2947,2934,2935,-1,2947,2935,2948,-1,2948,2935,2936,-1,2948,2936,2949,-1,2949,2936,2885,-1,2949,2885,2884,-1,2884,2885,2869,-1,2884,2869,2871,-1,2950,2937,2951,-1,2951,2937,2938,-1,2951,2938,2952,-1,2952,2938,2939,-1,2952,2939,2953,-1,2953,2939,2940,-1,2953,2940,2954,-1,2954,2940,2941,-1,2954,2941,2955,-1,2955,2941,2942,-1,2955,2942,2956,-1,2956,2942,2943,-1,2956,2943,2957,-1,2957,2943,2944,-1,2957,2944,2958,-1,2958,2944,2945,-1,2958,2945,2959,-1,2959,2945,2946,-1,2959,2946,2960,-1,2960,2946,2947,-1,2960,2947,2961,-1,2961,2947,2948,-1,2961,2948,2962,-1,2962,2948,2949,-1,2962,2949,2963,-1,2963,2949,2884,-1,2963,2884,2883,-1,2883,2884,2872,-1,2883,2872,2873,-1,1175,2950,2964,-1,2964,2950,2951,-1,2964,2951,2965,-1,2965,2951,2952,-1,2965,2952,2966,-1,2966,2952,2953,-1,2966,2953,2967,-1,2967,2953,2954,-1,2967,2954,2968,-1,2968,2954,2955,-1,2968,2955,2969,-1,2969,2955,2956,-1,2969,2956,2970,-1,2970,2956,2957,-1,2970,2957,2971,-1,2971,2957,2958,-1,2971,2958,2972,-1,2972,2958,2959,-1,2972,2959,2973,-1,2973,2959,2960,-1,2973,2960,2974,-1,2974,2960,2961,-1,2974,2961,2975,-1,2975,2961,2962,-1,2975,2962,2976,-1,2976,2962,2963,-1,2976,2963,2977,-1,2977,2963,2883,-1,2977,2883,2882,-1,2882,2883,2875,-1,2882,2875,2877,-1,1175,2964,2891,-1,2891,2964,2965,-1,2891,2965,2893,-1,2893,2965,2966,-1,2893,2966,2896,-1,2896,2966,2967,-1,2896,2967,2899,-1,2899,2967,2968,-1,2899,2968,2901,-1,2901,2968,2969,-1,2901,2969,2903,-1,2903,2969,2970,-1,2903,2970,2905,-1,2905,2970,2971,-1,2905,2971,2907,-1,2907,2971,2972,-1,2907,2972,2910,-1,2910,2972,2973,-1,2910,2973,2912,-1,2912,2973,2974,-1,2912,2974,2915,-1,2915,2974,2975,-1,2915,2975,2917,-1,2917,2975,2976,-1,2917,2976,2919,-1,2919,2976,2977,-1,2919,2977,2922,-1,2922,2977,2882,-1,2922,2882,2881,-1,2881,2882,2880,-1,2881,2880,2879,-1,1413,2925,2886,-1,2886,2925,2937,-1,2886,2937,2887,-1,2887,2937,2950,-1,2887,2950,1175,-1,1217,1216,2978,-1,1217,2978,2979,-1,2979,2978,2980,-1,2979,2980,2981,-1,2981,2980,2982,-1,2981,2982,2983,-1,2983,2982,2984,-1,2983,2984,2985,-1,2985,2984,2986,-1,2986,2984,2987,-1,2986,2987,2988,-1,2987,2989,2988,-1,2988,2989,2990,-1,2988,2990,2991,-1,2991,2990,2992,-1,2991,2992,2993,-1,1216,1218,2994,-1,1216,2994,2978,-1,2978,2994,2995,-1,2978,2995,2980,-1,2980,2995,2996,-1,2980,2996,2982,-1,2982,2996,2997,-1,2982,2997,2984,-1,2984,2997,2987,-1,2987,2997,2998,-1,2987,2998,2989,-1,2989,2998,2990,-1,2990,2998,2999,-1,2990,2999,2992,-1,2993,3000,2991,-1,2991,3000,3001,-1,2991,3001,2988,-1,2988,3001,2986,-1,2986,3001,3002,-1,2986,3002,2985,-1,2985,3002,3003,-1,2985,3003,2983,-1,2983,3003,3004,-1,2983,3004,2981,-1,2981,3004,3005,-1,2981,3005,2979,-1,2979,3005,1219,-1,2979,1219,1217,-1,3006,2999,2998,-1,3007,3008,3009,-1,3010,3011,3012,-1,3013,3014,3015,-1,694,3016,695,-1,695,3016,3017,-1,695,3017,707,-1,3018,3019,3020,-1,3013,3015,3021,-1,707,3017,706,-1,706,3017,3022,-1,706,3022,704,-1,704,3022,703,-1,703,3022,3023,-1,703,3023,701,-1,701,3023,700,-1,700,3023,3024,-1,700,3024,698,-1,698,3024,684,-1,684,3024,3025,-1,684,3025,685,-1,685,3025,681,-1,681,3025,1215,-1,681,1215,682,-1,3016,3018,3017,-1,3017,3018,3020,-1,3017,3020,3022,-1,3022,3020,3026,-1,3022,3026,3023,-1,3023,3026,3027,-1,3023,3027,3024,-1,3024,3027,3028,-1,3024,3028,3025,-1,3025,3028,3029,-1,3025,3029,1215,-1,1215,3029,1225,-1,3019,3021,3020,-1,3020,3021,3015,-1,3020,3015,3026,-1,3026,3015,3030,-1,3026,3030,3027,-1,3027,3030,3031,-1,3027,3031,3028,-1,3028,3031,3032,-1,3028,3032,3029,-1,3029,3032,3033,-1,3029,3033,1225,-1,1225,3033,1224,-1,3014,3010,3015,-1,3015,3010,3012,-1,3015,3012,3030,-1,3030,3012,3034,-1,3030,3034,3031,-1,3031,3034,3035,-1,3031,3035,3032,-1,3032,3035,3036,-1,3032,3036,3033,-1,3033,3036,3037,-1,3033,3037,1224,-1,1224,3037,1222,-1,3011,3007,3012,-1,3012,3007,3009,-1,3012,3009,3034,-1,3034,3009,3038,-1,3034,3038,3035,-1,3035,3038,3039,-1,3035,3039,3036,-1,3036,3039,3040,-1,3036,3040,3037,-1,3037,3040,3041,-1,3037,3041,1222,-1,1222,3041,1220,-1,3008,3006,3009,-1,3009,3006,2998,-1,3009,2998,3038,-1,3038,2998,2997,-1,3038,2997,3039,-1,3039,2997,2996,-1,3039,2996,3040,-1,3040,2996,2995,-1,3040,2995,3041,-1,3041,2995,2994,-1,3041,2994,1220,-1,1220,2994,1218,-1,710,1214,717,-1,717,1214,3042,-1,717,3042,719,-1,719,3042,721,-1,721,3042,3043,-1,721,3043,723,-1,723,3043,724,-1,724,3043,3044,-1,724,3044,726,-1,726,3044,727,-1,727,3044,3045,-1,727,3045,728,-1,728,3045,733,-1,733,3045,3046,-1,733,3046,732,-1,732,3046,731,-1,731,3046,3047,-1,731,3047,730,-1,1214,1213,3042,-1,3042,1213,3048,-1,3042,3048,3043,-1,3043,3048,3049,-1,3043,3049,3044,-1,3044,3049,3050,-1,3044,3050,3045,-1,3045,3050,3051,-1,3045,3051,3046,-1,3046,3051,3052,-1,3046,3052,3047,-1,3047,3052,3053,-1,1213,1223,3048,-1,3048,1223,3054,-1,3048,3054,3049,-1,3049,3054,3055,-1,3049,3055,3050,-1,3050,3055,3056,-1,3050,3056,3051,-1,3051,3056,3057,-1,3051,3057,3052,-1,3052,3057,3058,-1,3052,3058,3053,-1,3053,3058,3059,-1,1223,1221,3054,-1,3054,1221,3060,-1,3054,3060,3055,-1,3055,3060,3061,-1,3055,3061,3056,-1,3056,3061,3062,-1,3056,3062,3057,-1,3057,3062,3063,-1,3057,3063,3058,-1,3058,3063,3064,-1,3058,3064,3059,-1,3059,3064,3065,-1,1221,1219,3060,-1,3060,1219,3005,-1,3060,3005,3061,-1,3061,3005,3004,-1,3061,3004,3062,-1,3062,3004,3003,-1,3062,3003,3063,-1,3063,3003,3002,-1,3063,3002,3064,-1,3064,3002,3001,-1,3064,3001,3065,-1,3065,3001,3000,-1,847,848,802,-1,802,848,801,-1,801,848,849,-1,801,849,850,-1,802,803,847,-1,847,803,804,-1,847,804,845,-1,845,804,805,-1,845,805,846,-1,846,805,806,-1,800,810,834,-1,834,836,800,-1,800,836,841,-1,800,841,806,-1,806,841,843,-1,806,843,846,-1,814,819,822,-1,822,824,814,-1,814,824,829,-1,814,829,810,-1,810,829,831,-1,810,831,834,-1,3066,3067,3068,-1,3066,3068,3069,-1,3069,3068,3070,-1,3069,3070,3071,-1,3071,3070,3072,-1,3071,3072,3073,-1,3073,3072,3074,-1,3073,3074,3075,-1,3075,3074,3076,-1,3075,3076,3077,-1,3077,3076,3078,-1,3077,3078,3079,-1,3079,3078,3080,-1,3079,3080,3081,-1,3081,3080,1268,-1,3081,1268,1267,-1,1267,1269,3082,-1,1267,3082,3081,-1,3081,3082,3083,-1,3081,3083,3079,-1,3079,3083,3084,-1,3079,3084,3077,-1,3077,3084,3085,-1,3077,3085,3075,-1,3075,3085,3073,-1,3073,3085,3086,-1,3073,3086,3071,-1,3071,3086,3069,-1,3069,3086,3087,-1,3069,3087,3066,-1,3067,3088,3068,-1,3068,3088,3089,-1,3068,3089,3070,-1,3070,3089,3072,-1,3072,3089,3090,-1,3072,3090,3074,-1,3074,3090,3091,-1,3074,3091,3076,-1,3076,3091,3092,-1,3076,3092,3078,-1,3078,3092,3093,-1,3078,3093,3080,-1,3080,3093,1270,-1,3080,1270,1268,-1,3094,3095,3096,-1,3097,3098,3099,-1,3100,3101,3102,-1,3103,3104,3105,-1,3106,3087,3086,-1,542,537,3107,-1,522,541,3108,-1,519,523,3109,-1,3110,1276,1266,-1,520,519,1266,-1,1266,519,3109,-1,1266,3109,3110,-1,3110,3109,3111,-1,523,522,3109,-1,3109,522,3108,-1,3109,3108,3111,-1,3111,3108,3112,-1,541,542,3108,-1,3108,542,3107,-1,3108,3107,3112,-1,3112,3107,3113,-1,1275,1276,3114,-1,3114,1276,3110,-1,3114,3110,3115,-1,3115,3110,3111,-1,3115,3111,3116,-1,3116,3111,3112,-1,3116,3112,3117,-1,3117,3112,3113,-1,3117,3113,3099,-1,3118,3119,3096,-1,3104,3106,3105,-1,3105,3106,3086,-1,3105,3086,3120,-1,3120,3086,3085,-1,3120,3085,3121,-1,3121,3085,3084,-1,3121,3084,3122,-1,3122,3084,3083,-1,3122,3083,3123,-1,3123,3083,3082,-1,3123,3082,1271,-1,1271,3082,1269,-1,3101,3103,3102,-1,3102,3103,3105,-1,3102,3105,3124,-1,3124,3105,3120,-1,3124,3120,3125,-1,3125,3120,3121,-1,3125,3121,3126,-1,3126,3121,3122,-1,3126,3122,3127,-1,3127,3122,3123,-1,3127,3123,1273,-1,1273,3123,1271,-1,3098,3100,3099,-1,3099,3100,3102,-1,3099,3102,3117,-1,3117,3102,3124,-1,3117,3124,3116,-1,3116,3124,3125,-1,3116,3125,3115,-1,3115,3125,3126,-1,3115,3126,3114,-1,3114,3126,3127,-1,3114,3127,1275,-1,1275,3127,1273,-1,537,536,3107,-1,3107,536,3118,-1,3107,3118,3113,-1,3113,3118,3096,-1,3113,3096,3099,-1,3099,3096,3095,-1,3099,3095,3097,-1,536,534,3118,-1,3118,534,533,-1,3118,533,3119,-1,3119,533,532,-1,3119,532,518,-1,3094,3096,3128,-1,3128,3096,3119,-1,3128,3119,3129,-1,3129,3119,518,-1,3129,518,517,-1,551,552,3130,-1,3130,552,3131,-1,552,553,3131,-1,3131,553,555,-1,3131,555,3132,-1,555,556,3132,-1,3132,556,558,-1,3132,558,3133,-1,558,561,3133,-1,3133,561,560,-1,3133,560,3134,-1,3088,3135,3089,-1,3089,3135,3136,-1,3089,3136,3090,-1,3090,3136,3137,-1,3090,3137,3091,-1,3091,3137,3138,-1,3091,3138,3092,-1,3092,3138,3139,-1,3092,3139,3093,-1,3093,3139,3140,-1,3093,3140,1270,-1,3135,3141,3136,-1,3136,3141,3142,-1,3136,3142,3137,-1,3137,3142,3143,-1,3137,3143,3138,-1,3138,3143,3144,-1,3138,3144,3139,-1,3139,3144,3145,-1,3139,3145,3140,-1,3140,3145,3146,-1,3141,3147,3142,-1,3142,3147,3148,-1,3142,3148,3143,-1,3143,3148,3149,-1,3143,3149,3144,-1,3144,3149,3150,-1,3144,3150,3145,-1,3145,3150,3151,-1,3145,3151,3146,-1,3146,3151,3152,-1,3147,3130,3148,-1,3148,3130,3131,-1,3148,3131,3149,-1,3149,3131,3132,-1,3149,3132,3150,-1,3150,3132,3133,-1,3150,3133,3151,-1,3151,3133,3134,-1,3151,3134,3152,-1,3152,3134,3153,-1,560,568,3134,-1,3134,568,567,-1,3134,567,3153,-1,3153,567,565,-1,3153,565,563,-1,1270,3140,1272,-1,1272,3140,3146,-1,1272,3146,1274,-1,1274,3146,3152,-1,1274,3152,1264,-1,1264,3152,3153,-1,1264,3153,1265,-1,1265,3153,563,-1,1265,563,545,-1,669,677,640,-1,640,677,676,-1,640,676,639,-1,639,676,675,-1,639,675,638,-1,638,675,680,-1,638,680,637,-1,637,680,679,-1,637,679,636,-1,636,679,678,-1,636,678,635,-1,640,634,669,-1,669,634,644,-1,669,644,663,-1,663,644,648,-1,663,648,658,-1,658,648,653,-1,658,653,656,-1,
        ]
    }
}
Shape{
    appearance Appearance {
        material  Material {
            diffuseColor 0.8980392156862745 0.8980392156862745 0.8980392156862745
            specularColor 0.7176470588235294 0.7176470588235294 0.7176470588235294
            ambientIntensity 0.898
            transparency 0.0
            shininess 0.5
        }
    }
    geometry IndexedFaceSet {
        ccw TRUE
        solid FALSE
        coord DEF co Coordinate {
            point [
                1.6128 -1.8898 -1.9685, 1.6285 -1.9277 -1.9685, 1.4764 -1.9685 -1.9685, 1.6339 -1.9685 -1.9685, 1.6285 -2.0093 -1.9685, 1.5171 -1.8164 -1.9685, 1.5551 -1.8321 -1.9685, 1.5877 -1.8571 -1.9685, 1.3976 -1.8321 -1.9685, 1.4356 -1.8164 -1.9685, 1.4764 -1.811 -1.9685, 1.3243 -1.9277 -1.9685, 1.34 -1.8898 -1.9685, 1.365 -1.8571 -1.9685, 1.34 -2.0472 -1.9685, 1.3243 -2.0093 -1.9685, 1.3189 -1.9685 -1.9685, 1.4356 -2.1206 -1.9685, 1.3976 -2.1049 -1.9685, 1.365 -2.0799 -1.9685, 1.5551 -2.1049 -1.9685, 1.5171 -2.1206 -1.9685, 1.4764 -2.126 -1.9685, 1.6128 -2.0472 -1.9685, 1.5877 -2.0799 -1.9685, 1.5171 -2.1206 0.02, 1.4969 -2.1246 0.0206, 1.5366 -2.114 0.0192, 1.5551 -2.1049 0.018, 1.5722 -2.0934 0.0164, 1.5877 -2.0799 0.0147, 1.6128 -2.0472 0.0104, 1.6285 -2.0093 0.0054, 1.6339 -1.9685 0.0, 1.6285 -1.9277 -0.0054, 1.6128 -1.8898 -0.0104, 1.5877 -1.8571 -0.0147, 1.5171 -1.8164 -0.02, 1.5366 -1.823 -0.0192, 1.5551 -1.8321 -0.018, 1.5722 -1.8436 -0.0164, 1.4558 -1.8124 -0.0206, 1.4764 -1.811 -0.0207, 1.4969 -1.8124 -0.0206, 1.4161 -1.823 -0.0192, 1.4356 -1.8164 -0.02, 1.34 -2.0472 0.0104, 1.3243 -2.0093 0.0054, 1.3189 -1.9685 0.0, 1.3243 -1.9277 -0.0054, 1.34 -1.8898 -0.0104, 1.365 -1.8571 -0.0147, 1.3805 -1.8436 -0.0164, 1.3976 -1.8321 -0.018, 1.3805 -2.0934 0.0164, 1.365 -2.0799 0.0147, 1.4161 -2.114 0.0192, 1.3976 -2.1049 0.018, 1.4764 -2.126 0.0207, 1.4558 -2.1246 0.0206, 1.4356 -2.1206 0.02, 1.4567 -1.9685 0.6037, 1.4357 -1.967 0.5922, 1.4307 -1.9666 0.5895, 1.4109 -1.9621 0.5753, 1.4047 -1.9607 0.5709, 1.3979 -1.9577 0.5654, 1.3807 -1.9502 0.5515, 1.3661 -1.9402 0.5395, 1.365 -1.9395 0.5386, 1.3519 -1.9251 0.526, 1.3243 -1.8788 0.4922, 1.3375 -1.9068 0.511, 1.34 -1.9122 0.5145, 1.3189 -1.8421 0.4718, 1.3221 -1.8641 0.484, 1.3226 -1.8672 0.4857, 1.32 -1.8272 0.4644, 1.3202 -1.8233 0.4625, 1.3243 -1.8047 0.4539, 1.3289 -1.7913 0.4482, 1.3401 -1.7698 0.4375, 1.3405 -1.769 0.4372, 1.3657 -1.7414 0.4194, 1.3472 -1.7597 0.4316, 1.3462 -1.7609 0.4324, 1.3724 -1.7348 0.415, 1.3798 -1.7295 0.4113, 1.3798 -1.7295 0.4112, 1.3981 -1.7198 0.4044, 1.4104 -1.7133 0.3999, 1.4173 -1.7108 0.3982, 1.4218 -1.7092 0.3972, 1.4358 -1.7058 0.3956, 1.4533 -1.7017 0.3937, 1.4567 -1.7013 0.3937, 1.4764 -1.7013 0.3937, 1.4961 -1.7013 0.3937, 1.4975 -1.7014 0.3937, 1.5171 -1.7052 0.395, 1.5179 -1.7054 0.3951, 1.5418 -1.7136 0.4002, 1.5485 -1.716 0.4016, 1.555 -1.7193 0.404, 1.5624 -1.723 0.4066, 1.5844 -1.739 0.4179, 1.5875 -1.7412 0.4194, 1.5906 -1.7434 0.421, 1.6001 -1.7531 0.4275, 1.6213 -1.7856 0.4456, 1.6195 -1.7815 0.4437, 1.6119 -1.7704 0.4374, 1.6239 -1.7913 0.4482, 1.6275 -1.8048 0.4542, 1.6325 -1.8234 0.4625, 1.6328 -1.8272 0.4644, 1.6302 -1.8672 0.4857, 1.6306 -1.8641 0.484, 1.6339 -1.8421 0.4718, 1.6285 -1.8788 0.4922, 1.6153 -1.9068 0.511, 1.6128 -1.9122 0.5145, 1.6009 -1.9251 0.526, 1.5877 -1.9395 0.5386, 1.5866 -1.9402 0.5395, 1.572 -1.9502 0.5516, 1.5551 -1.9583 0.5651, 1.5481 -1.9607 0.5709, 1.5418 -1.9621 0.5753, 1.5221 -1.9666 0.5895, 1.5171 -1.967 0.5922, 1.4961 -1.9685 0.6037, 1.4862 -1.9685 0.6073, 1.4764 -1.9685 0.6085, 1.4665 -1.9685 0.6073, -1.34 2.0472 -1.9685, -1.3243 2.0093 -1.9685, -1.4764 1.9685 -1.9685, -1.3189 1.9685 -1.9685, -1.3243 1.9277 -1.9685, -1.4356 2.1206 -1.9685, -1.3976 2.1049 -1.9685, -1.365 2.0799 -1.9685, -1.5551 2.1049 -1.9685, -1.5171 2.1206 -1.9685, -1.4764 2.126 -1.9685, -1.6285 2.0093 -1.9685, -1.6128 2.0472 -1.9685, -1.5877 2.0799 -1.9685, -1.6128 1.8898 -1.9685, -1.6285 1.9277 -1.9685, -1.6339 1.9685 -1.9685, -1.5171 1.8164 -1.9685, -1.5551 1.8321 -1.9685, -1.5877 1.8571 -1.9685, -1.3976 1.8321 -1.9685, -1.4356 1.8164 -1.9685, -1.4764 1.811 -1.9685, -1.34 1.8898 -1.9685, -1.365 1.8571 -1.9685, -1.5171 2.1206 0.02, -1.4969 2.1246 0.0206, -1.5366 2.114 0.0192, -1.5551 2.1049 0.018, -1.5722 2.0934 0.0164, -1.5877 2.0799 0.0147, -1.6128 2.0472 0.0104, -1.6285 2.0093 0.0054, -1.6339 1.9685 0.0, -1.6285 1.9277 -0.0054, -1.6128 1.8898 -0.0104, -1.5877 1.8571 -0.0147, -1.5171 1.8164 -0.02, -1.5366 1.823 -0.0192, -1.5551 1.8321 -0.018, -1.5722 1.8436 -0.0164, -1.4558 1.8124 -0.0206, -1.4764 1.811 -0.0207, -1.4969 1.8124 -0.0206, -1.4161 1.823 -0.0192, -1.4356 1.8164 -0.02, -1.34 2.0472 0.0104, -1.3243 2.0093 0.0054, -1.3189 1.9685 0.0, -1.3243 1.9277 -0.0054, -1.34 1.8898 -0.0104, -1.365 1.8571 -0.0147, -1.3805 1.8436 -0.0164, -1.3976 1.8321 -0.018, -1.3805 2.0934 0.0164, -1.365 2.0799 0.0147, -1.4161 2.114 0.0192, -1.3976 2.1049 0.018, -1.4764 2.126 0.0207, -1.4558 2.1246 0.0206, -1.4356 2.1206 0.02, -1.4567 1.9685 0.6037, -1.4357 1.967 0.5922, -1.4307 1.9666 0.5895, -1.4109 1.9621 0.5753, -1.4047 1.9607 0.5709, -1.3979 1.9577 0.5654, -1.3807 1.9502 0.5515, -1.3661 1.9402 0.5395, -1.365 1.9395 0.5386, -1.3519 1.9251 0.526, -1.3243 1.8788 0.4922, -1.3375 1.9068 0.511, -1.34 1.9122 0.5145, -1.3189 1.8421 0.4718, -1.3221 1.8641 0.484, -1.3226 1.8672 0.4857, -1.3243 1.8047 0.4539, -1.3202 1.8233 0.4625, -1.32 1.8272 0.4644, -1.3401 1.7698 0.4375, -1.3315 1.7862 0.4457, -1.3289 1.7913 0.4482, -1.3683 1.7389 0.4177, -1.3724 1.7348 0.415, -1.3798 1.7295 0.4113, -1.3405 1.769 0.4372, -1.3472 1.7597 0.4316, -1.3657 1.7414 0.4194, -1.3981 1.7198 0.4044, -1.4104 1.7133 0.3999, -1.4108 1.7132 0.3998, -1.4218 1.7092 0.3972, -1.4358 1.7058 0.3956, -1.4533 1.7017 0.3937, -1.4567 1.7013 0.3937, -1.4764 1.7013 0.3937, -1.4961 1.7013 0.3937, -1.4975 1.7014 0.3937, -1.5171 1.7052 0.395, -1.5179 1.7054 0.3951, -1.5418 1.7136 0.4002, -1.5485 1.716 0.4016, -1.555 1.7193 0.404, -1.5624 1.723 0.4066, -1.5844 1.739 0.4179, -1.5875 1.7412 0.4194, -1.5906 1.7434 0.421, -1.6001 1.7531 0.4275, -1.6213 1.7856 0.4456, -1.6195 1.7815 0.4437, -1.6119 1.7704 0.4374, -1.6239 1.7913 0.4482, -1.6275 1.8048 0.4542, -1.6325 1.8234 0.4625, -1.6328 1.8272 0.4644, -1.6302 1.8672 0.4857, -1.6306 1.8641 0.484, -1.6339 1.8421 0.4718, -1.6285 1.8788 0.4922, -1.6153 1.9068 0.511, -1.6128 1.9122 0.5145, -1.6009 1.9251 0.526, -1.5877 1.9395 0.5386, -1.5866 1.9402 0.5395, -1.572 1.9502 0.5516, -1.5551 1.9583 0.5651, -1.5481 1.9607 0.5709, -1.5418 1.9621 0.5753, -1.5221 1.9666 0.5895, -1.5171 1.967 0.5922, -1.4961 1.9685 0.6037, -1.4862 1.9685 0.6073, -1.4764 1.9685 0.6085, -1.4665 1.9685 0.6073
            ]
        }
        coordIndex [
            0,1,2,-1,2,1,3,-1,2,3,4,-1,5,6,2,-1,2,6,7,-1,2,7,0,-1,8,9,2,-1,2,9,10,-1,2,10,5,-1,11,12,2,-1,2,12,13,-1,2,13,8,-1,14,15,2,-1,2,15,16,-1,2,16,11,-1,17,18,2,-1,2,18,19,-1,2,19,14,-1,20,21,2,-1,2,21,22,-1,2,22,17,-1,4,23,2,-1,2,23,24,-1,2,24,20,-1,25,26,21,-1,21,26,22,-1,25,21,27,-1,27,21,20,-1,27,20,28,-1,28,20,29,-1,29,20,24,-1,29,24,30,-1,30,24,23,-1,30,23,31,-1,31,23,4,-1,31,4,32,-1,32,4,3,-1,32,3,33,-1,33,3,1,-1,33,1,34,-1,34,1,0,-1,34,0,35,-1,35,0,7,-1,35,7,36,-1,6,5,37,-1,37,38,6,-1,6,38,39,-1,6,39,7,-1,7,39,40,-1,7,40,36,-1,9,41,10,-1,10,41,42,-1,10,42,5,-1,5,42,43,-1,5,43,37,-1,8,44,9,-1,9,44,45,-1,9,45,41,-1,19,46,14,-1,14,46,47,-1,14,47,15,-1,15,47,48,-1,15,48,16,-1,16,48,49,-1,16,49,11,-1,11,49,50,-1,11,50,12,-1,12,50,51,-1,12,51,13,-1,13,51,52,-1,13,52,8,-1,8,52,53,-1,8,53,44,-1,18,54,19,-1,19,54,55,-1,19,55,46,-1,17,56,18,-1,18,56,57,-1,18,57,54,-1,26,58,22,-1,22,58,59,-1,22,59,17,-1,17,59,60,-1,17,60,56,-1,59,61,60,-1,60,61,62,-1,60,62,63,-1,63,64,60,-1,60,64,65,-1,60,65,56,-1,56,65,66,-1,56,66,57,-1,66,67,57,-1,57,67,68,-1,57,68,54,-1,54,68,69,-1,54,69,55,-1,55,69,70,-1,55,70,46,-1,71,47,72,-1,72,47,46,-1,72,46,73,-1,73,46,70,-1,74,48,75,-1,75,48,47,-1,75,47,76,-1,76,47,71,-1,74,77,48,-1,48,77,78,-1,48,78,49,-1,78,79,49,-1,49,79,80,-1,49,80,50,-1,50,80,81,-1,50,81,82,-1,83,51,84,-1,84,51,50,-1,84,50,85,-1,85,50,82,-1,83,86,51,-1,51,86,87,-1,51,87,52,-1,52,87,88,-1,52,88,53,-1,53,88,89,-1,53,89,90,-1,90,91,53,-1,53,91,92,-1,53,92,44,-1,44,92,45,-1,45,92,93,-1,45,93,41,-1,93,94,41,-1,41,94,95,-1,41,95,42,-1,95,96,42,-1,42,96,97,-1,42,97,43,-1,43,97,98,-1,43,98,37,-1,37,98,99,-1,37,99,38,-1,99,100,38,-1,38,100,101,-1,38,101,39,-1,101,102,39,-1,39,102,103,-1,39,103,40,-1,40,103,104,-1,40,104,36,-1,104,105,36,-1,36,105,106,-1,36,106,35,-1,35,106,107,-1,35,107,108,-1,109,34,110,-1,110,34,35,-1,110,35,111,-1,111,35,108,-1,109,112,34,-1,34,112,113,-1,34,113,33,-1,33,113,114,-1,33,114,115,-1,116,32,117,-1,117,32,33,-1,117,33,118,-1,118,33,115,-1,116,119,32,-1,32,119,120,-1,32,120,31,-1,120,121,31,-1,31,121,122,-1,31,122,30,-1,30,122,123,-1,30,123,29,-1,29,123,124,-1,29,124,28,-1,124,125,28,-1,28,125,126,-1,28,126,27,-1,126,127,27,-1,27,127,128,-1,27,128,25,-1,25,128,129,-1,129,130,25,-1,25,130,131,-1,25,131,26,-1,26,131,132,-1,26,132,58,-1,58,132,133,-1,58,133,59,-1,59,133,134,-1,59,134,61,-1,135,136,137,-1,137,136,138,-1,137,138,139,-1,140,141,137,-1,137,141,142,-1,137,142,135,-1,143,144,137,-1,137,144,145,-1,137,145,140,-1,146,147,137,-1,137,147,148,-1,137,148,143,-1,149,150,137,-1,137,150,151,-1,137,151,146,-1,152,153,137,-1,137,153,154,-1,137,154,149,-1,155,156,137,-1,137,156,157,-1,137,157,152,-1,139,158,137,-1,137,158,159,-1,137,159,155,-1,160,161,144,-1,144,161,145,-1,160,144,162,-1,162,144,143,-1,162,143,163,-1,163,143,164,-1,164,143,148,-1,164,148,165,-1,165,148,147,-1,165,147,166,-1,166,147,146,-1,166,146,167,-1,167,146,151,-1,167,151,168,-1,168,151,150,-1,168,150,169,-1,169,150,149,-1,169,149,170,-1,170,149,154,-1,170,154,171,-1,153,152,172,-1,172,173,153,-1,153,173,174,-1,153,174,154,-1,154,174,175,-1,154,175,171,-1,156,176,157,-1,157,176,177,-1,157,177,152,-1,152,177,178,-1,152,178,172,-1,155,179,156,-1,156,179,180,-1,156,180,176,-1,142,181,135,-1,135,181,182,-1,135,182,136,-1,136,182,183,-1,136,183,138,-1,138,183,184,-1,138,184,139,-1,139,184,185,-1,139,185,158,-1,158,185,186,-1,158,186,159,-1,159,186,187,-1,159,187,155,-1,155,187,188,-1,155,188,179,-1,141,189,142,-1,142,189,190,-1,142,190,181,-1,140,191,141,-1,141,191,192,-1,141,192,189,-1,161,193,145,-1,145,193,194,-1,145,194,140,-1,140,194,195,-1,140,195,191,-1,194,196,195,-1,195,196,197,-1,195,197,198,-1,198,199,195,-1,195,199,200,-1,195,200,191,-1,191,200,201,-1,191,201,192,-1,201,202,192,-1,192,202,203,-1,192,203,189,-1,189,203,204,-1,189,204,190,-1,190,204,205,-1,190,205,181,-1,206,182,207,-1,207,182,181,-1,207,181,208,-1,208,181,205,-1,209,183,210,-1,210,183,182,-1,210,182,211,-1,211,182,206,-1,212,184,213,-1,213,184,183,-1,213,183,214,-1,214,183,209,-1,215,185,216,-1,216,185,184,-1,216,184,217,-1,217,184,212,-1,218,219,186,-1,186,219,220,-1,186,220,187,-1,215,221,185,-1,185,221,222,-1,185,222,186,-1,186,222,223,-1,186,223,218,-1,187,220,188,-1,188,220,224,-1,188,224,225,-1,225,226,188,-1,188,226,227,-1,188,227,179,-1,179,227,180,-1,180,227,228,-1,180,228,176,-1,228,229,176,-1,176,229,230,-1,176,230,177,-1,230,231,177,-1,177,231,232,-1,177,232,178,-1,178,232,233,-1,178,233,172,-1,172,233,234,-1,172,234,173,-1,234,235,173,-1,173,235,236,-1,173,236,174,-1,236,237,174,-1,174,237,238,-1,174,238,175,-1,175,238,239,-1,175,239,171,-1,239,240,171,-1,171,240,241,-1,171,241,170,-1,170,241,242,-1,170,242,243,-1,244,169,245,-1,245,169,170,-1,245,170,246,-1,246,170,243,-1,244,247,169,-1,169,247,248,-1,169,248,168,-1,168,248,249,-1,168,249,250,-1,251,167,252,-1,252,167,168,-1,252,168,253,-1,253,168,250,-1,251,254,167,-1,167,254,255,-1,167,255,166,-1,255,256,166,-1,166,256,257,-1,166,257,165,-1,165,257,258,-1,165,258,164,-1,164,258,259,-1,164,259,163,-1,259,260,163,-1,163,260,261,-1,163,261,162,-1,261,262,162,-1,162,262,263,-1,162,263,160,-1,160,263,264,-1,264,265,160,-1,160,265,266,-1,160,266,161,-1,161,266,267,-1,161,267,193,-1,193,267,268,-1,193,268,194,-1,194,268,269,-1,194,269,196,-1,
        ]
    }
}
Shape{
    appearance Appearance {
        material  Material {
            diffuseColor 0.0 0.0 0.0
            specularColor 0.0 0.0 0.0
            ambientIntensity 0.0
            transparency 0.0
            shininess 0.5
        }
    }
    geometry IndexedFaceSet {
        ccw TRUE
        solid FALSE
        coord DEF co Coordinate {
            point [
                -0.7134 -1.6969 5.8979, -0.7134 -1.6969 5.8547, -0.7134 -1.6929 5.8979, -0.7134 -1.6929 5.8547, -0.7998 -1.6969 5.8979, -0.7998 -1.6929 5.8979, -0.7998 -1.6969 6.2532, -0.7998 -1.6929 6.2508, -0.7998 -1.6929 6.2532, -0.939 -1.6929 6.2148, -0.939 -1.6969 6.2148, -0.8085 -1.6929 6.2508, -0.939 -1.6969 6.1668, -0.939 -1.6929 6.1668, -0.8478 -1.6969 6.1932, -0.8478 -1.6929 6.1932, -0.8478 -1.6969 5.8979, -0.8478 -1.6929 5.8979, -0.939 -1.6969 5.8979, -0.939 -1.6929 5.8979, -0.939 -1.6969 5.8547, -0.939 -1.6929 5.8547, -0.4916 -1.6969 6.2004, -0.4445 -1.6969 6.2484, -0.4925 -1.6969 6.2004, -0.5019 -1.6969 6.2484, -0.4995 -1.6969 6.1849, -0.5075 -1.6969 6.17, -0.3965 -1.6969 5.9507, -0.3965 -1.6969 5.9939, -0.4445 -1.6969 5.9507, -0.4445 -1.6969 5.9939, -0.6238 -1.6969 5.9939, -0.675 -1.6969 5.9507, -0.4925 -1.6969 5.9939, -0.4925 -1.6969 5.9507, -0.675 -1.6969 5.9868, -0.4925 -1.6969 5.8547, -0.4445 -1.6969 5.8547, -0.4925 -1.6969 6.1597, -0.4923 -1.6969 6.18, -0.3965 -1.6929 5.9939, -0.3965 -1.6929 5.9507, -0.4445 -1.6929 5.9939, -0.4445 -1.6929 6.2484, -0.5019 -1.6929 6.2484, -0.675 -1.6929 5.9868, -0.675 -1.6929 5.9507, -0.4925 -1.6929 5.9507, -0.4925 -1.6929 5.8547, -0.4445 -1.6929 5.8547, -0.4445 -1.6929 5.9507, -0.6238 -1.6929 5.9939, -0.4925 -1.6929 5.9939, -0.4925 -1.6929 6.1597, -0.4916 -1.6929 6.2004, -0.4923 -1.6929 6.18, -0.4925 -1.6929 6.2004, -0.5075 -1.6929 6.17, -0.4995 -1.6929 6.1849
            ]
        }
        coordIndex [
            0,1,2,-1,2,1,3,-1,4,0,5,-1,5,0,2,-1,4,5,6,-1,6,5,7,-1,6,7,8,-1,9,10,11,-1,11,10,6,-1,11,6,8,-1,12,10,13,-1,13,10,9,-1,14,12,15,-1,15,12,13,-1,16,14,17,-1,17,14,15,-1,18,16,19,-1,19,16,17,-1,20,18,21,-1,21,18,19,-1,1,20,3,-1,3,20,21,-1,16,18,20,-1,1,0,4,-1,10,12,6,-1,6,12,14,-1,6,14,4,-1,4,14,16,-1,4,16,1,-1,1,16,20,-1,22,23,24,-1,24,23,25,-1,24,25,26,-1,26,25,27,-1,28,29,30,-1,30,29,31,-1,32,33,34,-1,34,33,35,-1,27,25,32,-1,32,25,36,-1,32,36,33,-1,37,38,35,-1,35,38,30,-1,35,30,34,-1,34,30,31,-1,34,31,39,-1,39,31,23,-1,39,23,40,-1,40,23,22,-1,29,28,41,-1,41,28,42,-1,31,29,43,-1,43,29,41,-1,23,31,44,-1,44,31,43,-1,25,23,45,-1,45,23,44,-1,36,25,46,-1,46,25,45,-1,33,36,47,-1,47,36,46,-1,35,33,48,-1,48,33,47,-1,37,35,49,-1,49,35,48,-1,38,37,50,-1,50,37,49,-1,30,38,51,-1,51,38,50,-1,28,30,42,-1,42,30,51,-1,32,34,52,-1,52,34,53,-1,34,39,53,-1,53,39,54,-1,22,55,56,-1,22,56,40,-1,40,56,54,-1,40,54,39,-1,22,24,55,-1,55,24,57,-1,27,58,59,-1,27,59,26,-1,26,59,57,-1,26,57,24,-1,27,32,58,-1,58,32,52,-1,
        ]
    }
}
Shape{
    appearance Appearance {
        material  Material {
            diffuseColor 0.0 0.984313725490196 1.0
            specularColor 0.0 0.49411764705882355 0.5019607843137255
            ambientIntensity 0.6918
            transparency 0.0
            shininess 0.5
        }
    }
    geometry IndexedFaceSet {
        ccw TRUE
        solid FALSE
        coord DEF co Coordinate {
            point [
                -0.6238 -1.6929 5.9939, -0.4925 -1.6929 5.9939, -0.5075 -1.6929 6.17, -0.4925 -1.6929 6.1597, -0.4995 -1.6929 6.1849, -0.4923 -1.6929 6.18, -0.4925 -1.6929 6.2004, -0.4916 -1.6929 6.2004
            ]
        }
        coordIndex [
            0,1,2,-1,2,1,3,-1,2,3,4,-1,4,3,5,-1,4,5,6,-1,6,5,7,-1,
        ]
    }
}
Shape{
    appearance Appearance {
        material  Material {
            diffuseColor 0.0 0.0 0.0
            specularColor 0.0 0.0 0.0
            ambientIntensity 0.0
            transparency 0.0
            shininess 0.5
        }
    }
    geometry IndexedFaceSet {
        ccw TRUE
        solid FALSE
        coord DEF co Coordinate {
            point [
                -0.021 -1.6969 6.1323, -0.0393 -1.6969 6.1662, -0.0866 -1.6969 6.15, -0.0672 -1.6969 6.197, -0.1058 -1.6969 6.1703, -0.0676 -1.6969 6.1974, -0.1345 -1.6969 6.1888, -0.1104 -1.6969 6.2261, -0.167 -1.6969 6.2002, -0.1565 -1.6969 6.2423, -0.2136 -1.6969 6.2052, -0.2134 -1.6969 6.2484, -0.2717 -1.6969 6.2052, -0.3245 -1.6969 6.2484, -0.2717 -1.6969 5.8979, -0.3245 -1.6969 5.8547, -0.2158 -1.6969 5.8979, -0.2174 -1.6969 5.8547, -0.1743 -1.6969 5.9018, -0.1687 -1.6969 5.8589, -0.1411 -1.6969 5.9121, -0.1234 -1.6969 5.8724, -0.1143 -1.6969 5.928, -0.0823 -1.6969 5.8963, -0.0922 -1.6969 5.9498, -0.0498 -1.6969 5.9274, -0.0756 -1.6969 5.977, -0.0273 -1.6969 5.9626, -0.064 -1.6969 6.014, -0.0131 -1.6969 6.0038, -0.0604 -1.6969 6.0553, -0.0076 -1.6969 6.0565, -0.0638 -1.6969 6.0945, -0.0105 -1.6969 6.0935, -0.073 -1.6969 6.1257, -0.2174 -1.6929 5.8547, -0.3245 -1.6929 5.8547, -0.1687 -1.6929 5.8589, -0.1234 -1.6929 5.8724, -0.0823 -1.6929 5.8963, -0.0498 -1.6929 5.9274, -0.0273 -1.6929 5.9626, -0.0131 -1.6929 6.0038, -0.0076 -1.6929 6.0565, -0.0105 -1.6929 6.0935, -0.021 -1.6929 6.1323, -0.0393 -1.6929 6.1662, -0.0672 -1.6929 6.197, -0.0676 -1.6929 6.1974, -0.1104 -1.6929 6.2261, -0.1565 -1.6929 6.2423, -0.2134 -1.6929 6.2484, -0.3245 -1.6929 6.2484, -0.2136 -1.6929 6.2052, -0.2717 -1.6929 6.2052, -0.2717 -1.6929 5.8979, -0.2158 -1.6929 5.8979, -0.0604 -1.6929 6.0553, -0.064 -1.6929 6.014, -0.0756 -1.6929 5.977, -0.0922 -1.6929 5.9498, -0.1143 -1.6929 5.928, -0.1411 -1.6929 5.9121, -0.1743 -1.6929 5.9018, -0.167 -1.6929 6.2002, -0.1345 -1.6929 6.1888, -0.1058 -1.6929 6.1703, -0.0866 -1.6929 6.15, -0.073 -1.6929 6.1257, -0.0638 -1.6929 6.0945
            ]
        }
        coordIndex [
            0,1,2,-1,2,1,3,-1,2,3,4,-1,4,3,5,-1,4,5,6,-1,6,5,7,-1,6,7,8,-1,8,7,9,-1,8,9,10,-1,10,9,11,-1,10,11,12,-1,12,11,13,-1,12,13,14,-1,14,13,15,-1,14,15,16,-1,16,15,17,-1,16,17,18,-1,18,17,19,-1,18,19,20,-1,20,19,21,-1,20,21,22,-1,22,21,23,-1,22,23,24,-1,24,23,25,-1,24,25,26,-1,26,25,27,-1,26,27,28,-1,28,27,29,-1,28,29,30,-1,30,29,31,-1,30,31,32,-1,32,31,33,-1,32,33,34,-1,34,33,0,-1,34,0,2,-1,17,15,35,-1,35,15,36,-1,17,35,37,-1,17,37,19,-1,19,37,38,-1,19,38,21,-1,21,38,39,-1,21,39,23,-1,23,39,40,-1,23,40,25,-1,25,40,41,-1,25,41,27,-1,27,41,42,-1,27,42,29,-1,29,42,43,-1,29,43,31,-1,31,43,44,-1,31,44,33,-1,33,44,45,-1,33,45,0,-1,0,45,46,-1,0,46,1,-1,1,46,47,-1,1,47,3,-1,3,47,48,-1,3,48,5,-1,5,48,49,-1,5,49,7,-1,7,49,50,-1,7,50,9,-1,9,50,51,-1,9,51,11,-1,13,11,52,-1,52,11,51,-1,15,13,36,-1,36,13,52,-1,10,12,53,-1,53,12,54,-1,12,14,54,-1,54,14,55,-1,14,16,55,-1,55,16,56,-1,30,57,58,-1,30,58,28,-1,28,58,59,-1,28,59,26,-1,26,59,60,-1,26,60,24,-1,24,60,61,-1,24,61,22,-1,22,61,62,-1,22,62,20,-1,20,62,63,-1,20,63,18,-1,18,63,56,-1,18,56,16,-1,10,53,64,-1,10,64,8,-1,8,64,65,-1,8,65,6,-1,6,65,66,-1,6,66,4,-1,4,66,67,-1,4,67,2,-1,2,67,68,-1,2,68,34,-1,34,68,69,-1,34,69,32,-1,32,69,57,-1,32,57,30,-1,
        ]
    }
}
Shape{
    appearance Appearance {
        material  Material {
            diffuseColor 0.0 0.984313725490196 1.0
            specularColor 0.0 0.49411764705882355 0.5019607843137255
            ambientIntensity 0.6918
            transparency 0.0
            shininess 0.5
        }
    }
    geometry IndexedFaceSet {
        ccw TRUE
        solid FALSE
        coord DEF co Coordinate {
            point [
                -0.2717 -1.6929 6.2052, -0.2717 -1.6929 5.8979, -0.2136 -1.6929 6.2052, -0.2158 -1.6929 5.8979, -0.1743 -1.6929 5.9018, -0.0604 -1.6929 6.0553, -0.0638 -1.6929 6.0945, -0.073 -1.6929 6.1257, -0.167 -1.6929 6.2002, -0.1411 -1.6929 5.9121, -0.1143 -1.6929 5.928, -0.0922 -1.6929 5.9498, -0.0756 -1.6929 5.977, -0.064 -1.6929 6.014, -0.0866 -1.6929 6.15, -0.1058 -1.6929 6.1703, -0.1345 -1.6929 6.1888
            ]
        }
        coordIndex [
            0,1,2,-1,2,1,3,-1,2,3,4,-1,5,6,2,-1,2,6,7,-1,2,7,8,-1,4,9,2,-1,2,9,10,-1,2,10,11,-1,11,12,2,-1,2,12,13,-1,2,13,5,-1,14,15,7,-1,7,15,16,-1,7,16,8,-1,
        ]
    }
}
Shape{
    appearance Appearance {
        material  Material {
            diffuseColor 0.0 0.0 0.0
            specularColor 0.0 0.0 0.0
            ambientIntensity 0.0
            transparency 0.0
            shininess 0.5
        }
    }
    geometry IndexedFaceSet {
        ccw TRUE
        solid FALSE
        coord DEF co Coordinate {
            point [
                0.0596 -1.6969 5.8655, 0.0596 -1.6969 5.9183, 0.0596 -1.6929 5.8655, 0.0596 -1.6929 5.9183, 0.1435 -1.6929 5.8499, 0.1435 -1.6969 5.8499, 0.108 -1.6929 5.8523, 0.1005 -1.6969 5.8528, 0.1005 -1.6929 5.8528, 0.0697 -1.6969 5.8607, 0.0697 -1.6929 5.8607, 0.172 -1.6929 5.8516, 0.172 -1.6969 5.8516, 0.1745 -1.6929 5.8523, 0.2091 -1.6969 5.861, 0.2091 -1.6929 5.861, 0.2352 -1.6929 5.8749, 0.2352 -1.6969 5.8749, 0.2577 -1.6929 5.8957, 0.2577 -1.6969 5.8957, 0.2722 -1.6929 5.9176, 0.2722 -1.6969 5.9176, 0.2816 -1.6929 5.9434, 0.2816 -1.6969 5.9434, 0.2853 -1.6929 5.977, 0.2853 -1.6969 5.977, 0.2818 -1.6929 6.0094, 0.2818 -1.6969 6.0094, 0.274 -1.6929 6.0323, 0.274 -1.6969 6.0323, 0.2617 -1.6929 6.0519, 0.2617 -1.6969 6.0519, 0.243 -1.6929 6.0699, 0.243 -1.6969 6.0699, 0.2204 -1.6929 6.0829, 0.2204 -1.6969 6.0829, 0.1915 -1.6929 6.0915, 0.1915 -1.6969 6.0915, 0.155 -1.6929 6.0947, 0.155 -1.6969 6.0947, 0.1385 -1.6929 6.0943, 0.1385 -1.6969 6.0943, 0.122 -1.6929 6.0935, 0.122 -1.6969 6.0935, 0.122 -1.6969 6.2052, 0.122 -1.6929 6.2052, 0.2661 -1.6969 6.2052, 0.2661 -1.6929 6.2052, 0.2661 -1.6969 6.2484, 0.2661 -1.6929 6.2484, 0.074 -1.6969 6.2484, 0.074 -1.6929 6.2484, 0.074 -1.6969 6.048, 0.074 -1.6929 6.048, 0.1046 -1.6929 6.0504, 0.1046 -1.6969 6.0504, 0.1353 -1.6929 6.0515, 0.1353 -1.6969 6.0515, 0.1574 -1.6929 6.0503, 0.1574 -1.6969 6.0503, 0.1849 -1.6929 6.0439, 0.1849 -1.6969 6.0439, 0.2007 -1.6929 6.0362, 0.2007 -1.6969 6.0362, 0.2035 -1.6929 6.0343, 0.2035 -1.6969 6.0343, 0.2157 -1.6929 6.0234, 0.2157 -1.6969 6.0234, 0.225 -1.6929 6.0094, 0.225 -1.6969 6.0094, 0.2303 -1.6929 5.9941, 0.2303 -1.6969 5.9941, 0.2325 -1.6929 5.974, 0.2325 -1.6969 5.974, 0.2311 -1.6929 5.9578, 0.2311 -1.6969 5.9578, 0.2261 -1.6929 5.9408, 0.2261 -1.6969 5.9408, 0.2178 -1.6929 5.9264, 0.2178 -1.6969 5.9264, 0.2058 -1.6929 5.9137, 0.2058 -1.6969 5.9137, 0.1877 -1.6929 5.9022, 0.1877 -1.6969 5.9022, 0.1675 -1.6929 5.8955, 0.1675 -1.6969 5.8955, 0.1421 -1.6929 5.8931, 0.1421 -1.6969 5.8931, 0.1347 -1.6929 5.8933, 0.1347 -1.6969 5.8933, 0.0991 -1.6929 5.8997, 0.0991 -1.6969 5.8997, 0.5877 -1.6969 5.8979, 0.5877 -1.6969 5.8547, 0.5877 -1.6929 5.8979, 0.5877 -1.6929 5.8547, 0.5013 -1.6969 5.8979, 0.5013 -1.6929 5.8979, 0.5013 -1.6969 6.2532, 0.5013 -1.6929 6.2508, 0.5013 -1.6929 6.2532, 0.3621 -1.6929 6.2148, 0.3621 -1.6969 6.2148, 0.4926 -1.6929 6.2508, 0.3621 -1.6969 6.1668, 0.3621 -1.6929 6.1668, 0.4533 -1.6969 6.1932, 0.4533 -1.6929 6.1932, 0.4533 -1.6969 5.8979, 0.4533 -1.6929 5.8979, 0.3621 -1.6969 5.8979, 0.3621 -1.6929 5.8979, 0.3621 -1.6969 5.8547, 0.3621 -1.6929 5.8547, 0.8902 -1.6969 5.8979, 0.8902 -1.6969 5.8547, 0.8902 -1.6929 5.8979, 0.8902 -1.6929 5.8547, 0.8038 -1.6969 5.8979, 0.8038 -1.6929 5.8979, 0.8038 -1.6969 6.2532, 0.8038 -1.6929 6.2508, 0.8038 -1.6929 6.2532, 0.6646 -1.6929 6.2148, 0.6646 -1.6969 6.2148, 0.7951 -1.6929 6.2508, 0.6646 -1.6969 6.1668, 0.6646 -1.6929 6.1668, 0.7558 -1.6969 6.1932, 0.7558 -1.6929 6.1932, 0.7558 -1.6969 5.8979, 0.7558 -1.6929 5.8979, 0.6646 -1.6969 5.8979, 0.6646 -1.6929 5.8979, 0.6646 -1.6969 5.8547, 0.6646 -1.6929 5.8547, 1.0775 -1.6969 6.0596, 1.2551 -1.6969 5.8547, 1.0775 -1.6929 6.0596, 1.2551 -1.6929 5.8547, 1.2455 -1.6969 6.2484, 1.2455 -1.6929 6.2484, 1.1831 -1.6969 6.2484, 1.1831 -1.6929 6.2484, 1.0391 -1.6969 6.0782, 1.0391 -1.6929 6.0782, 1.0346 -1.6929 6.0712, 1.0346 -1.6969 6.0712, 1.0305 -1.6929 6.0638, 1.0305 -1.6969 6.0638, 1.0295 -1.6969 6.0638, 1.0295 -1.6929 6.0638, 1.0295 -1.6969 6.2484, 1.0295 -1.6929 6.2484, 0.9766 -1.6969 6.2484, 0.9766 -1.6929 6.2484, 0.9766 -1.6969 5.8547, 0.9766 -1.6929 5.8547, 1.0295 -1.6969 5.8547, 1.0295 -1.6929 5.8547, 1.0295 -1.6969 6.0476, 1.0295 -1.6929 6.0476, 1.0305 -1.6969 6.0476, 1.0305 -1.6929 6.0476, 1.0345 -1.6929 6.0401, 1.0345 -1.6969 6.0401, 1.0391 -1.6929 6.0329, 1.0391 -1.6969 6.0329, 1.1879 -1.6969 5.8547, 1.1879 -1.6929 5.8547, -0.3332 1.6969 5.9739, -0.3567 1.6969 6.0396, -0.3494 1.6969 6.0699, -0.2899 1.6969 5.9124, -0.3129 1.6969 5.9124, -0.3279 1.6969 5.9566, -0.3582 1.6969 6.0451, -0.3593 1.6969 6.0507, -0.3705 1.6969 6.0699, -0.3598 1.6969 6.0507, -0.3608 1.6969 6.0451, -0.3622 1.6969 6.0396, -0.3859 1.6969 5.9739, -0.432 1.6969 5.9124, -0.4089 1.6969 5.9124, -0.393 1.6969 5.9566, -0.3705 1.6929 6.0699, -0.432 1.6929 5.9124, -0.3494 1.6929 6.0699, -0.2899 1.6929 5.9124, -0.3129 1.6929 5.9124, -0.3279 1.6929 5.9566, -0.393 1.6929 5.9566, -0.4089 1.6929 5.9124, -0.3332 1.6929 5.9739, -0.3859 1.6929 5.9739, -0.3622 1.6929 6.0396, -0.3598 1.6929 6.0507, -0.3608 1.6929 6.0451, -0.3593 1.6929 6.0507, -0.3567 1.6929 6.0396, -0.3582 1.6929 6.0451
            ]
        }
        coordIndex [
            0,1,2,-1,2,1,3,-1,4,5,6,-1,6,5,7,-1,6,7,8,-1,8,7,9,-1,8,9,10,-1,10,9,0,-1,10,0,2,-1,5,4,11,-1,5,11,12,-1,12,11,13,-1,12,13,14,-1,13,15,14,-1,14,15,16,-1,14,16,17,-1,17,16,18,-1,17,18,19,-1,19,18,20,-1,19,20,21,-1,21,20,22,-1,21,22,23,-1,23,22,24,-1,23,24,25,-1,25,24,26,-1,25,26,27,-1,27,26,28,-1,27,28,29,-1,29,28,30,-1,29,30,31,-1,31,30,32,-1,31,32,33,-1,33,32,34,-1,33,34,35,-1,35,34,36,-1,35,36,37,-1,37,36,38,-1,37,38,39,-1,39,38,40,-1,39,40,41,-1,41,40,42,-1,41,42,43,-1,44,43,45,-1,45,43,42,-1,46,44,47,-1,47,44,45,-1,48,46,49,-1,49,46,47,-1,50,48,51,-1,51,48,49,-1,52,50,53,-1,53,50,51,-1,52,53,54,-1,52,54,55,-1,55,54,56,-1,55,56,57,-1,57,56,58,-1,57,58,59,-1,59,58,60,-1,59,60,61,-1,61,60,62,-1,61,62,63,-1,63,62,64,-1,63,64,65,-1,65,64,66,-1,65,66,67,-1,67,66,68,-1,67,68,69,-1,69,68,70,-1,69,70,71,-1,71,70,72,-1,71,72,73,-1,73,72,74,-1,73,74,75,-1,75,74,76,-1,75,76,77,-1,77,76,78,-1,77,78,79,-1,79,78,80,-1,79,80,81,-1,81,80,82,-1,81,82,83,-1,83,82,84,-1,83,84,85,-1,85,84,86,-1,85,86,87,-1,87,86,88,-1,87,88,89,-1,89,88,90,-1,89,90,91,-1,91,90,3,-1,91,3,1,-1,91,1,0,-1,46,48,44,-1,44,48,50,-1,44,50,43,-1,5,89,7,-1,7,89,91,-1,7,91,9,-1,9,91,0,-1,50,52,43,-1,43,52,55,-1,43,55,41,-1,41,55,57,-1,41,57,39,-1,39,57,59,-1,39,59,37,-1,37,59,61,-1,37,61,35,-1,35,61,63,-1,35,63,33,-1,33,63,65,-1,33,65,31,-1,31,65,67,-1,31,67,29,-1,29,67,69,-1,29,69,27,-1,27,69,71,-1,27,71,25,-1,25,71,73,-1,25,73,23,-1,23,73,75,-1,23,75,21,-1,21,75,77,-1,21,77,19,-1,19,77,79,-1,19,79,17,-1,17,79,81,-1,17,81,14,-1,14,81,83,-1,14,83,12,-1,12,83,85,-1,12,85,5,-1,5,85,87,-1,5,87,89,-1,92,93,94,-1,94,93,95,-1,96,92,97,-1,97,92,94,-1,96,97,98,-1,98,97,99,-1,98,99,100,-1,101,102,103,-1,103,102,98,-1,103,98,100,-1,104,102,105,-1,105,102,101,-1,106,104,107,-1,107,104,105,-1,108,106,109,-1,109,106,107,-1,110,108,111,-1,111,108,109,-1,112,110,113,-1,113,110,111,-1,93,112,95,-1,95,112,113,-1,108,110,112,-1,93,92,96,-1,102,104,98,-1,98,104,106,-1,98,106,96,-1,96,106,108,-1,96,108,93,-1,93,108,112,-1,114,115,116,-1,116,115,117,-1,118,114,119,-1,119,114,116,-1,118,119,120,-1,120,119,121,-1,120,121,122,-1,123,124,125,-1,125,124,120,-1,125,120,122,-1,126,124,127,-1,127,124,123,-1,128,126,129,-1,129,126,127,-1,130,128,131,-1,131,128,129,-1,132,130,133,-1,133,130,131,-1,134,132,135,-1,135,132,133,-1,115,134,117,-1,117,134,135,-1,130,132,134,-1,115,114,118,-1,124,126,120,-1,120,126,128,-1,120,128,118,-1,118,128,130,-1,118,130,115,-1,115,130,134,-1,136,137,138,-1,138,137,139,-1,140,136,141,-1,141,136,138,-1,142,140,143,-1,143,140,141,-1,144,142,145,-1,145,142,143,-1,144,145,146,-1,144,146,147,-1,147,146,148,-1,147,148,149,-1,150,149,151,-1,151,149,148,-1,152,150,153,-1,153,150,151,-1,154,152,155,-1,155,152,153,-1,156,154,157,-1,157,154,155,-1,158,156,159,-1,159,156,157,-1,160,158,161,-1,161,158,159,-1,162,160,163,-1,163,160,161,-1,162,163,164,-1,162,164,165,-1,165,164,166,-1,165,166,167,-1,168,167,169,-1,169,167,166,-1,137,168,139,-1,139,168,169,-1,149,150,136,-1,152,154,150,-1,150,154,156,-1,156,158,160,-1,149,136,147,-1,156,160,150,-1,150,160,162,-1,150,162,136,-1,168,137,167,-1,167,137,136,-1,167,136,165,-1,165,136,162,-1,140,142,136,-1,136,142,144,-1,136,144,147,-1,170,171,172,-1,173,174,175,-1,171,176,172,-1,172,176,177,-1,172,177,178,-1,178,177,179,-1,178,179,180,-1,180,181,178,-1,178,181,182,-1,178,182,183,-1,184,183,185,-1,185,183,182,-1,185,182,175,-1,175,182,170,-1,175,170,173,-1,173,170,172,-1,178,183,186,-1,186,183,187,-1,172,178,188,-1,188,178,186,-1,173,172,189,-1,189,172,188,-1,174,173,190,-1,190,173,189,-1,175,174,191,-1,191,174,190,-1,185,175,192,-1,192,175,191,-1,184,185,193,-1,193,185,192,-1,183,184,187,-1,187,184,193,-1,170,182,194,-1,194,182,195,-1,182,181,195,-1,195,181,196,-1,179,197,198,-1,179,198,180,-1,180,198,196,-1,180,196,181,-1,179,177,197,-1,197,177,199,-1,171,200,201,-1,171,201,176,-1,176,201,199,-1,176,199,177,-1,171,170,200,-1,200,170,194,-1,
        ]
    }
}
Shape{
    appearance Appearance {
        material  Material {
            diffuseColor 0.0 0.984313725490196 1.0
            specularColor 0.0 0.49411764705882355 0.5019607843137255
            ambientIntensity 0.6918
            transparency 0.0
            shininess 0.5
        }
    }
    geometry IndexedFaceSet {
        ccw TRUE
        solid FALSE
        coord DEF co Coordinate {
            point [
                -0.3332 1.6929 5.9739, -0.3859 1.6929 5.9739, -0.3567 1.6929 6.0396, -0.3622 1.6929 6.0396, -0.3582 1.6929 6.0451, -0.3608 1.6929 6.0451, -0.3593 1.6929 6.0507, -0.3598 1.6929 6.0507
            ]
        }
        coordIndex [
            0,1,2,-1,2,1,3,-1,2,3,4,-1,4,3,5,-1,4,5,6,-1,6,5,7,-1,
        ]
    }
}
Shape{
    appearance Appearance {
        material  Material {
            diffuseColor 0.0 0.0 0.0
            specularColor 0.0 0.0 0.0
            ambientIntensity 0.0
            transparency 0.0
            shininess 0.5
        }
    }
    geometry IndexedFaceSet {
        ccw TRUE
        solid FALSE
        coord DEF co Coordinate {
            point [
                -0.2761 1.6969 5.9721, -0.2783 1.6969 5.9931, -0.2572 1.6969 5.9927, -0.278 1.6969 6.0009, -0.2559 1.6969 6.0084, -0.275 1.6969 6.0176, -0.2522 1.6969 6.0208, -0.2684 1.6969 6.0328, -0.2468 1.6969 6.0305, -0.2589 1.6969 6.0452, -0.2392 1.6969 6.0386, -0.2528 1.6969 6.0508, -0.2277 1.6969 6.046, -0.2372 1.6969 6.061, -0.2147 1.6969 6.0506, -0.2188 1.6969 6.0675, -0.1959 1.6969 6.0526, -0.196 1.6969 6.0699, -0.1727 1.6969 6.0526, -0.1516 1.6969 6.0699, -0.1727 1.6969 5.9297, -0.1516 1.6969 5.9124, -0.1951 1.6969 5.9297, -0.1944 1.6969 5.9124, -0.2117 1.6969 5.9312, -0.2144 1.6969 5.9142, -0.225 1.6969 5.9354, -0.2325 1.6969 5.9197, -0.2356 1.6969 5.9417, -0.2488 1.6969 5.9293, -0.2445 1.6969 5.9505, -0.2617 1.6969 5.9418, -0.2511 1.6969 5.9612, -0.2705 1.6969 5.9557, -0.2553 1.6969 5.9737, -0.1944 1.6929 5.9124, -0.1516 1.6929 5.9124, -0.2144 1.6929 5.9142, -0.2325 1.6929 5.9197, -0.2488 1.6929 5.9293, -0.2617 1.6929 5.9418, -0.2705 1.6929 5.9557, -0.2761 1.6929 5.9721, -0.2783 1.6929 5.9931, -0.278 1.6929 6.0009, -0.275 1.6929 6.0176, -0.2684 1.6929 6.0328, -0.2589 1.6929 6.0452, -0.2528 1.6929 6.0508, -0.2372 1.6929 6.061, -0.2188 1.6929 6.0675, -0.196 1.6929 6.0699, -0.1516 1.6929 6.0699, -0.1959 1.6929 6.0526, -0.1727 1.6929 6.0526, -0.1727 1.6929 5.9297, -0.1951 1.6929 5.9297, -0.2572 1.6929 5.9927, -0.2553 1.6929 5.9737, -0.2511 1.6929 5.9612, -0.2445 1.6929 5.9505, -0.2356 1.6929 5.9417, -0.225 1.6929 5.9354, -0.2117 1.6929 5.9312, -0.2147 1.6929 6.0506, -0.2277 1.6929 6.046, -0.2392 1.6929 6.0386, -0.2468 1.6929 6.0305, -0.2522 1.6929 6.0208, -0.2559 1.6929 6.0084
            ]
        }
        coordIndex [
            0,1,2,-1,2,1,3,-1,2,3,4,-1,4,3,5,-1,4,5,6,-1,6,5,7,-1,6,7,8,-1,8,7,9,-1,8,9,10,-1,10,9,11,-1,10,11,12,-1,12,11,13,-1,12,13,14,-1,14,13,15,-1,14,15,16,-1,16,15,17,-1,16,17,18,-1,18,17,19,-1,18,19,20,-1,20,19,21,-1,20,21,22,-1,22,21,23,-1,22,23,24,-1,24,23,25,-1,24,25,26,-1,26,25,27,-1,26,27,28,-1,28,27,29,-1,28,29,30,-1,30,29,31,-1,30,31,32,-1,32,31,33,-1,32,33,34,-1,34,33,0,-1,34,0,2,-1,23,21,35,-1,35,21,36,-1,23,35,37,-1,23,37,25,-1,25,37,38,-1,25,38,27,-1,27,38,39,-1,27,39,29,-1,29,39,40,-1,29,40,31,-1,31,40,41,-1,31,41,33,-1,33,41,42,-1,33,42,0,-1,0,42,43,-1,0,43,1,-1,1,43,44,-1,1,44,3,-1,3,44,45,-1,3,45,5,-1,5,45,46,-1,5,46,7,-1,7,46,47,-1,7,47,9,-1,9,47,48,-1,9,48,11,-1,11,48,49,-1,11,49,13,-1,13,49,50,-1,13,50,15,-1,15,50,51,-1,15,51,17,-1,19,17,52,-1,52,17,51,-1,21,19,36,-1,36,19,52,-1,16,18,53,-1,53,18,54,-1,18,20,54,-1,54,20,55,-1,20,22,55,-1,55,22,56,-1,2,57,58,-1,2,58,34,-1,34,58,59,-1,34,59,32,-1,32,59,60,-1,32,60,30,-1,30,60,61,-1,30,61,28,-1,28,61,62,-1,28,62,26,-1,26,62,63,-1,26,63,24,-1,24,63,56,-1,24,56,22,-1,16,53,64,-1,16,64,14,-1,14,64,65,-1,14,65,12,-1,12,65,66,-1,12,66,10,-1,10,66,67,-1,10,67,8,-1,8,67,68,-1,8,68,6,-1,6,68,69,-1,6,69,4,-1,4,69,57,-1,4,57,2,-1,
        ]
    }
}
Shape{
    appearance Appearance {
        material  Material {
            diffuseColor 0.0 0.984313725490196 1.0
            specularColor 0.0 0.49411764705882355 0.5019607843137255
            ambientIntensity 0.6918
            transparency 0.0
            shininess 0.5
        }
    }
    geometry IndexedFaceSet {
        ccw TRUE
        solid FALSE
        coord DEF co Coordinate {
            point [
                -0.1727 1.6929 6.0526, -0.1727 1.6929 5.9297, -0.1959 1.6929 6.0526, -0.1951 1.6929 5.9297, -0.2553 1.6929 5.9737, -0.2572 1.6929 5.9927, -0.2559 1.6929 6.0084, -0.2522 1.6929 6.0208, -0.2147 1.6929 6.0506, -0.2117 1.6929 5.9312, -0.225 1.6929 5.9354, -0.2356 1.6929 5.9417, -0.2468 1.6929 6.0305, -0.2392 1.6929 6.0386, -0.2277 1.6929 6.046, -0.2445 1.6929 5.9505, -0.2511 1.6929 5.9612
            ]
        }
        coordIndex [
            0,1,2,-1,2,1,3,-1,4,5,2,-1,5,6,2,-1,2,6,7,-1,2,7,8,-1,3,9,2,-1,2,9,10,-1,2,10,11,-1,12,13,7,-1,7,13,14,-1,7,14,8,-1,11,15,2,-1,2,15,16,-1,2,16,4,-1,
        ]
    }
}
Shape{
    appearance Appearance {
        material  Material {
            diffuseColor 0.0 0.0 0.0
            specularColor 0.0 0.0 0.0
            ambientIntensity 0.0
            transparency 0.0
            shininess 0.5
        }
    }
    geometry IndexedFaceSet {
        ccw TRUE
        solid FALSE
        coord DEF co Coordinate {
            point [
                -0.1209 1.6969 5.9297, -0.1209 1.6969 5.9124, -0.1209 1.6929 5.9297, -0.1209 1.6929 5.9124, -0.0575 1.6969 5.9297, -0.0575 1.6929 5.9297, -0.0575 1.6969 5.9835, -0.0575 1.6929 5.9835, -0.1132 1.6969 5.9835, -0.1132 1.6929 5.9835, -0.1132 1.6969 6.0008, -0.1132 1.6929 6.0008, -0.0575 1.6969 6.0008, -0.0575 1.6929 6.0008, -0.0575 1.6969 6.0526, -0.0575 1.6929 6.0526, -0.117 1.6969 6.0526, -0.117 1.6929 6.0526, -0.117 1.6969 6.0699, -0.117 1.6929 6.0699, -0.0364 1.6969 6.0699, -0.0364 1.6929 6.0699, -0.0364 1.6969 5.9124, -0.0364 1.6929 5.9124, -0.0056 1.6969 5.9379, -0.0056 1.6969 5.9206, -0.0056 1.6929 5.9379, -0.0056 1.6929 5.9206, -0.0028 1.6929 5.9363, -0.0028 1.6969 5.9363, 0.0139 1.6929 5.9301, 0.0139 1.6969 5.9301, 0.0348 1.6929 5.9278, 0.0348 1.6969 5.9278, 0.0494 1.6929 5.9294, 0.0494 1.6969 5.9294, 0.061 1.6929 5.9337, 0.061 1.6969 5.9337, 0.0707 1.6929 5.9402, 0.0707 1.6969 5.9402, 0.078 1.6929 5.948, 0.078 1.6969 5.948, 0.0845 1.6929 5.9589, 0.0845 1.6969 5.9589, 0.0888 1.6929 5.9724, 0.0888 1.6969 5.9724, 0.0904 1.6929 5.9895, 0.0904 1.6969 5.9895, 0.0897 1.6929 6.0013, 0.0897 1.6969 6.0013, 0.0855 1.6929 6.0183, 0.0855 1.6969 6.0183, 0.0791 1.6929 6.0305, 0.0791 1.6969 6.0305, 0.0696 1.6929 6.0411, 0.0696 1.6969 6.0411, 0.0585 1.6929 6.0486, 0.0585 1.6969 6.0486, 0.0468 1.6929 6.0528, 0.0468 1.6969 6.0528, 0.0313 1.6929 6.0545, 0.0313 1.6969 6.0545, 0.0121 1.6929 6.052, 0.0121 1.6969 6.052, -0.0056 1.6929 6.0444, -0.0056 1.6969 6.0444, -0.0056 1.6969 6.0656, -0.0056 1.6929 6.0656, 0.0126 1.6929 6.0705, 0.0126 1.6969 6.0705, 0.0314 1.6929 6.0718, 0.0314 1.6969 6.0718, 0.0481 1.6929 6.0704, 0.0481 1.6969 6.0704, 0.0653 1.6929 6.0652, 0.0653 1.6969 6.0652, 0.0801 1.6929 6.0566, 0.0801 1.6969 6.0566, 0.0938 1.6929 6.0434, 0.0938 1.6969 6.0434, 0.1032 1.6929 6.0285, 0.1032 1.6969 6.0285, 0.1093 1.6929 6.0105, 0.1093 1.6969 6.0105, 0.1115 1.6929 5.9882, 0.1115 1.6969 5.9882, 0.11 1.6929 5.9698, 0.11 1.6969 5.9698, 0.1051 1.6929 5.9529, 0.1051 1.6969 5.9529, 0.0967 1.6929 5.9381, 0.0967 1.6969 5.9381, 0.0852 1.6929 5.9259, 0.0852 1.6969 5.9259, 0.0724 1.6929 5.9177, 0.0724 1.6969 5.9177, 0.0571 1.6929 5.9125, 0.0571 1.6969 5.9125, 0.0377 1.6969 5.9105, 0.047 1.6929 5.9115, 0.0377 1.6929 5.9105, 0.0112 1.6969 5.9137, 0.0334 1.6929 5.9106, 0.0334 1.6969 5.9106, 0.0271 1.6929 5.9115, 0.0112 1.6929 5.9137, 0.125 1.6969 5.9297, 0.125 1.6969 5.9124, 0.125 1.6929 5.9297, 0.125 1.6929 5.9124, 0.1845 1.6969 5.9297, 0.1845 1.6929 5.9297, 0.1845 1.6969 6.0699, 0.1845 1.6929 6.0699, 0.2056 1.6969 6.0699, 0.2056 1.6929 6.0699, 0.2056 1.6969 5.9124, 0.2056 1.6929 5.9124
            ]
        }
        coordIndex [
            0,1,2,-1,2,1,3,-1,4,0,5,-1,5,0,2,-1,6,4,7,-1,7,4,5,-1,8,6,9,-1,9,6,7,-1,10,8,11,-1,11,8,9,-1,12,10,13,-1,13,10,11,-1,14,12,15,-1,15,12,13,-1,16,14,17,-1,17,14,15,-1,18,16,19,-1,19,16,17,-1,20,18,21,-1,21,18,19,-1,22,20,23,-1,23,20,21,-1,1,22,3,-1,3,22,23,-1,22,1,0,-1,0,4,22,-1,22,4,6,-1,22,6,20,-1,16,18,14,-1,14,18,20,-1,14,20,12,-1,12,20,6,-1,12,6,10,-1,10,6,8,-1,24,25,26,-1,26,25,27,-1,24,26,28,-1,24,28,29,-1,29,28,30,-1,29,30,31,-1,31,30,32,-1,31,32,33,-1,33,32,34,-1,33,34,35,-1,35,34,36,-1,35,36,37,-1,37,36,38,-1,37,38,39,-1,39,38,40,-1,39,40,41,-1,41,40,42,-1,41,42,43,-1,43,42,44,-1,43,44,45,-1,45,44,46,-1,45,46,47,-1,47,46,48,-1,47,48,49,-1,49,48,50,-1,49,50,51,-1,51,50,52,-1,51,52,53,-1,53,52,54,-1,53,54,55,-1,55,54,56,-1,55,56,57,-1,57,56,58,-1,57,58,59,-1,59,58,60,-1,59,60,61,-1,61,60,62,-1,61,62,63,-1,63,62,64,-1,63,64,65,-1,66,65,67,-1,67,65,64,-1,66,67,68,-1,66,68,69,-1,69,68,70,-1,69,70,71,-1,71,70,72,-1,71,72,73,-1,73,72,74,-1,73,74,75,-1,75,74,76,-1,75,76,77,-1,77,76,78,-1,77,78,79,-1,79,78,80,-1,79,80,81,-1,81,80,82,-1,81,82,83,-1,83,82,84,-1,83,84,85,-1,85,84,86,-1,85,86,87,-1,87,86,88,-1,87,88,89,-1,89,88,90,-1,89,90,91,-1,91,90,92,-1,91,92,93,-1,93,92,94,-1,93,94,95,-1,95,94,96,-1,95,96,97,-1,97,96,98,-1,98,96,99,-1,98,99,100,-1,27,25,101,-1,98,100,102,-1,98,102,103,-1,103,102,104,-1,103,104,101,-1,101,104,105,-1,101,105,27,-1,35,98,33,-1,33,98,103,-1,33,103,31,-1,31,103,101,-1,31,101,29,-1,29,101,25,-1,29,25,24,-1,65,66,63,-1,63,66,69,-1,63,69,61,-1,61,69,71,-1,61,71,59,-1,59,71,73,-1,59,73,57,-1,57,73,75,-1,57,75,55,-1,55,75,77,-1,55,77,53,-1,53,77,79,-1,53,79,51,-1,51,79,81,-1,51,81,49,-1,49,81,83,-1,49,83,47,-1,47,83,85,-1,47,85,45,-1,45,85,87,-1,45,87,43,-1,43,87,89,-1,43,89,41,-1,41,89,91,-1,41,91,39,-1,39,91,93,-1,39,93,37,-1,37,93,95,-1,37,95,35,-1,35,95,97,-1,35,97,98,-1,106,107,108,-1,108,107,109,-1,110,106,111,-1,111,106,108,-1,112,110,113,-1,113,110,111,-1,114,112,115,-1,115,112,113,-1,116,114,117,-1,117,114,115,-1,107,116,109,-1,109,116,117,-1,112,114,110,-1,110,114,116,-1,110,116,106,-1,106,116,107,-1,
        ]
    }
}
Shape{
    appearance Appearance {
        material  Material {
            diffuseColor 0.0 0.984313725490196 1.0
            specularColor 0.0 0.49411764705882355 0.5019607843137255
            ambientIntensity 0.6918
            transparency 0.0
            shininess 0.5
        }
    }
    geometry IndexedFaceSet {
        ccw TRUE
        solid FALSE
        coord DEF co Coordinate {
            point [
                1.6732 -1.6929 1.5995, 1.6732 -1.6931 1.6043, 1.6732 -1.6932 1.6043, 1.7136 -1.687 2.7407, 1.7059 -1.6932 2.7397, 1.6966 -1.6909 2.6389, 1.697 -1.7051 2.7378, 1.6881 -1.717 2.7358, 1.6838 -1.7124 2.6364, 1.6732 -1.7737 2.7267, 1.6732 -1.761 2.6309, 1.6764 -1.7493 2.7306, 1.6759 -1.7362 2.6337, 1.677 -1.7444 2.7314, 1.6844 -1.7261 2.7344, 1.7486 -1.6609 2.7085, 1.7564 -1.6624 2.7447, 1.7337 -1.6726 2.743, 1.74 -1.6593 2.6689, 1.7291 -1.6746 2.7427, 1.7137 -1.6726 2.6409, 1.7343 -1.6582 2.6425, 1.6794 -1.7061 2.449, 1.71 -1.6583 2.4528, 1.7135 -1.6583 2.4799, 1.6972 -1.6725 2.4517, 1.7225 -1.6583 2.5506, 1.7307 -1.6582 2.6143, 1.6869 -1.6886 2.4504, 1.682 -1.6882 2.2998, 1.6886 -1.6745 2.3007, 1.7044 -1.6598 2.3879, 1.7055 -1.6595 2.401, 1.6745 -1.6866 1.8132, 1.6792 -1.6785 1.902, 1.6826 -1.6753 1.9795, 1.6875 -1.6707 2.0893, 1.6922 -1.6663 2.1943, 1.6966 -1.6621 2.2941, 1.6969 -1.6618 2.3016, 1.6735 -1.6896 1.6646, 1.6749 -1.6837 1.7843, 1.6753 -1.6822 1.8135, 1.6734 -1.6902 1.6541, 1.6733 -1.6913 1.654, 1.674 -1.6909 1.813, 1.6771 -1.7026 2.2988, 1.6748 -1.7246 2.4475, 1.6732 -1.7436 2.4459, 1.6732 -1.6922 1.6143, 1.6732 -1.6925 1.6143, 1.6733 -1.6924 1.654, 1.6736 -1.6953 1.8128, 1.6742 -1.7175 2.2978, 1.6732 -1.7326 2.2967, 1.6732 -1.693 1.6043, 1.6732 -1.6934 1.6142, 1.6732 -1.6937 1.6142, 1.6732 -1.7041 1.8123, 1.6733 -1.6997 1.8125, 1.6732 -1.6935 1.6539, 1.6732 -1.6928 1.6142, 1.6732 -1.6928 1.6043, 1.6732 -1.6927 1.6034, 1.6732 -1.6927 1.6043, 1.6732 -1.6958 1.6538, 1.6732 -1.6946 1.6539, 1.6732 -1.6931 1.6142, 1.6732 -1.6929 1.6043, 1.6766 -1.7638 2.8429, 1.6762 -1.7566 2.7867, 1.6863 -1.7379 2.847, 1.685 -1.7318 2.7906, 1.7021 -1.7149 2.8505, 1.7406 -1.6773 2.7992, 1.7474 -1.683 2.8554, 1.718 -1.6912 2.797, 1.7228 -1.6963 2.8534, 1.6992 -1.7096 2.7941, 1.6732 -1.7826 2.7827, 1.6732 -1.7913 2.8387, 1.7745 -1.6758 2.8565, 1.7665 -1.6694 2.8058, 1.7657 -1.6687 2.8005, 1.7759 -1.6771 2.8662, 1.7486 -1.684 2.8651, 1.7238 -1.6971 2.863, 1.7027 -1.7156 2.8602, 1.6868 -1.7386 2.8566, 1.6767 -1.7646 2.8526, 1.6732 -1.7922 2.8483, 1.7852 -1.6898 3.0108, 1.7907 -1.6929 3.0931, 1.7614 -1.6966 3.0931, 1.673 -1.7997 2.9538, 1.6778 -1.7718 2.9561, 1.6891 -1.7458 2.9583, 1.7063 -1.7232 2.9603, 1.7284 -1.7055 2.9619, 1.7542 -1.6935 2.963, 1.7821 -1.6879 2.9636, 1.6728 -1.8031 3.0931, 1.6785 -1.7742 3.0931, 1.6911 -1.7475 3.0931, 1.71 -1.7248 3.0931, 1.7339 -1.7074 3.0931, 1.6728 -1.8031 3.9365, 1.6785 -1.7742 3.9365, 1.6911 -1.7475 3.9365, 1.71 -1.7248 3.9365, 1.7339 -1.7074 3.9365, 1.7614 -1.6966 3.9365, 1.7907 -1.6929 3.9365, 1.5419 -1.8031 4.3663, 1.5776 -1.8031 4.3118, 1.5825 -1.7742 4.3145, 1.6125 -1.8031 4.2323, 1.63 -1.8031 4.1926, 1.6353 -1.7742 4.1944, 1.6567 -1.8031 4.0873, 1.6621 -1.8031 4.0663, 1.6676 -1.7742 4.0672, 1.3791 -1.6929 4.6951, 1.2472 -1.6929 4.7661, 1.2355 -1.6966 4.7392, 1.4975 -1.6929 4.6033, 1.3631 -1.6966 4.6705, 1.5991 -1.6929 4.4933, 1.4776 -1.6966 4.5817, 1.6812 -1.6929 4.368, 1.576 -1.6966 4.4753, 1.7414 -1.6929 4.2309, 1.6554 -1.6966 4.354, 1.7783 -1.6929 4.0857, 1.7137 -1.6966 4.2214, 1.7494 -1.6966 4.0809, 1.7223 -1.7074 4.0764, 1.6987 -1.7248 4.0724, 1.6801 -1.7475 4.0693, 1.6878 -1.7074 4.2124, 1.6651 -1.7248 4.2047, 1.6473 -1.7475 4.1985, 1.6313 -1.7074 4.3409, 1.6102 -1.7248 4.3295, 1.5936 -1.7475 4.3205, 1.5543 -1.7074 4.4584, 1.5355 -1.7248 4.4436, 1.5206 -1.7475 4.432, 1.5106 -1.7742 4.4242, 1.5062 -1.8031 4.4208, 1.4216 -1.7742 4.5206, 1.4178 -1.8031 4.5165, 1.4472 -1.8031 4.4846, 1.4591 -1.7074 4.5615, 1.4429 -1.7248 4.5439, 1.4302 -1.7475 4.53, 1.3179 -1.7742 4.601, 1.3148 -1.8031 4.5963, 1.332 -1.8031 4.583, 1.3481 -1.7074 4.6475, 1.3351 -1.7248 4.6274, 1.3248 -1.7475 4.6116, 1.2245 -1.7074 4.714, 1.215 -1.7248 4.6921, 1.2074 -1.7475 4.6748, 1.2024 -1.7742 4.6632, 1.2001 -1.8031 4.658, -0.3605 -1.6929 5.4664, -0.4797 -1.6929 5.5183, -0.4646 -1.6966 5.4797, -0.4187 -1.8031 5.3632, -0.4197 -1.7885 5.3657, -0.4217 -1.7742 5.3706, -0.4245 -1.7604 5.3778, -0.4282 -1.7475 5.3873, -0.438 -1.7248 5.4121, -0.4503 -1.7074 5.4436, 0.9334 -1.6929 4.9027, 0.6262 -1.6929 5.0366, 0.3237 -1.6929 5.1683, 0.026 -1.6929 5.298, -0.6942 -1.6929 5.0259, -0.7308 -1.6929 4.942, -0.6922 -1.6966 4.9571, -0.5831 -1.7742 5.0, -0.5782 -1.7885 5.002, -0.5756 -1.8031 5.003, -0.5903 -1.7604 4.9972, -0.5997 -1.7475 4.9935, -0.6246 -1.7248 4.9837, -0.656 -1.7074 4.9714, -0.6942 -1.6929 4.9261, -0.3605 -1.6929 4.7807, 0.026 -1.6929 4.6123, 0.3237 -1.6929 4.4827, 1.0078 -1.6966 4.2166, 0.6262 -1.6929 4.3509, 0.9334 -1.6929 4.2171, 0.9961 -1.6929 4.1897, 1.0188 -1.7074 4.2418, 1.0284 -1.7248 4.2637, 1.0359 -1.7475 4.281, 1.041 -1.7742 4.2926, 1.0432 -1.8031 4.2978, 1.1547 -1.6929 4.0, 1.1621 -1.6929 3.9365, 1.1914 -1.6966 3.9365, 1.1329 -1.6929 4.0601, 1.1832 -1.6966 4.0067, 1.0978 -1.6929 4.1136, 1.1591 -1.6966 4.0732, 1.0514 -1.6929 4.1576, 1.1203 -1.6966 4.1324, 1.069 -1.6966 4.181, 1.0855 -1.7074 4.203, 1.0998 -1.7248 4.2222, 1.1111 -1.7475 4.2373, 1.1187 -1.7742 4.2474, 1.1221 -1.8031 4.2519, 1.1414 -1.7074 4.15, 1.1597 -1.7248 4.1653, 1.1742 -1.7475 4.1774, 1.1839 -1.7742 4.1855, 1.1883 -1.8031 4.1892, 1.1836 -1.7074 4.0855, 1.205 -1.7248 4.0962, 1.2219 -1.7475 4.1047, 1.2332 -1.7742 4.1103, 1.2383 -1.8031 4.1128, 1.2099 -1.7074 4.013, 1.2332 -1.7248 4.0185, 1.2516 -1.7475 4.0229, 1.2639 -1.7742 4.0258, 1.2694 -1.8031 4.0271, 1.2188 -1.7074 3.9365, 1.2428 -1.7248 3.9365, 1.2616 -1.7475 3.9365, 1.2743 -1.7742 3.9365, 1.2799 -1.8031 3.9365, 1.2799 -1.8031 2.217, 1.2743 -1.7742 2.217, 1.2616 -1.7475 2.217, 1.2428 -1.7248 2.217, 1.2188 -1.7074 2.217, 1.1914 -1.6966 2.217, 1.1621 -1.6929 2.217, 1.2748 -1.4567 0.8369, 1.2755 -1.4567 0.8122, 1.2758 -1.4793 0.9154, 1.2795 -1.4567 0.6757, 1.2795 -1.4656 0.7243, 1.278 -1.4567 0.7262, 1.2293 -1.5239 1.3954, 1.2351 -1.5032 1.3077, 1.248 -1.5149 1.3048, 1.2352 -1.5025 1.3037, 1.2442 -1.4538 1.05, 1.2552 -1.456 1.0002, 1.2393 -1.4803 1.1881, 1.237 -1.4926 1.2522, 1.2795 -1.5078 0.9087, 1.2786 -1.4934 0.9121, 1.2775 -1.4567 0.7438, 1.2712 -1.4567 0.8777, 1.2713 -1.4656 0.9186, 1.2682 -1.4567 0.9119, 1.267 -1.4567 0.9207, 1.2643 -1.4567 0.9414, 1.259 -1.5283 1.3015, 1.2588 -1.4567 0.9837, 1.218 -1.5622 1.5512, 1.2213 -1.5525 1.5161, 1.2379 -1.5638 1.5125, 1.2241 -1.5426 1.4742, 1.2274 -1.5305 1.4233, 1.2185 -1.6393 1.7935, 1.2523 -1.5776 1.5081, 1.2678 -1.5431 1.2978, 1.1947 -1.6315 1.8024, 1.1953 -1.6299 1.7962, 1.1957 -1.6287 1.7915, 1.2032 -1.6065 1.7113, 1.2108 -1.5838 1.6294, 1.2138 -1.5746 1.5962, 1.1882 -1.6487 1.8719, 1.2131 -1.6572 1.8698, 1.2391 -1.6532 1.7894, 1.2639 -1.5936 1.503, 1.2743 -1.5591 1.2939, 1.2761 -1.7636 1.9948, 1.2766 -1.7348 1.85, 1.2795 -1.7913 1.9901, 1.2795 -1.7602 1.8436, 1.2795 -1.7386 1.7646, 1.2769 -1.7146 1.7716, 1.2679 -1.7107 1.8562, 1.2661 -1.7374 1.9991, 1.2795 -1.6495 1.4853, 1.2778 -1.6301 1.4915, 1.2689 -1.6917 1.7782, 1.2539 -1.689 1.8617, 1.2501 -1.7144 2.003, 1.2795 -1.5929 1.2856, 1.2782 -1.5758 1.2898, 1.2725 -1.6113 1.4974, 1.2562 -1.6709 1.7843, 1.2353 -1.6709 1.8663, 1.2289 -1.6958 2.0061, 1.2039 -1.6826 2.0083, 1.1764 -1.6758 2.0095, 1.1772 -1.6739 1.9998, 1.1855 -1.6551 1.9042, 1.1756 -1.677 2.0201, 1.1656 -1.6908 2.1619, 1.168 -1.6895 2.126, 1.1963 -1.6944 2.1255, 1.2798 -1.8008 2.1168, 1.2748 -1.7725 2.119, 1.263 -1.7463 2.1211, 1.2453 -1.7237 2.123, 1.2226 -1.7061 2.1245, -1.2776 1.4567 0.744, -1.2781 1.4567 0.7262, -1.2795 1.4656 0.7243, -1.2795 1.4567 0.6757, -1.2588 1.4567 0.9837, -1.259 1.5283 1.3015, -1.2552 1.456 1.0002, -1.248 1.5149 1.3048, -1.2442 1.4538 1.05, -1.2404 1.4744 1.1577, -1.238 1.4876 1.2262, -1.2353 1.5017 1.2999, -1.2786 1.4934 0.9121, -1.2757 1.4567 0.8126, -1.2758 1.4793 0.9154, -1.2633 1.4567 0.9413, -1.2656 1.4567 0.9205, -1.2713 1.4656 0.9186, -1.2701 1.4567 0.8776, -1.2752 1.4567 0.8298, -1.2795 1.5078 0.9087, -1.2795 1.5929 1.2856, -1.2678 1.5431 1.2978, -1.2743 1.5591 1.2939, -1.2782 1.5758 1.2898, -1.2795 1.6495 1.4853, -1.2213 1.5525 1.5161, -1.2243 1.5417 1.4704, -1.2379 1.5638 1.5125, -1.2296 1.5228 1.3903, -1.2306 1.5192 1.3753, -1.2351 1.5032 1.3077, -1.2523 1.5776 1.5081, -1.2639 1.5936 1.503, -1.2725 1.6113 1.4974, -1.2778 1.6301 1.4915, -1.2795 1.7386 1.7646, -1.2185 1.6393 1.7935, -1.1953 1.6299 1.7962, -1.1958 1.6284 1.7905, -1.2039 1.6042 1.7032, -1.2064 1.5967 1.6761, -1.2115 1.5815 1.621, -1.2188 1.5598 1.5425, -1.2209 1.5537 1.5205, -1.2391 1.6532 1.7894, -1.2562 1.6709 1.7843, -1.2689 1.6917 1.7782, -1.2769 1.7146 1.7716, -1.2795 1.7602 1.8436, -1.2766 1.7348 1.85, -1.2679 1.7107 1.8562, -1.2539 1.689 1.8617, -1.2353 1.6709 1.8663, -1.2131 1.6572 1.8698, -1.1903 1.6432 1.8497, -1.1767 1.6751 2.006, -1.1865 1.6527 1.8923, -1.1882 1.6487 1.8719, -1.1764 1.6758 2.0095, -1.2039 1.6826 2.0083, -1.2289 1.6958 2.0061, -1.2501 1.7144 2.003, -1.2661 1.7374 1.9991, -1.2761 1.7636 1.9948, -1.2795 1.7913 1.9901, -1.1749 1.6782 2.0303, -1.1621 1.6929 2.217, -1.1667 1.6902 2.1454, -1.1963 1.6944 2.1255, -1.2798 1.8008 2.1168, -1.2799 1.8031 2.217, -1.2748 1.7725 2.119, -1.2743 1.7742 2.217, -1.263 1.7463 2.1211, -1.2616 1.7475 2.217, -1.2453 1.7237 2.123, -1.2428 1.7248 2.217, -1.2226 1.7061 2.1245, -1.2188 1.7074 2.217, -1.1914 1.6966 2.217, -1.168 1.6895 2.126, -1.1621 1.6929 3.9365, -1.1914 1.6966 3.9365, -1.2188 1.7074 3.9365, -1.2428 1.7248 3.9365, -1.2616 1.7475 3.9365, -1.2743 1.7742 3.9365, -1.2799 1.8031 3.9365, -1.1221 1.8031 4.2519, -1.0432 1.8031 4.2978, -1.041 1.7742 4.2926, -1.1883 1.8031 4.1892, -1.1187 1.7742 4.2474, -1.2383 1.8031 4.1128, -1.1839 1.7742 4.1855, -1.2694 1.8031 4.0271, -1.2332 1.7742 4.1103, -1.2639 1.7742 4.0258, -1.2516 1.7475 4.0229, -1.2332 1.7248 4.0185, -1.2099 1.7074 4.013, -1.1832 1.6966 4.0067, -1.1547 1.6929 4.0, -1.2219 1.7475 4.1047, -1.205 1.7248 4.0962, -1.1836 1.7074 4.0855, -1.1591 1.6966 4.0732, -1.1329 1.6929 4.0601, -1.1742 1.7475 4.1774, -1.1597 1.7248 4.1653, -1.1414 1.7074 4.15, -1.1203 1.6966 4.1324, -1.0978 1.6929 4.1136, -1.1111 1.7475 4.2373, -1.0998 1.7248 4.2222, -1.0855 1.7074 4.203, -1.069 1.6966 4.181, -1.0514 1.6929 4.1576, -1.0359 1.7475 4.281, -1.0284 1.7248 4.2637, -1.0188 1.7074 4.2418, -1.0078 1.6966 4.2166, -0.9961 1.6929 4.1897, -0.1362 1.6929 4.5643, 0.6922 1.6966 4.9571, 0.7308 1.6929 4.942, 0.656 1.7074 4.9714, 0.6246 1.7248 4.9837, 0.5997 1.7475 4.9935, 0.5756 1.8031 5.003, 0.5782 1.7885 5.002, 0.5831 1.7742 5.0, 0.5903 1.7604 4.9972, 0.4282 1.7475 5.3873, 0.438 1.7248 5.4121, 0.4503 1.7074 5.4436, 0.4646 1.6966 5.4797, 0.4797 1.6929 5.5183, 0.4187 1.8031 5.3632, 0.4197 1.7885 5.3657, 0.4217 1.7742 5.3706, 0.4245 1.7604 5.3778, -0.1362 1.6929 5.25, -1.2001 1.8031 4.658, -1.2024 1.7742 4.6632, -1.2355 1.6966 4.7392, -1.2245 1.7074 4.714, -1.215 1.7248 4.6921, -1.2074 1.7475 4.6748, -1.2472 1.6929 4.7661, -1.3179 1.7742 4.601, -1.3148 1.8031 4.5963, -1.332 1.8031 4.583, -1.4216 1.7742 4.5206, -1.4178 1.8031 4.5165, -1.4472 1.8031 4.4846, -1.5106 1.7742 4.4242, -1.5062 1.8031 4.4208, -1.5419 1.8031 4.3663, -1.5825 1.7742 4.3145, -1.5776 1.8031 4.3118, -1.6353 1.7742 4.1944, -1.6125 1.8031 4.2323, -1.63 1.8031 4.1926, -1.6676 1.7742 4.0672, -1.6728 1.8031 3.9365, -1.6785 1.7742 3.9365, -1.6621 1.8031 4.0663, -1.6567 1.8031 4.0873, -1.6911 1.7475 3.9365, -1.6801 1.7475 4.0693, -1.6473 1.7475 4.1985, -1.5936 1.7475 4.3205, -1.5206 1.7475 4.432, -1.4302 1.7475 4.53, -1.3248 1.7475 4.6116, -1.71 1.7248 3.9365, -1.6987 1.7248 4.0724, -1.6651 1.7248 4.2047, -1.6102 1.7248 4.3295, -1.5355 1.7248 4.4436, -1.4429 1.7248 4.5439, -1.3351 1.7248 4.6274, -1.7339 1.7074 3.9365, -1.7223 1.7074 4.0764, -1.6878 1.7074 4.2124, -1.6313 1.7074 4.3409, -1.5543 1.7074 4.4584, -1.4591 1.7074 4.5615, -1.3481 1.7074 4.6475, -1.7614 1.6966 3.9365, -1.7494 1.6966 4.0809, -1.7137 1.6966 4.2214, -1.6554 1.6966 4.354, -1.576 1.6966 4.4753, -1.4776 1.6966 4.5817, -1.3631 1.6966 4.6705, -1.7907 1.6929 3.9365, -1.7783 1.6929 4.0857, -1.7414 1.6929 4.2309, -1.6812 1.6929 4.368, -1.5991 1.6929 4.4933, -1.4975 1.6929 4.6033, -1.3791 1.6929 4.6951, -1.7907 1.6929 3.0931, -1.7614 1.6966 3.0931, -1.7339 1.7074 3.0931, -1.71 1.7248 3.0931, -1.6911 1.7475 3.0931, -1.6785 1.7742 3.0931, -1.6728 1.8031 3.0931, -1.7852 1.6905 3.0113, -1.784 1.69 2.9936, -1.7559 1.6951 2.9931, -1.7298 1.7068 2.9923, -1.7072 1.7244 2.9911, -1.6896 1.747 2.9896, -1.678 1.773 2.9879, -1.673 1.8012 2.9861, -1.7759 1.6771 2.8662, -1.7486 1.684 2.8651, -1.7238 1.6971 2.863, -1.7027 1.7156 2.8602, -1.6868 1.7386 2.8566, -1.6767 1.7646 2.8526, -1.6732 1.7922 2.8483, -1.7745 1.6758 2.8565, -1.7474 1.683 2.8554, -1.7228 1.6963 2.8534, -1.7021 1.7149 2.8505, -1.6863 1.7379 2.847, -1.6766 1.7638 2.8429, -1.6732 1.7913 2.8387, -1.7713 1.6733 2.8365, -1.6762 1.7566 2.7867, -1.6732 1.7826 2.7827, -1.6732 1.7737 2.7267, -1.7406 1.6773 2.7992, -1.7334 1.6721 2.7431, -1.7657 1.6687 2.8005, -1.7564 1.6624 2.7447, -1.6992 1.7096 2.7941, -1.7064 1.6936 2.7396, -1.718 1.6912 2.797, -1.7131 1.6864 2.7408, -1.7294 1.6749 2.7427, -1.685 1.7318 2.7906, -1.6887 1.7173 2.7358, -1.6963 1.7045 2.7379, -1.6759 1.7492 2.7306, -1.6774 1.7445 2.7314, -1.6837 1.7258 2.7344, -1.7657 1.6687 2.8005, -1.6927 1.6898 2.5753, -1.6732 1.6928 1.6043, -1.6732 1.6929 1.5995, -1.6732 1.6927 1.6034, -1.6732 1.6927 1.6043, -1.674 1.6897 1.6646, -1.6753 1.685 1.8682, -1.6754 1.6838 1.7843, -1.6799 1.6742 1.9836, -1.6775 1.6818 1.9832, -1.6775 1.678 1.9022, -1.6765 1.6796 1.8685, -1.7059 1.6606 2.3874, -1.7068 1.6601 2.4006, -1.6975 1.6725 2.4551, -1.6867 1.6706 2.0893, -1.6935 1.6671 2.1939, -1.6998 1.6637 2.2932, -1.7103 1.6582 2.4562, -1.7131 1.6581 2.4802, -1.7071 1.6721 2.577, -1.7215 1.6576 2.5514, -1.682 1.71 2.5733, -1.6754 1.7318 2.5712, -1.6794 1.7062 2.4523, -1.6748 1.7248 2.4508, -1.6743 1.6974 1.9823, -1.6735 1.7054 1.9819, -1.6737 1.696 1.8676, -1.6734 1.7015 1.8673, -1.6732 1.693 1.6043, -1.6732 1.6931 1.6043, -1.7247 1.6575 2.5785, -1.7313 1.6585 2.6134, -1.7415 1.6601 2.6669, -1.7493 1.6613 2.7074, -1.6871 1.6886 2.4538, -1.6757 1.6896 1.9827, -1.6744 1.6905 1.8679, -1.6732 1.6929 1.6043, -1.6732 1.6932 1.6043, -1.6732 1.707 1.867, -1.6732 1.7133 1.9814, -1.6732 1.7439 2.4493, -1.6732 1.7545 2.5689
            ]
        }
        coordIndex [
            0,1,2,-1,3,4,5,-1,6,7,8,-1,9,10,11,-1,11,10,12,-1,11,12,13,-1,13,12,14,-1,15,16,17,-1,15,17,18,-1,19,20,17,-1,17,20,21,-1,17,21,18,-1,7,14,8,-1,8,14,12,-1,8,12,22,-1,23,24,25,-1,25,24,26,-1,25,26,20,-1,20,26,27,-1,20,27,21,-1,4,6,5,-1,5,6,8,-1,5,8,28,-1,28,8,22,-1,28,22,29,-1,30,31,25,-1,25,31,32,-1,25,32,23,-1,19,3,20,-1,20,3,5,-1,20,5,25,-1,25,5,28,-1,25,28,30,-1,30,28,29,-1,30,29,33,-1,33,34,35,-1,33,35,30,-1,30,35,36,-1,30,36,37,-1,37,38,30,-1,30,38,39,-1,30,39,31,-1,40,41,33,-1,33,41,42,-1,33,42,34,-1,43,40,44,-1,44,40,33,-1,44,33,45,-1,45,33,29,-1,45,29,46,-1,46,29,22,-1,46,22,47,-1,47,22,12,-1,47,12,48,-1,48,12,10,-1,49,43,50,-1,50,43,44,-1,50,44,51,-1,51,44,45,-1,51,45,52,-1,52,45,46,-1,52,46,53,-1,53,46,47,-1,53,47,54,-1,54,47,48,-1,0,55,1,-1,1,55,56,-1,1,56,2,-1,2,56,57,-1,54,58,53,-1,53,58,59,-1,53,59,52,-1,52,59,60,-1,52,60,51,-1,51,60,61,-1,51,61,50,-1,50,61,62,-1,50,62,49,-1,0,63,62,-1,62,63,64,-1,62,64,49,-1,58,65,59,-1,59,65,66,-1,59,66,60,-1,60,66,67,-1,60,67,61,-1,61,67,68,-1,61,68,62,-1,62,68,0,-1,65,57,66,-1,66,57,56,-1,66,56,67,-1,67,56,55,-1,67,55,68,-1,68,55,0,-1,69,70,71,-1,71,70,72,-1,71,72,73,-1,74,75,76,-1,76,75,77,-1,76,77,78,-1,9,70,79,-1,79,70,69,-1,79,69,80,-1,14,72,13,-1,13,72,70,-1,13,70,11,-1,11,70,9,-1,14,7,72,-1,72,7,78,-1,72,78,73,-1,73,78,77,-1,7,6,78,-1,78,6,4,-1,78,4,76,-1,76,4,3,-1,76,3,74,-1,74,3,19,-1,74,19,17,-1,81,75,82,-1,82,75,74,-1,82,74,83,-1,83,74,17,-1,83,17,16,-1,81,84,75,-1,75,84,85,-1,75,85,77,-1,77,85,86,-1,77,86,73,-1,73,86,87,-1,73,87,71,-1,71,87,88,-1,71,88,69,-1,69,88,89,-1,69,89,80,-1,80,89,90,-1,91,92,93,-1,94,90,95,-1,95,90,89,-1,95,89,96,-1,96,89,88,-1,96,88,97,-1,97,88,87,-1,97,87,98,-1,98,87,86,-1,98,86,99,-1,99,86,85,-1,99,85,100,-1,100,85,84,-1,101,94,102,-1,102,94,95,-1,102,95,103,-1,103,95,96,-1,103,96,104,-1,104,96,97,-1,104,97,105,-1,105,97,98,-1,105,98,93,-1,93,98,99,-1,93,99,91,-1,91,99,100,-1,106,101,107,-1,107,101,102,-1,107,102,108,-1,108,102,103,-1,108,103,109,-1,109,103,104,-1,109,104,110,-1,110,104,105,-1,110,105,111,-1,111,105,93,-1,111,93,112,-1,112,93,92,-1,113,114,115,-1,116,117,118,-1,119,120,121,-1,122,123,124,-1,125,122,126,-1,127,125,128,-1,129,127,130,-1,131,129,132,-1,133,131,134,-1,112,133,135,-1,112,135,111,-1,111,135,136,-1,111,136,110,-1,110,136,137,-1,110,137,109,-1,109,137,138,-1,109,138,108,-1,108,138,121,-1,108,121,107,-1,107,121,120,-1,107,120,106,-1,133,134,135,-1,135,134,139,-1,135,139,136,-1,136,139,140,-1,136,140,137,-1,137,140,141,-1,137,141,138,-1,138,141,118,-1,138,118,121,-1,121,118,117,-1,121,117,119,-1,131,132,134,-1,134,132,142,-1,134,142,139,-1,139,142,143,-1,139,143,140,-1,140,143,144,-1,140,144,141,-1,141,144,115,-1,141,115,118,-1,118,115,114,-1,118,114,116,-1,129,130,132,-1,132,130,145,-1,132,145,142,-1,142,145,146,-1,142,146,143,-1,143,146,147,-1,143,147,144,-1,144,147,148,-1,144,148,115,-1,115,148,149,-1,115,149,113,-1,150,151,152,-1,127,128,130,-1,130,128,153,-1,130,153,145,-1,145,153,154,-1,145,154,146,-1,146,154,155,-1,146,155,147,-1,147,155,150,-1,147,150,148,-1,148,150,152,-1,148,152,149,-1,156,157,158,-1,125,126,128,-1,128,126,159,-1,128,159,153,-1,153,159,160,-1,153,160,154,-1,154,160,161,-1,154,161,155,-1,155,161,156,-1,155,156,150,-1,150,156,158,-1,150,158,151,-1,122,124,126,-1,126,124,162,-1,126,162,159,-1,159,162,163,-1,159,163,160,-1,160,163,164,-1,160,164,161,-1,161,164,165,-1,161,165,156,-1,156,165,166,-1,156,166,157,-1,167,168,169,-1,170,166,171,-1,171,166,165,-1,171,165,172,-1,172,165,173,-1,173,165,164,-1,173,164,174,-1,174,164,163,-1,174,163,175,-1,175,163,162,-1,175,162,176,-1,176,162,124,-1,176,124,169,-1,124,123,177,-1,177,178,124,-1,124,178,179,-1,124,179,169,-1,169,179,180,-1,169,180,167,-1,181,182,183,-1,172,184,185,-1,186,170,185,-1,185,170,171,-1,185,171,172,-1,184,172,187,-1,187,172,173,-1,187,173,188,-1,173,174,188,-1,188,174,175,-1,188,175,189,-1,189,175,176,-1,189,176,190,-1,190,176,169,-1,190,169,183,-1,183,169,168,-1,183,168,181,-1,182,191,183,-1,183,191,192,-1,183,192,193,-1,193,194,195,-1,194,196,195,-1,195,196,197,-1,195,197,198,-1,193,195,183,-1,183,195,199,-1,183,199,190,-1,190,199,200,-1,190,200,189,-1,189,200,201,-1,189,201,188,-1,202,203,186,-1,186,185,202,-1,202,185,184,-1,202,184,201,-1,201,184,187,-1,201,187,188,-1,204,205,206,-1,207,204,208,-1,209,207,210,-1,211,209,212,-1,198,211,213,-1,198,213,195,-1,195,213,214,-1,195,214,199,-1,199,214,215,-1,199,215,200,-1,200,215,216,-1,200,216,201,-1,201,216,217,-1,201,217,202,-1,202,217,218,-1,202,218,203,-1,211,212,213,-1,213,212,219,-1,213,219,214,-1,214,219,220,-1,214,220,215,-1,215,220,221,-1,215,221,216,-1,216,221,222,-1,216,222,217,-1,217,222,223,-1,217,223,218,-1,209,210,212,-1,212,210,224,-1,212,224,219,-1,219,224,225,-1,219,225,220,-1,220,225,226,-1,220,226,221,-1,221,226,227,-1,221,227,222,-1,222,227,228,-1,222,228,223,-1,207,208,210,-1,210,208,229,-1,210,229,224,-1,224,229,230,-1,224,230,225,-1,225,230,231,-1,225,231,226,-1,226,231,232,-1,226,232,227,-1,227,232,233,-1,227,233,228,-1,204,206,208,-1,208,206,234,-1,208,234,229,-1,229,234,235,-1,229,235,230,-1,230,235,236,-1,230,236,231,-1,231,236,237,-1,231,237,232,-1,232,237,238,-1,232,238,233,-1,239,238,240,-1,240,238,237,-1,240,237,241,-1,241,237,236,-1,241,236,242,-1,242,236,235,-1,242,235,243,-1,243,235,234,-1,243,234,244,-1,244,234,206,-1,244,206,245,-1,245,206,205,-1,246,247,248,-1,249,250,251,-1,252,253,254,-1,254,253,255,-1,256,257,258,-1,258,257,254,-1,258,254,259,-1,259,254,255,-1,260,261,250,-1,250,261,262,-1,250,262,251,-1,263,264,265,-1,265,264,266,-1,266,264,267,-1,267,264,268,-1,267,268,269,-1,270,271,272,-1,272,271,273,-1,272,273,274,-1,274,252,272,-1,272,252,254,-1,272,254,268,-1,268,254,257,-1,268,257,269,-1,275,272,276,-1,276,272,268,-1,276,268,277,-1,277,268,264,-1,277,264,248,-1,248,264,263,-1,248,263,246,-1,278,279,275,-1,275,279,280,-1,280,281,275,-1,275,281,282,-1,275,282,272,-1,272,282,283,-1,272,283,270,-1,284,278,285,-1,285,278,275,-1,285,275,286,-1,286,275,276,-1,286,276,287,-1,287,276,277,-1,287,277,288,-1,288,277,248,-1,288,248,261,-1,261,248,247,-1,261,247,262,-1,289,290,291,-1,291,290,292,-1,293,292,294,-1,294,292,290,-1,294,290,295,-1,295,290,289,-1,295,289,296,-1,297,293,298,-1,298,293,294,-1,298,294,299,-1,299,294,295,-1,299,295,300,-1,300,295,296,-1,300,296,301,-1,302,297,303,-1,303,297,298,-1,303,298,304,-1,304,298,299,-1,304,299,305,-1,305,299,300,-1,305,300,306,-1,306,300,301,-1,306,301,307,-1,260,302,261,-1,261,302,303,-1,261,303,288,-1,288,303,304,-1,288,304,287,-1,287,304,305,-1,287,305,286,-1,286,305,306,-1,286,306,285,-1,285,306,307,-1,285,307,308,-1,308,309,310,-1,308,310,285,-1,285,310,311,-1,285,311,284,-1,312,309,308,-1,313,314,315,-1,313,315,245,-1,316,239,317,-1,317,239,240,-1,317,240,318,-1,318,240,241,-1,318,241,319,-1,319,241,242,-1,319,242,320,-1,320,242,243,-1,320,243,315,-1,315,243,244,-1,315,244,245,-1,291,316,289,-1,289,316,317,-1,289,317,296,-1,296,317,318,-1,296,318,301,-1,301,318,319,-1,301,319,307,-1,307,319,320,-1,307,320,308,-1,308,320,315,-1,308,315,312,-1,312,315,314,-1,321,322,323,-1,323,322,324,-1,325,326,327,-1,327,326,328,-1,329,327,330,-1,330,327,328,-1,330,328,331,-1,331,328,332,-1,321,333,334,-1,334,333,335,-1,336,337,338,-1,338,337,339,-1,338,339,335,-1,335,339,340,-1,335,340,334,-1,321,323,333,-1,333,323,341,-1,333,341,342,-1,325,336,326,-1,326,336,338,-1,326,338,343,-1,343,338,335,-1,343,335,344,-1,344,335,333,-1,344,333,345,-1,345,333,342,-1,345,342,346,-1,347,348,349,-1,349,348,350,-1,350,351,328,-1,328,351,352,-1,328,352,332,-1,350,328,349,-1,349,328,326,-1,349,326,353,-1,353,326,343,-1,353,343,354,-1,354,343,344,-1,354,344,355,-1,355,344,345,-1,355,345,356,-1,356,345,346,-1,356,346,357,-1,358,359,360,-1,360,361,358,-1,358,361,362,-1,358,362,363,-1,363,364,349,-1,349,364,365,-1,349,365,347,-1,363,349,358,-1,358,349,353,-1,358,353,366,-1,366,353,354,-1,366,354,367,-1,367,354,355,-1,367,355,368,-1,368,355,356,-1,368,356,369,-1,369,356,357,-1,369,357,370,-1,370,371,369,-1,369,371,372,-1,369,372,368,-1,368,372,373,-1,368,373,367,-1,367,373,374,-1,367,374,366,-1,366,374,375,-1,366,375,358,-1,358,375,376,-1,358,376,359,-1,377,378,375,-1,375,378,379,-1,375,379,376,-1,380,377,381,-1,381,377,375,-1,381,375,382,-1,382,375,374,-1,382,374,383,-1,383,374,373,-1,383,373,384,-1,384,373,372,-1,384,372,385,-1,385,372,371,-1,385,371,386,-1,386,371,370,-1,387,380,381,-1,388,389,390,-1,391,392,393,-1,393,392,394,-1,393,394,395,-1,395,394,396,-1,395,396,397,-1,397,396,398,-1,397,398,399,-1,399,398,400,-1,399,400,390,-1,390,400,401,-1,390,401,388,-1,387,381,402,-1,386,391,385,-1,385,391,393,-1,385,393,384,-1,384,393,395,-1,384,395,383,-1,383,395,397,-1,383,397,382,-1,382,397,399,-1,382,399,381,-1,381,399,390,-1,381,390,402,-1,402,390,389,-1,403,388,404,-1,404,388,401,-1,404,401,405,-1,405,401,400,-1,405,400,406,-1,406,400,398,-1,406,398,407,-1,407,398,396,-1,407,396,408,-1,408,396,394,-1,408,394,409,-1,409,394,392,-1,410,411,412,-1,413,410,414,-1,415,413,416,-1,417,415,418,-1,409,417,419,-1,409,419,408,-1,408,419,420,-1,408,420,407,-1,407,420,421,-1,407,421,406,-1,406,421,422,-1,406,422,405,-1,405,422,423,-1,405,423,404,-1,404,423,424,-1,404,424,403,-1,417,418,419,-1,419,418,425,-1,419,425,420,-1,420,425,426,-1,420,426,421,-1,421,426,427,-1,421,427,422,-1,422,427,428,-1,422,428,423,-1,423,428,429,-1,423,429,424,-1,415,416,418,-1,418,416,430,-1,418,430,425,-1,425,430,431,-1,425,431,426,-1,426,431,432,-1,426,432,427,-1,427,432,433,-1,427,433,428,-1,428,433,434,-1,428,434,429,-1,413,414,416,-1,416,414,435,-1,416,435,430,-1,430,435,436,-1,430,436,431,-1,431,436,437,-1,431,437,432,-1,432,437,438,-1,432,438,433,-1,433,438,439,-1,433,439,434,-1,410,412,414,-1,414,412,440,-1,414,440,435,-1,435,440,441,-1,435,441,436,-1,436,441,442,-1,436,442,437,-1,437,442,443,-1,437,443,438,-1,438,443,444,-1,438,444,439,-1,445,444,443,-1,446,447,445,-1,445,443,446,-1,446,443,442,-1,446,442,448,-1,448,442,441,-1,448,441,449,-1,449,441,440,-1,449,440,450,-1,412,411,451,-1,451,452,412,-1,412,452,453,-1,412,453,440,-1,440,453,454,-1,440,454,450,-1,454,455,450,-1,450,455,456,-1,450,456,449,-1,449,456,457,-1,449,457,448,-1,448,457,458,-1,448,458,446,-1,446,458,459,-1,446,459,447,-1,451,460,452,-1,452,460,461,-1,452,461,453,-1,453,461,462,-1,453,462,454,-1,454,462,463,-1,454,463,455,-1,464,459,458,-1,460,465,461,-1,461,465,466,-1,467,457,468,-1,468,457,456,-1,468,456,469,-1,469,456,455,-1,469,455,470,-1,470,455,463,-1,470,463,466,-1,466,463,462,-1,466,462,461,-1,471,464,467,-1,467,464,458,-1,467,458,457,-1,472,466,465,-1,465,473,472,-1,472,473,474,-1,472,474,475,-1,474,476,475,-1,475,476,477,-1,475,477,478,-1,477,479,478,-1,478,479,480,-1,478,480,481,-1,481,480,482,-1,481,482,483,-1,482,484,483,-1,483,484,485,-1,483,485,486,-1,487,488,489,-1,489,488,486,-1,489,486,490,-1,490,486,485,-1,488,491,486,-1,486,491,492,-1,486,492,483,-1,483,492,493,-1,483,493,481,-1,481,493,494,-1,481,494,478,-1,478,494,495,-1,478,495,475,-1,475,495,496,-1,475,496,472,-1,472,496,497,-1,472,497,466,-1,466,497,470,-1,491,498,492,-1,492,498,499,-1,492,499,493,-1,493,499,500,-1,493,500,494,-1,494,500,501,-1,494,501,495,-1,495,501,502,-1,495,502,496,-1,496,502,503,-1,496,503,497,-1,497,503,504,-1,497,504,470,-1,470,504,469,-1,498,505,499,-1,499,505,506,-1,499,506,500,-1,500,506,507,-1,500,507,501,-1,501,507,508,-1,501,508,502,-1,502,508,509,-1,502,509,503,-1,503,509,510,-1,503,510,504,-1,504,510,511,-1,504,511,469,-1,469,511,468,-1,505,512,506,-1,506,512,513,-1,506,513,507,-1,507,513,514,-1,507,514,508,-1,508,514,515,-1,508,515,509,-1,509,515,516,-1,509,516,510,-1,510,516,517,-1,510,517,511,-1,511,517,518,-1,511,518,468,-1,468,518,467,-1,512,519,513,-1,513,519,520,-1,513,520,514,-1,514,520,521,-1,514,521,515,-1,515,521,522,-1,515,522,516,-1,516,522,523,-1,516,523,517,-1,517,523,524,-1,517,524,518,-1,518,524,525,-1,518,525,467,-1,467,525,471,-1,526,519,527,-1,527,519,512,-1,527,512,528,-1,528,512,505,-1,528,505,529,-1,529,505,498,-1,529,498,530,-1,530,498,491,-1,530,491,531,-1,531,491,488,-1,531,488,532,-1,532,488,487,-1,533,526,527,-1,534,533,535,-1,535,533,527,-1,535,527,536,-1,536,527,528,-1,536,528,537,-1,537,528,529,-1,537,529,538,-1,538,529,530,-1,538,530,539,-1,539,530,531,-1,539,531,540,-1,540,531,532,-1,541,534,542,-1,542,534,535,-1,542,535,543,-1,543,535,536,-1,543,536,544,-1,544,536,537,-1,544,537,545,-1,545,537,538,-1,545,538,546,-1,546,538,539,-1,546,539,547,-1,547,539,540,-1,548,541,549,-1,549,541,542,-1,549,542,550,-1,550,542,543,-1,550,543,551,-1,551,543,544,-1,551,544,552,-1,552,544,545,-1,552,545,553,-1,553,545,546,-1,553,546,554,-1,554,546,547,-1,555,548,549,-1,556,557,558,-1,559,560,561,-1,561,560,562,-1,563,564,565,-1,565,564,566,-1,565,566,559,-1,559,566,567,-1,559,567,560,-1,568,569,563,-1,563,569,570,-1,563,570,564,-1,558,571,556,-1,556,571,572,-1,556,572,568,-1,568,572,573,-1,568,573,569,-1,555,549,574,-1,554,557,553,-1,553,557,556,-1,553,556,552,-1,552,556,568,-1,552,568,551,-1,551,568,563,-1,551,563,550,-1,550,563,565,-1,550,565,549,-1,549,565,559,-1,549,559,574,-1,574,559,561,-1,566,564,575,-1,576,577,578,-1,578,579,576,-1,576,579,580,-1,576,580,581,-1,581,580,582,-1,583,584,585,-1,585,584,581,-1,585,581,586,-1,586,581,582,-1,587,588,589,-1,583,590,584,-1,584,590,591,-1,584,591,589,-1,589,591,592,-1,589,592,587,-1,588,593,589,-1,589,593,594,-1,589,594,595,-1,595,594,596,-1,597,598,599,-1,599,598,600,-1,599,600,601,-1,601,600,602,-1,601,602,603,-1,603,602,604,-1,603,604,605,-1,605,604,606,-1,605,606,577,-1,596,607,595,-1,595,607,608,-1,595,608,567,-1,608,609,567,-1,567,609,610,-1,567,610,560,-1,560,610,562,-1,567,566,595,-1,595,566,575,-1,595,575,589,-1,589,575,611,-1,589,611,584,-1,584,611,612,-1,584,612,581,-1,581,612,613,-1,581,613,576,-1,576,613,614,-1,576,614,577,-1,570,569,597,-1,597,569,573,-1,597,573,598,-1,598,573,572,-1,598,572,571,-1,577,606,615,-1,615,606,604,-1,615,604,616,-1,616,604,602,-1,616,602,617,-1,617,602,600,-1,617,600,618,-1,618,600,598,-1,618,598,619,-1,619,598,571,-1,619,571,558,-1,564,570,575,-1,575,570,597,-1,575,597,611,-1,611,597,599,-1,611,599,612,-1,612,599,601,-1,612,601,613,-1,613,601,603,-1,613,603,614,-1,614,603,605,-1,614,605,577,-1,
        ]
    }
}