#VRML V2.0 utf8
# 3D model generated by kicad-lcsc-manager
# Based on easyeda2kicad.py v1.0.1

Shape{
    appearance Appearance {
        material  Material {
            diffuseColor 1.0 0.6196078431372549 0.592156862745098
            specularColor 0.5019607843137255 0.30980392156862746 0.29411764705882354
            ambientIntensity 0.7302
            transparency 0.0
            shininess 0.5
        }
    }
    geometry IndexedFaceSet {
        ccw TRUE
        solid FALSE
        coord DEF co Coordinate {
            point [
                0.0846 0.27 0.1575, -0.0594 0.27 0.1575, -0.0594 0.4179 0.1575, -0.9317 -0.2795 0.1575, -0.9513 -0.2643 0.1575, -0.9513 -0.263 0.1575, -0.9532 -0.263 0.1575, -0.4175 1.1811 0.1575, -0.0594 1.1811 0.1575, -0.3259 0.7651 0.1575, -0.1322 0.5683 0.1575, -0.0786 0.5683 0.1575, -0.0594 0.5671 0.1575, -0.0786 0.7651 0.1575, -0.1342 0.7651 0.1575, -0.2073 0.7395 0.1575, -0.2212 0.724 0.1575, -0.2303 0.7071 0.1575, -0.4175 0.5671 0.1575, -0.4175 0.5683 0.1575, -0.4003 0.5683 0.1575, -0.3804 0.6235 0.1575, -0.2991 0.6235 0.1575, -0.2803 0.5683 0.1575, -0.2515 0.5683 0.1575, -0.2272 0.6222 0.1575, -0.2159 0.6046 0.1575, -0.1626 0.7621 0.1575, -0.1856 0.754 0.1575, -0.2071 0.7396 0.1575, -0.1997 0.5891 0.1575, -0.1792 0.5772 0.1575, -0.1565 0.5704 0.1575, -0.2356 0.6877 0.1575, -0.2371 0.6692 0.1575, -0.2343 0.6428 0.1575, -0.4196 0.2953 0.1575, -0.4196 0.4179 0.1575, -0.4175 0.4179 0.1575, -0.4196 0.5671 0.1575, -0.4196 0.5683 0.1575, -0.912 0.2559 0.1575, -0.912 -0.2559 0.1575, -0.5183 -0.2559 0.1575, -0.9317 0.2795 0.1575, -0.9032 0.2913 0.1575, -0.8726 0.2953 0.1575, -0.5183 0.2559 0.1575, -0.4175 -0.263 0.1575, -0.9749 -0.2362 0.1575, -0.9867 -0.2077 0.1575, -0.9907 -0.1772 0.1575, -0.9907 0.1772 0.1575, -0.9867 0.2077 0.1575, -0.9749 0.2362 0.1575, -0.9561 -0.2607 0.1575, -0.9561 0.2607 0.1575, -0.9513 0.2643 0.1575, -0.4175 -1.1811 0.1575, -0.4196 -1.1811 0.1575, -0.4196 -0.2953 0.1575, 0.4196 -0.2953 0.1575, 0.4196 -1.1811 0.1575, 0.3167 -0.27 0.1575, 0.2587 -1.1811 0.1575, 0.9532 -0.263 0.1575, 0.9317 -0.2795 0.1575, 0.9032 -0.2913 0.1575, 0.8726 -0.2953 0.1575, 0.3167 -0.263 0.1575, 0.4196 0.2953 0.1575, 0.5183 0.2559 0.1575, 0.5183 -0.2559 0.1575, 0.9032 0.2913 0.1575, 0.9317 0.2795 0.1575, 0.912 0.2559 0.1575, 0.9561 0.2607 0.1575, 0.9749 0.2362 0.1575, 0.9867 -0.2077 0.1575, 0.9749 -0.2362 0.1575, 0.912 -0.2559 0.1575, 0.8726 0.2953 0.1575, 0.9867 0.2077 0.1575, 0.9907 0.1772 0.1575, 0.9907 -0.1772 0.1575, 0.3167 0.27 0.1575, 0.9561 -0.2607 0.1575, 0.2587 0.4179 0.1575, 0.2587 0.5671 0.1575, 0.4196 0.4179 0.1575, 0.4196 0.5671 0.1575, 0.2587 1.1811 0.1575, 0.2671 0.5899 0.1575, 0.2671 0.5683 0.1575, 0.3679 0.5683 0.1575, 0.3679 0.7651 0.1575, 0.3415 0.5899 0.1575, 0.3415 0.7651 0.1575, 0.4196 1.1811 0.1575, -0.3523 0.7651 0.1575, -0.4175 0.5981 0.1575, -0.4196 1.1811 0.1575, -0.4196 0.5928 0.1575, -0.3167 -0.263 0.1575, -0.3167 -0.27 0.1575, -0.9032 -0.2913 0.1575, -0.8726 -0.2953 0.1575, -0.0594 -1.1811 0.1575, -0.0594 -0.27 0.1575, 0.0846 -1.1811 0.1575, 0.0846 -0.27 0.1575, 0.2587 -0.27 0.1575, -0.3167 0.27 0.1575, 0.0846 0.4179 0.1575, 0.2587 0.27 0.1575, 0.1038 0.6001 0.1575, 0.1038 0.5785 0.1575, 0.0846 0.5671 0.1575, 0.1266 0.7659 0.1575, 0.1038 0.7597 0.1575, 0.0846 1.1811 0.1575, 0.1038 0.7333 0.1575, 0.126 0.7428 0.1575, 0.1073 0.5981 0.1575, 0.1499 0.7459 0.1575, 0.1693 0.7437 0.1575, 0.2013 0.575 0.1575, 0.2172 0.5851 0.1575, 0.2319 0.6006 0.1575, 0.2424 0.6194 0.1575, 0.2399 0.7133 0.1575, 0.2283 0.7317 0.1575, 0.2106 0.7488 0.1575, 0.184 0.7384 0.1575, 0.1977 0.7293 0.1575, 0.2095 0.7162 0.1575, 0.2239 0.6646 0.1575, 0.2219 0.6433 0.1575, 0.2165 0.6264 0.1575, 0.1727 0.5895 0.1575, 0.1543 0.5875 0.1575, 0.187 0.5948 0.1575, 0.1991 0.603 0.1575, 0.2084 0.6127 0.1575, 0.1282 0.5904 0.1575, 0.2177 0.701 0.1575, 0.2229 0.6799 0.1575, 0.2484 0.6402 0.1575, 0.2503 0.663 0.1575, 0.2474 0.691 0.1575, 0.1919 0.7595 0.1575, 0.1699 0.7659 0.1575, 0.1501 0.7675 0.1575, 0.1248 0.5699 0.1575, 0.1447 0.5671 0.1575, 0.1526 0.566 0.1575, 0.158 0.5659 0.1575, 0.1696 0.5671 0.1575, 0.1822 0.5684 0.1575, -0.0402 0.5683 0.1575, 0.0654 0.5683 0.1575, 0.0654 0.7651 0.1575, -0.0402 0.5899 0.1575, -0.0354 0.7435 0.1575, -0.0354 0.7651 0.1575, 0.039 0.6571 0.1575, 0.039 0.5899 0.1575, -0.0306 0.6571 0.1575, -0.0306 0.6787 0.1575, 0.039 0.6787 0.1575, 0.039 0.7435 0.1575, 0.4589 1.1811 0.1181, 0.4589 1.1811 0.0394, 0.4589 0.2953 0.1181, 0.4589 0.2953 0.0394, -0.4589 0.2953 0.1181, -0.4589 0.2953 0.0394, -0.4589 1.1811 0.1181, -0.4589 1.1811 0.0394, 1.1811 -1.0236 0.0394, 0.9561 -0.2607 0.0394, 0.9749 -0.2362 0.0394, 0.4589 -1.1811 0.0394, 0.4589 -0.2953 0.0394, 1.0236 -1.1811 0.0394, 0.8726 -0.2953 0.0394, 1.0644 -1.1757 0.0394, 0.9867 -0.2077 0.0394, 0.9907 -0.1772 0.0394, 1.1811 1.0236 0.0394, 0.9907 0.1772 0.0394, 0.9867 0.2077 0.0394, 0.9749 0.2362 0.0394, 1.1757 -1.0644 0.0394, 0.9032 -0.2913 0.0394, 0.9317 -0.2795 0.0394, 1.16 -1.1024 0.0394, 1.135 -1.135 0.0394, 1.1024 -1.16 0.0394, 0.8726 0.2953 0.0394, 1.0236 1.1811 0.0394, 0.9561 0.2607 0.0394, 0.9317 0.2795 0.0394, 1.1757 1.0644 0.0394, 0.9032 0.2913 0.0394, 1.16 1.1024 0.0394, 1.0644 1.1757 0.0394, 1.1024 1.16 0.0394, 1.135 1.135 0.0394
            ]
        }
        coordIndex [
            0,1,2,-1,3,4,5,-1,5,4,6,-1,7,8,9,-1,10,11,12,-1,12,11,13,-1,12,13,8,-1,8,13,14,-1,15,16,9,-1,9,16,17,-1,18,19,20,-1,21,22,20,-1,20,22,23,-1,20,23,18,-1,18,23,24,-1,24,25,26,-1,14,27,8,-1,8,27,28,-1,8,28,9,-1,9,28,29,-1,9,29,15,-1,26,30,24,-1,24,30,31,-1,24,31,32,-1,17,33,9,-1,9,33,34,-1,9,34,24,-1,24,34,35,-1,24,35,25,-1,36,37,38,-1,38,37,39,-1,38,39,18,-1,18,39,40,-1,18,40,19,-1,41,42,5,-1,5,42,43,-1,44,45,41,-1,41,45,46,-1,41,46,47,-1,47,46,36,-1,47,36,43,-1,43,36,48,-1,43,48,5,-1,49,50,51,-1,52,53,54,-1,49,51,55,-1,54,56,52,-1,52,56,57,-1,52,57,51,-1,44,41,57,-1,57,41,5,-1,57,5,51,-1,51,5,6,-1,51,6,55,-1,58,59,60,-1,61,62,63,-1,63,62,64,-1,65,66,67,-1,67,68,65,-1,65,68,61,-1,65,61,69,-1,69,61,63,-1,70,71,72,-1,73,74,75,-1,75,74,76,-1,75,76,77,-1,78,79,80,-1,71,70,75,-1,75,70,81,-1,75,81,73,-1,77,82,75,-1,75,82,83,-1,75,83,80,-1,80,83,84,-1,80,84,78,-1,85,70,69,-1,69,70,72,-1,69,72,65,-1,65,72,80,-1,65,80,86,-1,86,80,79,-1,87,88,89,-1,89,88,90,-1,88,91,92,-1,92,93,88,-1,88,93,94,-1,88,94,90,-1,90,94,95,-1,96,92,97,-1,97,92,91,-1,97,91,95,-1,95,91,98,-1,95,98,90,-1,9,99,7,-1,7,99,100,-1,7,100,101,-1,101,100,102,-1,48,103,104,-1,105,3,106,-1,106,3,5,-1,106,5,60,-1,60,5,48,-1,60,48,58,-1,58,48,104,-1,58,104,107,-1,107,104,108,-1,107,108,109,-1,109,108,110,-1,109,110,64,-1,64,110,111,-1,64,111,63,-1,36,38,48,-1,48,38,112,-1,48,112,103,-1,0,113,114,-1,114,113,87,-1,114,87,85,-1,85,87,89,-1,85,89,70,-1,115,116,117,-1,118,119,120,-1,120,119,121,-1,120,121,115,-1,115,121,122,-1,115,122,123,-1,123,122,124,-1,123,124,125,-1,126,127,88,-1,88,127,128,-1,88,128,129,-1,130,131,91,-1,91,131,132,-1,125,133,123,-1,123,133,134,-1,123,134,135,-1,136,137,123,-1,123,137,138,-1,139,140,141,-1,141,140,142,-1,138,143,123,-1,123,143,142,-1,123,142,144,-1,144,142,140,-1,135,145,123,-1,123,145,146,-1,123,146,136,-1,129,147,88,-1,88,147,148,-1,88,148,91,-1,91,148,149,-1,91,149,130,-1,132,150,91,-1,91,150,151,-1,91,151,120,-1,120,151,152,-1,120,152,118,-1,116,153,117,-1,117,153,154,-1,117,154,113,-1,154,155,113,-1,113,155,156,-1,113,156,87,-1,87,156,157,-1,87,157,88,-1,88,157,158,-1,88,158,126,-1,32,10,24,-1,24,10,12,-1,24,12,18,-1,18,12,2,-1,18,2,38,-1,38,2,1,-1,38,1,112,-1,12,159,160,-1,0,2,113,-1,113,2,12,-1,113,12,117,-1,117,12,160,-1,117,160,161,-1,159,12,162,-1,162,12,8,-1,162,8,163,-1,115,117,120,-1,120,117,161,-1,120,161,8,-1,8,161,164,-1,8,164,163,-1,165,166,167,-1,167,166,162,-1,167,162,168,-1,168,162,163,-1,168,163,169,-1,169,163,170,-1,171,172,173,-1,173,172,174,-1,175,176,177,-1,177,176,178,-1,179,180,181,-1,182,183,184,-1,184,183,185,-1,184,185,186,-1,181,187,179,-1,179,187,188,-1,179,188,189,-1,188,190,189,-1,189,190,191,-1,189,191,192,-1,193,194,179,-1,179,194,195,-1,179,195,180,-1,193,196,194,-1,194,196,197,-1,194,197,185,-1,185,197,198,-1,185,198,186,-1,174,172,199,-1,199,172,200,-1,192,201,189,-1,189,201,202,-1,189,202,203,-1,203,202,204,-1,203,204,205,-1,200,206,199,-1,199,206,207,-1,199,207,204,-1,204,207,208,-1,204,208,205,-1,
        ]
    }
}
Shape{
    appearance Appearance {
        material  Material {
            diffuseColor 1.0 1.0 1.0
            specularColor 0.8784313725490196 0.8784313725490196 0.8784313725490196
            ambientIntensity 1.0
            transparency 0.0
            shininess 0.5
        }
    }
    geometry IndexedFaceSet {
        ccw TRUE
        solid FALSE
        coord DEF co Coordinate {
            point [
                -1.6226 -1.0236 0.0, -1.9685 -1.0236 0.0, -1.6226 -0.748 0.0, -1.9685 -0.748 0.0, -1.5134 -0.748 0.073, -1.4149 -0.748 0.3114, -1.5134 -1.0236 0.073, -1.4149 -1.0236 0.3114, -1.233 -0.748 0.4331, -1.1811 -0.748 0.4331, -1.233 -1.0236 0.4331, -1.1811 -1.0236 0.4331, -1.2857 -1.0236 0.5118, -1.1811 -1.0236 0.5118, -1.2857 -0.748 0.5118, -1.1811 -0.748 0.5118, -1.5661 -1.0236 0.1518, -1.4676 -1.0236 0.3901, -1.5661 -0.748 0.1518, -1.4676 -0.748 0.3901, -1.6752 -0.748 0.0787, -1.9685 -0.748 0.0787, -1.6752 -1.0236 0.0787, -1.9685 -1.0236 0.0787, -1.6226 0.748 0.0, -1.9685 0.748 0.0, -1.6226 1.0236 0.0, -1.9685 1.0236 0.0, -1.5134 1.0236 0.073, -1.4149 1.0236 0.3114, -1.5134 0.748 0.073, -1.4149 0.748 0.3114, -1.233 1.0236 0.4331, -1.1811 1.0236 0.4331, -1.233 0.748 0.4331, -1.1811 0.748 0.4331, -1.2857 0.748 0.5118, -1.1811 0.748 0.5118, -1.2857 1.0236 0.5118, -1.1811 1.0236 0.5118, -1.5661 0.748 0.1518, -1.4676 0.748 0.3901, -1.5661 1.0236 0.1518, -1.4676 1.0236 0.3901, -1.6752 1.0236 0.0787, -1.9685 1.0236 0.0787, -1.6752 0.748 0.0787, -1.9685 0.748 0.0787
            ]
        }
        coordIndex [
            0,1,2,-1,2,1,3,-1,4,5,6,-1,6,5,7,-1,8,9,10,-1,10,9,11,-1,12,13,14,-1,14,13,15,-1,16,17,18,-1,18,17,19,-1,20,21,22,-1,22,21,23,-1,1,23,3,-1,3,23,21,-1,24,25,26,-1,26,25,27,-1,28,29,30,-1,30,29,31,-1,32,33,34,-1,34,33,35,-1,36,37,38,-1,38,37,39,-1,40,41,42,-1,42,41,43,-1,44,45,46,-1,46,45,47,-1,47,45,25,-1,25,45,27,-1,
        ]
    }
}
Shape{
    appearance Appearance {
        material  Material {
            diffuseColor 1.0 0.6196078431372549 0.592156862745098
            specularColor 0.5019607843137255 0.30980392156862746 0.29411764705882354
            ambientIntensity 0.7302
            transparency 0.0
            shininess 0.5
        }
    }
    geometry IndexedFaceSet {
        ccw TRUE
        solid FALSE
        coord DEF co Coordinate {
            point [
                -1.1811 1.0236 0.0394, -1.1811 -1.0236 0.0394, -1.1811 -0.748 0.4331, -1.1811 -1.0236 0.4331, -1.1811 -1.0236 0.5118, -1.1811 -1.0236 1.378, -1.1811 -0.748 0.5118, -1.1811 0.0 1.378, -1.1811 1.0236 0.4331, -1.1811 0.748 0.4331, -1.1811 0.748 0.5118, -1.1811 1.0236 0.5118, -1.1811 1.0236 1.378
            ]
        }
        coordIndex [
            0,1,2,-1,2,1,3,-1,4,5,6,-1,6,5,7,-1,6,7,2,-1,8,0,9,-1,9,0,2,-1,9,2,10,-1,10,2,7,-1,10,7,11,-1,11,7,12,-1,
        ]
    }
}
Shape{
    appearance Appearance {
        material  Material {
            diffuseColor 1.0 1.0 1.0
            specularColor 0.8784313725490196 0.8784313725490196 0.8784313725490196
            ambientIntensity 1.0
            transparency 0.0
            shininess 0.5
        }
    }
    geometry IndexedFaceSet {
        ccw TRUE
        solid FALSE
        coord DEF co Coordinate {
            point [
                1.9685 0.748 0.0, 1.9685 1.0236 0.0, 1.9685 0.748 0.0787, 1.9685 1.0236 0.0787, 1.9685 -1.0236 0.0787, 1.9685 -1.0236 0.0, 1.9685 -0.748 0.0787, 1.9685 -0.748 0.0, 1.6226 1.0236 0.0, 1.6226 0.748 0.0, 1.6226 -0.748 0.0, 1.6226 -1.0236 0.0, 1.5134 0.748 0.073, 1.4149 0.748 0.3114, 1.5134 1.0236 0.073, 1.4149 1.0236 0.3114, 1.5134 -1.0236 0.073, 1.4149 -1.0236 0.3114, 1.5134 -0.748 0.073, 1.4149 -0.748 0.3114, 1.233 0.748 0.4331, 1.1811 0.748 0.4331, 1.233 1.0236 0.4331, 1.1811 1.0236 0.4331, 1.233 -1.0236 0.4331, 1.1811 -1.0236 0.4331, 1.233 -0.748 0.4331, 1.1811 -0.748 0.4331, 1.2857 1.0236 0.5118, 1.1811 1.0236 0.5118, 1.2857 0.748 0.5118, 1.1811 0.748 0.5118, 1.2857 -0.748 0.5118, 1.1811 -0.748 0.5118, 1.2857 -1.0236 0.5118, 1.1811 -1.0236 0.5118, 1.5661 1.0236 0.1518, 1.4676 1.0236 0.3901, 1.5661 0.748 0.1518, 1.4676 0.748 0.3901, 1.5661 -0.748 0.1518, 1.4676 -0.748 0.3901, 1.5661 -1.0236 0.1518, 1.4676 -1.0236 0.3901, 1.6752 0.748 0.0787, 1.6752 1.0236 0.0787, 1.6752 -1.0236 0.0787, 1.6752 -0.748 0.0787
            ]
        }
        coordIndex [
            0,1,2,-1,2,1,3,-1,4,5,6,-1,6,5,7,-1,8,1,9,-1,9,1,0,-1,10,7,11,-1,11,7,5,-1,12,13,14,-1,14,13,15,-1,16,17,18,-1,18,17,19,-1,20,21,22,-1,22,21,23,-1,24,25,26,-1,26,25,27,-1,28,29,30,-1,30,29,31,-1,32,33,34,-1,34,33,35,-1,36,37,38,-1,38,37,39,-1,40,41,42,-1,42,41,43,-1,44,2,45,-1,45,2,3,-1,46,4,47,-1,47,4,6,-1,
        ]
    }
}
Shape{
    appearance Appearance {
        material  Material {
            diffuseColor 1.0 0.6196078431372549 0.592156862745098
            specularColor 0.5019607843137255 0.30980392156862746 0.29411764705882354
            ambientIntensity 0.7302
            transparency 0.0
            shininess 0.5
        }
    }
    geometry IndexedFaceSet {
        ccw TRUE
        solid FALSE
        coord DEF co Coordinate {
            point [
                1.1811 0.1476 1.3976, 1.1811 1.0236 1.3976, 1.1811 0.1476 1.4567, 1.1811 1.0236 1.4567, -1.1811 0.1476 1.4567, -1.1811 1.0236 1.4567, -1.1811 0.1476 1.3976, -1.1811 1.0236 1.3976, -0.4589 1.1811 0.0394, -0.4589 0.2953 0.0394, -1.0236 1.1811 0.0394, -0.8726 0.2953 0.0394, -1.0644 1.1757 0.0394, -1.1811 1.0236 0.0394, -0.9561 0.2607 0.0394, -0.9749 0.2362 0.0394, -0.9867 0.2077 0.0394, -0.9907 0.1772 0.0394, -1.1811 -1.0236 0.0394, -0.9907 -0.1772 0.0394, -0.9867 -0.2077 0.0394, -0.9749 -0.2362 0.0394, -1.1757 1.0644 0.0394, -0.9032 0.2913 0.0394, -0.9317 0.2795 0.0394, -1.16 1.1024 0.0394, -1.135 1.135 0.0394, -1.1024 1.16 0.0394, -0.4589 -0.2953 0.0394, -0.4589 -1.1811 0.0394, -0.8726 -0.2953 0.0394, -1.0236 -1.1811 0.0394, -0.9561 -0.2607 0.0394, -0.9317 -0.2795 0.0394, -1.1757 -1.0644 0.0394, -0.9032 -0.2913 0.0394, -1.16 -1.1024 0.0394, -1.0644 -1.1757 0.0394, -1.1024 -1.16 0.0394, -1.135 -1.135 0.0394, 0.4589 -1.1811 0.1181, 0.4589 -1.1811 0.0394, 1.0236 -1.1811 0.0394, -0.4474 -1.1811 0.1459, -0.4392 -1.1811 0.1522, -1.0236 -1.1811 1.378, 1.0236 -1.1811 1.378, 0.4297 -1.1811 0.1561, 0.4392 -1.1811 0.1522, 0.4474 -1.1811 0.1459, 0.4537 -1.1811 0.1378, 0.4576 -1.1811 0.1283, -0.4589 -1.1811 0.1181, -0.4576 -1.1811 0.1283, -0.4537 -1.1811 0.1378, -0.4297 -1.1811 0.1561, -0.4196 -1.1811 0.1575, -0.4175 -1.1811 0.1575, -0.0594 -1.1811 0.1575, 0.0846 -1.1811 0.1575, 0.2587 -1.1811 0.1575, 0.4196 -1.1811 0.1575, -0.4589 1.1811 0.1181, 0.4589 1.1811 0.0394, 0.4589 1.1811 0.1181, 1.0236 1.1811 0.0394, 0.4576 1.1811 0.1283, 1.0236 1.1811 1.378, 0.4537 1.1811 0.1378, 0.4474 1.1811 0.1459, 0.4392 1.1811 0.1522, 0.4297 1.1811 0.1561, 0.4196 1.1811 0.1575, -0.4175 1.1811 0.1575, -0.4196 1.1811 0.1575, -1.0236 1.1811 1.378, -0.4297 1.1811 0.1561, -0.4392 1.1811 0.1522, -0.4474 1.1811 0.1459, -0.4537 1.1811 0.1378, -0.4576 1.1811 0.1283, 0.2587 1.1811 0.1575, 0.0846 1.1811 0.1575, -0.0594 1.1811 0.1575, 1.1811 -1.0236 0.4331, 1.1811 -1.0236 0.0394, 1.1811 -0.748 0.4331, 1.1811 1.0236 0.0394, 1.1811 1.0236 0.5118, 1.1811 1.0236 1.378, 1.1811 0.748 0.5118, 1.1811 0.0 1.378, 1.1811 -1.0236 1.378, 1.1811 -1.0236 0.5118, 1.1811 -0.748 0.5118, 1.1811 0.748 0.4331, 1.1811 1.0236 0.4331, -1.1024 1.16 1.378, -1.0053 1.0053 1.378, -0.9646 1.0366 1.378, -0.9171 1.0563 1.378, -1.0644 1.1757 1.378, -0.8661 1.063 1.378, -0.8152 1.0563 1.378, 0.0 1.1811 1.378, -0.7677 1.0366 1.378, -0.7269 1.0053 1.378, -0.676 0.8152 1.378, -0.1344 0.6757 1.378, -0.6693 0.8661 1.378, 0.0 0.689 1.378, -0.676 0.9171 1.378, -0.6957 0.9646 1.378, -1.135 1.135 1.378, -1.16 1.1024 1.378, -1.0366 0.9646 1.378, -1.1757 1.0644 1.378, -1.0563 0.9171 1.378, -1.1811 1.0236 1.378, -1.063 0.8661 1.378, -1.0563 0.8152 1.378, -1.1811 0.0 1.378, -1.0366 0.7677 1.378, -0.9171 0.676 1.378, -0.9646 0.6957 1.378, -1.0053 0.7269 1.378, -0.8152 0.676 1.378, -0.6365 0.2637 1.378, -0.7677 0.6957 1.378, -0.5729 0.3828 1.378, -0.7269 0.7269 1.378, -0.4872 0.4872 1.378, -0.6957 0.7677 1.378, -0.3828 0.5729 1.378, -0.2637 0.6365 1.378, -0.8661 0.6693 1.378, -0.689 0.0 1.378, -0.6757 0.1344 1.378, 1.0563 0.9171 1.378, 1.063 0.8661 1.378, 1.0563 0.8152 1.378, 1.0366 0.7677 1.378, 1.0053 0.7269 1.378, 0.7269 1.0053 1.378, 0.6957 0.9646 1.378, 0.676 0.9171 1.378, 0.8152 0.676 1.378, 0.6757 0.1344 1.378, 0.8661 0.6693 1.378, 0.689 0.0 1.378, 0.9171 0.676 1.378, 0.9646 0.6957 1.378, 0.6693 0.8661 1.378, 0.676 0.8152 1.378, 0.1344 0.6757 1.378, 0.2637 0.6365 1.378, 0.6957 0.7677 1.378, 0.3828 0.5729 1.378, 0.7269 0.7269 1.378, 0.4872 0.4872 1.378, 0.7677 0.6957 1.378, 0.5729 0.3828 1.378, 0.6365 0.2637 1.378, 1.16 1.1024 1.378, 1.0053 1.0053 1.378, 1.0366 0.9646 1.378, 1.1757 1.0644 1.378, 0.7677 1.0366 1.378, 0.8152 1.0563 1.378, 0.8661 1.063 1.378, 0.9171 1.0563 1.378, 1.0644 1.1757 1.378, 0.9646 1.0366 1.378, 1.1024 1.16 1.378, 1.135 1.135 1.378, 0.9646 -1.0366 1.378, 0.9171 -1.0563 1.378, 0.8152 -0.676 1.378, 0.8661 -0.6693 1.378, 1.0563 -0.8152 1.378, 0.0 -1.1811 1.378, 0.7269 -1.0053 1.378, 0.6957 -0.9646 1.378, 0.9646 -0.6957 1.378, 1.0053 -0.7269 1.378, 1.0366 -0.7677 1.378, 1.063 -0.8661 1.378, 1.0563 -0.9171 1.378, 1.1757 -1.0644 1.378, 1.0366 -0.9646 1.378, 1.16 -1.1024 1.378, 1.0053 -1.0053 1.378, 1.0644 -1.1757 1.378, 1.1024 -1.16 1.378, 1.135 -1.135 1.378, 0.8661 -1.063 1.378, 0.8152 -1.0563 1.378, 0.7677 -1.0366 1.378, 0.9171 -0.676 1.378, 0.676 -0.8152 1.378, 0.1344 -0.6757 1.378, 0.6693 -0.8661 1.378, 0.0 -0.689 1.378, 0.676 -0.9171 1.378, 0.6757 -0.1344 1.378, 0.6365 -0.2637 1.378, 0.7677 -0.6957 1.378, 0.5729 -0.3828 1.378, 0.7269 -0.7269 1.378, 0.4872 -0.4872 1.378, 0.6957 -0.7677 1.378, 0.3828 -0.5729 1.378, 0.2637 -0.6365 1.378, -0.676 -0.8152 1.378, -0.6693 -0.8661 1.378, -0.676 -0.9171 1.378, -0.6957 -0.9646 1.378, -0.7269 -1.0053 1.378, -0.7677 -1.0366 1.378, -0.8152 -1.0563 1.378, -0.8152 -0.676 1.378, -0.6757 -0.1344 1.378, -0.8661 -0.6693 1.378, -0.9171 -0.676 1.378, -0.9646 -0.6957 1.378, -1.0053 -0.7269 1.378, -0.1344 -0.6757 1.378, -0.2637 -0.6365 1.378, -0.6957 -0.7677 1.378, -0.3828 -0.5729 1.378, -0.7269 -0.7269 1.378, -0.4872 -0.4872 1.378, -0.7677 -0.6957 1.378, -0.5729 -0.3828 1.378, -0.6365 -0.2637 1.378, -1.0563 -0.9171 1.378, -1.063 -0.8661 1.378, -1.1811 -1.0236 1.378, -1.0563 -0.8152 1.378, -1.0366 -0.7677 1.378, -1.16 -1.1024 1.378, -1.0053 -1.0053 1.378, -1.0366 -0.9646 1.378, -1.1757 -1.0644 1.378, -0.8661 -1.063 1.378, -0.9171 -1.0563 1.378, -1.0644 -1.1757 1.378, -0.9646 -1.0366 1.378, -1.1024 -1.16 1.378, -1.135 -1.135 1.378, 1.1811 -0.1476 1.4567, 1.1811 -1.0236 1.4567, 1.1811 -0.1476 1.3976, 1.1811 -1.0236 1.3976
            ]
        }
        coordIndex [
            0,1,2,-1,2,1,3,-1,4,5,6,-1,6,5,7,-1,8,9,10,-1,10,9,11,-1,10,11,12,-1,13,14,15,-1,15,16,13,-1,13,16,17,-1,13,17,18,-1,17,19,18,-1,18,19,20,-1,18,20,21,-1,22,23,13,-1,13,23,24,-1,13,24,14,-1,22,25,23,-1,23,25,26,-1,23,26,11,-1,11,26,27,-1,11,27,12,-1,28,29,30,-1,30,29,31,-1,21,32,18,-1,18,32,33,-1,18,33,34,-1,34,33,35,-1,34,35,36,-1,31,37,30,-1,30,37,38,-1,30,38,35,-1,35,38,39,-1,35,39,36,-1,40,41,42,-1,43,44,45,-1,46,47,48,-1,48,49,46,-1,46,49,50,-1,46,50,42,-1,42,50,51,-1,42,51,40,-1,29,52,31,-1,31,52,53,-1,31,53,45,-1,45,53,54,-1,45,54,43,-1,44,55,45,-1,45,55,56,-1,45,56,46,-1,56,57,46,-1,46,57,58,-1,46,58,59,-1,59,60,46,-1,46,60,61,-1,46,61,47,-1,62,8,10,-1,63,64,65,-1,65,64,66,-1,65,66,67,-1,67,66,68,-1,67,68,69,-1,69,70,67,-1,67,70,71,-1,67,71,72,-1,73,74,75,-1,75,74,76,-1,75,76,77,-1,77,78,75,-1,75,78,79,-1,75,79,10,-1,10,79,80,-1,10,80,62,-1,72,81,67,-1,67,81,82,-1,67,82,75,-1,75,82,83,-1,75,83,73,-1,84,85,86,-1,86,85,87,-1,88,89,90,-1,90,89,91,-1,92,93,91,-1,91,93,94,-1,91,94,90,-1,90,94,86,-1,90,86,95,-1,95,86,87,-1,95,87,96,-1,97,98,99,-1,100,75,99,-1,99,75,101,-1,99,101,97,-1,100,102,75,-1,75,102,103,-1,75,103,104,-1,104,103,105,-1,104,105,106,-1,107,108,109,-1,109,108,110,-1,109,110,111,-1,111,110,104,-1,111,104,112,-1,112,104,106,-1,97,113,98,-1,98,113,114,-1,98,114,115,-1,115,114,116,-1,115,116,117,-1,117,116,118,-1,117,118,119,-1,119,118,120,-1,120,118,121,-1,120,121,122,-1,123,124,121,-1,121,124,125,-1,121,125,122,-1,126,127,128,-1,128,127,129,-1,128,129,130,-1,130,129,131,-1,130,131,132,-1,132,131,133,-1,132,133,107,-1,107,133,134,-1,107,134,108,-1,123,121,135,-1,135,121,136,-1,135,136,126,-1,126,136,137,-1,126,137,127,-1,138,139,89,-1,89,139,140,-1,89,140,91,-1,91,140,141,-1,91,141,142,-1,143,104,144,-1,144,104,145,-1,146,147,148,-1,148,147,149,-1,148,149,150,-1,150,149,91,-1,150,91,151,-1,151,91,142,-1,145,104,152,-1,152,104,110,-1,152,110,153,-1,110,154,153,-1,153,154,155,-1,153,155,156,-1,156,155,157,-1,156,157,158,-1,158,157,159,-1,158,159,160,-1,160,159,161,-1,160,161,146,-1,146,161,162,-1,146,162,147,-1,163,164,165,-1,138,89,165,-1,165,89,166,-1,165,166,163,-1,143,167,104,-1,104,167,168,-1,104,168,67,-1,168,169,67,-1,67,169,170,-1,67,170,171,-1,171,170,172,-1,171,172,173,-1,173,172,164,-1,173,164,174,-1,174,164,163,-1,175,176,46,-1,177,178,149,-1,92,91,179,-1,180,181,182,-1,183,184,91,-1,91,184,185,-1,91,185,179,-1,179,186,92,-1,92,186,187,-1,92,187,188,-1,188,187,189,-1,188,189,190,-1,190,189,191,-1,46,192,175,-1,175,192,193,-1,175,193,191,-1,191,193,194,-1,191,194,190,-1,176,195,46,-1,46,195,196,-1,46,196,180,-1,180,196,197,-1,180,197,181,-1,149,178,91,-1,91,178,198,-1,91,198,183,-1,199,200,201,-1,201,200,202,-1,201,202,203,-1,149,204,177,-1,177,204,205,-1,177,205,206,-1,206,205,207,-1,206,207,208,-1,208,207,209,-1,208,209,210,-1,210,209,211,-1,210,211,199,-1,199,211,212,-1,199,212,200,-1,213,214,202,-1,202,214,180,-1,202,180,203,-1,203,180,182,-1,214,215,180,-1,180,215,216,-1,180,216,217,-1,217,218,180,-1,180,218,219,-1,180,219,45,-1,220,221,222,-1,222,221,136,-1,222,136,223,-1,223,136,121,-1,223,121,224,-1,224,121,225,-1,202,226,213,-1,213,226,227,-1,213,227,228,-1,228,227,229,-1,228,229,230,-1,230,229,231,-1,230,231,232,-1,232,231,233,-1,232,233,220,-1,220,233,234,-1,220,234,221,-1,235,236,237,-1,237,236,238,-1,237,238,121,-1,121,238,239,-1,121,239,225,-1,240,241,242,-1,235,237,242,-1,242,237,243,-1,242,243,240,-1,219,244,45,-1,45,244,245,-1,45,245,246,-1,246,245,247,-1,246,247,248,-1,248,247,241,-1,248,241,249,-1,249,241,240,-1,250,251,252,-1,252,251,253,-1,
        ]
    }
}
Shape{
    appearance Appearance {
        material  Material {
            diffuseColor 1.0 1.0 1.0
            specularColor 0.8784313725490196 0.8784313725490196 0.8784313725490196
            ambientIntensity 1.0
            transparency 0.0
            shininess 0.5
        }
    }
    geometry IndexedFaceSet {
        ccw TRUE
        solid FALSE
        coord DEF co Coordinate {
            point [
                -1.0236 1.1811 1.3976, -1.0236 1.1811 1.4567, 0.0 1.1811 1.3976, 0.0 1.1811 1.4567, 1.0236 1.1811 1.3976, 1.0236 1.1811 1.4567
            ]
        }
        coordIndex [
            0,1,2,-1,2,1,3,-1,2,3,4,-1,4,3,5,-1,
        ]
    }
}
Shape{
    appearance Appearance {
        material  Material {
            diffuseColor 1.0 0.6196078431372549 0.592156862745098
            specularColor 0.5019607843137255 0.30980392156862746 0.29411764705882354
            ambientIntensity 0.7302
            transparency 0.0
            shininess 0.5
        }
    }
    geometry IndexedFaceSet {
        ccw TRUE
        solid FALSE
        coord DEF co Coordinate {
            point [
                -1.1811 -0.1476 1.3976, -1.1811 -1.0236 1.3976, -1.1811 -0.1476 1.4567, -1.1811 -1.0236 1.4567
            ]
        }
        coordIndex [
            0,1,2,-1,2,1,3,-1,
        ]
    }
}
Shape{
    appearance Appearance {
        material  Material {
            diffuseColor 1.0 1.0 1.0
            specularColor 0.8784313725490196 0.8784313725490196 0.8784313725490196
            ambientIntensity 1.0
            transparency 0.0
            shininess 0.5
        }
    }
    geometry IndexedFaceSet {
        ccw TRUE
        solid FALSE
        coord DEF co Coordinate {
            point [
                -1.0236 -1.1811 1.4567, -1.0236 -1.1811 1.3976, 0.0 -1.1811 1.4567, 0.0 -1.1811 1.3976, 1.0236 -1.1811 1.4567, 1.0236 -1.1811 1.3976, -0.4872 0.4872 1.4567, -0.3828 0.5729 1.4567, -0.6936 0.7713 1.4567, -1.063 -0.8661 1.4567, -1.0568 -0.8172 1.4567, -1.1339 -0.1476 1.4567, -1.0386 -0.7713 1.4567, -1.0096 -0.7314 1.4567, -0.8293 -1.0595 1.4567, -1.1811 -0.1476 1.4567, -1.1811 -1.0236 1.4567, -1.0568 -0.9151 1.4567, -1.0386 -0.961 1.4567, -0.9716 -0.6999 1.4567, -0.927 -0.6789 1.4567, -1.1339 0.0 1.4567, -0.6708 -0.8415 1.4567, -0.6708 -0.8908 1.4567, -0.6831 -0.9386 1.4567, -0.7069 -0.9818 1.4567, -0.7407 -1.0178 1.4567, -0.7823 -1.0443 1.4567, -0.8785 -1.0626 1.4567, -0.927 -1.0534 1.4567, -1.0644 -1.1757 1.4567, -0.9716 -1.0323 1.4567, -1.1024 -1.16 1.4567, -1.0096 -1.0009 1.4567, -1.135 -1.135 1.4567, -1.16 -1.1024 1.4567, -1.1757 -1.0644 1.4567, -0.8785 -0.6697 1.4567, -0.8293 -0.6728 1.4567, -0.689 0.0 1.4567, -0.7823 -0.688 1.4567, -0.6365 -0.2637 1.4567, -0.6757 -0.1344 1.4567, 0.2637 -0.6365 1.4567, 0.1344 -0.6757 1.4567, 0.0 -0.689 1.4567, -0.1344 -0.6757 1.4567, -0.6831 -0.7937 1.4567, -0.2637 -0.6365 1.4567, -0.7069 -0.7504 1.4567, -0.3828 -0.5729 1.4567, -0.7407 -0.7145 1.4567, -0.4872 -0.4872 1.4567, -0.5729 -0.3828 1.4567, 0.9716 -1.0323 1.4567, 0.927 -1.0534 1.4567, 1.063 -0.8661 1.4567, 1.1811 -1.0236 1.4567, 1.0568 -0.8172 1.4567, 1.1811 -0.1476 1.4567, 1.0386 -0.7713 1.4567, 1.0096 -0.7314 1.4567, 0.6365 -0.2637 1.4567, 0.5729 -0.3828 1.4567, 1.1339 -0.1476 1.4567, 0.4872 -0.4872 1.4567, 0.3828 -0.5729 1.4567, 1.135 -1.135 1.4567, 1.0096 -1.0009 1.4567, 1.1024 -1.16 1.4567, 1.0644 -1.1757 1.4567, 1.0568 -0.9151 1.4567, 1.0386 -0.961 1.4567, 1.1757 -1.0644 1.4567, 1.16 -1.1024 1.4567, 0.8785 -1.0626 1.4567, 0.8293 -1.0595 1.4567, 0.7823 -1.0443 1.4567, 0.7407 -1.0178 1.4567, 0.8293 -0.6728 1.4567, 0.8785 -0.6697 1.4567, 0.927 -0.6789 1.4567, 0.9716 -0.6999 1.4567, 0.6831 -0.7937 1.4567, 0.7069 -0.7504 1.4567, 0.7407 -0.7145 1.4567, 0.7823 -0.688 1.4567, 0.7069 -0.9818 1.4567, 0.6831 -0.9386 1.4567, 0.6708 -0.8908 1.4567, 0.6693 -0.8661 1.4567, 0.6708 -0.8415 1.4567, 0.6936 0.961 1.4567, 0.7226 1.0009 1.4567, 0.0 1.1811 1.4567, 0.8538 0.6697 1.4567, 0.8053 0.6789 1.4567, 1.1339 0.1476 1.4567, 0.2637 0.6365 1.4567, 0.1344 0.6757 1.4567, 0.0 0.689 1.4567, 0.3828 0.5729 1.4567, 0.4872 0.4872 1.4567, 0.5729 0.3828 1.4567, 0.6365 0.2637 1.4567, 0.6757 0.1344 1.4567, 1.1339 0.0 1.4567, 0.689 0.0 1.4567, 0.6757 -0.1344 1.4567, 0.6755 0.8172 1.4567, 0.6693 0.8661 1.4567, 0.6755 0.9151 1.4567, 1.16 1.1024 1.4567, 1.135 1.135 1.4567, 1.0254 0.9818 1.4567, 0.9916 1.0178 1.4567, 1.1757 1.0644 1.4567, 1.0492 0.9386 1.4567, 1.1811 1.0236 1.4567, 1.0254 0.7504 1.4567, 0.9916 0.7145 1.4567, 1.1811 0.1476 1.4567, 0.95 0.688 1.4567, 0.903 0.6728 1.4567, 0.7607 1.0323 1.4567, 0.8053 1.0534 1.4567, 1.0236 1.1811 1.4567, 0.8538 1.0626 1.4567, 0.903 1.0595 1.4567, 0.95 1.0443 1.4567, 1.0644 1.1757 1.4567, 1.1024 1.16 1.4567, 1.0614 0.8908 1.4567, 1.0614 0.8415 1.4567, 1.0492 0.7937 1.4567, 0.7607 0.6999 1.4567, 0.7226 0.7314 1.4567, 0.6936 0.7713 1.4567, -0.7607 1.0323 1.4567, -0.7226 1.0009 1.4567, -0.6755 0.8172 1.4567, -0.7226 0.7314 1.4567, -1.1339 0.1476 1.4567, -0.7607 0.6999 1.4567, -0.8053 0.6789 1.4567, -0.6936 0.961 1.4567, -0.6755 0.9151 1.4567, -0.6693 0.8661 1.4567, -0.1344 0.6757 1.4567, -0.2637 0.6365 1.4567, -0.8538 0.6697 1.4567, -0.903 0.6728 1.4567, -1.1811 0.1476 1.4567, -0.95 0.688 1.4567, -0.9916 0.7145 1.4567, -1.0236 1.1811 1.4567, -1.0644 1.1757 1.4567, -0.95 1.0443 1.4567, -0.9916 1.0178 1.4567, -0.6757 0.1344 1.4567, -0.6365 0.2637 1.4567, -0.5729 0.3828 1.4567, -0.903 1.0595 1.4567, -0.8538 1.0626 1.4567, -0.8053 1.0534 1.4567, -1.063 0.8661 1.4567, -1.0614 0.8908 1.4567, -1.1811 1.0236 1.4567, -1.0492 0.9386 1.4567, -1.1757 1.0644 1.4567, -1.0254 0.9818 1.4567, -1.1024 1.16 1.4567, -1.135 1.135 1.4567, -1.16 1.1024 1.4567, -1.0254 0.7504 1.4567, -1.0492 0.7937 1.4567, -1.0614 0.8415 1.4567, 1.0366 0.7677 1.3976, 1.0563 0.8152 1.3976, 1.1811 0.1476 1.3976, 0.676 0.8152 1.3976, 0.1344 0.6757 1.3976, 0.6693 0.8661 1.3976, 0.0 0.689 1.3976, 0.676 0.9171 1.3976, 1.1811 1.0236 1.3976, 0.5729 0.3828 1.3976, 0.4872 0.4872 1.3976, 0.6957 0.7677 1.3976, 0.3828 0.5729 1.3976, 0.2637 0.6365 1.3976, 0.7677 0.6957 1.3976, 0.8152 0.676 1.3976, 0.8661 0.6693 1.3976, 0.9171 0.676 1.3976, 0.9646 0.6957 1.3976, 1.0053 0.7269 1.3976, 0.7269 0.7269 1.3976, 1.1339 0.1476 1.3976, 0.6365 0.2637 1.3976, 0.0 1.1811 1.3976, 0.6957 0.9646 1.3976, 0.7269 1.0053 1.3976, 1.063 0.8661 1.3976, 1.0563 0.9171 1.3976, 1.1757 1.0644 1.3976, 1.0366 0.9646 1.3976, 1.16 1.1024 1.3976, 1.0053 1.0053 1.3976, 0.9646 1.0366 1.3976, 1.1024 1.16 1.3976, 1.135 1.135 1.3976, 0.9171 1.0563 1.3976, 1.0236 1.1811 1.3976, 1.0644 1.1757 1.3976, 0.8661 1.063 1.3976, 0.8152 1.0563 1.3976, 0.7677 1.0366 1.3976, -0.1344 0.6757 1.3976, -0.2637 0.6365 1.3976, -0.3828 0.5729 1.3976, -0.4872 0.4872 1.3976, -1.1339 0.1476 1.3976, -0.5729 0.3828 1.3976, -0.7269 1.0053 1.3976, -0.7677 1.0366 1.3976, -0.8152 1.0563 1.3976, -1.0236 1.1811 1.3976, -0.8661 1.063 1.3976, -0.9171 1.0563 1.3976, -1.0644 1.1757 1.3976, -0.9646 1.0366 1.3976, -1.1024 1.16 1.3976, -1.0053 1.0053 1.3976, -1.1811 1.0236 1.3976, -1.1757 1.0644 1.3976, -1.0366 0.9646 1.3976, -1.16 1.1024 1.3976, -1.135 1.135 1.3976, -1.0563 0.9171 1.3976, -1.063 0.8661 1.3976, -1.1811 0.1476 1.3976, -1.0563 0.8152 1.3976, -1.0366 0.7677 1.3976, -0.676 0.8152 1.3976, -0.6693 0.8661 1.3976, -0.676 0.9171 1.3976, -0.6957 0.9646 1.3976, -0.8661 0.6693 1.3976, -0.8152 0.676 1.3976, -0.7677 0.6957 1.3976, -0.7269 0.7269 1.3976, -0.6957 0.7677 1.3976, -1.0053 0.7269 1.3976, -0.9646 0.6957 1.3976, -0.9171 0.676 1.3976, -0.6365 0.2637 1.3976, -0.6757 0.1344 1.3976, -1.1339 0.0 1.3976, -0.689 0.0 1.3976, -1.1339 -0.1476 1.3976, -0.6757 -0.1344 1.3976, -0.6365 -0.2637 1.3976, -0.7269 -1.0053 1.3976, -0.6957 -0.9646 1.3976, -1.0053 -0.7269 1.3976, -1.0366 -0.7677 1.3976, -1.1811 -0.1476 1.3976, -1.0563 -0.8152 1.3976, -1.1811 -1.0236 1.3976, 0.0 -0.689 1.3976, -0.1344 -0.6757 1.3976, -0.2637 -0.6365 1.3976, -0.8152 -0.676 1.3976, -0.8661 -0.6693 1.3976, -0.9171 -0.676 1.3976, -0.9646 -0.6957 1.3976, -0.5729 -0.3828 1.3976, -0.4872 -0.4872 1.3976, -0.3828 -0.5729 1.3976, -0.9171 -1.0563 1.3976, -0.8661 -1.063 1.3976, -0.8152 -1.0563 1.3976, -0.7677 -1.0366 1.3976, -0.676 -0.9171 1.3976, -0.6693 -0.8661 1.3976, -0.676 -0.8152 1.3976, -1.1024 -1.16 1.3976, -1.0053 -1.0053 1.3976, -0.9646 -1.0366 1.3976, -1.0644 -1.1757 1.3976, -0.6957 -0.7677 1.3976, -0.7269 -0.7269 1.3976, -0.7677 -0.6957 1.3976, -1.063 -0.8661 1.3976, -1.0563 -0.9171 1.3976, -1.1757 -1.0644 1.3976, -1.0366 -0.9646 1.3976, -1.16 -1.1024 1.3976, -1.135 -1.135 1.3976, 0.676 -0.8152 1.3976, 0.6693 -0.8661 1.3976, 0.6957 -0.9646 1.3976, 0.7269 -1.0053 1.3976, 0.8152 -0.676 1.3976, 0.6757 -0.1344 1.3976, 0.8661 -0.6693 1.3976, 0.689 0.0 1.3976, 0.9171 -0.676 1.3976, 0.676 -0.9171 1.3976, 1.1811 -1.0236 1.3976, 1.1757 -1.0644 1.3976, 1.0366 -0.9646 1.3976, 1.16 -1.1024 1.3976, 1.0053 -1.0053 1.3976, 1.063 -0.8661 1.3976, 1.0563 -0.8152 1.3976, 1.1339 -0.1476 1.3976, 1.0366 -0.7677 1.3976, 1.0053 -0.7269 1.3976, 0.7677 -1.0366 1.3976, 0.8152 -1.0563 1.3976, 1.1811 -0.1476 1.3976, 1.0563 -0.9171 1.3976, 0.1344 -0.6757 1.3976, 0.2637 -0.6365 1.3976, 0.6957 -0.7677 1.3976, 0.3828 -0.5729 1.3976, 0.7269 -0.7269 1.3976, 0.4872 -0.4872 1.3976, 0.7677 -0.6957 1.3976, 0.5729 -0.3828 1.3976, 0.6365 -0.2637 1.3976, 0.8661 -1.063 1.3976, 0.9171 -1.0563 1.3976, 1.0644 -1.1757 1.3976, 0.9646 -1.0366 1.3976, 1.1024 -1.16 1.3976, 1.135 -1.135 1.3976, 0.9646 -0.6957 1.3976, 1.1339 0.0 1.3976, 0.6757 0.1344 1.3976
            ]
        }
        coordIndex [
            0,1,2,-1,2,1,3,-1,2,3,4,-1,4,3,5,-1,6,7,8,-1,9,10,11,-1,11,10,12,-1,11,12,13,-1,14,0,2,-1,11,15,9,-1,9,15,16,-1,9,16,17,-1,17,16,18,-1,13,19,11,-1,11,19,20,-1,11,20,21,-1,22,23,2,-1,2,23,24,-1,2,24,25,-1,25,26,2,-1,2,26,27,-1,2,27,14,-1,14,28,0,-1,0,28,29,-1,0,29,30,-1,30,29,31,-1,30,31,32,-1,32,31,33,-1,32,33,34,-1,34,33,35,-1,18,16,33,-1,33,16,36,-1,33,36,35,-1,37,38,39,-1,40,41,38,-1,38,41,42,-1,38,42,39,-1,43,44,2,-1,2,44,45,-1,2,45,22,-1,22,45,46,-1,22,46,47,-1,47,46,48,-1,47,48,49,-1,49,48,50,-1,49,50,51,-1,51,50,52,-1,51,52,40,-1,40,52,53,-1,40,53,41,-1,54,55,4,-1,56,57,58,-1,58,57,59,-1,58,59,60,-1,60,59,61,-1,62,63,64,-1,64,63,65,-1,64,65,2,-1,2,65,66,-1,2,66,43,-1,67,68,69,-1,69,68,54,-1,69,54,70,-1,70,54,4,-1,56,71,57,-1,57,71,72,-1,57,72,73,-1,73,72,68,-1,73,68,74,-1,74,68,67,-1,55,75,4,-1,4,75,76,-1,4,76,2,-1,2,76,77,-1,2,77,78,-1,79,80,64,-1,64,80,81,-1,64,81,59,-1,59,81,82,-1,59,82,61,-1,83,84,2,-1,2,84,85,-1,2,85,64,-1,64,85,86,-1,64,86,79,-1,78,87,2,-1,2,87,88,-1,2,88,89,-1,89,90,2,-1,2,90,91,-1,2,91,83,-1,92,93,94,-1,95,96,97,-1,98,94,99,-1,99,94,100,-1,98,101,94,-1,94,101,102,-1,94,102,97,-1,97,102,103,-1,103,104,97,-1,97,104,105,-1,97,105,106,-1,106,105,107,-1,106,107,64,-1,64,107,108,-1,64,108,62,-1,109,110,94,-1,94,110,111,-1,94,111,92,-1,112,113,114,-1,114,113,115,-1,112,114,116,-1,116,114,117,-1,116,117,118,-1,119,120,121,-1,121,120,122,-1,121,122,97,-1,97,122,123,-1,97,123,95,-1,93,124,94,-1,94,124,125,-1,94,125,126,-1,126,125,127,-1,127,128,126,-1,126,128,129,-1,126,129,130,-1,130,129,115,-1,130,115,131,-1,131,115,113,-1,117,132,118,-1,118,132,133,-1,118,133,121,-1,121,133,134,-1,121,134,119,-1,96,135,97,-1,97,135,136,-1,97,136,94,-1,94,136,137,-1,94,137,109,-1,138,139,94,-1,8,7,140,-1,8,141,142,-1,142,141,143,-1,142,143,144,-1,139,145,94,-1,94,145,146,-1,94,146,100,-1,100,146,147,-1,100,147,148,-1,148,147,140,-1,148,140,149,-1,149,140,7,-1,20,37,21,-1,21,37,39,-1,21,39,142,-1,144,150,142,-1,142,150,151,-1,142,151,152,-1,152,151,153,-1,152,153,154,-1,155,156,157,-1,157,156,158,-1,39,159,142,-1,142,159,160,-1,142,160,8,-1,8,160,161,-1,8,161,6,-1,157,162,155,-1,155,162,163,-1,155,163,94,-1,94,163,164,-1,94,164,138,-1,165,166,167,-1,167,166,168,-1,167,168,169,-1,169,168,170,-1,156,171,158,-1,158,171,172,-1,158,172,170,-1,170,172,173,-1,170,173,169,-1,154,174,152,-1,152,174,175,-1,152,175,167,-1,167,175,176,-1,167,176,165,-1,177,178,179,-1,180,181,182,-1,182,181,183,-1,182,183,184,-1,179,178,185,-1,186,187,188,-1,188,187,189,-1,188,189,180,-1,180,189,190,-1,180,190,181,-1,191,192,179,-1,179,192,193,-1,179,193,194,-1,194,195,179,-1,179,195,196,-1,179,196,177,-1,191,179,197,-1,197,179,198,-1,197,198,188,-1,188,198,199,-1,188,199,186,-1,184,200,201,-1,201,200,202,-1,178,203,185,-1,185,203,204,-1,185,204,205,-1,205,204,206,-1,205,206,207,-1,207,206,208,-1,209,210,208,-1,208,210,211,-1,208,211,207,-1,212,213,209,-1,209,213,214,-1,209,214,210,-1,212,215,213,-1,213,215,216,-1,213,216,200,-1,200,216,217,-1,200,217,202,-1,184,183,200,-1,200,183,218,-1,200,218,219,-1,219,220,200,-1,200,220,221,-1,200,221,222,-1,222,221,223,-1,224,225,200,-1,200,225,226,-1,200,226,227,-1,226,228,227,-1,227,228,229,-1,227,229,230,-1,230,229,231,-1,230,231,232,-1,232,231,233,-1,234,235,236,-1,236,235,237,-1,236,237,233,-1,233,237,238,-1,233,238,232,-1,236,239,234,-1,234,239,240,-1,234,240,241,-1,241,240,242,-1,241,242,243,-1,200,244,245,-1,245,246,200,-1,200,246,247,-1,200,247,224,-1,248,249,222,-1,249,250,222,-1,222,250,251,-1,222,251,200,-1,200,251,252,-1,200,252,244,-1,243,253,241,-1,241,253,254,-1,241,254,222,-1,222,254,255,-1,222,255,248,-1,223,256,222,-1,222,256,257,-1,222,257,258,-1,258,257,259,-1,258,259,260,-1,260,259,261,-1,260,261,262,-1,263,264,3,-1,265,266,267,-1,267,266,268,-1,267,268,269,-1,270,3,271,-1,271,3,272,-1,273,274,260,-1,260,274,275,-1,260,275,267,-1,267,275,276,-1,267,276,265,-1,262,277,260,-1,260,277,278,-1,260,278,3,-1,3,278,279,-1,3,279,272,-1,280,281,1,-1,1,281,282,-1,1,282,3,-1,3,282,283,-1,3,283,263,-1,264,284,3,-1,3,284,285,-1,3,285,286,-1,287,288,289,-1,280,1,289,-1,289,1,290,-1,289,290,287,-1,286,291,3,-1,3,291,292,-1,3,292,260,-1,260,292,293,-1,260,293,273,-1,268,294,269,-1,269,294,295,-1,269,295,296,-1,296,295,297,-1,296,297,298,-1,298,297,288,-1,298,288,299,-1,299,288,287,-1,300,301,270,-1,302,303,3,-1,304,305,306,-1,306,305,307,-1,306,307,308,-1,270,301,3,-1,3,301,309,-1,3,309,302,-1,310,311,312,-1,312,311,313,-1,312,313,314,-1,315,316,317,-1,317,316,318,-1,317,318,319,-1,303,320,3,-1,3,320,321,-1,3,321,5,-1,317,322,315,-1,315,322,310,-1,315,310,323,-1,323,310,312,-1,270,324,300,-1,300,324,325,-1,300,325,326,-1,326,325,327,-1,326,327,328,-1,328,327,329,-1,328,329,330,-1,330,329,331,-1,330,331,304,-1,304,331,332,-1,304,332,305,-1,321,333,5,-1,5,333,334,-1,5,334,335,-1,335,334,336,-1,335,336,337,-1,337,336,314,-1,337,314,338,-1,338,314,313,-1,319,339,317,-1,317,339,308,-1,317,308,340,-1,340,308,307,-1,340,307,198,-1,198,307,341,-1,198,341,199,-1,
        ]
    }
}
Shape{
    appearance Appearance {
        material  Material {
            diffuseColor 1.0 0.6196078431372549 0.592156862745098
            specularColor 0.5019607843137255 0.30980392156862746 0.29411764705882354
            ambientIntensity 0.7302
            transparency 0.0
            shininess 0.5
        }
    }
    geometry IndexedFaceSet {
        ccw TRUE
        solid FALSE
        coord DEF co Coordinate {
            point [
                -0.6693 -0.8661 1.3976, -0.676 -0.8152 1.378, -0.676 -0.8152 1.3976, -0.6957 -0.7677 1.378, -0.6957 -0.7677 1.3976, -0.7269 -0.7269 1.378, -0.7269 -0.7269 1.3976, -0.7677 -0.6957 1.378, -0.7677 -0.6957 1.3976, -0.8152 -0.676 1.378, -0.8152 -0.676 1.3976, -0.8661 -0.6693 1.378, -0.8661 -0.6693 1.3976, -0.9171 -0.676 1.378, -0.9171 -0.676 1.3976, -0.9646 -0.6957 1.378, -0.9646 -0.6957 1.3976, -1.0053 -0.7269 1.378, -1.0053 -0.7269 1.3976, -1.0366 -0.7677 1.378, -1.0366 -0.7677 1.3976, -1.0563 -0.8152 1.378, -1.0563 -0.8152 1.3976, -1.063 -0.8661 1.378, -1.063 -0.8661 1.3976, -1.0563 -0.9171 1.378, -1.0563 -0.9171 1.3976, -1.0366 -0.9646 1.378, -1.0366 -0.9646 1.3976, -1.0053 -1.0053 1.378, -1.0053 -1.0053 1.3976, -0.9646 -1.0366 1.378, -0.9646 -1.0366 1.3976, -0.9171 -1.0563 1.378, -0.9171 -1.0563 1.3976, -0.8661 -1.063 1.378, -0.8661 -1.063 1.3976, -0.8152 -1.0563 1.378, -0.8152 -1.0563 1.3976, -0.7677 -1.0366 1.378, -0.7677 -1.0366 1.3976, -0.7269 -1.0053 1.378, -0.7269 -1.0053 1.3976, -0.6957 -0.9646 1.378, -0.6957 -0.9646 1.3976, -0.676 -0.9171 1.378, -0.676 -0.9171 1.3976, -0.6693 -0.8661 1.378, -0.8057 -0.8661 1.5354, -0.8061 -0.8586 1.5354, -0.8661 -0.8661 1.5354, -0.8061 -0.8737 1.5354, -0.8276 -0.9127 1.5354, -0.8172 -0.9017 1.5354, -0.8099 -0.8884 1.5354, -0.8699 -0.9265 1.5354, -0.8548 -0.9255 1.5354, -0.8404 -0.9209 1.5354, -0.9102 -0.9075 1.5354, -0.8985 -0.9172 1.5354, -0.8848 -0.9237 1.5354, -0.9266 -0.8661 1.5354, -0.9247 -0.8812 1.5354, -0.9191 -0.8953 1.5354, -0.9102 -0.8247 1.5354, -0.9191 -0.837 1.5354, -0.9247 -0.8511 1.5354, -0.8699 -0.8058 1.5354, -0.8848 -0.8086 1.5354, -0.8985 -0.8151 1.5354, -0.8276 -0.8195 1.5354, -0.8404 -0.8114 1.5354, -0.8548 -0.8067 1.5354, -0.8099 -0.8439 1.5354, -0.8172 -0.8306 1.5354, 1.063 -0.8661 1.3976, 1.0563 -0.8152 1.378, 1.0563 -0.8152 1.3976, 1.0366 -0.7677 1.378, 1.0366 -0.7677 1.3976, 1.0053 -0.7269 1.378, 1.0053 -0.7269 1.3976, 0.9646 -0.6957 1.378, 0.9646 -0.6957 1.3976, 0.9171 -0.676 1.378, 0.9171 -0.676 1.3976, 0.8661 -0.6693 1.378, 0.8661 -0.6693 1.3976, 0.8152 -0.676 1.378, 0.8152 -0.676 1.3976, 0.7677 -0.6957 1.378, 0.7677 -0.6957 1.3976, 0.7269 -0.7269 1.378, 0.7269 -0.7269 1.3976, 0.6957 -0.7677 1.378, 0.6957 -0.7677 1.3976, 0.676 -0.8152 1.378, 0.676 -0.8152 1.3976, 0.6693 -0.8661 1.378, 0.6693 -0.8661 1.3976, 0.676 -0.9171 1.378, 0.676 -0.9171 1.3976, 0.6957 -0.9646 1.378, 0.6957 -0.9646 1.3976, 0.7269 -1.0053 1.378, 0.7269 -1.0053 1.3976, 0.7677 -1.0366 1.378, 0.7677 -1.0366 1.3976, 0.8152 -1.0563 1.378, 0.8152 -1.0563 1.3976, 0.8661 -1.063 1.378, 0.8661 -1.063 1.3976, 0.9171 -1.0563 1.378, 0.9171 -1.0563 1.3976, 0.9646 -1.0366 1.378, 0.9646 -1.0366 1.3976, 1.0053 -1.0053 1.378, 1.0053 -1.0053 1.3976, 1.0366 -0.9646 1.378, 1.0366 -0.9646 1.3976, 1.0563 -0.9171 1.378, 1.0563 -0.9171 1.3976, 1.063 -0.8661 1.378, 0.8057 -0.8661 1.5354, 0.8061 -0.8737 1.5354, 0.8661 -0.8661 1.5354, 0.8061 -0.8586 1.5354, 0.8276 -0.8195 1.5354, 0.8172 -0.8306 1.5354, 0.8099 -0.8439 1.5354, 0.8699 -0.8058 1.5354, 0.8548 -0.8067 1.5354, 0.8404 -0.8114 1.5354, 0.9102 -0.8247 1.5354, 0.8985 -0.8151 1.5354, 0.8848 -0.8086 1.5354, 0.9266 -0.8661 1.5354, 0.9247 -0.8511 1.5354, 0.9191 -0.837 1.5354, 0.9102 -0.9075 1.5354, 0.9191 -0.8953 1.5354, 0.9247 -0.8812 1.5354, 0.8699 -0.9265 1.5354, 0.8848 -0.9237 1.5354, 0.8985 -0.9172 1.5354, 0.8276 -0.9127 1.5354, 0.8404 -0.9209 1.5354, 0.8548 -0.9255 1.5354, 0.8099 -0.8884 1.5354, 0.8172 -0.9017 1.5354, 1.063 0.8661 1.3976, 1.0563 0.9171 1.378, 1.0563 0.9171 1.3976, 1.0366 0.9646 1.378, 1.0366 0.9646 1.3976, 1.0053 1.0053 1.378, 1.0053 1.0053 1.3976, 0.9646 1.0366 1.378, 0.9646 1.0366 1.3976, 0.9171 1.0563 1.378, 0.9171 1.0563 1.3976, 0.8661 1.063 1.378, 0.8661 1.063 1.3976, 0.8152 1.0563 1.378, 0.8152 1.0563 1.3976, 0.7677 1.0366 1.378, 0.7677 1.0366 1.3976, 0.7269 1.0053 1.378, 0.7269 1.0053 1.3976, 0.6957 0.9646 1.378, 0.6957 0.9646 1.3976, 0.676 0.9171 1.378, 0.676 0.9171 1.3976, 0.6693 0.8661 1.378, 0.6693 0.8661 1.3976, 0.676 0.8152 1.378, 0.676 0.8152 1.3976, 0.6957 0.7677 1.378, 0.6957 0.7677 1.3976, 0.7269 0.7269 1.378, 0.7269 0.7269 1.3976, 0.7677 0.6957 1.378, 0.7677 0.6957 1.3976, 0.8152 0.676 1.378, 0.8152 0.676 1.3976, 0.8661 0.6693 1.378, 0.8661 0.6693 1.3976, 0.9171 0.676 1.378, 0.9171 0.676 1.3976, 0.9646 0.6957 1.378, 0.9646 0.6957 1.3976, 1.0053 0.7269 1.378, 1.0053 0.7269 1.3976, 1.0366 0.7677 1.378, 1.0366 0.7677 1.3976, 1.0563 0.8152 1.378, 1.0563 0.8152 1.3976, 1.063 0.8661 1.378, 0.9266 0.8661 1.5354, 0.9261 0.8737 1.5354, 0.8661 0.8661 1.5354, 0.9261 0.8586 1.5354, 0.9047 0.8195 1.5354, 0.9151 0.8306 1.5354, 0.9224 0.8439 1.5354, 0.8623 0.8058 1.5354, 0.8775 0.8067 1.5354, 0.8919 0.8114 1.5354, 0.8221 0.8247 1.5354, 0.8337 0.8151 1.5354, 0.8475 0.8086 1.5354, 0.8057 0.8661 1.5354, 0.8076 0.8511 1.5354, 0.8132 0.837 1.5354, 0.8221 0.9075 1.5354, 0.8132 0.8953 1.5354, 0.8076 0.8812 1.5354, 0.8623 0.9265 1.5354, 0.8475 0.9237 1.5354, 0.8337 0.9172 1.5354, 0.9047 0.9127 1.5354, 0.8919 0.9209 1.5354, 0.8775 0.9255 1.5354, 0.9224 0.8884 1.5354, 0.9151 0.9017 1.5354, -0.6693 0.8661 1.3976, -0.676 0.9171 1.378, -0.676 0.9171 1.3976, -0.6957 0.9646 1.378, -0.6957 0.9646 1.3976, -0.7269 1.0053 1.378, -0.7269 1.0053 1.3976, -0.7677 1.0366 1.378, -0.7677 1.0366 1.3976, -0.8152 1.0563 1.378, -0.8152 1.0563 1.3976, -0.8661 1.063 1.378, -0.8661 1.063 1.3976, -0.9171 1.0563 1.378, -0.9171 1.0563 1.3976, -0.9646 1.0366 1.378, -0.9646 1.0366 1.3976, -1.0053 1.0053 1.378, -1.0053 1.0053 1.3976, -1.0366 0.9646 1.378, -1.0366 0.9646 1.3976, -1.0563 0.9171 1.378, -1.0563 0.9171 1.3976, -1.063 0.8661 1.378, -1.063 0.8661 1.3976, -1.0563 0.8152 1.378, -1.0563 0.8152 1.3976, -1.0366 0.7677 1.378, -1.0366 0.7677 1.3976, -1.0053 0.7269 1.378, -1.0053 0.7269 1.3976, -0.9646 0.6957 1.378, -0.9646 0.6957 1.3976, -0.9171 0.676 1.378, -0.9171 0.676 1.3976, -0.8661 0.6693 1.378, -0.8661 0.6693 1.3976, -0.8152 0.676 1.378, -0.8152 0.676 1.3976, -0.7677 0.6957 1.378, -0.7677 0.6957 1.3976, -0.7269 0.7269 1.378, -0.7269 0.7269 1.3976, -0.6957 0.7677 1.378, -0.6957 0.7677 1.3976, -0.676 0.8152 1.378, -0.676 0.8152 1.3976, -0.6693 0.8661 1.378, -0.9266 0.8661 1.5354, -0.9261 0.8586 1.5354, -0.8661 0.8661 1.5354, -0.9261 0.8737 1.5354, -0.9047 0.9127 1.5354, -0.9151 0.9017 1.5354, -0.9224 0.8884 1.5354, -0.8623 0.9265 1.5354, -0.8775 0.9255 1.5354, -0.8919 0.9209 1.5354, -0.8221 0.9075 1.5354, -0.8337 0.9172 1.5354, -0.8475 0.9237 1.5354, -0.8057 0.8661 1.5354, -0.8076 0.8812 1.5354, -0.8132 0.8953 1.5354, -0.8221 0.8247 1.5354, -0.8132 0.837 1.5354, -0.8076 0.8511 1.5354, -0.8623 0.8058 1.5354, -0.8475 0.8086 1.5354, -0.8337 0.8151 1.5354, -0.9047 0.8195 1.5354, -0.8919 0.8114 1.5354, -0.8775 0.8067 1.5354, -0.9224 0.8439 1.5354, -0.9151 0.8306 1.5354, 0.7657 -0.8535 1.5301, 0.7657 -0.8788 1.5301, 0.772 -0.9034 1.5301, 0.7842 -0.9256 1.5301, 0.8016 -0.9441 1.5301, 0.823 -0.9577 1.5301, 0.8472 -0.9656 1.5301, 0.8725 -0.9672 1.5301, 0.8974 -0.9624 1.5301, 0.9204 -0.9516 1.5301, 0.9399 -0.9354 1.5301, 0.9548 -0.9149 1.5301, 0.9642 -0.8913 1.5301, 0.9674 -0.8661 1.5301, 0.9642 -0.841 1.5301, 0.9548 -0.8174 1.5301, 0.9399 -0.7968 1.5301, 0.9204 -0.7807 1.5301, 0.8974 -0.7699 1.5301, 0.8725 -0.7651 1.5301, 0.8472 -0.7667 1.5301, 0.823 -0.7745 1.5301, 0.8016 -0.7881 1.5301, 0.7842 -0.8066 1.5301, 0.772 -0.8289 1.5301, 1.001 -0.8315 1.5143, 0.9881 -0.7991 1.5143, 0.9676 -0.7708 1.5143, 0.9407 -0.7486 1.5143, 0.9092 -0.7337 1.5143, 0.8749 -0.7272 1.5143, 0.8401 -0.7294 1.5143, 0.8069 -0.7402 1.5143, 0.7774 -0.7589 1.5143, 0.7535 -0.7843 1.5143, 0.7367 -0.8149 1.5143, 0.728 -0.8487 1.5143, 0.728 -0.8836 1.5143, 0.7367 -0.9174 1.5143, 0.7535 -0.948 1.5143, 0.7774 -0.9734 1.5143, 0.8069 -0.9921 1.5143, 0.8401 -1.0029 1.5143, 0.8749 -1.0051 1.5143, 0.9092 -0.9985 1.5143, 0.9407 -0.9837 1.5143, 0.9676 -0.9614 1.5143, 0.9881 -0.9332 1.5143, 1.001 -0.9008 1.5143, 1.0054 -0.8661 1.5143, 1.0326 -0.8234 1.4893, 1.0167 -0.7834 1.4893, 0.9914 -0.7485 1.4893, 0.9582 -0.7211 1.4893, 0.9192 -0.7027 1.4893, 0.8769 -0.6947 1.4893, 0.8339 -0.6974 1.4893, 0.793 -0.7107 1.4893, 0.7566 -0.7337 1.4893, 0.7271 -0.7651 1.4893, 0.7064 -0.8029 1.4893, 0.6957 -0.8446 1.4893, 0.6957 -0.8877 1.4893, 0.7064 -0.9294 1.4893, 0.7271 -0.9671 1.4893, 0.7566 -0.9985 1.4893, 0.793 -1.0216 1.4893, 0.8339 -1.0349 1.4893, 0.8769 -1.0376 1.4893, 0.9192 -1.0296 1.4893, 0.9582 -1.0112 1.4893, 0.9914 -0.9838 1.4893, 1.0167 -0.9489 1.4893, 1.0326 -0.9089 1.4893, 1.038 -0.8661 1.4893, 0.6693 -0.8661 1.4567, 0.6708 -0.8908 1.4567, 0.6831 -0.9386 1.4567, 0.7069 -0.9818 1.4567, 0.7407 -1.0178 1.4567, 0.7823 -1.0443 1.4567, 0.8293 -1.0595 1.4567, 0.8785 -1.0626 1.4567, 0.927 -1.0534 1.4567, 0.9716 -1.0323 1.4567, 1.0096 -1.0009 1.4567, 1.0386 -0.961 1.4567, 1.0568 -0.9151 1.4567, 1.063 -0.8661 1.4567, 1.0568 -0.8172 1.4567, 1.0386 -0.7713 1.4567, 1.0096 -0.7314 1.4567, 0.9716 -0.6999 1.4567, 0.927 -0.6789 1.4567, 0.8785 -0.6697 1.4567, 0.8293 -0.6728 1.4567, 0.7823 -0.688 1.4567, 0.7407 -0.7145 1.4567, 0.7069 -0.7504 1.4567, 0.6831 -0.7937 1.4567, 0.6708 -0.8415 1.4567, 0.6693 0.8661 1.4567, 0.6997 0.9089 1.4893, 0.6755 0.9151 1.4567, 0.7156 0.9489 1.4893, 0.6936 0.961 1.4567, 0.7409 0.9838 1.4893, 0.7226 1.0009 1.4567, 0.7741 1.0112 1.4893, 0.7607 1.0323 1.4567, 0.813 1.0296 1.4893, 0.8053 1.0534 1.4567, 0.8554 1.0376 1.4893, 0.8538 1.0626 1.4567, 0.8983 1.0349 1.4893, 0.903 1.0595 1.4567, 0.9393 1.0216 1.4893, 0.95 1.0443 1.4567, 0.9757 0.9985 1.4893, 0.9916 1.0178 1.4567, 1.0051 0.9671 1.4893, 1.0254 0.9818 1.4567, 1.0259 0.9294 1.4893, 1.0492 0.9386 1.4567, 1.0366 0.8877 1.4893, 1.0614 0.8908 1.4567, 1.0366 0.8446 1.4893, 1.0614 0.8415 1.4567, 1.0259 0.8029 1.4893, 1.0492 0.7937 1.4567, 1.0051 0.7651 1.4893, 1.0254 0.7504 1.4567, 0.9757 0.7337 1.4893, 0.9916 0.7145 1.4567, 0.9393 0.7107 1.4893, 0.95 0.688 1.4567, 0.8983 0.6974 1.4893, 0.903 0.6728 1.4567, 0.8554 0.6947 1.4893, 0.8538 0.6697 1.4567, 0.813 0.7027 1.4893, 0.8053 0.6789 1.4567, 0.7741 0.7211 1.4893, 0.7607 0.6999 1.4567, 0.7409 0.7485 1.4893, 0.7226 0.7314 1.4567, 0.7156 0.7834 1.4893, 0.6936 0.7713 1.4567, 0.6997 0.8234 1.4893, 0.6755 0.8172 1.4567, 0.6943 0.8661 1.4893, 0.7313 0.9008 1.5143, 0.7442 0.9332 1.5143, 0.7647 0.9614 1.5143, 0.7915 0.9837 1.5143, 0.8231 0.9985 1.5143, 0.8574 1.0051 1.5143, 0.8922 1.0029 1.5143, 0.9254 0.9921 1.5143, 0.9549 0.9734 1.5143, 0.9788 0.948 1.5143, 0.9956 0.9174 1.5143, 1.0043 0.8836 1.5143, 1.0043 0.8487 1.5143, 0.9956 0.8149 1.5143, 0.9788 0.7843 1.5143, 0.9549 0.7589 1.5143, 0.9254 0.7402 1.5143, 0.8922 0.7294 1.5143, 0.8574 0.7272 1.5143, 0.8231 0.7337 1.5143, 0.7915 0.7486 1.5143, 0.7647 0.7708 1.5143, 0.7442 0.7991 1.5143, 0.7313 0.8315 1.5143, 0.7269 0.8661 1.5143, 0.7681 0.8913 1.5301, 0.7774 0.9149 1.5301, 0.7923 0.9354 1.5301, 0.8119 0.9516 1.5301, 0.8349 0.9624 1.5301, 0.8598 0.9672 1.5301, 0.8851 0.9656 1.5301, 0.9092 0.9577 1.5301, 0.9307 0.9441 1.5301, 0.948 0.9256 1.5301, 0.9603 0.9034 1.5301, 0.9666 0.8788 1.5301, 0.9666 0.8535 1.5301, 0.9603 0.8289 1.5301, 0.948 0.8066 1.5301, 0.9307 0.7881 1.5301, 0.9092 0.7745 1.5301, 0.8851 0.7667 1.5301, 0.8598 0.7651 1.5301, 0.8349 0.7699 1.5301, 0.8119 0.7807 1.5301, 0.7923 0.7968 1.5301, 0.7774 0.8174 1.5301, 0.7681 0.841 1.5301, 0.7649 0.8661 1.5301, -0.9666 0.8788 1.5301, -0.9603 0.9034 1.5301, -0.948 0.9256 1.5301, -0.9307 0.9441 1.5301, -0.9092 0.9577 1.5301, -0.8851 0.9656 1.5301, -0.8598 0.9672 1.5301, -0.8349 0.9624 1.5301, -0.8119 0.9516 1.5301, -0.7923 0.9354 1.5301, -0.7774 0.9149 1.5301, -0.7681 0.8913 1.5301, -0.7649 0.8661 1.5301, -0.7681 0.841 1.5301, -0.7774 0.8174 1.5301, -0.7923 0.7968 1.5301, -0.8119 0.7807 1.5301, -0.8349 0.7699 1.5301, -0.8598 0.7651 1.5301, -0.8851 0.7667 1.5301, -0.9092 0.7745 1.5301, -0.9307 0.7881 1.5301, -0.948 0.8066 1.5301, -0.9603 0.8289 1.5301, -0.9666 0.8535 1.5301, -0.7313 0.9008 1.5143, -0.7442 0.9332 1.5143, -0.7647 0.9614 1.5143, -0.7915 0.9837 1.5143, -0.8231 0.9985 1.5143, -0.8574 1.0051 1.5143, -0.8922 1.0029 1.5143, -0.9254 0.9921 1.5143, -0.9549 0.9734 1.5143, -0.9788 0.948 1.5143, -0.9956 0.9174 1.5143, -1.0043 0.8836 1.5143, -1.0043 0.8487 1.5143, -0.9956 0.8149 1.5143, -0.9788 0.7843 1.5143, -0.9549 0.7589 1.5143, -0.9254 0.7402 1.5143, -0.8922 0.7294 1.5143, -0.8574 0.7272 1.5143, -0.8231 0.7337 1.5143, -0.7915 0.7486 1.5143, -0.7647 0.7708 1.5143, -0.7442 0.7991 1.5143, -0.7313 0.8315 1.5143, -0.7269 0.8661 1.5143, -0.6997 0.9089 1.4893, -0.7156 0.9489 1.4893, -0.7409 0.9838 1.4893, -0.7741 1.0112 1.4893, -0.813 1.0296 1.4893, -0.8554 1.0376 1.4893, -0.8983 1.0349 1.4893, -0.9393 1.0216 1.4893, -0.9757 0.9985 1.4893, -1.0051 0.9671 1.4893, -1.0259 0.9294 1.4893, -1.0366 0.8877 1.4893, -1.0366 0.8446 1.4893, -1.0259 0.8029 1.4893, -1.0051 0.7651 1.4893, -0.9757 0.7337 1.4893, -0.9393 0.7107 1.4893, -0.8983 0.6974 1.4893, -0.8554 0.6947 1.4893, -0.813 0.7027 1.4893, -0.7741 0.7211 1.4893, -0.7409 0.7485 1.4893, -0.7156 0.7834 1.4893, -0.6997 0.8234 1.4893, -0.6943 0.8661 1.4893, -1.063 0.8661 1.4567, -1.0614 0.8415 1.4567, -1.0492 0.7937 1.4567, -1.0254 0.7504 1.4567, -0.9916 0.7145 1.4567, -0.95 0.688 1.4567, -0.903 0.6728 1.4567, -0.8538 0.6697 1.4567, -0.8053 0.6789 1.4567, -0.7607 0.6999 1.4567, -0.7226 0.7314 1.4567, -0.6936 0.7713 1.4567, -0.6755 0.8172 1.4567, -0.6693 0.8661 1.4567, -0.6755 0.9151 1.4567, -0.6936 0.961 1.4567, -0.7226 1.0009 1.4567, -0.7607 1.0323 1.4567, -0.8053 1.0534 1.4567, -0.8538 1.0626 1.4567, -0.903 1.0595 1.4567, -0.95 1.0443 1.4567, -0.9916 1.0178 1.4567, -1.0254 0.9818 1.4567, -1.0492 0.9386 1.4567, -1.0614 0.8908 1.4567, -1.063 -0.8661 1.4567, -1.0326 -0.8234 1.4893, -1.0568 -0.8172 1.4567, -1.0167 -0.7834 1.4893, -1.0386 -0.7713 1.4567, -0.9914 -0.7485 1.4893, -1.0096 -0.7314 1.4567, -0.9582 -0.7211 1.4893, -0.9716 -0.6999 1.4567, -0.9192 -0.7027 1.4893, -0.927 -0.6789 1.4567, -0.8769 -0.6947 1.4893, -0.8785 -0.6697 1.4567, -0.8339 -0.6974 1.4893, -0.8293 -0.6728 1.4567, -0.793 -0.7107 1.4893, -0.7823 -0.688 1.4567, -0.7566 -0.7337 1.4893, -0.7407 -0.7145 1.4567, -0.7271 -0.7651 1.4893, -0.7069 -0.7504 1.4567, -0.7064 -0.8029 1.4893, -0.6831 -0.7937 1.4567, -0.6957 -0.8446 1.4893, -0.6708 -0.8415 1.4567, -0.6957 -0.8877 1.4893, -0.6708 -0.8908 1.4567, -0.7064 -0.9294 1.4893, -0.6831 -0.9386 1.4567, -0.7271 -0.9671 1.4893, -0.7069 -0.9818 1.4567, -0.7566 -0.9985 1.4893, -0.7407 -1.0178 1.4567, -0.793 -1.0216 1.4893, -0.7823 -1.0443 1.4567, -0.8339 -1.0349 1.4893, -0.8293 -1.0595 1.4567, -0.8769 -1.0376 1.4893, -0.8785 -1.0626 1.4567, -0.9192 -1.0296 1.4893, -0.927 -1.0534 1.4567, -0.9582 -1.0112 1.4893, -0.9716 -1.0323 1.4567, -0.9914 -0.9838 1.4893, -1.0096 -1.0009 1.4567, -1.0167 -0.9489 1.4893, -1.0386 -0.961 1.4567, -1.0326 -0.9089 1.4893, -1.0568 -0.9151 1.4567, -1.038 -0.8661 1.4893, -1.001 -0.8315 1.5143, -0.9881 -0.7991 1.5143, -0.9676 -0.7708 1.5143, -0.9407 -0.7486 1.5143, -0.9092 -0.7337 1.5143, -0.8749 -0.7272 1.5143, -0.8401 -0.7294 1.5143, -0.8069 -0.7402 1.5143, -0.7774 -0.7589 1.5143, -0.7535 -0.7843 1.5143, -0.7367 -0.8149 1.5143, -0.728 -0.8487 1.5143, -0.728 -0.8836 1.5143, -0.7367 -0.9174 1.5143, -0.7535 -0.948 1.5143, -0.7774 -0.9734 1.5143, -0.8069 -0.9921 1.5143, -0.8401 -1.0029 1.5143, -0.8749 -1.0051 1.5143, -0.9092 -0.9985 1.5143, -0.9407 -0.9837 1.5143, -0.9676 -0.9614 1.5143, -0.9881 -0.9332 1.5143, -1.001 -0.9008 1.5143, -1.0054 -0.8661 1.5143, -0.9642 -0.841 1.5301, -0.9548 -0.8174 1.5301, -0.9399 -0.7968 1.5301, -0.9204 -0.7807 1.5301, -0.8974 -0.7699 1.5301, -0.8725 -0.7651 1.5301, -0.8472 -0.7667 1.5301, -0.823 -0.7745 1.5301, -0.8016 -0.7881 1.5301, -0.7842 -0.8066 1.5301, -0.772 -0.8289 1.5301, -0.7657 -0.8535 1.5301, -0.7657 -0.8788 1.5301, -0.772 -0.9034 1.5301, -0.7842 -0.9256 1.5301, -0.8016 -0.9441 1.5301, -0.823 -0.9577 1.5301, -0.8472 -0.9656 1.5301, -0.8725 -0.9672 1.5301, -0.8974 -0.9624 1.5301, -0.9204 -0.9516 1.5301, -0.9399 -0.9354 1.5301, -0.9548 -0.9149 1.5301, -0.9642 -0.8913 1.5301, -0.9674 -0.8661 1.5301
            ]
        }
        coordIndex [
            0,1,2,-1,2,1,3,-1,2,3,4,-1,4,3,5,-1,4,5,6,-1,6,5,7,-1,6,7,8,-1,8,7,9,-1,8,9,10,-1,10,9,11,-1,10,11,12,-1,12,11,13,-1,12,13,14,-1,14,13,15,-1,14,15,16,-1,16,15,17,-1,16,17,18,-1,18,17,19,-1,18,19,20,-1,20,19,21,-1,20,21,22,-1,22,21,23,-1,22,23,24,-1,24,23,25,-1,24,25,26,-1,26,25,27,-1,26,27,28,-1,28,27,29,-1,28,29,30,-1,30,29,31,-1,30,31,32,-1,32,31,33,-1,32,33,34,-1,34,33,35,-1,34,35,36,-1,36,35,37,-1,36,37,38,-1,38,37,39,-1,38,39,40,-1,40,39,41,-1,40,41,42,-1,42,41,43,-1,42,43,44,-1,44,43,45,-1,44,45,46,-1,46,45,47,-1,46,47,0,-1,0,47,1,-1,48,49,50,-1,48,50,51,-1,52,53,50,-1,50,53,54,-1,50,54,51,-1,55,56,50,-1,50,56,57,-1,50,57,52,-1,58,59,50,-1,50,59,60,-1,50,60,55,-1,61,62,50,-1,50,62,63,-1,50,63,58,-1,64,65,50,-1,50,65,66,-1,50,66,61,-1,67,68,50,-1,50,68,69,-1,50,69,64,-1,70,71,50,-1,50,71,72,-1,50,72,67,-1,49,73,50,-1,50,73,74,-1,50,74,70,-1,75,76,77,-1,77,76,78,-1,77,78,79,-1,79,78,80,-1,79,80,81,-1,81,80,82,-1,81,82,83,-1,83,82,84,-1,83,84,85,-1,85,84,86,-1,85,86,87,-1,87,86,88,-1,87,88,89,-1,89,88,90,-1,89,90,91,-1,91,90,92,-1,91,92,93,-1,93,92,94,-1,93,94,95,-1,95,94,96,-1,95,96,97,-1,97,96,98,-1,97,98,99,-1,99,98,100,-1,99,100,101,-1,101,100,102,-1,101,102,103,-1,103,102,104,-1,103,104,105,-1,105,104,106,-1,105,106,107,-1,107,106,108,-1,107,108,109,-1,109,108,110,-1,109,110,111,-1,111,110,112,-1,111,112,113,-1,113,112,114,-1,113,114,115,-1,115,114,116,-1,115,116,117,-1,117,116,118,-1,117,118,119,-1,119,118,120,-1,119,120,121,-1,121,120,122,-1,121,122,75,-1,75,122,76,-1,123,124,125,-1,123,125,126,-1,127,128,125,-1,125,128,129,-1,125,129,126,-1,130,131,125,-1,125,131,132,-1,125,132,127,-1,133,134,125,-1,125,134,135,-1,125,135,130,-1,136,137,125,-1,125,137,138,-1,125,138,133,-1,139,140,125,-1,125,140,141,-1,125,141,136,-1,142,143,125,-1,125,143,144,-1,125,144,139,-1,145,146,125,-1,125,146,147,-1,125,147,142,-1,124,148,125,-1,125,148,149,-1,125,149,145,-1,150,151,152,-1,152,151,153,-1,152,153,154,-1,154,153,155,-1,154,155,156,-1,156,155,157,-1,156,157,158,-1,158,157,159,-1,158,159,160,-1,160,159,161,-1,160,161,162,-1,162,161,163,-1,162,163,164,-1,164,163,165,-1,164,165,166,-1,166,165,167,-1,166,167,168,-1,168,167,169,-1,168,169,170,-1,170,169,171,-1,170,171,172,-1,172,171,173,-1,172,173,174,-1,174,173,175,-1,174,175,176,-1,176,175,177,-1,176,177,178,-1,178,177,179,-1,178,179,180,-1,180,179,181,-1,180,181,182,-1,182,181,183,-1,182,183,184,-1,184,183,185,-1,184,185,186,-1,186,185,187,-1,186,187,188,-1,188,187,189,-1,188,189,190,-1,190,189,191,-1,190,191,192,-1,192,191,193,-1,192,193,194,-1,194,193,195,-1,194,195,196,-1,196,195,197,-1,196,197,150,-1,150,197,151,-1,198,199,200,-1,198,200,201,-1,202,203,200,-1,200,203,204,-1,200,204,201,-1,205,206,200,-1,200,206,207,-1,200,207,202,-1,208,209,200,-1,200,209,210,-1,200,210,205,-1,211,212,200,-1,200,212,213,-1,200,213,208,-1,214,215,200,-1,200,215,216,-1,200,216,211,-1,217,218,200,-1,200,218,219,-1,200,219,214,-1,220,221,200,-1,200,221,222,-1,200,222,217,-1,199,223,200,-1,200,223,224,-1,200,224,220,-1,225,226,227,-1,227,226,228,-1,227,228,229,-1,229,228,230,-1,229,230,231,-1,231,230,232,-1,231,232,233,-1,233,232,234,-1,233,234,235,-1,235,234,236,-1,235,236,237,-1,237,236,238,-1,237,238,239,-1,239,238,240,-1,239,240,241,-1,241,240,242,-1,241,242,243,-1,243,242,244,-1,243,244,245,-1,245,244,246,-1,245,246,247,-1,247,246,248,-1,247,248,249,-1,249,248,250,-1,249,250,251,-1,251,250,252,-1,251,252,253,-1,253,252,254,-1,253,254,255,-1,255,254,256,-1,255,256,257,-1,257,256,258,-1,257,258,259,-1,259,258,260,-1,259,260,261,-1,261,260,262,-1,261,262,263,-1,263,262,264,-1,263,264,265,-1,265,264,266,-1,265,266,267,-1,267,266,268,-1,267,268,269,-1,269,268,270,-1,269,270,271,-1,271,270,272,-1,271,272,225,-1,225,272,226,-1,273,274,275,-1,273,275,276,-1,277,278,275,-1,275,278,279,-1,275,279,276,-1,280,281,275,-1,275,281,282,-1,275,282,277,-1,283,284,275,-1,275,284,285,-1,275,285,280,-1,286,287,275,-1,275,287,288,-1,275,288,283,-1,289,290,275,-1,275,290,291,-1,275,291,286,-1,292,293,275,-1,275,293,294,-1,275,294,289,-1,295,296,275,-1,275,296,297,-1,275,297,292,-1,274,298,275,-1,275,298,299,-1,275,299,295,-1,124,123,300,-1,300,301,124,-1,124,301,302,-1,124,302,148,-1,148,302,303,-1,148,303,149,-1,149,303,304,-1,149,304,145,-1,145,304,305,-1,145,305,146,-1,146,305,306,-1,146,306,147,-1,147,306,307,-1,147,307,142,-1,142,307,308,-1,142,308,143,-1,143,308,309,-1,143,309,144,-1,144,309,310,-1,144,310,139,-1,139,310,311,-1,139,311,140,-1,140,311,312,-1,140,312,141,-1,141,312,313,-1,141,313,136,-1,136,313,314,-1,136,314,137,-1,137,314,315,-1,137,315,138,-1,138,315,316,-1,138,316,133,-1,133,316,317,-1,133,317,134,-1,134,317,318,-1,134,318,135,-1,135,318,319,-1,135,319,130,-1,130,319,320,-1,130,320,131,-1,131,320,321,-1,131,321,132,-1,132,321,322,-1,132,322,127,-1,127,322,323,-1,127,323,128,-1,128,323,324,-1,128,324,129,-1,129,324,300,-1,129,300,126,-1,126,300,123,-1,313,325,314,-1,314,325,326,-1,314,326,315,-1,315,326,327,-1,315,327,316,-1,316,327,328,-1,316,328,317,-1,317,328,329,-1,317,329,318,-1,318,329,330,-1,318,330,319,-1,319,330,331,-1,319,331,320,-1,320,331,332,-1,320,332,321,-1,321,332,333,-1,321,333,322,-1,322,333,334,-1,322,334,323,-1,323,334,335,-1,323,335,324,-1,324,335,336,-1,324,336,300,-1,300,336,337,-1,300,337,301,-1,301,337,338,-1,301,338,302,-1,302,338,339,-1,302,339,303,-1,303,339,340,-1,303,340,304,-1,304,340,341,-1,304,341,305,-1,305,341,342,-1,305,342,306,-1,306,342,343,-1,306,343,307,-1,307,343,344,-1,307,344,308,-1,308,344,345,-1,308,345,309,-1,309,345,346,-1,309,346,310,-1,310,346,347,-1,310,347,311,-1,311,347,348,-1,311,348,312,-1,312,348,349,-1,312,349,313,-1,313,349,325,-1,349,350,325,-1,325,350,351,-1,325,351,326,-1,326,351,352,-1,326,352,327,-1,327,352,353,-1,327,353,328,-1,328,353,354,-1,328,354,329,-1,329,354,355,-1,329,355,330,-1,330,355,356,-1,330,356,331,-1,331,356,357,-1,331,357,332,-1,332,357,358,-1,332,358,333,-1,333,358,359,-1,333,359,334,-1,334,359,360,-1,334,360,335,-1,335,360,361,-1,335,361,336,-1,336,361,362,-1,336,362,337,-1,337,362,363,-1,337,363,338,-1,338,363,364,-1,338,364,339,-1,339,364,365,-1,339,365,340,-1,340,365,366,-1,340,366,341,-1,341,366,367,-1,341,367,342,-1,342,367,368,-1,342,368,343,-1,343,368,369,-1,343,369,344,-1,344,369,370,-1,344,370,345,-1,345,370,371,-1,345,371,346,-1,346,371,372,-1,346,372,347,-1,347,372,373,-1,347,373,348,-1,348,373,374,-1,348,374,349,-1,349,374,350,-1,375,376,362,-1,362,376,377,-1,362,377,363,-1,363,377,378,-1,363,378,364,-1,364,378,379,-1,364,379,365,-1,365,379,380,-1,365,380,366,-1,366,380,381,-1,366,381,367,-1,367,381,382,-1,367,382,368,-1,368,382,383,-1,368,383,369,-1,369,383,384,-1,369,384,370,-1,370,384,385,-1,370,385,371,-1,371,385,386,-1,371,386,372,-1,372,386,387,-1,372,387,373,-1,373,387,388,-1,373,388,374,-1,374,388,389,-1,374,389,350,-1,350,389,390,-1,350,390,351,-1,351,390,391,-1,351,391,352,-1,352,391,392,-1,352,392,353,-1,353,392,393,-1,353,393,354,-1,354,393,394,-1,354,394,355,-1,355,394,395,-1,355,395,356,-1,356,395,396,-1,356,396,357,-1,357,396,397,-1,357,397,358,-1,358,397,398,-1,358,398,359,-1,359,398,399,-1,359,399,360,-1,360,399,400,-1,360,400,361,-1,361,400,375,-1,361,375,362,-1,401,402,403,-1,403,402,404,-1,403,404,405,-1,405,404,406,-1,405,406,407,-1,407,406,408,-1,407,408,409,-1,409,408,410,-1,409,410,411,-1,411,410,412,-1,411,412,413,-1,413,412,414,-1,413,414,415,-1,415,414,416,-1,415,416,417,-1,417,416,418,-1,417,418,419,-1,419,418,420,-1,419,420,421,-1,421,420,422,-1,421,422,423,-1,423,422,424,-1,423,424,425,-1,425,424,426,-1,425,426,427,-1,427,426,428,-1,427,428,429,-1,429,428,430,-1,429,430,431,-1,431,430,432,-1,431,432,433,-1,433,432,434,-1,433,434,435,-1,435,434,436,-1,435,436,437,-1,437,436,438,-1,437,438,439,-1,439,438,440,-1,439,440,441,-1,441,440,442,-1,441,442,443,-1,443,442,444,-1,443,444,445,-1,445,444,446,-1,445,446,447,-1,447,446,448,-1,447,448,449,-1,449,448,450,-1,449,450,401,-1,401,450,402,-1,450,451,402,-1,402,451,452,-1,402,452,404,-1,404,452,453,-1,404,453,406,-1,406,453,454,-1,406,454,408,-1,408,454,455,-1,408,455,410,-1,410,455,456,-1,410,456,412,-1,412,456,457,-1,412,457,414,-1,414,457,458,-1,414,458,416,-1,416,458,459,-1,416,459,418,-1,418,459,460,-1,418,460,420,-1,420,460,461,-1,420,461,422,-1,422,461,462,-1,422,462,424,-1,424,462,463,-1,424,463,426,-1,426,463,464,-1,426,464,428,-1,428,464,465,-1,428,465,430,-1,430,465,466,-1,430,466,432,-1,432,466,467,-1,432,467,434,-1,434,467,468,-1,434,468,436,-1,436,468,469,-1,436,469,438,-1,438,469,470,-1,438,470,440,-1,440,470,471,-1,440,471,442,-1,442,471,472,-1,442,472,444,-1,444,472,473,-1,444,473,446,-1,446,473,474,-1,446,474,448,-1,448,474,475,-1,448,475,450,-1,450,475,451,-1,475,476,451,-1,451,476,477,-1,451,477,452,-1,452,477,478,-1,452,478,453,-1,453,478,479,-1,453,479,454,-1,454,479,480,-1,454,480,455,-1,455,480,481,-1,455,481,456,-1,456,481,482,-1,456,482,457,-1,457,482,483,-1,457,483,458,-1,458,483,484,-1,458,484,459,-1,459,484,485,-1,459,485,460,-1,460,485,486,-1,460,486,461,-1,461,486,487,-1,461,487,462,-1,462,487,488,-1,462,488,463,-1,463,488,489,-1,463,489,464,-1,464,489,490,-1,464,490,465,-1,465,490,491,-1,465,491,466,-1,466,491,492,-1,466,492,467,-1,467,492,493,-1,467,493,468,-1,468,493,494,-1,468,494,469,-1,469,494,495,-1,469,495,470,-1,470,495,496,-1,470,496,471,-1,471,496,497,-1,471,497,472,-1,472,497,498,-1,472,498,473,-1,473,498,499,-1,473,499,474,-1,474,499,500,-1,474,500,475,-1,475,500,476,-1,198,201,488,-1,488,201,204,-1,488,204,489,-1,489,204,203,-1,489,203,490,-1,490,203,202,-1,490,202,491,-1,491,202,207,-1,491,207,492,-1,492,207,206,-1,492,206,493,-1,493,206,205,-1,493,205,494,-1,494,205,210,-1,494,210,495,-1,495,210,209,-1,495,209,496,-1,496,209,208,-1,496,208,497,-1,497,208,213,-1,497,213,498,-1,498,213,212,-1,498,212,499,-1,499,212,211,-1,499,211,500,-1,500,211,216,-1,500,216,476,-1,476,216,215,-1,476,215,477,-1,477,215,214,-1,477,214,478,-1,478,214,219,-1,478,219,479,-1,479,219,218,-1,479,218,480,-1,480,218,217,-1,480,217,481,-1,481,217,222,-1,481,222,482,-1,482,222,221,-1,482,221,483,-1,483,221,220,-1,483,220,484,-1,484,220,224,-1,484,224,485,-1,485,224,223,-1,485,223,486,-1,486,223,199,-1,486,199,487,-1,487,199,198,-1,487,198,488,-1,273,276,501,-1,501,276,279,-1,501,279,502,-1,502,279,278,-1,502,278,503,-1,503,278,277,-1,503,277,504,-1,504,277,282,-1,504,282,505,-1,505,282,281,-1,505,281,506,-1,506,281,280,-1,506,280,507,-1,507,280,285,-1,507,285,508,-1,508,285,284,-1,508,284,509,-1,509,284,283,-1,509,283,510,-1,510,283,288,-1,510,288,511,-1,511,288,287,-1,511,287,512,-1,512,287,286,-1,512,286,513,-1,513,286,291,-1,513,291,514,-1,514,291,290,-1,514,290,515,-1,515,290,289,-1,515,289,516,-1,516,289,294,-1,516,294,517,-1,517,294,293,-1,517,293,518,-1,518,293,292,-1,518,292,519,-1,519,292,297,-1,519,297,520,-1,520,297,296,-1,520,296,521,-1,521,296,295,-1,521,295,522,-1,522,295,299,-1,522,299,523,-1,523,299,298,-1,523,298,524,-1,524,298,274,-1,524,274,525,-1,525,274,273,-1,525,273,501,-1,513,526,512,-1,512,526,527,-1,512,527,511,-1,511,527,528,-1,511,528,510,-1,510,528,529,-1,510,529,509,-1,509,529,530,-1,509,530,508,-1,508,530,531,-1,508,531,507,-1,507,531,532,-1,507,532,506,-1,506,532,533,-1,506,533,505,-1,505,533,534,-1,505,534,504,-1,504,534,535,-1,504,535,503,-1,503,535,536,-1,503,536,502,-1,502,536,537,-1,502,537,501,-1,501,537,538,-1,501,538,525,-1,525,538,539,-1,525,539,524,-1,524,539,540,-1,524,540,523,-1,523,540,541,-1,523,541,522,-1,522,541,542,-1,522,542,521,-1,521,542,543,-1,521,543,520,-1,520,543,544,-1,520,544,519,-1,519,544,545,-1,519,545,518,-1,518,545,546,-1,518,546,517,-1,517,546,547,-1,517,547,516,-1,516,547,548,-1,516,548,515,-1,515,548,549,-1,515,549,514,-1,514,549,550,-1,514,550,513,-1,513,550,526,-1,550,551,526,-1,526,551,552,-1,526,552,527,-1,527,552,553,-1,527,553,528,-1,528,553,554,-1,528,554,529,-1,529,554,555,-1,529,555,530,-1,530,555,556,-1,530,556,531,-1,531,556,557,-1,531,557,532,-1,532,557,558,-1,532,558,533,-1,533,558,559,-1,533,559,534,-1,534,559,560,-1,534,560,535,-1,535,560,561,-1,535,561,536,-1,536,561,562,-1,536,562,537,-1,537,562,563,-1,537,563,538,-1,538,563,564,-1,538,564,539,-1,539,564,565,-1,539,565,540,-1,540,565,566,-1,540,566,541,-1,541,566,567,-1,541,567,542,-1,542,567,568,-1,542,568,543,-1,543,568,569,-1,543,569,544,-1,544,569,570,-1,544,570,545,-1,545,570,571,-1,545,571,546,-1,546,571,572,-1,546,572,547,-1,547,572,573,-1,547,573,548,-1,548,573,574,-1,548,574,549,-1,549,574,575,-1,549,575,550,-1,550,575,551,-1,576,577,563,-1,563,577,578,-1,563,578,564,-1,564,578,579,-1,564,579,565,-1,565,579,580,-1,565,580,566,-1,566,580,581,-1,566,581,567,-1,567,581,582,-1,567,582,568,-1,568,582,583,-1,568,583,569,-1,569,583,584,-1,569,584,570,-1,570,584,585,-1,570,585,571,-1,571,585,586,-1,571,586,572,-1,572,586,587,-1,572,587,573,-1,573,587,588,-1,573,588,574,-1,574,588,589,-1,574,589,575,-1,575,589,590,-1,575,590,551,-1,551,590,591,-1,551,591,552,-1,552,591,592,-1,552,592,553,-1,553,592,593,-1,553,593,554,-1,554,593,594,-1,554,594,555,-1,555,594,595,-1,555,595,556,-1,556,595,596,-1,556,596,557,-1,557,596,597,-1,557,597,558,-1,558,597,598,-1,558,598,559,-1,559,598,599,-1,559,599,560,-1,560,599,600,-1,560,600,561,-1,561,600,601,-1,561,601,562,-1,562,601,576,-1,562,576,563,-1,602,603,604,-1,604,603,605,-1,604,605,606,-1,606,605,607,-1,606,607,608,-1,608,607,609,-1,608,609,610,-1,610,609,611,-1,610,611,612,-1,612,611,613,-1,612,613,614,-1,614,613,615,-1,614,615,616,-1,616,615,617,-1,616,617,618,-1,618,617,619,-1,618,619,620,-1,620,619,621,-1,620,621,622,-1,622,621,623,-1,622,623,624,-1,624,623,625,-1,624,625,626,-1,626,625,627,-1,626,627,628,-1,628,627,629,-1,628,629,630,-1,630,629,631,-1,630,631,632,-1,632,631,633,-1,632,633,634,-1,634,633,635,-1,634,635,636,-1,636,635,637,-1,636,637,638,-1,638,637,639,-1,638,639,640,-1,640,639,641,-1,640,641,642,-1,642,641,643,-1,642,643,644,-1,644,643,645,-1,644,645,646,-1,646,645,647,-1,646,647,648,-1,648,647,649,-1,648,649,650,-1,650,649,651,-1,650,651,602,-1,602,651,603,-1,651,652,603,-1,603,652,653,-1,603,653,605,-1,605,653,654,-1,605,654,607,-1,607,654,655,-1,607,655,609,-1,609,655,656,-1,609,656,611,-1,611,656,657,-1,611,657,613,-1,613,657,658,-1,613,658,615,-1,615,658,659,-1,615,659,617,-1,617,659,660,-1,617,660,619,-1,619,660,661,-1,619,661,621,-1,621,661,662,-1,621,662,623,-1,623,662,663,-1,623,663,625,-1,625,663,664,-1,625,664,627,-1,627,664,665,-1,627,665,629,-1,629,665,666,-1,629,666,631,-1,631,666,667,-1,631,667,633,-1,633,667,668,-1,633,668,635,-1,635,668,669,-1,635,669,637,-1,637,669,670,-1,637,670,639,-1,639,670,671,-1,639,671,641,-1,641,671,672,-1,641,672,643,-1,643,672,673,-1,643,673,645,-1,645,673,674,-1,645,674,647,-1,647,674,675,-1,647,675,649,-1,649,675,676,-1,649,676,651,-1,651,676,652,-1,676,677,652,-1,652,677,678,-1,652,678,653,-1,653,678,679,-1,653,679,654,-1,654,679,680,-1,654,680,655,-1,655,680,681,-1,655,681,656,-1,656,681,682,-1,656,682,657,-1,657,682,683,-1,657,683,658,-1,658,683,684,-1,658,684,659,-1,659,684,685,-1,659,685,660,-1,660,685,686,-1,660,686,661,-1,661,686,687,-1,661,687,662,-1,662,687,688,-1,662,688,663,-1,663,688,689,-1,663,689,664,-1,664,689,690,-1,664,690,665,-1,665,690,691,-1,665,691,666,-1,666,691,692,-1,666,692,667,-1,667,692,693,-1,667,693,668,-1,668,693,694,-1,668,694,669,-1,669,694,695,-1,669,695,670,-1,670,695,696,-1,670,696,671,-1,671,696,697,-1,671,697,672,-1,672,697,698,-1,672,698,673,-1,673,698,699,-1,673,699,674,-1,674,699,700,-1,674,700,675,-1,675,700,701,-1,675,701,676,-1,676,701,677,-1,48,51,689,-1,689,51,54,-1,689,54,690,-1,690,54,53,-1,690,53,691,-1,691,53,52,-1,691,52,692,-1,692,52,57,-1,692,57,693,-1,693,57,56,-1,693,56,694,-1,694,56,55,-1,694,55,695,-1,695,55,60,-1,695,60,696,-1,696,60,59,-1,696,59,697,-1,697,59,58,-1,697,58,698,-1,698,58,63,-1,698,63,699,-1,699,63,62,-1,699,62,700,-1,700,62,61,-1,700,61,701,-1,701,61,66,-1,701,66,677,-1,677,66,65,-1,677,65,678,-1,678,65,64,-1,678,64,679,-1,679,64,69,-1,679,69,680,-1,680,69,68,-1,680,68,681,-1,681,68,67,-1,681,67,682,-1,682,67,72,-1,682,72,683,-1,683,72,71,-1,683,71,684,-1,684,71,70,-1,684,70,685,-1,685,70,74,-1,685,74,686,-1,686,74,73,-1,686,73,687,-1,687,73,49,-1,687,49,688,-1,688,49,48,-1,688,48,689,-1,
        ]
    }
}
Shape{
    appearance Appearance {
        material  Material {
            diffuseColor 0.20392156862745098 0.20392156862745098 0.20392156862745098
            specularColor 0.1803921568627451 0.1803921568627451 0.1803921568627451
            ambientIntensity 0.2039
            transparency 0.0
            shininess 0.5
        }
    }
    geometry IndexedFaceSet {
        ccw TRUE
        solid FALSE
        coord DEF co Coordinate {
            point [
                0.689 0.0 1.3976, 0.689 0.0 1.4567, 0.6757 0.1344 1.3976, 0.6757 0.1344 1.4567, 0.6365 0.2637 1.3976, 0.6365 0.2637 1.4567, 0.5729 0.3828 1.3976, 0.5729 0.3828 1.4567, 0.4872 0.4872 1.3976, 0.4872 0.4872 1.4567, 0.3828 0.5729 1.3976, 0.3828 0.5729 1.4567, 0.2637 0.6365 1.3976, 0.2637 0.6365 1.4567, 0.1344 0.6757 1.3976, 0.1344 0.6757 1.4567, 0.0 0.689 1.3976, 0.0 0.689 1.4567, -0.1344 0.6757 1.3976, -0.1344 0.6757 1.4567, -0.2637 0.6365 1.3976, -0.2637 0.6365 1.4567, -0.3828 0.5729 1.3976, -0.3828 0.5729 1.4567, -0.4872 0.4872 1.3976, -0.4872 0.4872 1.4567, -0.5729 0.3828 1.3976, -0.5729 0.3828 1.4567, -0.6365 0.2637 1.3976, -0.6365 0.2637 1.4567, -0.6757 0.1344 1.3976, -0.6757 0.1344 1.4567, -0.689 0.0 1.3976, -0.689 0.0 1.4567, -0.6757 -0.1344 1.3976, -0.6757 -0.1344 1.4567, -0.6365 -0.2637 1.3976, -0.6365 -0.2637 1.4567, -0.5729 -0.3828 1.3976, -0.5729 -0.3828 1.4567, -0.4872 -0.4872 1.3976, -0.4872 -0.4872 1.4567, -0.3828 -0.5729 1.3976, -0.3828 -0.5729 1.4567, -0.2637 -0.6365 1.3976, -0.2637 -0.6365 1.4567, -0.1344 -0.6757 1.3976, -0.1344 -0.6757 1.4567, 0.0 -0.689 1.3976, 0.0 -0.689 1.4567, 0.1344 -0.6757 1.3976, 0.1344 -0.6757 1.4567, 0.2637 -0.6365 1.3976, 0.2637 -0.6365 1.4567, 0.3828 -0.5729 1.3976, 0.3828 -0.5729 1.4567, 0.4872 -0.4872 1.3976, 0.4872 -0.4872 1.4567, 0.5729 -0.3828 1.3976, 0.5729 -0.3828 1.4567, 0.6365 -0.2637 1.3976, 0.6365 -0.2637 1.4567, 0.6757 -0.1344 1.3976, 0.6757 -0.1344 1.4567, 0.689 -0.0 1.3386, 0.689 0.0 1.378, 0.6757 0.1344 1.3386, 0.6757 0.1344 1.378, 0.6365 0.2637 1.3386, 0.6365 0.2637 1.378, 0.5729 0.3828 1.3386, 0.5729 0.3828 1.378, 0.4872 0.4872 1.3386, 0.4872 0.4872 1.378, 0.3828 0.5729 1.3386, 0.3828 0.5729 1.378, 0.2637 0.6365 1.3386, 0.2637 0.6365 1.378, 0.1344 0.6757 1.3386, 0.1344 0.6757 1.378, 0.0 0.689 1.3386, 0.0 0.689 1.378, -0.1344 0.6757 1.3386, -0.1344 0.6757 1.378, -0.2637 0.6365 1.3386, -0.2637 0.6365 1.378, -0.3828 0.5729 1.3386, -0.3828 0.5729 1.378, -0.4872 0.4872 1.3386, -0.4872 0.4872 1.378, -0.5729 0.3828 1.3386, -0.5729 0.3828 1.378, -0.6365 0.2637 1.3386, -0.6365 0.2637 1.378, -0.6757 0.1344 1.3386, -0.6757 0.1344 1.378, -0.689 0.0 1.3386, -0.689 0.0 1.378, -0.6757 -0.1344 1.3386, -0.6757 -0.1344 1.378, -0.6365 -0.2637 1.3386, -0.6365 -0.2637 1.378, -0.5729 -0.3828 1.3386, -0.5729 -0.3828 1.378, -0.4872 -0.4872 1.3386, -0.4872 -0.4872 1.378, -0.3828 -0.5729 1.3386, -0.3828 -0.5729 1.378, -0.2637 -0.6365 1.3386, -0.2637 -0.6365 1.378, -0.1344 -0.6757 1.3386, -0.1344 -0.6757 1.378, 0.0 -0.689 1.3386, 0.0 -0.689 1.378, 0.1344 -0.6757 1.3386, 0.1344 -0.6757 1.378, 0.2637 -0.6365 1.3386, 0.2637 -0.6365 1.378, 0.3828 -0.5729 1.3386, 0.3828 -0.5729 1.378, 0.4872 -0.4872 1.3386, 0.4872 -0.4872 1.378, 0.5729 -0.3828 1.3386, 0.5729 -0.3828 1.378, 0.6365 -0.2637 1.3386, 0.6365 -0.2637 1.378, 0.6757 -0.1344 1.3386, 0.6757 -0.1344 1.378, 0.3713 0.5557 1.3386, 0.2557 0.6174 1.3386, 0.1304 0.6555 1.3386, 0.0 0.6683 1.3386, -0.1304 0.6555 1.3386, -0.2557 0.6174 1.3386, -0.3713 0.5557 1.3386, -0.4726 0.4726 1.3386, -0.5557 0.3713 1.3386, -0.6174 0.2557 1.3386, -0.6555 0.1304 1.3386, -0.6683 -0.0 1.3386, -0.6555 -0.1304 1.3386, -0.6174 -0.2557 1.3386, -0.5557 -0.3713 1.3386, -0.4726 -0.4726 1.3386, -0.3713 -0.5557 1.3386, -0.2557 -0.6174 1.3386, -0.1304 -0.6555 1.3386, 0.0 -0.6683 1.3386, 0.1304 -0.6555 1.3386, 0.2557 -0.6174 1.3386, 0.3713 -0.5557 1.3386, 0.4726 -0.4726 1.3386, 0.5557 -0.3713 1.3386, 0.6174 -0.2557 1.3386, 0.6555 -0.1304 1.3386, 0.6683 0.0 1.3386, 0.6555 0.1304 1.3386, 0.6174 0.2557 1.3386, 0.5557 0.3713 1.3386, 0.4726 0.4726 1.3386, 0.2089 0.5323 2.8937, 0.1009 0.3765 2.8937, 0.1949 0.3375 2.8937, -0.3898 -0.0 2.8937, -0.5654 -0.0852 2.8937, -0.3765 -0.1009 2.8937, -0.5464 -0.1685 2.8937, -0.3375 -0.1949 2.8937, 0.2756 0.2756 2.8937, 0.3565 0.4471 2.8937, 0.2859 0.4952 2.8937, 0.3765 0.1009 2.8937, 0.5152 0.2481 2.8937, 0.3375 0.1949 2.8937, 0.4725 0.3221 2.8937, 0.4192 0.3889 2.8937, 0.3898 0.0 2.8937, 0.5654 0.0852 2.8937, 0.5464 0.1685 2.8937, 0.3765 -0.1009 2.8937, 0.5654 -0.0852 2.8937, 0.5718 -0.0 2.8937, 0.2756 -0.2756 2.8937, 0.4725 -0.3221 2.8937, 0.3375 -0.1949 2.8937, 0.5152 -0.2481 2.8937, 0.5464 -0.1685 2.8937, -0.5152 -0.2481 2.8937, -0.4725 -0.3221 2.8937, -0.2756 -0.2756 2.8937, 0.1949 -0.3375 2.8937, 0.3565 -0.4471 2.8937, 0.4192 -0.3889 2.8937, -0.1009 -0.3765 2.8937, -0.0427 -0.5702 2.8937, 0.0 -0.3898 2.8937, 0.0427 -0.5702 2.8937, 0.1009 -0.3765 2.8937, -0.3765 0.1009 2.8937, -0.5654 0.0852 2.8937, -0.5718 0.0 2.8937, 0.1272 -0.5575 2.8937, 0.2089 -0.5323 2.8937, 0.2859 -0.4952 2.8937, -0.1949 -0.3375 2.8937, -0.2089 -0.5323 2.8937, -0.1272 -0.5575 2.8937, -0.2756 0.2756 2.8937, -0.4725 0.3221 2.8937, -0.3375 0.1949 2.8937, -0.5152 0.2481 2.8937, -0.5464 0.1685 2.8937, -0.1949 0.3375 2.8937, -0.3565 0.4471 2.8937, -0.4192 0.3889 2.8937, -0.4192 -0.3889 2.8937, -0.3565 -0.4471 2.8937, -0.2859 -0.4952 2.8937, -0.1009 0.3765 2.8937, -0.2089 0.5323 2.8937, -0.2859 0.4952 2.8937, 0.1272 0.5575 2.8937, 0.0427 0.5702 2.8937, 0.0 0.3898 2.8937, -0.0427 0.5702 2.8937, -0.1272 0.5575 2.8937, 0.2161 0.5506 2.875, 0.226 0.5458 2.875, 0.4887 0.3332 2.875, 0.4915 0.3284 2.875, 0.5849 -0.0882 2.875, 0.5787 -0.1151 2.875, -0.2161 -0.5506 2.875, -0.226 -0.5458 2.875, -0.4887 -0.3332 2.875, -0.4915 -0.3284 2.875, -0.545 -0.2258 2.875, -0.5652 -0.1743 2.875, -0.5329 -0.2566 2.875, -0.4336 -0.4023 2.875, -0.4174 -0.4173 2.875, -0.3688 -0.4624 2.875, -0.3277 -0.4905 2.875, -0.2957 -0.5122 2.875, -0.1316 -0.5767 2.875, -0.1152 -0.5791 2.875, -0.0442 -0.5898 2.875, 0.0 -0.5898 2.875, 0.226 -0.5458 2.875, 0.2161 -0.5506 2.875, 0.1316 -0.5767 2.875, 0.1152 -0.5791 2.875, 0.0442 -0.5898 2.875, 0.2957 -0.5122 2.875, 0.3277 -0.4905 2.875, 0.4887 -0.3332 2.875, 0.4336 -0.4023 2.875, 0.4174 -0.4173 2.875, 0.3688 -0.4624 2.875, 0.4915 -0.3284 2.875, 0.5329 -0.2566 2.875, 0.545 -0.2258 2.875, 0.5652 -0.1743 2.875, 0.5915 0.0 2.875, 0.5849 0.0882 2.875, 0.5787 0.1151 2.875, 0.5652 0.1743 2.875, 0.545 0.2258 2.875, 0.5329 0.2566 2.875, 0.4336 0.4023 2.875, 0.4174 0.4173 2.875, 0.3688 0.4624 2.875, 0.3277 0.4905 2.875, 0.2957 0.5122 2.875, 0.1316 0.5767 2.875, 0.1152 0.5791 2.875, 0.0442 0.5898 2.875, 0.0 0.5898 2.875, -0.226 0.5458 2.875, -0.2161 0.5506 2.875, -0.1316 0.5767 2.875, -0.1152 0.5791 2.875, -0.0442 0.5898 2.875, -0.2957 0.5122 2.875, -0.3277 0.4905 2.875, -0.4887 0.3332 2.875, -0.4336 0.4023 2.875, -0.4174 0.4173 2.875, -0.3688 0.4624 2.875, -0.4915 0.3284 2.875, -0.5329 0.2566 2.875, -0.545 0.2258 2.875, -0.5787 0.1151 2.875, -0.5652 0.1743 2.875, -0.5787 -0.1151 2.875, -0.5849 -0.0882 2.875, -0.5915 0.0 2.875, -0.5849 0.0882 2.875, -0.5644 -0.1741 2.8799, -0.5321 -0.2563 2.8799, -0.488 -0.3327 2.8799, -0.4329 -0.4017 2.8799, -0.3682 -0.4618 2.8799, -0.2953 -0.5115 2.8799, -0.2158 -0.5498 2.8799, -0.1314 -0.5758 2.8799, -0.0441 -0.589 2.8799, 0.1314 -0.5758 2.8799, 0.0441 -0.589 2.8799, 0.2158 -0.5498 2.8799, 0.2953 -0.5115 2.8799, 0.4329 -0.4017 2.8799, 0.3682 -0.4618 2.8799, 0.488 -0.3327 2.8799, 0.5321 -0.2563 2.8799, 0.584 -0.088 2.8799, 0.5644 -0.1741 2.8799, 0.5906 0.0 2.8799, 0.584 0.088 2.8799, 0.5644 0.1741 2.8799, 0.5321 0.2563 2.8799, 0.488 0.3327 2.8799, 0.4329 0.4017 2.8799, 0.3682 0.4618 2.8799, 0.2953 0.5115 2.8799, 0.2158 0.5498 2.8799, 0.1314 0.5758 2.8799, 0.0441 0.589 2.8799, -0.1314 0.5758 2.8799, -0.0441 0.589 2.8799, -0.2158 0.5498 2.8799, -0.2953 0.5115 2.8799, -0.4329 0.4017 2.8799, -0.3682 0.4618 2.8799, -0.488 0.3327 2.8799, -0.5321 0.2563 2.8799, -0.584 0.088 2.8799, -0.5644 0.1741 2.8799, -0.5906 0.0 2.8799, -0.584 -0.088 2.8799, -0.582 0.0877 2.8844, -0.5624 0.1735 2.8844, -0.5303 0.2554 2.8844, -0.4863 0.3315 2.8844, -0.4314 0.4003 2.8844, -0.3669 0.4601 2.8844, -0.2943 0.5097 2.8844, -0.215 0.5479 2.8844, -0.131 0.5738 2.8844, -0.044 0.5869 2.8844, 0.044 0.5869 2.8844, 0.131 0.5738 2.8844, 0.215 0.5479 2.8844, 0.2943 0.5097 2.8844, 0.3669 0.4601 2.8844, 0.4314 0.4003 2.8844, 0.4863 0.3315 2.8844, 0.5303 0.2554 2.8844, 0.5624 0.1735 2.8844, 0.582 0.0877 2.8844, 0.5885 0.0 2.8844, 0.582 -0.0877 2.8844, 0.5624 -0.1735 2.8844, 0.5303 -0.2554 2.8844, 0.4863 -0.3315 2.8844, 0.4314 -0.4003 2.8844, 0.3669 -0.4601 2.8844, 0.2943 -0.5097 2.8844, 0.215 -0.5479 2.8844, 0.131 -0.5738 2.8844, 0.044 -0.5869 2.8844, -0.044 -0.5869 2.8844, -0.131 -0.5738 2.8844, -0.215 -0.5479 2.8844, -0.2943 -0.5097 2.8844, -0.3669 -0.4601 2.8844, -0.4314 -0.4003 2.8844, -0.4863 -0.3315 2.8844, -0.5303 -0.2554 2.8844, -0.5624 -0.1735 2.8844, -0.582 -0.0877 2.8844, -0.5885 0.0 2.8844, -0.5789 0.0872 2.8883, -0.5594 0.1725 2.8883, -0.5274 0.254 2.8883, -0.4837 0.3298 2.8883, -0.4291 0.3982 2.8883, -0.365 0.4577 2.8883, -0.2927 0.507 2.8883, -0.2139 0.5449 2.8883, -0.1303 0.5707 2.8883, -0.0437 0.5838 2.8883, 0.0437 0.5838 2.8883, 0.1303 0.5707 2.8883, 0.2139 0.5449 2.8883, 0.2927 0.507 2.8883, 0.365 0.4577 2.8883, 0.4291 0.3982 2.8883, 0.4837 0.3298 2.8883, 0.5274 0.254 2.8883, 0.5594 0.1725 2.8883, 0.5789 0.0872 2.8883, 0.5854 0.0 2.8883, 0.5789 -0.0872 2.8883, 0.5594 -0.1725 2.8883, 0.5274 -0.254 2.8883, 0.4837 -0.3298 2.8883, 0.4291 -0.3982 2.8883, 0.365 -0.4577 2.8883, 0.2927 -0.507 2.8883, 0.2139 -0.5449 2.8883, 0.1303 -0.5707 2.8883, 0.0437 -0.5838 2.8883, -0.0437 -0.5838 2.8883, -0.1303 -0.5707 2.8883, -0.2139 -0.5449 2.8883, -0.2927 -0.507 2.8883, -0.365 -0.4577 2.8883, -0.4291 -0.3982 2.8883, -0.4837 -0.3298 2.8883, -0.5274 -0.254 2.8883, -0.5594 -0.1725 2.8883, -0.5789 -0.0872 2.8883, -0.5854 0.0 2.8883, -0.5749 0.0867 2.8912, -0.5556 0.1714 2.8912, -0.5238 0.2523 2.8912, -0.4804 0.3275 2.8912, -0.4262 0.3954 2.8912, -0.3625 0.4545 2.8912, -0.2907 0.5035 2.8912, -0.2124 0.5412 2.8912, -0.1294 0.5668 2.8912, -0.0434 0.5798 2.8912, 0.0434 0.5798 2.8912, 0.1294 0.5668 2.8912, 0.2124 0.5412 2.8912, 0.2907 0.5035 2.8912, 0.3625 0.4545 2.8912, 0.4262 0.3954 2.8912, 0.4804 0.3275 2.8912, 0.5238 0.2523 2.8912, 0.5556 0.1714 2.8912, 0.5749 0.0867 2.8912, 0.5814 0.0 2.8912, 0.5749 -0.0867 2.8912, 0.5556 -0.1714 2.8912, 0.5238 -0.2523 2.8912, 0.4804 -0.3275 2.8912, 0.4262 -0.3954 2.8912, 0.3625 -0.4545 2.8912, 0.2907 -0.5035 2.8912, 0.2124 -0.5412 2.8912, 0.1294 -0.5668 2.8912, 0.0434 -0.5798 2.8912, -0.0434 -0.5798 2.8912, -0.1294 -0.5668 2.8912, -0.2124 -0.5412 2.8912, -0.2907 -0.5035 2.8912, -0.3625 -0.4545 2.8912, -0.4262 -0.3954 2.8912, -0.4804 -0.3275 2.8912, -0.5238 -0.2523 2.8912, -0.5556 -0.1714 2.8912, -0.5749 -0.0867 2.8912, -0.5814 0.0 2.8912, -0.5703 0.086 2.8931, -0.5511 0.17 2.8931, -0.5196 0.2502 2.8931, -0.4765 0.3249 2.8931, -0.4228 0.3923 2.8931, -0.3596 0.4509 2.8931, -0.2884 0.4995 2.8931, -0.2107 0.5369 2.8931, -0.1283 0.5623 2.8931, -0.0431 0.5751 2.8931, 0.0431 0.5751 2.8931, 0.1283 0.5623 2.8931, 0.2107 0.5369 2.8931, 0.2884 0.4995 2.8931, 0.3596 0.4509 2.8931, 0.4228 0.3923 2.8931, 0.4765 0.3249 2.8931, 0.5196 0.2502 2.8931, 0.5511 0.17 2.8931, 0.5703 0.086 2.8931, 0.5768 0.0 2.8931, 0.5703 -0.086 2.8931, 0.5511 -0.17 2.8931, 0.5196 -0.2502 2.8931, 0.4765 -0.3249 2.8931, 0.4228 -0.3923 2.8931, 0.3596 -0.4509 2.8931, 0.2884 -0.4995 2.8931, 0.2107 -0.5369 2.8931, 0.1283 -0.5623 2.8931, 0.0431 -0.5751 2.8931, -0.0431 -0.5751 2.8931, -0.1283 -0.5623 2.8931, -0.2107 -0.5369 2.8931, -0.2884 -0.4995 2.8931, -0.3596 -0.4509 2.8931, -0.4228 -0.3923 2.8931, -0.4765 -0.3249 2.8931, -0.5196 -0.2502 2.8931, -0.5511 -0.17 2.8931, -0.5703 -0.086 2.8931, -0.5768 0.0 2.8931, -0.3765 0.1009 2.8941, -0.3375 0.1949 2.8941, -0.2756 0.2756 2.8941, -0.1949 0.3375 2.8941, -0.1009 0.3765 2.8941, 0.0 0.3898 2.8941, 0.1009 0.3765 2.8941, 0.1949 0.3375 2.8941, 0.2756 0.2756 2.8941, 0.3375 0.1949 2.8941, 0.3765 0.1009 2.8941, 0.3898 0.0 2.8941, 0.3765 -0.1009 2.8941, 0.3375 -0.1949 2.8941, 0.2756 -0.2756 2.8941, 0.1949 -0.3375 2.8941, 0.1009 -0.3765 2.8941, 0.0 -0.3898 2.8941, -0.1009 -0.3765 2.8941, -0.1949 -0.3375 2.8941, -0.2756 -0.2756 2.8941, -0.3375 -0.1949 2.8941, -0.3765 -0.1009 2.8941, -0.3898 0.0 2.8941, 0.0 0.0 2.8941
            ]
        }
        coordIndex [
            0,1,2,-1,2,1,3,-1,2,3,4,-1,4,3,5,-1,4,5,6,-1,6,5,7,-1,6,7,8,-1,8,7,9,-1,8,9,10,-1,10,9,11,-1,10,11,12,-1,12,11,13,-1,12,13,14,-1,14,13,15,-1,14,15,16,-1,16,15,17,-1,16,17,18,-1,18,17,19,-1,18,19,20,-1,20,19,21,-1,20,21,22,-1,22,21,23,-1,22,23,24,-1,24,23,25,-1,24,25,26,-1,26,25,27,-1,26,27,28,-1,28,27,29,-1,28,29,30,-1,30,29,31,-1,30,31,32,-1,32,31,33,-1,32,33,34,-1,34,33,35,-1,34,35,36,-1,36,35,37,-1,36,37,38,-1,38,37,39,-1,38,39,40,-1,40,39,41,-1,40,41,42,-1,42,41,43,-1,42,43,44,-1,44,43,45,-1,44,45,46,-1,46,45,47,-1,46,47,48,-1,48,47,49,-1,48,49,50,-1,50,49,51,-1,50,51,52,-1,52,51,53,-1,52,53,54,-1,54,53,55,-1,54,55,56,-1,56,55,57,-1,56,57,58,-1,58,57,59,-1,58,59,60,-1,60,59,61,-1,60,61,62,-1,62,61,63,-1,62,63,0,-1,0,63,1,-1,64,65,66,-1,66,65,67,-1,66,67,68,-1,68,67,69,-1,68,69,70,-1,70,69,71,-1,70,71,72,-1,72,71,73,-1,72,73,74,-1,74,73,75,-1,74,75,76,-1,76,75,77,-1,76,77,78,-1,78,77,79,-1,78,79,80,-1,80,79,81,-1,80,81,82,-1,82,81,83,-1,82,83,84,-1,84,83,85,-1,84,85,86,-1,86,85,87,-1,86,87,88,-1,88,87,89,-1,88,89,90,-1,90,89,91,-1,90,91,92,-1,92,91,93,-1,92,93,94,-1,94,93,95,-1,94,95,96,-1,96,95,97,-1,96,97,98,-1,98,97,99,-1,98,99,100,-1,100,99,101,-1,100,101,102,-1,102,101,103,-1,102,103,104,-1,104,103,105,-1,104,105,106,-1,106,105,107,-1,106,107,108,-1,108,107,109,-1,108,109,110,-1,110,109,111,-1,110,111,112,-1,112,111,113,-1,112,113,114,-1,114,113,115,-1,114,115,116,-1,116,115,117,-1,116,117,118,-1,118,117,119,-1,118,119,120,-1,120,119,121,-1,120,121,122,-1,122,121,123,-1,122,123,124,-1,124,123,125,-1,124,125,126,-1,126,125,127,-1,126,127,64,-1,64,127,65,-1,128,74,129,-1,129,74,76,-1,129,76,130,-1,130,76,78,-1,130,78,131,-1,131,78,80,-1,131,80,132,-1,132,80,82,-1,132,82,133,-1,133,82,84,-1,133,84,134,-1,134,84,86,-1,134,86,135,-1,135,86,88,-1,135,88,136,-1,136,88,90,-1,136,90,137,-1,137,90,92,-1,137,92,138,-1,138,92,94,-1,138,94,139,-1,139,94,96,-1,139,96,140,-1,140,96,98,-1,140,98,141,-1,141,98,100,-1,141,100,142,-1,142,100,102,-1,142,102,143,-1,143,102,104,-1,143,104,144,-1,144,104,106,-1,144,106,145,-1,145,106,108,-1,145,108,146,-1,146,108,110,-1,146,110,147,-1,147,110,112,-1,147,112,148,-1,148,112,114,-1,148,114,149,-1,149,114,116,-1,149,116,150,-1,150,116,118,-1,150,118,151,-1,151,118,120,-1,151,120,152,-1,152,120,122,-1,152,122,153,-1,153,122,124,-1,153,124,154,-1,154,124,126,-1,154,126,155,-1,155,126,64,-1,155,64,156,-1,156,64,66,-1,156,66,157,-1,157,66,68,-1,157,68,158,-1,158,68,70,-1,158,70,159,-1,159,70,72,-1,159,72,128,-1,128,72,74,-1,160,161,162,-1,163,164,165,-1,165,164,166,-1,165,166,167,-1,168,169,162,-1,162,169,170,-1,162,170,160,-1,171,172,173,-1,173,172,174,-1,173,174,168,-1,168,174,175,-1,168,175,169,-1,176,177,171,-1,171,177,178,-1,171,178,172,-1,179,180,176,-1,176,180,181,-1,176,181,177,-1,182,183,184,-1,184,183,185,-1,184,185,179,-1,179,185,186,-1,179,186,180,-1,166,187,167,-1,167,187,188,-1,167,188,189,-1,190,191,182,-1,182,191,192,-1,182,192,183,-1,193,194,195,-1,195,194,196,-1,195,196,197,-1,198,199,163,-1,163,199,200,-1,163,200,164,-1,196,201,197,-1,197,201,202,-1,197,202,190,-1,190,202,203,-1,190,203,191,-1,204,205,193,-1,193,205,206,-1,193,206,194,-1,207,208,209,-1,209,208,210,-1,209,210,198,-1,198,210,211,-1,198,211,199,-1,212,213,207,-1,207,213,214,-1,207,214,208,-1,188,215,189,-1,189,215,216,-1,189,216,204,-1,204,216,217,-1,204,217,205,-1,218,219,212,-1,212,219,220,-1,212,220,213,-1,160,221,161,-1,161,221,222,-1,161,222,223,-1,223,222,224,-1,223,224,218,-1,218,224,225,-1,218,225,219,-1,226,227,129,-1,228,229,158,-1,230,231,154,-1,232,233,145,-1,234,235,142,-1,141,236,237,-1,141,237,140,-1,142,235,141,-1,141,235,238,-1,141,238,236,-1,234,142,239,-1,239,142,143,-1,239,143,240,-1,240,143,241,-1,241,143,144,-1,241,144,242,-1,145,233,144,-1,144,233,243,-1,144,243,242,-1,232,145,244,-1,244,145,146,-1,244,146,245,-1,245,146,246,-1,246,146,147,-1,246,147,247,-1,149,248,249,-1,149,249,148,-1,249,250,148,-1,148,250,251,-1,148,251,147,-1,147,251,252,-1,147,252,247,-1,248,149,253,-1,253,149,150,-1,253,150,254,-1,255,256,151,-1,151,256,257,-1,151,257,150,-1,150,257,258,-1,150,258,254,-1,255,151,259,-1,259,151,152,-1,259,152,260,-1,260,152,153,-1,260,153,261,-1,154,231,153,-1,153,231,262,-1,153,262,261,-1,230,154,263,-1,263,154,155,-1,263,155,264,-1,264,155,156,-1,264,156,265,-1,265,156,266,-1,266,156,157,-1,266,157,267,-1,158,229,157,-1,157,229,268,-1,157,268,267,-1,228,158,269,-1,269,158,159,-1,269,159,270,-1,270,159,271,-1,271,159,128,-1,271,128,272,-1,129,227,128,-1,128,227,273,-1,128,273,272,-1,226,129,274,-1,274,129,130,-1,274,130,275,-1,275,130,276,-1,276,130,131,-1,276,131,277,-1,133,278,279,-1,133,279,132,-1,279,280,132,-1,132,280,281,-1,132,281,131,-1,131,281,282,-1,131,282,277,-1,278,133,283,-1,283,133,134,-1,283,134,284,-1,285,286,135,-1,135,286,287,-1,135,287,134,-1,134,287,288,-1,134,288,284,-1,285,135,289,-1,289,135,136,-1,289,136,290,-1,290,136,137,-1,290,137,291,-1,138,292,137,-1,137,292,293,-1,137,293,291,-1,237,294,140,-1,140,294,295,-1,140,295,139,-1,139,295,296,-1,139,296,138,-1,138,296,297,-1,138,297,292,-1,298,236,299,-1,299,236,238,-1,299,238,300,-1,300,238,235,-1,235,234,300,-1,300,234,239,-1,300,239,301,-1,301,239,240,-1,301,240,302,-1,240,241,302,-1,302,241,242,-1,302,242,303,-1,303,242,243,-1,303,243,304,-1,304,243,233,-1,233,232,304,-1,304,232,244,-1,304,244,305,-1,305,244,245,-1,305,245,306,-1,251,307,308,-1,245,246,306,-1,306,246,247,-1,306,247,308,-1,308,247,252,-1,308,252,251,-1,251,250,307,-1,307,250,249,-1,307,249,309,-1,309,249,248,-1,309,248,310,-1,257,311,312,-1,248,253,310,-1,310,253,254,-1,310,254,312,-1,312,254,258,-1,312,258,257,-1,257,256,311,-1,311,256,255,-1,311,255,313,-1,313,255,259,-1,313,259,314,-1,231,315,316,-1,259,260,314,-1,314,260,261,-1,314,261,316,-1,316,261,262,-1,316,262,231,-1,231,230,315,-1,315,230,263,-1,315,263,317,-1,317,263,264,-1,317,264,318,-1,318,264,265,-1,318,265,319,-1,265,266,319,-1,319,266,267,-1,319,267,320,-1,320,267,268,-1,320,268,321,-1,321,268,229,-1,229,228,321,-1,321,228,269,-1,321,269,322,-1,322,269,270,-1,322,270,323,-1,270,271,323,-1,323,271,272,-1,323,272,324,-1,324,272,273,-1,324,273,325,-1,325,273,227,-1,227,226,325,-1,325,226,274,-1,325,274,326,-1,326,274,275,-1,326,275,327,-1,281,328,329,-1,275,276,327,-1,327,276,277,-1,327,277,329,-1,329,277,282,-1,329,282,281,-1,281,280,328,-1,328,280,279,-1,328,279,330,-1,330,279,278,-1,330,278,331,-1,287,332,333,-1,278,283,331,-1,331,283,284,-1,331,284,333,-1,333,284,288,-1,333,288,287,-1,287,286,332,-1,332,286,285,-1,332,285,334,-1,334,285,289,-1,334,289,335,-1,292,336,337,-1,289,290,335,-1,335,290,291,-1,335,291,337,-1,337,291,293,-1,337,293,292,-1,292,297,336,-1,336,297,296,-1,336,296,338,-1,338,296,295,-1,338,295,339,-1,339,295,294,-1,339,294,298,-1,298,294,237,-1,298,237,236,-1,338,340,336,-1,336,340,341,-1,336,341,337,-1,337,341,342,-1,337,342,335,-1,335,342,343,-1,335,343,334,-1,334,343,344,-1,334,344,332,-1,332,344,345,-1,332,345,333,-1,333,345,346,-1,333,346,331,-1,331,346,347,-1,331,347,330,-1,330,347,348,-1,330,348,328,-1,328,348,349,-1,328,349,329,-1,329,349,350,-1,329,350,327,-1,327,350,351,-1,327,351,326,-1,326,351,352,-1,326,352,325,-1,325,352,353,-1,325,353,324,-1,324,353,354,-1,324,354,323,-1,323,354,355,-1,323,355,322,-1,322,355,356,-1,322,356,321,-1,321,356,357,-1,321,357,320,-1,320,357,358,-1,320,358,319,-1,319,358,359,-1,319,359,318,-1,318,359,360,-1,318,360,317,-1,317,360,361,-1,317,361,315,-1,315,361,362,-1,315,362,316,-1,316,362,363,-1,316,363,314,-1,314,363,364,-1,314,364,313,-1,313,364,365,-1,313,365,311,-1,311,365,366,-1,311,366,312,-1,312,366,367,-1,312,367,310,-1,310,367,368,-1,310,368,309,-1,309,368,369,-1,309,369,307,-1,307,369,370,-1,307,370,308,-1,308,370,371,-1,308,371,306,-1,306,371,372,-1,306,372,305,-1,305,372,373,-1,305,373,304,-1,304,373,374,-1,304,374,303,-1,303,374,375,-1,303,375,302,-1,302,375,376,-1,302,376,301,-1,301,376,377,-1,301,377,300,-1,300,377,378,-1,300,378,299,-1,299,378,379,-1,299,379,298,-1,298,379,380,-1,298,380,339,-1,339,380,381,-1,339,381,338,-1,338,381,340,-1,381,382,340,-1,340,382,383,-1,340,383,341,-1,341,383,384,-1,341,384,342,-1,342,384,385,-1,342,385,343,-1,343,385,386,-1,343,386,344,-1,344,386,387,-1,344,387,345,-1,345,387,388,-1,345,388,346,-1,346,388,389,-1,346,389,347,-1,347,389,390,-1,347,390,348,-1,348,390,391,-1,348,391,349,-1,349,391,392,-1,349,392,350,-1,350,392,393,-1,350,393,351,-1,351,393,394,-1,351,394,352,-1,352,394,395,-1,352,395,353,-1,353,395,396,-1,353,396,354,-1,354,396,397,-1,354,397,355,-1,355,397,398,-1,355,398,356,-1,356,398,399,-1,356,399,357,-1,357,399,400,-1,357,400,358,-1,358,400,401,-1,358,401,359,-1,359,401,402,-1,359,402,360,-1,360,402,403,-1,360,403,361,-1,361,403,404,-1,361,404,362,-1,362,404,405,-1,362,405,363,-1,363,405,406,-1,363,406,364,-1,364,406,407,-1,364,407,365,-1,365,407,408,-1,365,408,366,-1,366,408,409,-1,366,409,367,-1,367,409,410,-1,367,410,368,-1,368,410,411,-1,368,411,369,-1,369,411,412,-1,369,412,370,-1,370,412,413,-1,370,413,371,-1,371,413,414,-1,371,414,372,-1,372,414,415,-1,372,415,373,-1,373,415,416,-1,373,416,374,-1,374,416,417,-1,374,417,375,-1,375,417,418,-1,375,418,376,-1,376,418,419,-1,376,419,377,-1,377,419,420,-1,377,420,378,-1,378,420,421,-1,378,421,379,-1,379,421,422,-1,379,422,380,-1,380,422,423,-1,380,423,381,-1,381,423,382,-1,423,424,382,-1,382,424,425,-1,382,425,383,-1,383,425,426,-1,383,426,384,-1,384,426,427,-1,384,427,385,-1,385,427,428,-1,385,428,386,-1,386,428,429,-1,386,429,387,-1,387,429,430,-1,387,430,388,-1,388,430,431,-1,388,431,389,-1,389,431,432,-1,389,432,390,-1,390,432,433,-1,390,433,391,-1,391,433,434,-1,391,434,392,-1,392,434,435,-1,392,435,393,-1,393,435,436,-1,393,436,394,-1,394,436,437,-1,394,437,395,-1,395,437,438,-1,395,438,396,-1,396,438,439,-1,396,439,397,-1,397,439,440,-1,397,440,398,-1,398,440,441,-1,398,441,399,-1,399,441,442,-1,399,442,400,-1,400,442,443,-1,400,443,401,-1,401,443,444,-1,401,444,402,-1,402,444,445,-1,402,445,403,-1,403,445,446,-1,403,446,404,-1,404,446,447,-1,404,447,405,-1,405,447,448,-1,405,448,406,-1,406,448,449,-1,406,449,407,-1,407,449,450,-1,407,450,408,-1,408,450,451,-1,408,451,409,-1,409,451,452,-1,409,452,410,-1,410,452,453,-1,410,453,411,-1,411,453,454,-1,411,454,412,-1,412,454,455,-1,412,455,413,-1,413,455,456,-1,413,456,414,-1,414,456,457,-1,414,457,415,-1,415,457,458,-1,415,458,416,-1,416,458,459,-1,416,459,417,-1,417,459,460,-1,417,460,418,-1,418,460,461,-1,418,461,419,-1,419,461,462,-1,419,462,420,-1,420,462,463,-1,420,463,421,-1,421,463,464,-1,421,464,422,-1,422,464,465,-1,422,465,423,-1,423,465,424,-1,465,466,424,-1,424,466,467,-1,424,467,425,-1,425,467,468,-1,425,468,426,-1,426,468,469,-1,426,469,427,-1,427,469,470,-1,427,470,428,-1,428,470,471,-1,428,471,429,-1,429,471,472,-1,429,472,430,-1,430,472,473,-1,430,473,431,-1,431,473,474,-1,431,474,432,-1,432,474,475,-1,432,475,433,-1,433,475,476,-1,433,476,434,-1,434,476,477,-1,434,477,435,-1,435,477,478,-1,435,478,436,-1,436,478,479,-1,436,479,437,-1,437,479,480,-1,437,480,438,-1,438,480,481,-1,438,481,439,-1,439,481,482,-1,439,482,440,-1,440,482,483,-1,440,483,441,-1,441,483,484,-1,441,484,442,-1,442,484,485,-1,442,485,443,-1,443,485,486,-1,443,486,444,-1,444,486,487,-1,444,487,445,-1,445,487,488,-1,445,488,446,-1,446,488,489,-1,446,489,447,-1,447,489,490,-1,447,490,448,-1,448,490,491,-1,448,491,449,-1,449,491,492,-1,449,492,450,-1,450,492,493,-1,450,493,451,-1,451,493,494,-1,451,494,452,-1,452,494,495,-1,452,495,453,-1,453,495,496,-1,453,496,454,-1,454,496,497,-1,454,497,455,-1,455,497,498,-1,455,498,456,-1,456,498,499,-1,456,499,457,-1,457,499,500,-1,457,500,458,-1,458,500,501,-1,458,501,459,-1,459,501,502,-1,459,502,460,-1,460,502,503,-1,460,503,461,-1,461,503,504,-1,461,504,462,-1,462,504,505,-1,462,505,463,-1,463,505,506,-1,463,506,464,-1,464,506,507,-1,464,507,465,-1,465,507,466,-1,507,199,466,-1,466,199,211,-1,466,211,467,-1,467,211,210,-1,467,210,468,-1,468,210,208,-1,468,208,469,-1,469,208,214,-1,469,214,470,-1,470,214,213,-1,470,213,471,-1,471,213,220,-1,471,220,472,-1,472,220,219,-1,472,219,473,-1,473,219,225,-1,473,225,474,-1,474,225,224,-1,474,224,475,-1,475,224,222,-1,475,222,476,-1,476,222,221,-1,476,221,477,-1,477,221,160,-1,477,160,478,-1,478,160,170,-1,478,170,479,-1,479,170,169,-1,479,169,480,-1,480,169,175,-1,480,175,481,-1,481,175,174,-1,481,174,482,-1,482,174,172,-1,482,172,483,-1,483,172,178,-1,483,178,484,-1,484,178,177,-1,484,177,485,-1,485,177,181,-1,485,181,486,-1,486,181,180,-1,486,180,487,-1,487,180,186,-1,487,186,488,-1,488,186,185,-1,488,185,489,-1,489,185,183,-1,489,183,490,-1,490,183,192,-1,490,192,491,-1,491,192,191,-1,491,191,492,-1,492,191,203,-1,492,203,493,-1,493,203,202,-1,493,202,494,-1,494,202,201,-1,494,201,495,-1,495,201,196,-1,495,196,496,-1,496,196,194,-1,496,194,497,-1,497,194,206,-1,497,206,498,-1,498,206,205,-1,498,205,499,-1,499,205,217,-1,499,217,500,-1,500,217,216,-1,500,216,501,-1,501,216,215,-1,501,215,502,-1,502,215,188,-1,502,188,503,-1,503,188,187,-1,503,187,504,-1,504,187,166,-1,504,166,505,-1,505,166,164,-1,505,164,506,-1,506,164,200,-1,506,200,507,-1,507,200,199,-1,163,508,198,-1,198,508,509,-1,198,509,209,-1,209,509,510,-1,209,510,207,-1,207,510,511,-1,207,511,212,-1,212,511,512,-1,212,512,218,-1,218,512,513,-1,218,513,223,-1,223,513,514,-1,223,514,161,-1,161,514,515,-1,161,515,162,-1,162,515,516,-1,162,516,168,-1,168,516,517,-1,168,517,173,-1,173,517,518,-1,173,518,171,-1,171,518,519,-1,171,519,176,-1,176,519,520,-1,176,520,179,-1,179,520,521,-1,179,521,184,-1,184,521,522,-1,184,522,182,-1,182,522,523,-1,182,523,190,-1,190,523,524,-1,190,524,197,-1,197,524,525,-1,197,525,195,-1,195,525,526,-1,195,526,193,-1,193,526,527,-1,193,527,204,-1,204,527,528,-1,204,528,189,-1,189,528,529,-1,189,529,167,-1,167,529,530,-1,167,530,165,-1,165,530,531,-1,165,531,163,-1,163,531,508,-1,521,520,532,-1,532,520,519,-1,532,519,518,-1,524,523,532,-1,532,523,522,-1,532,522,521,-1,527,526,532,-1,532,526,525,-1,532,525,524,-1,530,529,532,-1,532,529,528,-1,532,528,527,-1,509,508,532,-1,532,508,531,-1,532,531,530,-1,512,511,532,-1,532,511,510,-1,532,510,509,-1,515,514,532,-1,532,514,513,-1,532,513,512,-1,518,517,532,-1,532,517,516,-1,532,516,515,-1,
        ]
    }
}
Shape{
    appearance Appearance {
        material  Material {
            diffuseColor 1.0 1.0 1.0
            specularColor 0.8784313725490196 0.8784313725490196 0.8784313725490196
            ambientIntensity 1.0
            transparency 0.0
            shininess 0.5
        }
    }
    geometry IndexedFaceSet {
        ccw TRUE
        solid FALSE
        coord DEF co Coordinate {
            point [
                -1.1811 -1.0236 1.4567, -1.1811 -1.0236 1.3976, -1.1757 -1.0644 1.3976, -1.1757 -1.0644 1.4567, -1.16 -1.1024 1.3976, -1.16 -1.1024 1.4567, -1.135 -1.135 1.3976, -1.135 -1.135 1.4567, -1.1024 -1.16 1.3976, -1.1024 -1.16 1.4567, -1.0644 -1.1757 1.3976, -1.0644 -1.1757 1.4567, -1.0236 -1.1811 1.3976, -1.0236 -1.1811 1.4567
            ]
        }
        coordIndex [
            0,1,2,-1,0,2,3,-1,3,2,4,-1,3,4,5,-1,5,4,6,-1,5,6,7,-1,7,6,8,-1,7,8,9,-1,9,8,10,-1,9,10,11,-1,11,10,12,-1,11,12,13,-1,
        ]
    }
}
Shape{
    appearance Appearance {
        material  Material {
            diffuseColor 1.0 0.6196078431372549 0.592156862745098
            specularColor 0.5019607843137255 0.30980392156862746 0.29411764705882354
            ambientIntensity 0.7302
            transparency 0.0
            shininess 0.5
        }
    }
    geometry IndexedFaceSet {
        ccw TRUE
        solid FALSE
        coord DEF co Coordinate {
            point [
                -1.1757 -1.0644 1.378, -1.1811 -1.0236 1.378, -1.1811 -1.0236 0.5118, -1.1811 -1.0236 0.0394, -1.1757 -1.0644 0.0394, -1.1811 -1.0236 0.4331, -1.16 -1.1024 0.0394, -1.16 -1.1024 1.378, -1.135 -1.135 0.0394, -1.135 -1.135 1.378, -1.1024 -1.16 0.0394, -1.1024 -1.16 1.378, -1.0644 -1.1757 0.0394, -1.0644 -1.1757 1.378, -1.0236 -1.1811 0.0394, -1.0236 -1.1811 1.378
            ]
        }
        coordIndex [
            0,1,2,-1,3,4,5,-1,5,4,2,-1,2,4,0,-1,0,4,6,-1,0,6,7,-1,7,6,8,-1,7,8,9,-1,9,8,10,-1,9,10,11,-1,11,10,12,-1,11,12,13,-1,13,12,14,-1,13,14,15,-1,
        ]
    }
}
Shape{
    appearance Appearance {
        material  Material {
            diffuseColor 1.0 1.0 1.0
            specularColor 0.8784313725490196 0.8784313725490196 0.8784313725490196
            ambientIntensity 1.0
            transparency 0.0
            shininess 0.5
        }
    }
    geometry IndexedFaceSet {
        ccw TRUE
        solid FALSE
        coord DEF co Coordinate {
            point [
                -1.0236 1.1811 1.4567, -1.0236 1.1811 1.3976, -1.0644 1.1757 1.3976, -1.0644 1.1757 1.4567, -1.1024 1.16 1.3976, -1.1024 1.16 1.4567, -1.135 1.135 1.3976, -1.135 1.135 1.4567, -1.16 1.1024 1.3976, -1.16 1.1024 1.4567, -1.1757 1.0644 1.3976, -1.1757 1.0644 1.4567, -1.1811 1.0236 1.3976, -1.1811 1.0236 1.4567
            ]
        }
        coordIndex [
            0,1,2,-1,0,2,3,-1,3,2,4,-1,3,4,5,-1,5,4,6,-1,5,6,7,-1,7,6,8,-1,7,8,9,-1,9,8,10,-1,9,10,11,-1,11,10,12,-1,11,12,13,-1,
        ]
    }
}
Shape{
    appearance Appearance {
        material  Material {
            diffuseColor 1.0 0.6196078431372549 0.592156862745098
            specularColor 0.5019607843137255 0.30980392156862746 0.29411764705882354
            ambientIntensity 0.7302
            transparency 0.0
            shininess 0.5
        }
    }
    geometry IndexedFaceSet {
        ccw TRUE
        solid FALSE
        coord DEF co Coordinate {
            point [
                -1.0236 1.1811 1.378, -1.0236 1.1811 0.0394, -1.0644 1.1757 0.0394, -1.1811 1.0236 0.0394, -1.1811 1.0236 0.4331, -1.1757 1.0644 0.0394, -1.1811 1.0236 0.5118, -1.0644 1.1757 1.378, -1.1024 1.16 0.0394, -1.1024 1.16 1.378, -1.135 1.135 0.0394, -1.135 1.135 1.378, -1.16 1.1024 0.0394, -1.16 1.1024 1.378, -1.1757 1.0644 1.378, -1.1811 1.0236 1.378
            ]
        }
        coordIndex [
            0,1,2,-1,3,4,5,-1,5,4,6,-1,0,2,7,-1,7,2,8,-1,7,8,9,-1,9,8,10,-1,9,10,11,-1,11,10,12,-1,11,12,13,-1,13,12,5,-1,13,5,14,-1,14,5,6,-1,14,6,15,-1,
        ]
    }
}
Shape{
    appearance Appearance {
        material  Material {
            diffuseColor 1.0 1.0 1.0
            specularColor 0.8784313725490196 0.8784313725490196 0.8784313725490196
            ambientIntensity 1.0
            transparency 0.0
            shininess 0.5
        }
    }
    geometry IndexedFaceSet {
        ccw TRUE
        solid FALSE
        coord DEF co Coordinate {
            point [
                1.1811 1.0236 1.4567, 1.1811 1.0236 1.3976, 1.1757 1.0644 1.3976, 1.1757 1.0644 1.4567, 1.16 1.1024 1.3976, 1.16 1.1024 1.4567, 1.135 1.135 1.3976, 1.135 1.135 1.4567, 1.1024 1.16 1.3976, 1.1024 1.16 1.4567, 1.0644 1.1757 1.3976, 1.0644 1.1757 1.4567, 1.0236 1.1811 1.3976, 1.0236 1.1811 1.4567
            ]
        }
        coordIndex [
            0,1,2,-1,0,2,3,-1,3,2,4,-1,3,4,5,-1,5,4,6,-1,5,6,7,-1,7,6,8,-1,7,8,9,-1,9,8,10,-1,9,10,11,-1,11,10,12,-1,11,12,13,-1,
        ]
    }
}
Shape{
    appearance Appearance {
        material  Material {
            diffuseColor 1.0 0.6196078431372549 0.592156862745098
            specularColor 0.5019607843137255 0.30980392156862746 0.29411764705882354
            ambientIntensity 0.7302
            transparency 0.0
            shininess 0.5
        }
    }
    geometry IndexedFaceSet {
        ccw TRUE
        solid FALSE
        coord DEF co Coordinate {
            point [
                1.1757 1.0644 1.378, 1.1811 1.0236 1.378, 1.1811 1.0236 0.5118, 1.1811 1.0236 0.0394, 1.1757 1.0644 0.0394, 1.1811 1.0236 0.4331, 1.16 1.1024 0.0394, 1.16 1.1024 1.378, 1.135 1.135 0.0394, 1.135 1.135 1.378, 1.1024 1.16 0.0394, 1.1024 1.16 1.378, 1.0644 1.1757 0.0394, 1.0644 1.1757 1.378, 1.0236 1.1811 0.0394, 1.0236 1.1811 1.378
            ]
        }
        coordIndex [
            0,1,2,-1,3,4,5,-1,5,4,2,-1,2,4,0,-1,0,4,6,-1,0,6,7,-1,7,6,8,-1,7,8,9,-1,9,8,10,-1,9,10,11,-1,11,10,12,-1,11,12,13,-1,13,12,14,-1,13,14,15,-1,
        ]
    }
}
Shape{
    appearance Appearance {
        material  Material {
            diffuseColor 1.0 1.0 1.0
            specularColor 0.8784313725490196 0.8784313725490196 0.8784313725490196
            ambientIntensity 1.0
            transparency 0.0
            shininess 0.5
        }
    }
    geometry IndexedFaceSet {
        ccw TRUE
        solid FALSE
        coord DEF co Coordinate {
            point [
                1.0236 -1.1811 1.4567, 1.0236 -1.1811 1.3976, 1.0644 -1.1757 1.3976, 1.0644 -1.1757 1.4567, 1.1024 -1.16 1.3976, 1.1024 -1.16 1.4567, 1.135 -1.135 1.3976, 1.135 -1.135 1.4567, 1.16 -1.1024 1.3976, 1.16 -1.1024 1.4567, 1.1757 -1.0644 1.3976, 1.1757 -1.0644 1.4567, 1.1811 -1.0236 1.3976, 1.1811 -1.0236 1.4567
            ]
        }
        coordIndex [
            0,1,2,-1,0,2,3,-1,3,2,4,-1,3,4,5,-1,5,4,6,-1,5,6,7,-1,7,6,8,-1,7,8,9,-1,9,8,10,-1,9,10,11,-1,11,10,12,-1,11,12,13,-1,
        ]
    }
}
Shape{
    appearance Appearance {
        material  Material {
            diffuseColor 1.0 0.6196078431372549 0.592156862745098
            specularColor 0.5019607843137255 0.30980392156862746 0.29411764705882354
            ambientIntensity 0.7302
            transparency 0.0
            shininess 0.5
        }
    }
    geometry IndexedFaceSet {
        ccw TRUE
        solid FALSE
        coord DEF co Coordinate {
            point [
                1.0236 -1.1811 1.378, 1.0236 -1.1811 0.0394, 1.0644 -1.1757 0.0394, 1.1811 -1.0236 0.0394, 1.1811 -1.0236 0.4331, 1.1757 -1.0644 0.0394, 1.1811 -1.0236 0.5118, 1.0644 -1.1757 1.378, 1.1024 -1.16 0.0394, 1.1024 -1.16 1.378, 1.135 -1.135 0.0394, 1.135 -1.135 1.378, 1.16 -1.1024 0.0394, 1.16 -1.1024 1.378, 1.1757 -1.0644 1.378, 1.1811 -1.0236 1.378
            ]
        }
        coordIndex [
            0,1,2,-1,3,4,5,-1,5,4,6,-1,0,2,7,-1,7,2,8,-1,7,8,9,-1,9,8,10,-1,9,10,11,-1,11,10,12,-1,11,12,13,-1,13,12,5,-1,13,5,14,-1,14,5,6,-1,14,6,15,-1,
        ]
    }
}
Shape{
    appearance Appearance {
        material  Material {
            diffuseColor 1.0 1.0 1.0
            specularColor 0.8784313725490196 0.8784313725490196 0.8784313725490196
            ambientIntensity 1.0
            transparency 0.0
            shininess 0.5
        }
    }
    geometry IndexedFaceSet {
        ccw TRUE
        solid FALSE
        coord DEF co Coordinate {
            point [
                -1.1339 0.1476 1.3976, -1.1339 0.1476 1.4567, -1.1811 0.1476 1.3976, -1.1811 0.1476 1.4567, -1.1339 -0.1476 1.4567, -1.1339 -0.1476 1.3976, -1.1811 -0.1476 1.4567, -1.1811 -0.1476 1.3976, -1.1339 0.0 1.3976, -1.1339 0.0 1.4567, 1.1339 0.1476 1.4567, 1.1339 0.1476 1.3976, 1.1811 0.1476 1.4567, 1.1811 0.1476 1.3976, 1.1339 0.0 1.3976, 1.1339 0.0 1.4567, 1.1339 -0.1476 1.3976, 1.1339 -0.1476 1.4567, 1.1811 -0.1476 1.3976, 1.1811 -0.1476 1.4567, 1.9685 1.0236 0.0787, 1.9685 1.0236 0.0, 1.6752 1.0236 0.0787, 1.6226 1.0236 0.0, 1.6476 1.0236 0.082, 1.595 1.0236 0.0033, 1.6216 1.0236 0.0916, 1.5689 1.0236 0.0129, 1.5985 1.0236 0.1071, 1.1811 1.0236 0.4331, 1.1811 1.0236 0.5118, 1.233 1.0236 0.4331, 1.2857 1.0236 0.5118, 1.279 1.0236 0.4276, 1.3316 1.0236 0.5064, 1.3224 1.0236 0.4116, 1.3751 1.0236 0.4903, 1.3609 1.0236 0.3858, 1.4676 1.0236 0.3901, 1.5661 1.0236 0.1518, 1.5134 1.0236 0.073, 1.5796 1.0236 0.1275, 1.527 1.0236 0.0488, 1.5458 1.0236 0.0283, 1.4136 1.0236 0.4646, 1.445 1.0236 0.4305, 1.3923 1.0236 0.3518, 1.4149 1.0236 0.3114, 1.6226 -1.0236 0.0, 1.9685 -1.0236 0.0, 1.9685 -1.0236 0.0787, 1.2857 -1.0236 0.5118, 1.1811 -1.0236 0.5118, 1.1811 -1.0236 0.4331, 1.6752 -1.0236 0.0787, 1.6476 -1.0236 0.082, 1.595 -1.0236 0.0033, 1.6216 -1.0236 0.0916, 1.233 -1.0236 0.4331, 1.279 -1.0236 0.4276, 1.3316 -1.0236 0.5064, 1.3224 -1.0236 0.4116, 1.3751 -1.0236 0.4903, 1.4136 -1.0236 0.4646, 1.3609 -1.0236 0.3858, 1.445 -1.0236 0.4305, 1.3923 -1.0236 0.3518, 1.4676 -1.0236 0.3901, 1.4149 -1.0236 0.3114, 1.5661 -1.0236 0.1518, 1.5134 -1.0236 0.073, 1.5796 -1.0236 0.1275, 1.527 -1.0236 0.0488, 1.5985 -1.0236 0.1071, 1.5458 -1.0236 0.0283, 1.5689 -1.0236 0.0129, 1.9685 -0.748 0.0787, 1.9685 -0.748 0.0, 1.6752 -0.748 0.0787, 1.6226 -0.748 0.0, 1.6476 -0.748 0.082, 1.595 -0.748 0.0033, 1.6216 -0.748 0.0916, 1.5689 -0.748 0.0129, 1.5985 -0.748 0.1071, 1.1811 -0.748 0.4331, 1.1811 -0.748 0.5118, 1.233 -0.748 0.4331, 1.2857 -0.748 0.5118, 1.279 -0.748 0.4276, 1.3316 -0.748 0.5064, 1.3224 -0.748 0.4116, 1.3751 -0.748 0.4903, 1.3609 -0.748 0.3858, 1.4676 -0.748 0.3901, 1.5661 -0.748 0.1518, 1.5134 -0.748 0.073, 1.5796 -0.748 0.1275, 1.527 -0.748 0.0488, 1.5458 -0.748 0.0283, 1.4136 -0.748 0.4646, 1.445 -0.748 0.4305, 1.3923 -0.748 0.3518, 1.4149 -0.748 0.3114, 1.6226 0.748 0.0, 1.9685 0.748 0.0, 1.9685 0.748 0.0787, 1.2857 0.748 0.5118, 1.1811 0.748 0.5118, 1.1811 0.748 0.4331, 1.6752 0.748 0.0787, 1.6476 0.748 0.082, 1.595 0.748 0.0033, 1.6216 0.748 0.0916, 1.233 0.748 0.4331, 1.279 0.748 0.4276, 1.3316 0.748 0.5064, 1.3224 0.748 0.4116, 1.3751 0.748 0.4903, 1.4136 0.748 0.4646, 1.3609 0.748 0.3858, 1.445 0.748 0.4305, 1.3923 0.748 0.3518, 1.4676 0.748 0.3901, 1.4149 0.748 0.3114, 1.5661 0.748 0.1518, 1.5134 0.748 0.073, 1.5796 0.748 0.1275, 1.527 0.748 0.0488, 1.5985 0.748 0.1071, 1.5458 0.748 0.0283, 1.5689 0.748 0.0129, -1.6226 1.0236 0.0, -1.9685 1.0236 0.0, -1.9685 1.0236 0.0787, -1.2857 1.0236 0.5118, -1.1811 1.0236 0.5118, -1.1811 1.0236 0.4331, -1.6752 1.0236 0.0787, -1.6476 1.0236 0.082, -1.595 1.0236 0.0033, -1.6216 1.0236 0.0916, -1.233 1.0236 0.4331, -1.279 1.0236 0.4276, -1.3316 1.0236 0.5064, -1.3224 1.0236 0.4116, -1.3751 1.0236 0.4903, -1.4136 1.0236 0.4646, -1.3609 1.0236 0.3858, -1.445 1.0236 0.4305, -1.3923 1.0236 0.3518, -1.4676 1.0236 0.3901, -1.4149 1.0236 0.3114, -1.5661 1.0236 0.1518, -1.5134 1.0236 0.073, -1.5796 1.0236 0.1275, -1.527 1.0236 0.0488, -1.5985 1.0236 0.1071, -1.5458 1.0236 0.0283, -1.5689 1.0236 0.0129, -1.1811 -1.0236 0.4331, -1.1811 -1.0236 0.5118, -1.233 -1.0236 0.4331, -1.2857 -1.0236 0.5118, -1.279 -1.0236 0.4276, -1.3316 -1.0236 0.5064, -1.3224 -1.0236 0.4116, -1.3751 -1.0236 0.4903, -1.3609 -1.0236 0.3858, -1.9685 -1.0236 0.0787, -1.9685 -1.0236 0.0, -1.6752 -1.0236 0.0787, -1.6226 -1.0236 0.0, -1.6476 -1.0236 0.082, -1.595 -1.0236 0.0033, -1.6216 -1.0236 0.0916, -1.5689 -1.0236 0.0129, -1.5985 -1.0236 0.1071, -1.4136 -1.0236 0.4646, -1.445 -1.0236 0.4305, -1.3923 -1.0236 0.3518, -1.4676 -1.0236 0.3901, -1.4149 -1.0236 0.3114, -1.5134 -1.0236 0.073, -1.5661 -1.0236 0.1518, -1.5796 -1.0236 0.1275, -1.527 -1.0236 0.0488, -1.5458 -1.0236 0.0283, -1.6226 -0.748 0.0, -1.9685 -0.748 0.0, -1.9685 -0.748 0.0787, -1.2857 -0.748 0.5118, -1.1811 -0.748 0.5118, -1.1811 -0.748 0.4331, -1.6752 -0.748 0.0787, -1.6476 -0.748 0.082, -1.595 -0.748 0.0033, -1.6216 -0.748 0.0916, -1.233 -0.748 0.4331, -1.279 -0.748 0.4276, -1.3316 -0.748 0.5064, -1.3224 -0.748 0.4116, -1.3751 -0.748 0.4903, -1.4136 -0.748 0.4646, -1.3609 -0.748 0.3858, -1.445 -0.748 0.4305, -1.3923 -0.748 0.3518, -1.4676 -0.748 0.3901, -1.4149 -0.748 0.3114, -1.5661 -0.748 0.1518, -1.5134 -0.748 0.073, -1.5796 -0.748 0.1275, -1.527 -0.748 0.0488, -1.5985 -0.748 0.1071, -1.5458 -0.748 0.0283, -1.5689 -0.748 0.0129, -1.1811 0.748 0.4331, -1.1811 0.748 0.5118, -1.233 0.748 0.4331, -1.2857 0.748 0.5118, -1.279 0.748 0.4276, -1.3316 0.748 0.5064, -1.3224 0.748 0.4116, -1.3751 0.748 0.4903, -1.3609 0.748 0.3858, -1.9685 0.748 0.0787, -1.9685 0.748 0.0, -1.6752 0.748 0.0787, -1.6226 0.748 0.0, -1.6476 0.748 0.082, -1.595 0.748 0.0033, -1.6216 0.748 0.0916, -1.5689 0.748 0.0129, -1.5985 0.748 0.1071, -1.4136 0.748 0.4646, -1.445 0.748 0.4305, -1.3923 0.748 0.3518, -1.4676 0.748 0.3901, -1.4149 0.748 0.3114, -1.5134 0.748 0.073, -1.5661 0.748 0.1518, -1.5796 0.748 0.1275, -1.527 0.748 0.0488, -1.5458 0.748 0.0283
            ]
        }
        coordIndex [
            0,1,2,-1,2,1,3,-1,4,5,6,-1,6,5,7,-1,5,4,8,-1,8,4,9,-1,8,9,0,-1,0,9,1,-1,10,11,12,-1,12,11,13,-1,11,10,14,-1,14,10,15,-1,14,15,16,-1,16,15,17,-1,16,17,18,-1,18,17,19,-1,20,21,22,-1,22,21,23,-1,22,23,24,-1,24,23,25,-1,24,25,26,-1,26,25,27,-1,26,27,28,-1,29,30,31,-1,31,30,32,-1,31,32,33,-1,33,32,34,-1,33,34,35,-1,35,34,36,-1,35,36,37,-1,38,39,40,-1,40,39,41,-1,40,41,42,-1,42,41,28,-1,42,28,43,-1,43,28,27,-1,36,44,37,-1,37,44,45,-1,37,45,46,-1,46,45,38,-1,46,38,47,-1,47,38,40,-1,48,49,50,-1,51,52,53,-1,50,54,48,-1,48,54,55,-1,48,55,56,-1,56,55,57,-1,53,58,51,-1,51,58,59,-1,51,59,60,-1,60,59,61,-1,60,61,62,-1,62,61,63,-1,63,61,64,-1,63,64,65,-1,65,64,66,-1,65,66,67,-1,67,66,68,-1,67,68,69,-1,69,68,70,-1,69,70,71,-1,71,70,72,-1,71,72,73,-1,73,72,74,-1,73,74,57,-1,57,74,75,-1,57,75,56,-1,76,77,78,-1,78,77,79,-1,78,79,80,-1,80,79,81,-1,80,81,82,-1,82,81,83,-1,82,83,84,-1,85,86,87,-1,87,86,88,-1,87,88,89,-1,89,88,90,-1,89,90,91,-1,91,90,92,-1,91,92,93,-1,94,95,96,-1,96,95,97,-1,96,97,98,-1,98,97,84,-1,98,84,99,-1,99,84,83,-1,92,100,93,-1,93,100,101,-1,93,101,102,-1,102,101,94,-1,102,94,103,-1,103,94,96,-1,104,105,106,-1,107,108,109,-1,106,110,104,-1,104,110,111,-1,104,111,112,-1,112,111,113,-1,109,114,107,-1,107,114,115,-1,107,115,116,-1,116,115,117,-1,116,117,118,-1,118,117,119,-1,119,117,120,-1,119,120,121,-1,121,120,122,-1,121,122,123,-1,123,122,124,-1,123,124,125,-1,125,124,126,-1,125,126,127,-1,127,126,128,-1,127,128,129,-1,129,128,130,-1,129,130,113,-1,113,130,131,-1,113,131,112,-1,132,133,134,-1,135,136,137,-1,134,138,132,-1,132,138,139,-1,132,139,140,-1,140,139,141,-1,137,142,135,-1,135,142,143,-1,135,143,144,-1,144,143,145,-1,144,145,146,-1,146,145,147,-1,147,145,148,-1,147,148,149,-1,149,148,150,-1,149,150,151,-1,151,150,152,-1,151,152,153,-1,153,152,154,-1,153,154,155,-1,155,154,156,-1,155,156,157,-1,157,156,158,-1,157,158,141,-1,141,158,159,-1,141,159,140,-1,160,161,162,-1,162,161,163,-1,162,163,164,-1,164,163,165,-1,164,165,166,-1,166,165,167,-1,166,167,168,-1,169,170,171,-1,171,170,172,-1,171,172,173,-1,173,172,174,-1,173,174,175,-1,175,174,176,-1,175,176,177,-1,167,178,168,-1,168,178,179,-1,168,179,180,-1,180,179,181,-1,180,181,182,-1,182,181,183,-1,181,184,183,-1,183,184,185,-1,183,185,186,-1,186,185,177,-1,186,177,187,-1,187,177,176,-1,188,189,190,-1,191,192,193,-1,190,194,188,-1,188,194,195,-1,188,195,196,-1,196,195,197,-1,193,198,191,-1,191,198,199,-1,191,199,200,-1,200,199,201,-1,200,201,202,-1,202,201,203,-1,203,201,204,-1,203,204,205,-1,205,204,206,-1,205,206,207,-1,207,206,208,-1,207,208,209,-1,209,208,210,-1,209,210,211,-1,211,210,212,-1,211,212,213,-1,213,212,214,-1,213,214,197,-1,197,214,215,-1,197,215,196,-1,216,217,218,-1,218,217,219,-1,218,219,220,-1,220,219,221,-1,220,221,222,-1,222,221,223,-1,222,223,224,-1,225,226,227,-1,227,226,228,-1,227,228,229,-1,229,228,230,-1,229,230,231,-1,231,230,232,-1,231,232,233,-1,223,234,224,-1,224,234,235,-1,224,235,236,-1,236,235,237,-1,236,237,238,-1,238,237,239,-1,237,240,239,-1,239,240,241,-1,239,241,242,-1,242,241,233,-1,242,233,243,-1,243,233,232,-1,114,31,115,-1,115,31,33,-1,115,33,117,-1,117,33,35,-1,117,35,120,-1,120,35,37,-1,120,37,122,-1,122,37,46,-1,122,46,124,-1,124,46,47,-1,58,87,59,-1,59,87,89,-1,59,89,61,-1,61,89,91,-1,61,91,64,-1,64,91,93,-1,64,93,66,-1,66,93,102,-1,66,102,68,-1,68,102,103,-1,238,152,236,-1,236,152,150,-1,236,150,224,-1,224,150,148,-1,224,148,222,-1,222,148,145,-1,222,145,220,-1,220,145,143,-1,220,143,218,-1,218,143,142,-1,182,208,180,-1,180,208,206,-1,180,206,168,-1,168,206,204,-1,168,204,166,-1,166,204,201,-1,166,201,164,-1,164,201,199,-1,164,199,162,-1,162,199,198,-1,32,107,116,-1,32,116,34,-1,34,116,118,-1,34,118,36,-1,36,118,119,-1,36,119,44,-1,44,119,121,-1,44,121,45,-1,45,121,123,-1,45,123,38,-1,88,51,60,-1,88,60,90,-1,90,60,62,-1,90,62,92,-1,92,62,63,-1,92,63,100,-1,100,63,65,-1,100,65,101,-1,101,65,67,-1,101,67,94,-1,151,237,235,-1,151,235,149,-1,149,235,234,-1,149,234,147,-1,147,234,223,-1,147,223,146,-1,146,223,221,-1,146,221,144,-1,144,221,219,-1,144,219,135,-1,207,181,179,-1,207,179,205,-1,205,179,178,-1,205,178,203,-1,203,178,167,-1,203,167,202,-1,202,167,165,-1,202,165,200,-1,200,165,163,-1,200,163,191,-1,110,22,111,-1,111,22,24,-1,111,24,113,-1,113,24,26,-1,113,26,129,-1,129,26,28,-1,129,28,127,-1,127,28,41,-1,127,41,125,-1,125,41,39,-1,54,78,55,-1,55,78,80,-1,55,80,57,-1,57,80,82,-1,57,82,73,-1,73,82,84,-1,73,84,71,-1,71,84,97,-1,71,97,69,-1,69,97,95,-1,240,153,241,-1,241,153,155,-1,241,155,233,-1,233,155,157,-1,233,157,231,-1,231,157,141,-1,231,141,229,-1,229,141,139,-1,229,139,227,-1,227,139,138,-1,184,209,185,-1,185,209,211,-1,185,211,177,-1,177,211,213,-1,177,213,175,-1,175,213,197,-1,175,197,173,-1,173,197,195,-1,173,195,171,-1,171,195,194,-1,23,104,112,-1,23,112,25,-1,25,112,131,-1,25,131,27,-1,27,131,130,-1,27,130,43,-1,43,130,128,-1,43,128,42,-1,42,128,126,-1,42,126,40,-1,79,48,56,-1,79,56,81,-1,81,56,75,-1,81,75,83,-1,83,75,74,-1,83,74,99,-1,99,74,72,-1,99,72,98,-1,98,72,70,-1,98,70,96,-1,154,239,242,-1,154,242,156,-1,156,242,243,-1,156,243,158,-1,158,243,232,-1,158,232,159,-1,159,232,230,-1,159,230,140,-1,140,230,228,-1,140,228,132,-1,210,183,186,-1,210,186,212,-1,212,186,187,-1,212,187,214,-1,214,187,176,-1,214,176,215,-1,215,176,174,-1,215,174,196,-1,196,174,172,-1,196,172,188,-1,
        ]
    }
}
Shape{
    appearance Appearance {
        material  Material {
            diffuseColor 1.0 0.6196078431372549 0.592156862745098
            specularColor 0.5019607843137255 0.30980392156862746 0.29411764705882354
            ambientIntensity 0.7302
            transparency 0.0
            shininess 0.5
        }
    }
    geometry IndexedFaceSet {
        ccw TRUE
        solid FALSE
        coord DEF co Coordinate {
            point [
                0.4589 -0.2953 0.1181, 0.4589 -0.2953 0.0394, 0.4589 -1.1811 0.1181, 0.4589 -1.1811 0.0394, -0.4589 -1.1811 0.1181, -0.4589 -1.1811 0.0394, -0.4589 -0.2953 0.1181, -0.4589 -0.2953 0.0394, -0.4297 0.2953 0.1561, -0.4196 0.2953 0.1575, -0.8726 0.2953 0.1575, -0.4576 0.2953 0.1283, -0.4537 0.2953 0.1378, -0.8726 0.2953 0.0394, -0.4589 0.2953 0.0394, -0.4589 0.2953 0.1181, -0.4474 0.2953 0.1459, -0.4392 0.2953 0.1522, -0.8726 -0.2953 0.0394, -0.8726 -0.2953 0.1575, -0.4196 -0.2953 0.1575, -0.4297 -0.2953 0.1561, -0.4474 -0.2953 0.1459, -0.4537 -0.2953 0.1378, -0.4576 -0.2953 0.1283, -0.4392 -0.2953 0.1522, -0.9907 -0.1772 0.0394, -0.9907 0.1772 0.0394, -0.9907 -0.1772 0.1575, -0.9907 0.1772 0.1575, 0.8726 0.2953 0.1575, 0.4196 0.2953 0.1575, 0.4297 0.2953 0.1561, 0.4474 0.2953 0.1459, 0.4537 0.2953 0.1378, 0.8726 0.2953 0.0394, 0.4392 0.2953 0.1522, 0.4576 0.2953 0.1283, 0.4589 0.2953 0.1181, 0.4589 0.2953 0.0394, 0.4297 -0.2953 0.1561, 0.4196 -0.2953 0.1575, 0.8726 -0.2953 0.1575, 0.4576 -0.2953 0.1283, 0.4537 -0.2953 0.1378, 0.4474 -0.2953 0.1459, 0.4392 -0.2953 0.1522, 0.8726 -0.2953 0.0394, 0.9907 -0.1772 0.1575, 0.9907 0.1772 0.1575, 0.9907 -0.1772 0.0394, 0.9907 0.1772 0.0394, -0.3167 0.27 0.5512, -0.3167 -0.27 0.5512, -0.3167 0.27 0.1575, -0.3167 -0.27 0.1575, 0.3167 -0.27 0.5512, 0.3167 -0.27 0.1575, 0.3167 0.27 0.5512, 0.3167 0.27 0.1575, 0.912 -0.2559 0.2756, 0.912 0.2559 0.2756, 0.912 -0.2559 0.1575, 0.912 0.2559 0.1575, 0.5183 0.2559 0.2756, 0.5183 0.2559 0.1575, 0.5183 -0.2559 0.2756, 0.5183 -0.2559 0.1575, -0.5183 0.2559 0.2756, -0.912 0.2559 0.2756, -0.5183 0.2559 0.1575, -0.912 0.2559 0.1575, -0.912 -0.2559 0.2756, -0.912 -0.2559 0.1575, -0.5183 -0.2559 0.2756, -0.5183 -0.2559 0.1575, -0.9867 -0.2077 0.0394, -0.9867 -0.2077 0.1575, -0.9749 -0.2362 0.0394, -0.9749 -0.2362 0.1575, -0.9561 -0.2607 0.0394, -0.9561 -0.2607 0.1575, -0.9317 -0.2795 0.0394, -0.9317 -0.2795 0.1575, -0.9032 -0.2913 0.0394, -0.9032 -0.2913 0.1575, -0.9032 0.2913 0.0394, -0.9032 0.2913 0.1575, -0.9317 0.2795 0.0394, -0.9317 0.2795 0.1575, -0.9561 0.2607 0.0394, -0.9561 0.2607 0.1575, -0.9749 0.2362 0.0394, -0.9749 0.2362 0.1575, -0.9867 0.2077 0.0394, -0.9867 0.2077 0.1575, 0.9032 -0.2913 0.0394, 0.9032 -0.2913 0.1575, 0.9317 -0.2795 0.0394, 0.9317 -0.2795 0.1575, 0.9561 -0.2607 0.0394, 0.9561 -0.2607 0.1575, 0.9749 -0.2362 0.0394, 0.9749 -0.2362 0.1575, 0.9867 -0.2077 0.0394, 0.9867 -0.2077 0.1575, 0.9867 0.2077 0.0394, 0.9867 0.2077 0.1575, 0.9749 0.2362 0.0394, 0.9749 0.2362 0.1575, 0.9561 0.2607 0.0394, 0.9561 0.2607 0.1575, 0.9317 0.2795 0.0394, 0.9317 0.2795 0.1575, 0.9032 0.2913 0.0394, 0.9032 0.2913 0.1575
            ]
        }
        coordIndex [
            0,1,2,-1,2,1,3,-1,4,5,6,-1,6,5,7,-1,8,9,10,-1,10,11,12,-1,13,14,10,-1,10,14,15,-1,10,15,11,-1,12,16,10,-1,10,16,17,-1,10,17,8,-1,6,7,18,-1,19,20,21,-1,22,23,18,-1,18,23,24,-1,18,24,6,-1,19,21,18,-1,18,21,25,-1,18,25,22,-1,26,27,28,-1,28,27,29,-1,30,31,32,-1,33,34,35,-1,30,32,35,-1,35,32,36,-1,35,36,33,-1,34,37,35,-1,35,37,38,-1,35,38,39,-1,40,41,42,-1,43,44,42,-1,44,45,42,-1,42,45,46,-1,42,46,40,-1,47,1,42,-1,42,1,0,-1,42,0,43,-1,48,49,50,-1,50,49,51,-1,52,53,54,-1,54,53,55,-1,53,56,55,-1,55,56,57,-1,56,58,57,-1,57,58,59,-1,58,52,59,-1,59,52,54,-1,58,56,52,-1,52,56,53,-1,60,61,62,-1,62,61,63,-1,61,64,63,-1,63,64,65,-1,64,66,65,-1,65,66,67,-1,66,60,67,-1,67,60,62,-1,66,64,60,-1,60,64,61,-1,68,69,70,-1,70,69,71,-1,69,72,71,-1,71,72,73,-1,72,74,73,-1,73,74,75,-1,74,68,75,-1,75,68,70,-1,74,72,68,-1,68,72,69,-1,26,28,76,-1,76,28,77,-1,76,77,78,-1,78,77,79,-1,78,79,80,-1,80,79,81,-1,80,81,82,-1,82,81,83,-1,82,83,84,-1,84,83,85,-1,84,85,18,-1,18,85,19,-1,13,10,86,-1,86,10,87,-1,86,87,88,-1,88,87,89,-1,88,89,90,-1,90,89,91,-1,90,91,92,-1,92,91,93,-1,92,93,94,-1,94,93,95,-1,94,95,27,-1,27,95,29,-1,47,42,96,-1,96,42,97,-1,96,97,98,-1,98,97,99,-1,98,99,100,-1,100,99,101,-1,100,101,102,-1,102,101,103,-1,102,103,104,-1,104,103,105,-1,104,105,50,-1,50,105,48,-1,51,49,106,-1,106,49,107,-1,106,107,108,-1,108,107,109,-1,108,109,110,-1,110,109,111,-1,110,111,112,-1,112,111,113,-1,112,113,114,-1,114,113,115,-1,114,115,35,-1,35,115,30,-1,
        ]
    }
}
Shape{
    appearance Appearance {
        material  Material {
            diffuseColor 1.0 1.0 1.0
            specularColor 0.8784313725490196 0.8784313725490196 0.8784313725490196
            ambientIntensity 1.0
            transparency 0.0
            shininess 0.5
        }
    }
    geometry IndexedFaceSet {
        ccw TRUE
        solid FALSE
        coord DEF co Coordinate {
            point [
                0.2671 0.5899 0.1571, 0.2671 0.5683 0.1571, 0.2671 0.5899 0.1575, 0.2671 0.5683 0.1575, 0.3415 0.5899 0.1571, 0.3415 0.5899 0.1575, 0.3415 0.7651 0.1571, 0.3415 0.7651 0.1575, 0.3679 0.7651 0.1571, 0.3679 0.7651 0.1575, 0.3679 0.5683 0.1571, 0.3679 0.5683 0.1575, 0.1038 0.6001 0.1571, 0.1038 0.5785 0.1571, 0.1038 0.6001 0.1575, 0.1038 0.5785 0.1575, 0.1073 0.5981 0.1575, 0.1073 0.5981 0.1571, 0.1282 0.5904 0.1575, 0.1282 0.5904 0.1571, 0.1543 0.5875 0.1575, 0.1543 0.5875 0.1571, 0.1727 0.5895 0.1575, 0.1727 0.5895 0.1571, 0.187 0.5948 0.1575, 0.187 0.5948 0.1571, 0.1991 0.603 0.1575, 0.1991 0.603 0.1571, 0.2084 0.6127 0.1575, 0.2084 0.6127 0.1571, 0.2165 0.6264 0.1575, 0.2165 0.6264 0.1571, 0.2219 0.6433 0.1575, 0.2219 0.6433 0.1571, 0.2239 0.6646 0.1575, 0.2239 0.6646 0.1571, 0.2229 0.6799 0.1575, 0.2229 0.6799 0.1571, 0.2177 0.701 0.1575, 0.2177 0.701 0.1571, 0.2095 0.7162 0.1575, 0.2095 0.7162 0.1571, 0.1977 0.7293 0.1575, 0.1977 0.7293 0.1571, 0.184 0.7384 0.1575, 0.184 0.7384 0.1571, 0.1693 0.7437 0.1575, 0.1693 0.7437 0.1571, 0.1499 0.7459 0.1575, 0.1499 0.7459 0.1571, 0.126 0.7428 0.1575, 0.126 0.7428 0.1571, 0.1038 0.7333 0.1575, 0.1038 0.7333 0.1571, 0.1038 0.7597 0.1571, 0.1038 0.7597 0.1575, 0.1501 0.7675 0.1575, 0.1501 0.7675 0.1571, 0.1327 0.7663 0.1575, 0.1266 0.7659 0.1571, 0.1266 0.7659 0.1575, 0.1699 0.7659 0.1571, 0.1648 0.7663 0.1575, 0.1699 0.7659 0.1575, 0.1919 0.7595 0.1575, 0.1919 0.7595 0.1571, 0.2106 0.7488 0.1575, 0.2106 0.7488 0.1571, 0.2283 0.7317 0.1575, 0.2283 0.7317 0.1571, 0.2399 0.7133 0.1575, 0.2399 0.7133 0.1571, 0.2474 0.691 0.1575, 0.2474 0.691 0.1571, 0.2503 0.663 0.1575, 0.2503 0.663 0.1571, 0.158 0.5659 0.1575, 0.158 0.5659 0.1571, 0.1696 0.5671 0.1575, 0.1822 0.5684 0.1571, 0.1822 0.5684 0.1575, 0.2013 0.575 0.1571, 0.2013 0.575 0.1575, 0.2172 0.5851 0.1571, 0.2172 0.5851 0.1575, 0.2319 0.6006 0.1571, 0.2319 0.6006 0.1575, 0.2424 0.6194 0.1571, 0.2424 0.6194 0.1575, 0.2484 0.6402 0.1571, 0.2484 0.6402 0.1575, 0.1248 0.5699 0.1571, 0.1526 0.566 0.1575, 0.1526 0.566 0.1571, 0.1447 0.5671 0.1575, 0.1248 0.5699 0.1575, -0.0402 0.5899 0.1571, -0.0402 0.5683 0.1571, -0.0402 0.5899 0.1575, -0.0402 0.5683 0.1575, 0.039 0.5899 0.1571, 0.039 0.5899 0.1575, 0.039 0.6571 0.1571, 0.039 0.6571 0.1575, -0.0306 0.6571 0.1571, -0.0306 0.6571 0.1575, -0.0306 0.6787 0.1571, -0.0306 0.6787 0.1575, 0.039 0.6787 0.1571, 0.039 0.6787 0.1575, 0.039 0.7435 0.1571, 0.039 0.7435 0.1575, -0.0354 0.7435 0.1571, -0.0354 0.7435 0.1575, -0.0354 0.7651 0.1571, -0.0354 0.7651 0.1575, 0.0654 0.7651 0.1571, 0.0654 0.7651 0.1575, 0.0654 0.5683 0.1571, 0.0654 0.5683 0.1575, -0.2303 0.7071 0.1571, -0.2212 0.724 0.1571, -0.1976 0.7159 0.1571, -0.2073 0.7395 0.1571, -0.188 0.7261 0.1571, -0.2071 0.7396 0.1571, -0.1736 0.7354 0.1571, -0.1856 0.754 0.1571, -0.1574 0.741 0.1571, -0.1626 0.7621 0.1571, -0.1341 0.7435 0.1571, -0.1342 0.7651 0.1571, -0.105 0.7435 0.1571, -0.0786 0.7651 0.1571, -0.105 0.5899 0.1571, -0.0786 0.5683 0.1571, -0.133 0.5899 0.1571, -0.1322 0.5683 0.1571, -0.1537 0.5918 0.1571, -0.1565 0.5704 0.1571, -0.1703 0.597 0.1571, -0.1792 0.5772 0.1571, -0.1837 0.605 0.1571, -0.1997 0.5891 0.1571, -0.1948 0.6159 0.1571, -0.2159 0.6046 0.1571, -0.2031 0.6294 0.1571, -0.2272 0.6222 0.1571, -0.2089 0.6479 0.1571, -0.2343 0.6428 0.1571, -0.2107 0.6686 0.1571, -0.2371 0.6692 0.1571, -0.209 0.6882 0.1571, -0.2356 0.6877 0.1571, -0.2044 0.7038 0.1571, -0.1322 0.5683 0.1575, -0.0786 0.5683 0.1575, -0.1565 0.5704 0.1575, -0.1792 0.5772 0.1575, -0.1997 0.5891 0.1575, -0.2159 0.6046 0.1575, -0.2272 0.6222 0.1575, -0.2343 0.6428 0.1575, -0.2371 0.6692 0.1575, -0.2356 0.6877 0.1575, -0.2303 0.7071 0.1575, -0.2212 0.724 0.1575, -0.2073 0.7395 0.1575, -0.2071 0.7396 0.1575, -0.1856 0.754 0.1575, -0.1626 0.7621 0.1575, -0.1342 0.7651 0.1575, -0.0786 0.7651 0.1575, -0.1341 0.7435 0.1575, -0.105 0.7435 0.1575, -0.105 0.5899 0.1575, -0.133 0.5899 0.1575, -0.2107 0.6686 0.1575, -0.2089 0.6479 0.1575, -0.2031 0.6294 0.1575, -0.1948 0.6159 0.1575, -0.1837 0.605 0.1575, -0.1703 0.597 0.1575, -0.1537 0.5918 0.1575, -0.1574 0.741 0.1575, -0.1736 0.7354 0.1575, -0.188 0.7261 0.1575, -0.1976 0.7159 0.1575, -0.2044 0.7038 0.1575, -0.209 0.6882 0.1575
            ]
        }
        coordIndex [
            0,1,2,-1,2,1,3,-1,4,0,5,-1,5,0,2,-1,6,4,7,-1,7,4,5,-1,8,6,9,-1,9,6,7,-1,10,8,11,-1,11,8,9,-1,1,10,3,-1,3,10,11,-1,6,8,4,-1,4,8,10,-1,4,10,0,-1,0,10,1,-1,12,13,14,-1,14,13,15,-1,12,14,16,-1,12,16,17,-1,17,16,18,-1,17,18,19,-1,19,18,20,-1,19,20,21,-1,21,20,22,-1,21,22,23,-1,23,22,24,-1,23,24,25,-1,25,24,26,-1,25,26,27,-1,27,26,28,-1,27,28,29,-1,29,28,30,-1,29,30,31,-1,31,30,32,-1,31,32,33,-1,33,32,34,-1,33,34,35,-1,35,34,36,-1,35,36,37,-1,37,36,38,-1,37,38,39,-1,39,38,40,-1,39,40,41,-1,41,40,42,-1,41,42,43,-1,43,42,44,-1,43,44,45,-1,45,44,46,-1,45,46,47,-1,47,46,48,-1,47,48,49,-1,49,48,50,-1,49,50,51,-1,51,50,52,-1,51,52,53,-1,54,53,55,-1,55,53,52,-1,56,57,58,-1,58,57,59,-1,58,59,60,-1,60,59,54,-1,60,54,55,-1,61,57,62,-1,62,57,56,-1,62,63,61,-1,61,63,64,-1,61,64,65,-1,65,64,66,-1,65,66,67,-1,67,66,68,-1,67,68,69,-1,69,68,70,-1,69,70,71,-1,71,70,72,-1,71,72,73,-1,73,72,74,-1,73,74,75,-1,76,77,78,-1,78,77,79,-1,78,79,80,-1,80,79,81,-1,80,81,82,-1,82,81,83,-1,82,83,84,-1,84,83,85,-1,84,85,86,-1,86,85,87,-1,86,87,88,-1,88,87,89,-1,88,89,90,-1,90,89,75,-1,90,75,74,-1,15,13,91,-1,77,76,92,-1,77,92,93,-1,93,92,94,-1,93,94,91,-1,91,94,95,-1,91,95,15,-1,23,77,21,-1,21,77,93,-1,21,93,19,-1,19,93,91,-1,19,91,17,-1,17,91,13,-1,17,13,12,-1,53,54,51,-1,51,54,59,-1,51,59,49,-1,49,59,57,-1,49,57,47,-1,47,57,61,-1,47,61,45,-1,45,61,65,-1,45,65,43,-1,43,65,67,-1,43,67,41,-1,41,67,69,-1,41,69,39,-1,39,69,71,-1,39,71,37,-1,37,71,73,-1,37,73,35,-1,35,73,75,-1,35,75,33,-1,33,75,89,-1,33,89,31,-1,31,89,87,-1,31,87,29,-1,29,87,85,-1,29,85,27,-1,27,85,83,-1,27,83,25,-1,25,83,81,-1,25,81,23,-1,23,81,79,-1,23,79,77,-1,96,97,98,-1,98,97,99,-1,100,96,101,-1,101,96,98,-1,102,100,103,-1,103,100,101,-1,104,102,105,-1,105,102,103,-1,106,104,107,-1,107,104,105,-1,108,106,109,-1,109,106,107,-1,110,108,111,-1,111,108,109,-1,112,110,113,-1,113,110,111,-1,114,112,115,-1,115,112,113,-1,116,114,117,-1,117,114,115,-1,118,116,119,-1,119,116,117,-1,97,118,99,-1,99,118,119,-1,118,97,96,-1,96,100,118,-1,118,100,102,-1,118,102,116,-1,112,114,110,-1,110,114,116,-1,110,116,108,-1,108,116,102,-1,108,102,106,-1,106,102,104,-1,120,121,122,-1,122,121,123,-1,122,123,124,-1,124,123,125,-1,124,125,126,-1,126,125,127,-1,126,127,128,-1,128,127,129,-1,128,129,130,-1,130,129,131,-1,130,131,132,-1,132,131,133,-1,132,133,134,-1,134,133,135,-1,134,135,136,-1,136,135,137,-1,136,137,138,-1,138,137,139,-1,138,139,140,-1,140,139,141,-1,140,141,142,-1,142,141,143,-1,142,143,144,-1,144,143,145,-1,144,145,146,-1,146,145,147,-1,146,147,148,-1,148,147,149,-1,148,149,150,-1,150,149,151,-1,150,151,152,-1,152,151,153,-1,152,153,154,-1,154,153,120,-1,154,120,122,-1,137,135,155,-1,155,135,156,-1,137,155,157,-1,137,157,139,-1,139,157,158,-1,139,158,141,-1,141,158,159,-1,141,159,143,-1,143,159,160,-1,143,160,145,-1,145,160,161,-1,145,161,147,-1,147,161,162,-1,147,162,149,-1,149,162,163,-1,149,163,151,-1,151,163,164,-1,151,164,153,-1,153,164,165,-1,153,165,120,-1,120,165,166,-1,120,166,121,-1,121,166,167,-1,121,167,123,-1,123,167,168,-1,123,168,125,-1,125,168,169,-1,125,169,127,-1,127,169,170,-1,127,170,129,-1,129,170,171,-1,129,171,131,-1,133,131,172,-1,172,131,171,-1,135,133,156,-1,156,133,172,-1,130,132,173,-1,173,132,174,-1,132,134,174,-1,174,134,175,-1,134,136,175,-1,175,136,176,-1,150,177,178,-1,150,178,148,-1,148,178,179,-1,148,179,146,-1,146,179,180,-1,146,180,144,-1,144,180,181,-1,144,181,142,-1,142,181,182,-1,142,182,140,-1,140,182,183,-1,140,183,138,-1,138,183,176,-1,138,176,136,-1,130,173,184,-1,130,184,128,-1,128,184,185,-1,128,185,126,-1,126,185,186,-1,126,186,124,-1,124,186,187,-1,124,187,122,-1,122,187,188,-1,122,188,154,-1,154,188,189,-1,154,189,152,-1,152,189,177,-1,152,177,150,-1,
        ]
    }
}
Shape{
    appearance Appearance {
        material  Material {
            diffuseColor 1.0 0.6196078431372549 0.592156862745098
            specularColor 0.5019607843137255 0.30980392156862746 0.29411764705882354
            ambientIntensity 0.7302
            transparency 0.0
            shininess 0.5
        }
    }
    geometry IndexedFaceSet {
        ccw TRUE
        solid FALSE
        coord DEF co Coordinate {
            point [
                -0.105 0.7435 0.1575, -0.105 0.5899 0.1575, -0.1341 0.7435 0.1575, -0.133 0.5899 0.1575, -0.1537 0.5918 0.1575, -0.2107 0.6686 0.1575, -0.209 0.6882 0.1575, -0.2044 0.7038 0.1575, -0.1574 0.741 0.1575, -0.1703 0.597 0.1575, -0.1837 0.605 0.1575, -0.1948 0.6159 0.1575, -0.2031 0.6294 0.1575, -0.2089 0.6479 0.1575, -0.1976 0.7159 0.1575, -0.188 0.7261 0.1575, -0.1736 0.7354 0.1575
            ]
        }
        coordIndex [
            0,1,2,-1,2,1,3,-1,2,3,4,-1,5,6,2,-1,2,6,7,-1,2,7,8,-1,4,9,2,-1,2,9,10,-1,2,10,11,-1,11,12,2,-1,2,12,13,-1,2,13,5,-1,14,15,7,-1,7,15,16,-1,7,16,8,-1,
        ]
    }
}
Shape{
    appearance Appearance {
        material  Material {
            diffuseColor 1.0 1.0 1.0
            specularColor 0.8784313725490196 0.8784313725490196 0.8784313725490196
            ambientIntensity 1.0
            transparency 0.0
            shininess 0.5
        }
    }
    geometry IndexedFaceSet {
        ccw TRUE
        solid FALSE
        coord DEF co Coordinate {
            point [
                -0.3715 0.6451 0.1571, -0.3057 0.6451 0.1571, -0.2991 0.6235 0.1571, -0.3351 0.7273 0.1571, -0.3259 0.7651 0.1571, -0.2515 0.5683 0.1571, -0.2803 0.5683 0.1571, -0.337 0.7341 0.1571, -0.3382 0.7411 0.1571, -0.3523 0.7651 0.1571, -0.3389 0.7411 0.1571, -0.4003 0.5683 0.1571, -0.4251 0.5683 0.1571, -0.3804 0.6235 0.1571, -0.4251 0.5785 0.1571, -0.3419 0.7273 0.1571, -0.3402 0.7342 0.1571, -0.3523 0.7651 0.1575, -0.4175 0.5981 0.1575, -0.4196 0.5928 0.1575, -0.3259 0.7651 0.1575, -0.2515 0.5683 0.1575, -0.2803 0.5683 0.1575, -0.2991 0.6235 0.1575, -0.3804 0.6235 0.1575, -0.3729 0.6235 0.1575, -0.4003 0.5683 0.1575, -0.4196 0.5683 0.1575, -0.4175 0.5683 0.1575, -0.3057 0.6451 0.1575, -0.3715 0.6451 0.1575, -0.3419 0.7273 0.1575, -0.3389 0.7411 0.1575, -0.3402 0.7342 0.1575, -0.3382 0.7411 0.1575, -0.3351 0.7273 0.1575, -0.337 0.7341 0.1575
            ]
        }
        coordIndex [
            0,1,2,-1,3,4,1,-1,1,4,5,-1,1,5,2,-1,2,5,6,-1,3,7,4,-1,4,7,8,-1,4,8,9,-1,9,8,10,-1,11,12,13,-1,13,12,14,-1,2,13,0,-1,0,13,14,-1,0,14,15,-1,15,14,9,-1,15,9,16,-1,16,9,10,-1,17,9,18,-1,18,9,14,-1,18,14,19,-1,4,9,20,-1,20,9,17,-1,5,4,21,-1,21,4,20,-1,6,5,22,-1,22,5,21,-1,2,6,23,-1,23,6,22,-1,24,13,25,-1,25,13,2,-1,25,2,23,-1,11,13,26,-1,26,13,24,-1,27,12,28,-1,28,12,11,-1,28,11,26,-1,1,0,29,-1,29,0,30,-1,0,15,30,-1,30,15,31,-1,10,32,33,-1,10,33,16,-1,16,33,31,-1,16,31,15,-1,10,8,32,-1,32,8,34,-1,3,35,36,-1,3,36,7,-1,7,36,34,-1,7,34,8,-1,3,1,35,-1,35,1,29,-1,
        ]
    }
}
Shape{
    appearance Appearance {
        material  Material {
            diffuseColor 1.0 0.6196078431372549 0.592156862745098
            specularColor 0.5019607843137255 0.30980392156862746 0.29411764705882354
            ambientIntensity 0.7302
            transparency 0.0
            shininess 0.5
        }
    }
    geometry IndexedFaceSet {
        ccw TRUE
        solid FALSE
        coord DEF co Coordinate {
            point [
                -0.3057 0.6451 0.1575, -0.3715 0.6451 0.1575, -0.3351 0.7273 0.1575, -0.3419 0.7273 0.1575, -0.337 0.7341 0.1575, -0.3402 0.7342 0.1575, -0.3382 0.7411 0.1575, -0.3389 0.7411 0.1575, -0.4251 0.5785 0.1571, -0.4251 0.5683 0.1571, -0.4297 0.2953 0.1561, -0.4297 1.1811 0.1561, -0.4196 1.1811 0.1575, -0.4196 0.5928 0.1575, -0.4196 0.5683 0.1575, -0.4196 0.5671 0.1575, -0.4196 0.4179 0.1575, -0.4196 0.2953 0.1575, -0.4392 1.1811 0.1522, -0.4392 0.2953 0.1522, -0.4474 1.1811 0.1459, -0.4474 0.2953 0.1459, -0.4537 1.1811 0.1378, -0.4537 0.2953 0.1378, -0.4576 1.1811 0.1283, -0.4576 0.2953 0.1283, -0.4589 1.1811 0.1181, -0.4589 0.2953 0.1181, -0.4196 -0.2953 0.1575, -0.4196 -1.1811 0.1575, -0.4297 -0.2953 0.1561, -0.4297 -1.1811 0.1561, -0.4392 -0.2953 0.1522, -0.4392 -1.1811 0.1522, -0.4474 -0.2953 0.1459, -0.4474 -1.1811 0.1459, -0.4537 -0.2953 0.1378, -0.4537 -1.1811 0.1378, -0.4576 -0.2953 0.1283, -0.4576 -1.1811 0.1283, -0.4589 -0.2953 0.1181, -0.4589 -1.1811 0.1181, 0.4589 -0.2953 0.1181, 0.4589 -1.1811 0.1181, 0.4576 -0.2953 0.1283, 0.4576 -1.1811 0.1283, 0.4537 -0.2953 0.1378, 0.4537 -1.1811 0.1378, 0.4474 -0.2953 0.1459, 0.4474 -1.1811 0.1459, 0.4392 -0.2953 0.1522, 0.4392 -1.1811 0.1522, 0.4297 -0.2953 0.1561, 0.4297 -1.1811 0.1561, 0.4196 -0.2953 0.1575, 0.4196 -1.1811 0.1575, 0.4196 0.5671 0.1575, 0.4196 1.1811 0.1575, 0.4297 1.1811 0.1561, 0.4297 0.2953 0.1561, 0.4196 0.2953 0.1575, 0.4196 0.4179 0.1575, 0.4392 0.2953 0.1522, 0.4392 1.1811 0.1522, 0.4474 0.2953 0.1459, 0.4474 1.1811 0.1459, 0.4537 0.2953 0.1378, 0.4537 1.1811 0.1378, 0.4576 0.2953 0.1283, 0.4576 1.1811 0.1283, 0.4589 0.2953 0.1181, 0.4589 1.1811 0.1181
            ]
        }
        coordIndex [
            0,1,2,-1,2,1,3,-1,2,3,4,-1,4,3,5,-1,4,5,6,-1,6,5,7,-1,8,9,10,-1,11,12,13,-1,14,15,9,-1,9,15,16,-1,9,16,10,-1,10,16,17,-1,13,8,11,-1,11,8,10,-1,11,10,18,-1,18,10,19,-1,18,19,20,-1,20,19,21,-1,20,21,22,-1,22,21,23,-1,22,23,24,-1,24,23,25,-1,24,25,26,-1,26,25,27,-1,28,29,30,-1,30,29,31,-1,30,31,32,-1,32,31,33,-1,32,33,34,-1,34,33,35,-1,34,35,36,-1,36,35,37,-1,36,37,38,-1,38,37,39,-1,38,39,40,-1,40,39,41,-1,42,43,44,-1,44,43,45,-1,44,45,46,-1,46,45,47,-1,46,47,48,-1,48,47,49,-1,48,49,50,-1,50,49,51,-1,50,51,52,-1,52,51,53,-1,52,53,54,-1,54,53,55,-1,56,57,58,-1,59,60,61,-1,61,56,59,-1,59,56,58,-1,59,58,62,-1,62,58,63,-1,62,63,64,-1,64,63,65,-1,64,65,66,-1,66,65,67,-1,66,67,68,-1,68,67,69,-1,68,69,70,-1,70,69,71,-1,
        ]
    }
}