#VRML V2.0 utf8
# 3D model generated by kicad-lcsc-manager
# Based on easyeda2kicad.py v1.0.1

Shape{
    appearance Appearance {
        material  Material {
            diffuseColor 0.6470588235294118 0.6196078431372549 0.5843137254901961
            specularColor 0.7529411764705882 0.7529411764705882 0.7529411764705882
            ambientIntensity 1.0
            transparency 1.0
            shininess 0.5
        }
    }
    geometry IndexedFaceSet {
        ccw TRUE
        solid FALSE
        coord DEF co Coordinate {
            point [
                2.7638 0.4372 4.8425, 2.6619 0.4238 3.1496, 2.6619 0.4238 4.8425, 2.5669 0.3845 4.8425, 2.5669 0.3845 3.1496, 2.4854 0.3219 4.8425, 2.4854 0.3219 3.1496, 2.4228 0.2404 3.1496, 2.4228 0.2404 4.8425, 2.7638 0.4372 3.1496, 2.3701 0.0435 3.1496, 2.3835 0.1454 4.8425, 2.3835 0.1454 3.1496, 2.3701 0.0435 4.8425, 2.8657 0.4238 4.8425, 2.9606 0.3845 4.8425, 2.8657 0.4238 3.1496, 2.9606 0.3845 3.1496, 3.0422 0.3219 4.8425, 3.1047 0.2404 4.8425, 3.0422 0.3219 3.1496, 3.1441 0.1454 4.8425, 3.1047 0.2404 3.1496, 3.1441 0.1454 3.1496, 3.1575 0.0435 4.8425, 3.1575 0.0435 3.1496, 2.6196 0.7684 4.9154, 2.6246 0.7433 4.8771, 2.481 0.7263 4.9154, 3.4886 0.1877 4.9154, 3.4466 0.3263 4.9154, 3.4549 0.3298 4.9606, 2.5054 0.6673 4.8515, 2.5224 0.6253 4.8425, 2.3887 0.6049 4.8515, 2.4135 0.5671 4.8425, 2.2864 0.5209 4.8515, 2.4908 0.7027 4.8771, 2.3532 0.658 4.9154, 2.3182 0.4887 4.8425, 2.2024 0.4186 4.8515, 2.3674 0.6367 4.8771, 2.2412 0.5661 4.9154, 2.0641 0.1827 4.8771, 2.1401 0.3019 4.8515, 2.1016 0.1752 4.8515, 2.2593 0.548 4.8771, 2.1493 0.4541 4.9154, 2.0389 0.1877 4.9154, 2.0157 0.0435 4.9606, 2.0301 0.1895 4.9606, 2.0727 0.3298 4.9606, 2.081 0.3263 4.9154, 2.1046 0.3166 4.8771, 2.1706 0.4399 4.8771, 2.146 0.1665 4.8425, 2.0887 0.0435 4.8515, 2.0503 0.0435 4.8771, 2.6321 0.7057 4.8515, 2.6405 0.6612 4.8425, 2.7638 0.7826 4.9154, 2.7638 0.757 4.8771, 2.1339 0.0435 4.8425, 2.903 0.7433 4.8771, 2.908 0.7684 4.9154, 2.7634 0.6734 4.8425, 3.0466 0.7263 4.9154, 3.0368 0.7027 4.8771, 2.8863 0.6614 4.8425, 2.7638 0.7186 4.8515, 3.1744 0.658 4.9154, 3.1601 0.6367 4.8771, 3.209 0.4891 4.8425, 3.1389 0.6049 4.8515, 3.2412 0.5209 4.8515, 3.2683 0.548 4.8771, 3.2864 0.5661 4.9154, 3.3251 0.4186 4.8515, 3.2874 0.3936 4.8425, 3.357 0.4399 4.8771, 3.3783 0.4541 4.9154, 3.3875 0.3019 4.8515, 3.3457 0.2847 4.8425, 3.4229 0.3166 4.8771, 3.4772 0.0435 4.8771, 3.4635 0.1827 4.8771, 3.5028 0.0435 4.9154, 3.4974 0.1895 4.9606, 3.5118 0.0435 4.9606, 3.4259 0.1752 4.8515, 3.4389 0.0435 4.8515, 3.3816 0.1665 4.8425, 3.3937 0.0435 4.8425, 3.3857 0.4591 4.9606, 3.1135 0.5674 4.8425, 3.2927 0.5725 4.9606, 3.0045 0.6256 4.8425, 3.0221 0.6673 4.8515, 3.1794 0.6655 4.9606, 2.8955 0.7057 4.8515, 3.05 0.7346 4.9606, 2.9097 0.7772 4.9606, 2.7638 0.7916 4.9606, 2.6178 0.7772 4.9606, 2.4775 0.7346 4.9606, 2.3482 0.6655 4.9606, 2.2348 0.5725 4.9606, 2.2399 0.3933 4.8425, 2.1418 0.4591 4.9606, 2.1818 0.2844 4.8425, 2.0247 0.0435 4.9154, 2.4806 0.7359 5.1969, 2.3524 0.6683 5.1969, 2.2396 0.5772 5.1969, 2.1465 0.4661 5.1969, 2.0766 0.3391 5.1969, 2.0325 0.201 5.1969, 2.0325 0.201 5.1181, 2.0232 0.1489 5.1181, 2.0176 0.0963 5.1181, 2.0157 0.0435 5.1181, 2.6195 0.7775 5.1969, 2.9081 0.7775 5.1969, 2.7638 0.7916 5.1969, 3.0469 0.7359 5.1969, 3.1751 0.6683 5.1969, 3.2879 0.5772 5.1969, 3.381 0.4661 5.1969, 3.4509 0.3391 5.1969, 3.495 0.201 5.1969, 3.495 0.201 5.1181, 3.5044 0.1489 5.1181, 3.5099 0.0964 5.1181, 3.5118 0.0435 5.1181, 3.4724 -0.921 0.7087, 3.1969 -0.921 2.4409, 3.1969 -0.921 1.1024, 2.3307 -0.921 2.4409, 2.0551 -0.921 3.0315, 2.0551 -0.921 0.7087, 2.3307 -0.921 1.1024, 3.4724 -0.921 3.0315, 3.4724 1.0081 0.7087, 3.1969 1.0081 1.1024, 3.1969 1.0081 2.4409, 2.3307 1.0081 1.1024, 2.0551 1.0081 0.7087, 2.0551 1.0081 3.0315, 2.3307 1.0081 2.4409, 3.4724 1.0081 3.0315, 2.2768 -0.114 5.4331, 2.3163 -0.2048 5.4331, 3.2113 -0.2048 5.4331, 3.0848 -0.355 5.4331, 3.1555 -0.2858 5.4331, 2.3725 -0.2863 5.4331, 2.8133 -0.4659 5.4331, 2.9105 -0.4468 5.4331, 2.6176 -0.4469 5.4331, 3.0022 -0.4094 5.4331, 2.4433 -0.3555 5.4331, 2.526 -0.4097 5.4331, 2.7145 -0.4659 5.4331, 3.2508 -0.114 5.4331, 2.2477 -0.4819 5.2698, 2.1561 -0.3725 5.2698, 2.2396 -0.4902 5.1969, 2.1465 -0.379 5.1969, 2.1181 -0.2342 5.3357, 2.0804 -0.114 5.3377, 2.0872 -0.2475 5.2698, 2.0451 -0.114 5.2711, 2.0325 -0.1139 5.1969, 2.0766 -0.252 5.1969, 3.2197 -0.4207 5.388, 3.3438 -0.3535 5.3357, 3.3007 -0.324 5.388, 2.2269 -0.324 5.388, 2.3079 -0.4207 5.388, 2.2812 -0.2868 5.4215, 2.4422 -0.4449 5.4215, 2.406 -0.4999 5.388, 2.5175 -0.5587 5.388, 2.354 -0.3737 5.4215, 2.7638 -0.6071 5.388, 2.8893 -0.5949 5.388, 2.7638 -0.5413 5.4215, 2.7638 -0.6929 5.2698, 2.6217 -0.6791 5.2698, 2.7638 -0.7045 5.1969, 3.301 -0.1875 5.4215, 3.381 -0.379 5.1969, 3.4509 -0.252 5.1969, 3.3715 -0.3725 5.2698, 3.0854 -0.4449 5.4215, 3.1216 -0.4999 5.388, 3.2463 -0.2868 5.4215, 3.1736 -0.3737 5.4215, 3.4403 -0.2475 5.2698, 3.4825 -0.114 5.2709, 3.4095 -0.2342 5.3357, 3.495 -0.1139 5.1969, 3.2798 -0.4819 5.2698, 3.1688 -0.5716 5.2698, 3.2879 -0.4902 5.1969, 2.9851 -0.4978 5.4215, 3.0101 -0.5587 5.388, 2.9058 -0.6791 5.2698, 3.0469 -0.6489 5.1969, 3.0426 -0.6381 5.2698, 2.8766 -0.5303 5.4215, 2.6383 -0.5949 5.388, 2.651 -0.5303 5.4215, 3.1752 -0.5812 5.1969, 2.9081 -0.6905 5.1969, 2.5424 -0.4978 5.4215, 2.3588 -0.5716 5.2698, 2.3524 -0.5812 5.1969, 2.6195 -0.6905 5.1969, 2.4806 -0.6489 5.1969, 2.485 -0.6381 5.2698, 2.2266 -0.1875 5.4215, 2.1661 -0.2136 5.388, 2.1347 -0.114 5.3894, 2.2024 -0.114 5.4218, 2.1838 -0.3535 5.3357, 2.2712 -0.458 5.3357, 2.3772 -0.5435 5.3357, 2.4977 -0.6071 5.3357, 2.6282 -0.6462 5.3357, 2.7638 -0.6594 5.3357, 2.8994 -0.6462 5.3357, 3.0299 -0.6071 5.3357, 3.1503 -0.5435 5.3357, 3.2563 -0.458 5.3357, 3.4473 -0.114 5.3375, 3.3615 -0.2136 5.388, 3.393 -0.114 5.3893, 3.3252 -0.114 5.4218, 2.7142 0.5529 5.4331, 2.6171 0.5339 5.4331, 2.91 0.534 5.4331, 2.3721 0.3729 5.4331, 3.1551 0.3734 5.4331, 2.4427 0.4421 5.4331, 3.2508 0.201 5.4331, 3.2113 0.2919 5.4331, 2.3163 0.2919 5.4331, 2.8131 0.5529 5.4331, 3.0015 0.4967 5.4331, 2.5254 0.4964 5.4331, 3.0843 0.4425 5.4331, 2.2768 0.201 5.4331, 3.4825 0.201 5.2712, 2.2812 0.3739 5.4215, 2.354 0.4608 5.4215, 2.2269 0.4111 5.388, 2.2266 0.2746 5.4215, 2.2477 0.569 5.2698, 2.1561 0.4596 5.2698, 2.485 0.7252 5.2698, 2.6217 0.7662 5.2698, 2.8766 0.6174 5.4215, 2.8893 0.682 5.388, 2.7638 0.6942 5.388, 2.7638 0.78 5.2698, 2.9058 0.7662 5.2698, 2.9851 0.5848 5.4215, 3.0101 0.6458 5.388, 3.4403 0.3345 5.2698, 3.3007 0.4111 5.388, 3.2197 0.5077 5.388, 3.2463 0.3739 5.4215, 3.3252 0.201 5.4218, 3.393 0.201 5.3893, 3.3615 0.3006 5.388, 3.4095 0.3213 5.3357, 3.4473 0.201 5.3376, 3.301 0.2746 5.4215, 2.1838 0.4406 5.3357, 2.3079 0.5077 5.388, 3.2798 0.569 5.2698, 3.3715 0.4596 5.2698, 2.0872 0.3345 5.2698, 3.1688 0.6586 5.2698, 3.1736 0.4608 5.4215, 3.1216 0.587 5.388, 3.0854 0.532 5.4215, 2.651 0.6174 5.4215, 2.6383 0.682 5.388, 2.5175 0.6458 5.388, 2.7638 0.6283 5.4215, 2.406 0.587 5.388, 2.5424 0.5848 5.4215, 2.4422 0.532 5.4215, 2.3588 0.6586 5.2698, 2.1181 0.3213 5.3357, 2.045 0.201 5.2711, 3.0426 0.7252 5.2698, 3.3438 0.4406 5.3357, 3.2563 0.545 5.3357, 3.1503 0.6306 5.3357, 3.0299 0.6942 5.3357, 2.8994 0.7333 5.3357, 2.7638 0.7464 5.3357, 2.6282 0.7333 5.3357, 2.4977 0.6942 5.3357, 2.3772 0.6306 5.3357, 2.2712 0.545 5.3357, 2.0802 0.201 5.3375, 2.1661 0.3006 5.388, 2.1346 0.201 5.3893, 2.2024 0.201 5.4219, 2.02 -0.0357 5.1181, 2.0301 -0.1024 4.9606, 2.2348 -0.4854 4.9606, 2.1418 -0.3721 4.9606, 2.0727 -0.2427 4.9606, 2.6178 -0.6901 4.9606, 2.7638 -0.7045 4.9606, 2.3482 -0.5784 4.9606, 2.4775 -0.6476 4.9606, 3.05 -0.6476 4.9606, 2.9097 -0.6901 4.9606, 3.3857 -0.3721 4.9606, 3.1794 -0.5784 4.9606, 3.2927 -0.4854 4.9606, 3.4549 -0.2427 4.9606, 3.495 -0.114 5.1181, 3.4974 -0.1024 4.9606, 3.5076 -0.0357 5.1181, 2.0325 -0.114 5.1181, 2.2864 -0.4339 4.8515, 2.2024 -0.3315 4.8515, 2.2401 -0.3066 4.8425, 2.146 -0.0794 4.8425, 2.1016 -0.0882 4.8515, 2.1401 -0.2148 4.8515, 2.1819 -0.1976 4.8425, 2.2593 -0.4609 4.8771, 2.3532 -0.571 4.9154, 2.2412 -0.4791 4.9154, 2.081 -0.2393 4.9154, 2.1046 -0.2295 4.8771, 2.1493 -0.3671 4.9154, 2.887 -0.5742 4.8425, 2.8955 -0.6186 4.8515, 2.7641 -0.5864 4.8425, 2.3887 -0.5178 4.8515, 2.3185 -0.402 4.8425, 3.0221 -0.5802 4.8515, 2.7638 -0.6955 4.9154, 2.6196 -0.6813 4.9154, 2.6246 -0.6562 4.8771, 3.3251 -0.3315 4.8515, 3.2412 -0.4339 4.8515, 3.2094 -0.4016 4.8425, 3.0466 -0.6393 4.9154, 3.0368 -0.6156 4.8771, 3.1744 -0.571 4.9154, 3.4229 -0.2295 4.8771, 3.3875 -0.2148 4.8515, 3.4259 -0.0882 4.8515, 3.4635 -0.0957 4.8771, 3.4466 -0.2393 4.9154, 3.3783 -0.3671 4.9154, 3.357 -0.3528 4.8771, 3.3816 -0.0794 4.8425, 3.4886 -0.1006 4.9154, 3.1601 -0.5497 4.8771, 3.2864 -0.4791 4.9154, 3.2683 -0.4609 4.8771, 3.0052 -0.5383 4.8425, 3.1389 -0.5178 4.8515, 3.114 -0.48 4.8425, 2.908 -0.6813 4.9154, 2.7638 -0.6699 4.8771, 2.903 -0.6562 4.8771, 2.3674 -0.5497 4.8771, 2.481 -0.6393 4.9154, 2.4908 -0.6156 4.8771, 2.1706 -0.3528 4.8771, 2.6412 -0.5743 4.8425, 2.7638 -0.6316 4.8515, 2.0389 -0.1006 4.9154, 2.0641 -0.0957 4.8771, 2.414 -0.4804 4.8425, 2.523 -0.5385 4.8425, 2.5054 -0.5802 4.8515, 2.6321 -0.6186 4.8515, 3.2877 -0.3062 4.8425, 3.3458 -0.1973 4.8425, 2.3835 -0.0584 4.8425, 3.1441 -0.0584 4.8425, 2.9606 -0.2974 4.8425, 3.0422 -0.2349 4.8425, 2.7638 -0.3502 4.8425, 2.6619 -0.3368 4.8425, 2.8657 -0.3368 4.8425, 2.4854 -0.2349 4.8425, 2.5669 -0.2974 4.8425, 3.1047 -0.1533 4.8425, 2.4228 -0.1533 4.8425, 2.3835 -0.0584 3.1496, 2.5669 -0.2974 3.1496, 2.4854 -0.2349 3.1496, 2.4228 -0.1533 3.1496, 2.7638 -0.3502 3.1496, 2.8657 -0.3368 3.1496, 2.6619 -0.3368 3.1496, 3.0422 -0.2349 3.1496, 3.1047 -0.1533 3.1496, 2.9606 -0.2974 3.1496, 3.1441 -0.0584 3.1496, 3.4724 0.9735 3.115, 2.0551 0.9735 3.115, 2.0551 0.9352 3.1406, 2.0551 0.89 3.1496, 3.4724 0.9352 3.1406, 3.4724 0.89 3.1496, 3.4724 0.9991 3.0767, 2.0551 0.9991 3.0767, 3.4724 -0.8029 3.1496, 2.0551 -0.8029 3.1496, 3.4724 -0.8864 3.115, 2.0551 -0.8864 3.115, 2.0551 -0.912 3.0767, 3.4724 -0.912 3.0767, 3.4724 -0.8481 3.1406, 2.0551 -0.8481 3.1406, 3.4724 -0.8864 0.6251, 2.0551 -0.8864 0.6251, 2.0551 -0.8481 0.5995, 2.0551 -0.8029 0.5906, 3.4724 -0.8481 0.5995, 3.4724 -0.8029 0.5906, 3.4724 -0.912 0.6635, 2.0551 -0.912 0.6635, 2.0551 0.89 0.5906, 3.4724 0.89 0.5906, 3.4724 0.9735 0.6251, 2.0551 0.9735 0.6251, 2.0551 0.9991 0.6635, 3.4724 0.9991 0.6635, 3.4724 0.9352 0.5995, 2.0551 0.9352 0.5995, 2.3701 1.0884 2.1063, 3.1575 1.0884 2.1063, 3.1575 1.0533 2.1063, 2.3701 1.0533 2.1063, 2.3701 0.9624 2.1063, 3.1575 0.9624 2.1063, 3.1575 0.9274 2.1063, 2.3701 0.9274 2.1063, 2.3701 0.8364 2.1063, 3.1575 0.8364 2.1063, 3.1575 0.8014 2.1063, 2.3701 0.8014 2.1063, 2.3701 0.7104 2.1063, 3.1575 0.7104 2.1063, 3.1575 0.6754 2.1063, 2.3701 0.6754 2.1063, 2.3701 0.5845 2.1063, 3.1575 0.5845 2.1063, 3.1575 0.5494 2.1063, 2.3701 0.5494 2.1063, 2.3701 0.4585 2.1063, 3.1575 0.4585 2.1063, 3.1575 0.4234 2.1063, 2.3701 0.4234 2.1063, 2.3701 0.3325 2.1063, 3.1575 0.3325 2.1063, 3.1575 0.2974 2.1063, 2.3701 0.2974 2.1063, 2.3701 0.2065 2.1063, 3.1575 0.2065 2.1063, 3.1575 0.1714 2.1063, 2.3701 0.1714 2.1063, 2.3701 0.0805 2.1063, 3.1575 0.0805 2.1063, 3.1575 0.0455 2.1063, 2.3701 0.0455 2.1063, 2.3701 -0.0455 2.1063, 3.1575 -0.0455 2.1063, 3.1575 -0.0805 2.1063, 2.3701 -0.0805 2.1063, 2.3701 -0.1714 2.1063, 3.1575 -0.1714 2.1063, 3.1575 -0.2065 2.1063, 2.3701 -0.2065 2.1063, 2.3701 -0.2974 2.1063, 3.1575 -0.2974 2.1063, 3.1575 -0.3325 2.1063, 2.3701 -0.3325 2.1063, 2.3701 -0.4234 2.1063, 3.1575 -0.4234 2.1063, 3.1575 -0.4585 2.1063, 2.3701 -0.4585 2.1063, 2.3701 -0.5494 2.1063, 3.1575 -0.5494 2.1063, 3.1575 -0.5845 2.1063, 2.3701 -0.5845 2.1063, 2.3701 -0.6754 2.1063, 3.1575 -0.6754 2.1063, 3.1575 -0.7104 2.1063, 2.3701 -0.7104 2.1063, 2.3701 -0.8014 2.1063, 3.1575 -0.8014 2.1063, 3.1575 -0.8364 2.1063, 2.3701 -0.8364 2.1063, 2.3701 -0.9274 2.1063, 3.1575 -0.9274 2.1063, 3.1575 -1.1811 2.1063, 2.3701 -1.1811 2.1063, 2.5866 -0.2362 0.0787, 2.9409 -0.2362 -0.9372, 2.9409 -0.2362 0.0787, 2.5866 -0.2362 -0.9372, 2.8228 -0.2362 -1.378, 2.7047 -0.2362 -1.378, 2.8228 0.0787 -1.378, 2.7047 0.0787 -1.378, 2.5866 0.0787 -0.9372, 2.9409 0.0787 -0.9372, 2.5866 0.0787 0.0787, 2.9409 0.0787 0.0787, 2.5866 -0.0366 0.3571, 2.5866 -0.1181 0.4197, 2.9409 -0.0366 0.3571, 2.9409 -0.1181 0.4197, 2.5866 -0.2131 0.459, 2.5866 -0.315 0.4724, 2.9409 -0.2131 0.459, 2.9409 -0.315 0.4724, 2.9409 0.026 0.2756, 2.9409 0.0653 0.1806, 2.5866 0.026 0.2756, 2.5866 0.0653 0.1806, 2.3701 -1.1811 0.4724, 3.1575 -0.7087 0.4724, 2.9409 -0.4921 0.4724, 2.5866 -0.4921 0.4724, 2.3701 -0.7087 0.4724, 3.1575 -1.1811 0.4724, 3.1575 -1.2205 0.483, 3.1575 -1.2598 0.5512, 2.3701 -1.2493 0.5118, 2.3701 -1.2598 0.5512, 3.1575 -1.2493 0.5118, 2.3701 -1.2205 0.483, 2.3701 -1.2598 2.0276, 3.1575 -1.2598 2.0276, 3.1575 -1.2493 2.0669, 2.3701 -1.2205 2.0957, 3.1575 -1.2205 2.0957, 2.3701 -1.2493 2.0669, 3.1575 1.1793 2.1063, 2.3701 1.2144 2.1063, 3.1575 1.2144 2.1063, 2.3701 1.1793 2.1063, 3.1575 1.2598 2.185, 2.3701 1.2598 2.4213, 3.1575 1.2598 2.4213, 2.3701 1.2598 2.185, 3.1575 -1.1811 2.4213, 2.3701 -1.1811 2.4213, 2.3701 -1.4595 2.3059, 2.3701 -1.5221 2.2244, 3.1575 -1.4595 2.3059, 3.1575 -1.5221 2.2244, 2.3701 -1.5614 2.1295, 2.3701 -1.5748 2.0276, 3.1575 -1.5614 2.1295, 3.1575 -1.5748 2.0276, 3.1575 -1.378 2.3685, 3.1575 -1.283 2.4078, 2.3701 -1.378 2.3685, 2.3701 -1.283 2.4078, 3.1575 -1.5748 0.5512, 2.3701 -1.5748 0.5512, 2.3701 -1.4595 0.2728, 2.3701 -1.378 0.2102, 3.1575 -1.4595 0.2728, 3.1575 -1.378 0.2102, 2.3701 -1.283 0.1709, 2.3701 -1.1811 0.1575, 3.1575 -1.283 0.1709, 3.1575 -1.1811 0.1575, 3.1575 -1.5221 0.3543, 3.1575 -1.5614 0.4493, 2.3701 -1.5221 0.3543, 2.3701 -1.5614 0.4493, 3.1575 -0.7087 0.1575, 2.9409 -0.4921 0.1575, 2.9409 -0.315 0.1575, 2.5866 -0.4921 0.1575, 2.5866 -0.315 0.1575, 2.3701 -0.7087 0.1575, 2.9409 -0.2468 0.1181, 2.5866 -0.2756 0.1469, 2.5866 -0.2468 0.1181, 2.9409 -0.2756 0.1469, 3.1575 1.1339 2.185, 3.1575 -0.8819 2.185, 3.1575 -0.7559 2.185, 3.1575 -0.6299 2.185, 3.1575 -0.5039 2.185, 3.1575 -0.378 2.185, 3.1575 -0.252 2.185, 3.1575 -0.126 2.185, 3.1575 -0.0 2.185, 3.1575 0.126 2.185, 3.1575 0.252 2.185, 3.1575 0.378 2.185, 3.1575 0.5039 2.185, 3.1575 0.6299 2.185, 3.1575 0.7559 2.185, 3.1575 0.8819 2.185, 3.1575 1.0079 2.185, 2.3701 0.7559 2.185, 2.3701 0.8819 2.185, 2.3701 -0.8819 2.185, 2.3701 -0.7559 2.185, 2.3701 -0.6299 2.185, 2.3701 -0.5039 2.185, 2.3701 -0.378 2.185, 2.3701 -0.252 2.185, 2.3701 -0.126 2.185, 2.3701 -0.0 2.185, 2.3701 0.126 2.185, 2.3701 0.252 2.185, 2.3701 0.378 2.185, 2.3701 0.5039 2.185, 2.3701 0.6299 2.185, 2.3701 1.0079 2.185, 2.3701 1.1339 2.185, 0.3701 1.0884 2.1063, 1.1575 1.0884 2.1063, 1.1575 1.0533 2.1063, 0.3701 1.0533 2.1063, 0.3701 0.9624 2.1063, 1.1575 0.9624 2.1063, 1.1575 0.9274 2.1063, 0.3701 0.9274 2.1063, 0.3701 0.8364 2.1063, 1.1575 0.8364 2.1063, 1.1575 0.8014 2.1063, 0.3701 0.8014 2.1063, 0.3701 0.7104 2.1063, 1.1575 0.7104 2.1063, 1.1575 0.6754 2.1063, 0.3701 0.6754 2.1063, 0.3701 0.5845 2.1063, 1.1575 0.5845 2.1063, 1.1575 0.5494 2.1063, 0.3701 0.5494 2.1063, 0.3701 0.4585 2.1063, 1.1575 0.4585 2.1063, 1.1575 0.4234 2.1063, 0.3701 0.4234 2.1063, 0.3701 0.3325 2.1063, 1.1575 0.3325 2.1063, 1.1575 0.2974 2.1063, 0.3701 0.2974 2.1063, 0.3701 0.2065 2.1063, 1.1575 0.2065 2.1063, 1.1575 0.1714 2.1063, 0.3701 0.1714 2.1063, 0.3701 0.0805 2.1063, 1.1575 0.0805 2.1063, 1.1575 0.0455 2.1063, 0.3701 0.0455 2.1063, 0.3701 -0.0455 2.1063, 1.1575 -0.0455 2.1063, 1.1575 -0.0805 2.1063, 0.3701 -0.0805 2.1063, 0.3701 -0.1714 2.1063, 1.1575 -0.1714 2.1063, 1.1575 -0.2065 2.1063, 0.3701 -0.2065 2.1063, 0.3701 -0.2974 2.1063, 1.1575 -0.2974 2.1063, 1.1575 -0.3325 2.1063, 0.3701 -0.3325 2.1063, 0.3701 -0.4234 2.1063, 1.1575 -0.4234 2.1063, 1.1575 -0.4585 2.1063, 0.3701 -0.4585 2.1063, 0.3701 -0.5494 2.1063, 1.1575 -0.5494 2.1063, 1.1575 -0.5845 2.1063, 0.3701 -0.5845 2.1063, 0.3701 -0.6754 2.1063, 1.1575 -0.6754 2.1063, 1.1575 -0.7104 2.1063, 0.3701 -0.7104 2.1063, 0.3701 -0.8014 2.1063, 1.1575 -0.8014 2.1063, 1.1575 -0.8364 2.1063, 0.3701 -0.8364 2.1063, 0.3701 -0.9274 2.1063, 1.1575 -0.9274 2.1063, 1.1575 -1.1811 2.1063, 0.3701 -1.1811 2.1063, 0.5866 -0.2362 0.0787, 0.9409 -0.2362 -0.9372, 0.9409 -0.2362 0.0787, 0.5866 -0.2362 -0.9372, 0.8228 -0.2362 -1.378, 0.7047 -0.2362 -1.378, 0.8228 0.0787 -1.378, 0.7047 0.0787 -1.378, 0.5866 0.0787 -0.9372, 0.9409 0.0787 -0.9372, 0.5866 0.0787 0.0787, 0.9409 0.0787 0.0787, 0.5866 -0.0366 0.3571, 0.5866 -0.1181 0.4197, 0.9409 -0.0366 0.3571, 0.9409 -0.1181 0.4197, 0.5866 -0.2131 0.459, 0.5866 -0.315 0.4724, 0.9409 -0.2131 0.459, 0.9409 -0.315 0.4724, 0.9409 0.026 0.2756, 0.9409 0.0653 0.1806, 0.5866 0.026 0.2756, 0.5866 0.0653 0.1806, 0.3701 -1.1811 0.4724, 1.1575 -0.7087 0.4724, 0.9409 -0.4921 0.4724, 0.5866 -0.4921 0.4724, 0.3701 -0.7087 0.4724, 1.1575 -1.1811 0.4724, 1.1575 -1.2205 0.483, 1.1575 -1.2598 0.5512, 0.3701 -1.2493 0.5118, 0.3701 -1.2598 0.5512, 1.1575 -1.2493 0.5118, 0.3701 -1.2205 0.483, 0.3701 -1.2598 2.0276, 1.1575 -1.2598 2.0276, 1.1575 -1.2493 2.0669, 0.3701 -1.2205 2.0957, 1.1575 -1.2205 2.0957, 0.3701 -1.2493 2.0669, 1.1575 1.1793 2.1063, 0.3701 1.2144 2.1063, 1.1575 1.2144 2.1063, 0.3701 1.1793 2.1063, 1.1575 1.2598 2.185, 0.3701 1.2598 2.4213, 1.1575 1.2598 2.4213, 0.3701 1.2598 2.185, 1.1575 -1.1811 2.4213, 0.3701 -1.1811 2.4213, 0.3701 -1.4595 2.3059, 0.3701 -1.5221 2.2244, 1.1575 -1.4595 2.3059, 1.1575 -1.5221 2.2244, 0.3701 -1.5614 2.1295, 0.3701 -1.5748 2.0276, 1.1575 -1.5614 2.1295, 1.1575 -1.5748 2.0276, 1.1575 -1.378 2.3685, 1.1575 -1.283 2.4078, 0.3701 -1.378 2.3685, 0.3701 -1.283 2.4078, 1.1575 -1.5748 0.5512, 0.3701 -1.5748 0.5512, 0.3701 -1.4595 0.2728, 0.3701 -1.378 0.2102, 1.1575 -1.4595 0.2728, 1.1575 -1.378 0.2102, 0.3701 -1.283 0.1709, 0.3701 -1.1811 0.1575, 1.1575 -1.283 0.1709, 1.1575 -1.1811 0.1575, 1.1575 -1.5221 0.3543, 1.1575 -1.5614 0.4493, 0.3701 -1.5221 0.3543, 0.3701 -1.5614 0.4493, 1.1575 -0.7087 0.1575, 0.9409 -0.4921 0.1575, 0.9409 -0.315 0.1575, 0.5866 -0.4921 0.1575, 0.5866 -0.315 0.1575, 0.3701 -0.7087 0.1575, 0.9409 -0.2468 0.1181, 0.5866 -0.2756 0.1469, 0.5866 -0.2468 0.1181, 0.9409 -0.2756 0.1469, 1.1575 1.1339 2.185, 1.1575 -0.8819 2.185, 1.1575 -0.7559 2.185, 1.1575 -0.6299 2.185, 1.1575 -0.5039 2.185, 1.1575 -0.378 2.185, 1.1575 -0.252 2.185, 1.1575 -0.126 2.185, 1.1575 -0.0 2.185, 1.1575 0.126 2.185, 1.1575 0.252 2.185, 1.1575 0.378 2.185, 1.1575 0.5039 2.185, 1.1575 0.6299 2.185, 1.1575 0.7559 2.185, 1.1575 0.8819 2.185, 1.1575 1.0079 2.185, 0.3701 0.7559 2.185, 0.3701 0.8819 2.185, 0.3701 -0.8819 2.185, 0.3701 -0.7559 2.185, 0.3701 -0.6299 2.185, 0.3701 -0.5039 2.185, 0.3701 -0.378 2.185, 0.3701 -0.252 2.185, 0.3701 -0.126 2.185, 0.3701 -0.0 2.185, 0.3701 0.126 2.185, 0.3701 0.252 2.185, 0.3701 0.378 2.185, 0.3701 0.5039 2.185, 0.3701 0.6299 2.185, 0.3701 1.0079 2.185, 0.3701 1.1339 2.185, -1.6299 1.0884 2.1063, -0.8425 1.0884 2.1063, -0.8425 1.0533 2.1063, -1.6299 1.0533 2.1063, -1.6299 0.9624 2.1063, -0.8425 0.9624 2.1063, -0.8425 0.9274 2.1063, -1.6299 0.9274 2.1063, -1.6299 0.8364 2.1063, -0.8425 0.8364 2.1063, -0.8425 0.8014 2.1063, -1.6299 0.8014 2.1063, -1.6299 0.7104 2.1063, -0.8425 0.7104 2.1063, -0.8425 0.6754 2.1063, -1.6299 0.6754 2.1063, -1.6299 0.5845 2.1063, -0.8425 0.5845 2.1063, -0.8425 0.5494 2.1063, -1.6299 0.5494 2.1063, -1.6299 0.4585 2.1063, -0.8425 0.4585 2.1063, -0.8425 0.4234 2.1063, -1.6299 0.4234 2.1063, -1.6299 0.3325 2.1063, -0.8425 0.3325 2.1063, -0.8425 0.2974 2.1063, -1.6299 0.2974 2.1063, -1.6299 0.2065 2.1063, -0.8425 0.2065 2.1063, -0.8425 0.1714 2.1063, -1.6299 0.1714 2.1063, -1.6299 0.0805 2.1063, -0.8425 0.0805 2.1063, -0.8425 0.0455 2.1063, -1.6299 0.0455 2.1063, -1.6299 -0.0455 2.1063, -0.8425 -0.0455 2.1063, -0.8425 -0.0805 2.1063, -1.6299 -0.0805 2.1063, -1.6299 -0.1714 2.1063, -0.8425 -0.1714 2.1063, -0.8425 -0.2065 2.1063, -1.6299 -0.2065 2.1063, -1.6299 -0.2974 2.1063, -0.8425 -0.2974 2.1063, -0.8425 -0.3325 2.1063, -1.6299 -0.3325 2.1063, -1.6299 -0.4234 2.1063, -0.8425 -0.4234 2.1063, -0.8425 -0.4585 2.1063, -1.6299 -0.4585 2.1063, -1.6299 -0.5494 2.1063, -0.8425 -0.5494 2.1063, -0.8425 -0.5845 2.1063, -1.6299 -0.5845 2.1063, -1.6299 -0.6754 2.1063, -0.8425 -0.6754 2.1063, -0.8425 -0.7104 2.1063, -1.6299 -0.7104 2.1063, -1.6299 -0.8014 2.1063, -0.8425 -0.8014 2.1063, -0.8425 -0.8364 2.1063, -1.6299 -0.8364 2.1063, -1.6299 -0.9274 2.1063, -0.8425 -0.9274 2.1063, -0.8425 -1.1811 2.1063, -1.6299 -1.1811 2.1063, -1.4134 -0.2362 0.0787, -1.0591 -0.2362 -0.9372, -1.0591 -0.2362 0.0787, -1.4134 -0.2362 -0.9372, -1.1772 -0.2362 -1.378, -1.2953 -0.2362 -1.378, -1.1772 0.0787 -1.378, -1.2953 0.0787 -1.378, -1.4134 0.0787 -0.9372, -1.0591 0.0787 -0.9372, -1.4134 0.0787 0.0787, -1.0591 0.0787 0.0787, -1.4134 -0.0366 0.3571, -1.4134 -0.1181 0.4197, -1.0591 -0.0366 0.3571, -1.0591 -0.1181 0.4197, -1.4134 -0.2131 0.459, -1.4134 -0.315 0.4724, -1.0591 -0.2131 0.459, -1.0591 -0.315 0.4724, -1.0591 0.026 0.2756, -1.0591 0.0653 0.1806, -1.4134 0.026 0.2756, -1.4134 0.0653 0.1806, -1.6299 -1.1811 0.4724, -0.8425 -0.7087 0.4724, -1.0591 -0.4921 0.4724, -1.4134 -0.4921 0.4724, -1.6299 -0.7087 0.4724, -0.8425 -1.1811 0.4724, -0.8425 -1.2205 0.483, -0.8425 -1.2598 0.5512, -1.6299 -1.2493 0.5118, -1.6299 -1.2598 0.5512, -0.8425 -1.2493 0.5118, -1.6299 -1.2205 0.483, -1.6299 -1.2598 2.0276, -0.8425 -1.2598 2.0276, -0.8425 -1.2493 2.0669, -1.6299 -1.2205 2.0957, -0.8425 -1.2205 2.0957, -1.6299 -1.2493 2.0669, -0.8425 1.1793 2.1063, -1.6299 1.2144 2.1063, -0.8425 1.2144 2.1063, -1.6299 1.1793 2.1063, -0.8425 1.2598 2.185, -1.6299 1.2598 2.4213, -0.8425 1.2598 2.4213, -1.6299 1.2598 2.185, -0.8425 -1.1811 2.4213, -1.6299 -1.1811 2.4213, -1.6299 -1.4595 2.3059, -1.6299 -1.5221 2.2244, -0.8425 -1.4595 2.3059, -0.8425 -1.5221 2.2244, -1.6299 -1.5614 2.1295, -1.6299 -1.5748 2.0276, -0.8425 -1.5614 2.1295, -0.8425 -1.5748 2.0276, -0.8425 -1.378 2.3685, -0.8425 -1.283 2.4078, -1.6299 -1.378 2.3685, -1.6299 -1.283 2.4078, -0.8425 -1.5748 0.5512, -1.6299 -1.5748 0.5512, -1.6299 -1.4595 0.2728, -1.6299 -1.378 0.2102, -0.8425 -1.4595 0.2728, -0.8425 -1.378 0.2102, -1.6299 -1.283 0.1709, -1.6299 -1.1811 0.1575, -0.8425 -1.283 0.1709, -0.8425 -1.1811 0.1575, -0.8425 -1.5221 0.3543, -0.8425 -1.5614 0.4493, -1.6299 -1.5221 0.3543, -1.6299 -1.5614 0.4493, -0.8425 -0.7087 0.1575, -1.0591 -0.4921 0.1575, -1.0591 -0.315 0.1575, -1.4134 -0.4921 0.1575, -1.4134 -0.315 0.1575, -1.6299 -0.7087 0.1575, -1.0591 -0.2468 0.1181, -1.4134 -0.2468 0.1181, -1.4134 -0.2756 0.1469, -1.0591 -0.2756 0.1469, -0.8425 1.1339 2.185, -0.8425 -0.8819 2.185, -0.8425 -0.7559 2.185, -0.8425 -0.6299 2.185, -0.8425 -0.5039 2.185, -0.8425 -0.378 2.185, -0.8425 -0.252 2.185, -0.8425 -0.126 2.185, -0.8425 -0.0 2.185, -0.8425 0.126 2.185, -0.8425 0.252 2.185, -0.8425 0.378 2.185, -0.8425 0.5039 2.185, -0.8425 0.6299 2.185, -0.8425 0.7559 2.185, -0.8425 0.8819 2.185, -0.8425 1.0079 2.185, -1.6299 0.7559 2.185, -1.6299 0.8819 2.185, -1.6299 -0.8819 2.185, -1.6299 -0.7559 2.185, -1.6299 -0.6299 2.185, -1.6299 -0.5039 2.185, -1.6299 -0.378 2.185, -1.6299 -0.252 2.185, -1.6299 -0.126 2.185, -1.6299 -0.0 2.185, -1.6299 0.126 2.185, -1.6299 0.252 2.185, -1.6299 0.378 2.185, -1.6299 0.5039 2.185, -1.6299 0.6299 2.185, -1.6299 1.0079 2.185, -1.6299 1.1339 2.185, 0.7638 0.4372 4.8425, 0.6619 0.4238 3.1496, 0.6619 0.4238 4.8425, 0.5669 0.3845 4.8425, 0.5669 0.3845 3.1496, 0.4854 0.3219 4.8425, 0.4854 0.3219 3.1496, 0.4228 0.2404 3.1496, 0.4228 0.2404 4.8425, 0.7638 0.4372 3.1496, 0.3701 0.0435 3.1496, 0.3835 0.1454 4.8425, 0.3835 0.1454 3.1496, 0.3701 0.0435 4.8425, 0.8657 0.4238 4.8425, 0.9606 0.3845 4.8425, 0.8657 0.4238 3.1496, 0.9606 0.3845 3.1496, 1.0422 0.3219 4.8425, 1.1047 0.2404 4.8425, 1.0422 0.3219 3.1496, 1.1441 0.1454 4.8425, 1.1047 0.2404 3.1496, 1.1441 0.1454 3.1496, 1.1575 0.0435 4.8425, 1.1575 0.0435 3.1496, 0.6196 0.7684 4.9154, 0.6246 0.7433 4.8771, 0.481 0.7263 4.9154, 1.4886 0.1877 4.9154, 1.4466 0.3263 4.9154, 1.4549 0.3298 4.9606, 0.5224 0.6253 4.8425, 0.3887 0.6049 4.8515, 0.5054 0.6673 4.8515, 0.2864 0.5209 4.8515, 0.4135 0.5671 4.8425, 0.4908 0.7027 4.8771, 0.3532 0.658 4.9154, 0.3674 0.6367 4.8771, 0.2412 0.5661 4.9154, 0.2593 0.548 4.8771, 0.1493 0.4541 4.9154, 0.3182 0.4887 4.8425, 0.2024 0.4186 4.8515, 0.1401 0.3019 4.8515, 0.1047 0.3166 4.8771, 0.081 0.3263 4.9154, 0.0301 0.1895 4.9606, 0.0727 0.3298 4.9606, 0.0389 0.1877 4.9154, 0.0157 0.0435 4.9606, 0.1706 0.4399 4.8771, 0.064 0.1827 4.8771, 0.1016 0.1752 4.8515, 0.146 0.1665 4.8425, 0.0887 0.0435 4.8515, 0.0503 0.0435 4.8771, 0.1339 0.0435 4.8425, 0.6405 0.6612 4.8425, 0.6321 0.7057 4.8515, 0.7638 0.7826 4.9154, 0.7638 0.757 4.8771, 0.8863 0.6614 4.8425, 0.7638 0.7186 4.8515, 0.8955 0.7057 4.8515, 0.903 0.7433 4.8771, 0.908 0.7684 4.9154, 0.7634 0.6734 4.8425, 1.0466 0.7263 4.9154, 1.0368 0.7027 4.8771, 1.1744 0.658 4.9154, 1.1601 0.6367 4.8771, 1.209 0.4891 4.8425, 1.1389 0.6049 4.8515, 1.2412 0.5209 4.8515, 1.2683 0.548 4.8771, 1.2864 0.5661 4.9154, 1.3251 0.4186 4.8515, 1.2874 0.3936 4.8425, 1.357 0.4399 4.8771, 1.3783 0.4541 4.9154, 1.3875 0.3019 4.8515, 1.3457 0.2847 4.8425, 1.4229 0.3166 4.8771, 1.4772 0.0435 4.8771, 1.4635 0.1827 4.8771, 1.5028 0.0435 4.9154, 1.4974 0.1895 4.9606, 1.5118 0.0435 4.9606, 1.4259 0.1752 4.8515, 1.4389 0.0435 4.8515, 1.3816 0.1665 4.8425, 1.3937 0.0435 4.8425, 1.3857 0.4591 4.9606, 1.1135 0.5674 4.8425, 1.2927 0.5725 4.9606, 1.0045 0.6256 4.8425, 1.0221 0.6673 4.8515, 1.1794 0.6655 4.9606, 1.05 0.7346 4.9606, 0.9097 0.7772 4.9606, 0.7638 0.7916 4.9606, 0.6178 0.7772 4.9606, 0.4775 0.7346 4.9606, 0.3482 0.6655 4.9606, 0.2348 0.5725 4.9606, 0.2399 0.3933 4.8425, 0.1418 0.4591 4.9606, 0.1818 0.2844 4.8425, 0.0247 0.0435 4.9154, 0.4806 0.7359 5.1969, 0.3524 0.6683 5.1969, 0.2396 0.5772 5.1969, 0.1465 0.4661 5.1969, 0.0766 0.3391 5.1969, 0.0325 0.201 5.1969, 0.0325 0.201 5.1181, 0.0232 0.1489 5.1181, 0.0176 0.0963 5.1181, 0.0157 0.0435 5.1181, 0.6195 0.7775 5.1969, 0.9081 0.7775 5.1969, 0.7638 0.7916 5.1969, 1.0469 0.7359 5.1969, 1.1751 0.6683 5.1969, 1.2879 0.5772 5.1969, 1.381 0.4661 5.1969, 1.4509 0.3391 5.1969, 1.495 0.201 5.1969, 1.495 0.201 5.1181, 1.5044 0.1489 5.1181, 1.5099 0.0964 5.1181, 1.5118 0.0435 5.1181, 1.4724 -0.921 0.7087, 1.1969 -0.921 2.4409, 1.1969 -0.921 1.1024, 0.3307 -0.921 2.4409, 0.0551 -0.921 3.0315, 0.0551 -0.921 0.7087, 0.3307 -0.921 1.1024, 1.4724 -0.921 3.0315, 1.4724 1.0081 0.7087, 1.1969 1.0081 1.1024, 1.1969 1.0081 2.4409, 0.3307 1.0081 1.1024, 0.0551 1.0081 0.7087, 0.0551 1.0081 3.0315, 0.3307 1.0081 2.4409, 1.4724 1.0081 3.0315, 0.2768 -0.114 5.4331, 0.3163 -0.2048 5.4331, 1.2113 -0.2048 5.4331, 1.0848 -0.355 5.4331, 1.1555 -0.2858 5.4331, 0.3725 -0.2863 5.4331, 0.8133 -0.4659 5.4331, 0.9105 -0.4468 5.4331, 0.6176 -0.4469 5.4331, 1.0022 -0.4094 5.4331, 0.4433 -0.3555 5.4331, 0.526 -0.4097 5.4331, 0.7145 -0.4659 5.4331, 1.2508 -0.114 5.4331, 0.2477 -0.4819 5.2698, 0.1561 -0.3725 5.2698, 0.2396 -0.4902 5.1969, 0.1465 -0.379 5.1969, 0.1181 -0.2342 5.3357, 0.0805 -0.114 5.3377, 0.0872 -0.2475 5.2698, 0.0451 -0.114 5.2711, 0.0325 -0.1139 5.1969, 0.0766 -0.252 5.1969, 1.2197 -0.4207 5.388, 1.3438 -0.3535 5.3357, 1.3007 -0.324 5.388, 0.2269 -0.324 5.388, 0.3079 -0.4207 5.388, 0.2812 -0.2868 5.4215, 0.4422 -0.4449 5.4215, 0.406 -0.4999 5.388, 0.5175 -0.5587 5.388, 0.354 -0.3737 5.4215, 0.7638 -0.6071 5.388, 0.8893 -0.5949 5.388, 0.7638 -0.5413 5.4215, 0.7638 -0.6929 5.2698, 0.6217 -0.6791 5.2698, 0.7638 -0.7045 5.1969, 1.301 -0.1875 5.4215, 1.381 -0.379 5.1969, 1.4509 -0.252 5.1969, 1.3715 -0.3725 5.2698, 1.0854 -0.4449 5.4215, 1.1216 -0.4999 5.388, 1.2463 -0.2868 5.4215, 1.1736 -0.3737 5.4215, 1.4403 -0.2475 5.2698, 1.4825 -0.114 5.2709, 1.4095 -0.2342 5.3357, 1.495 -0.1139 5.1969, 1.2798 -0.4819 5.2698, 1.1688 -0.5716 5.2698, 1.2879 -0.4902 5.1969, 0.9851 -0.4978 5.4215, 1.0101 -0.5587 5.388, 0.9058 -0.6791 5.2698, 1.0469 -0.6489 5.1969, 1.0426 -0.6381 5.2698, 0.8766 -0.5303 5.4215, 0.6383 -0.5949 5.388, 0.651 -0.5303 5.4215, 1.1752 -0.5812 5.1969, 0.9081 -0.6905 5.1969, 0.5424 -0.4978 5.4215, 0.3588 -0.5716 5.2698, 0.3524 -0.5812 5.1969, 0.6195 -0.6905 5.1969, 0.4806 -0.6489 5.1969, 0.485 -0.6381 5.2698, 0.2266 -0.1875 5.4215, 0.1661 -0.2136 5.388, 0.1347 -0.114 5.3894, 0.2024 -0.114 5.4218, 0.1838 -0.3535 5.3357, 0.2712 -0.458 5.3357, 0.3772 -0.5435 5.3357, 0.4977 -0.6071 5.3357, 0.6282 -0.6462 5.3357, 0.7638 -0.6594 5.3357, 0.8994 -0.6462 5.3357, 1.0299 -0.6071 5.3357, 1.1503 -0.5435 5.3357, 1.2563 -0.458 5.3357, 1.4473 -0.114 5.3375, 1.3615 -0.2136 5.388, 1.393 -0.114 5.3893, 1.3252 -0.114 5.4218, 0.7142 0.5529 5.4331, 0.6171 0.5339 5.4331, 0.91 0.534 5.4331, 0.3721 0.3729 5.4331, 1.1551 0.3734 5.4331, 0.4427 0.4421 5.4331, 1.2508 0.201 5.4331, 1.2113 0.2919 5.4331, 0.3163 0.2919 5.4331, 0.8131 0.5529 5.4331, 1.0015 0.4967 5.4331, 0.5254 0.4964 5.4331, 1.0843 0.4425 5.4331, 0.2768 0.201 5.4331, 1.4825 0.201 5.2712, 0.2812 0.3739 5.4215, 0.354 0.4608 5.4215, 0.2269 0.4111 5.388, 0.2266 0.2746 5.4215, 0.2477 0.569 5.2698, 0.1561 0.4596 5.2698, 0.485 0.7252 5.2698, 0.6217 0.7662 5.2698, 0.8766 0.6174 5.4215, 0.8893 0.682 5.388, 0.7638 0.6942 5.388, 0.3588 0.6586 5.2698, 0.9058 0.7662 5.2698, 0.9851 0.5848 5.4215, 1.0101 0.6458 5.388, 1.4403 0.3345 5.2698, 1.3007 0.4111 5.388, 1.2197 0.5077 5.388, 1.2463 0.3739 5.4215, 1.3252 0.201 5.4218, 1.393 0.201 5.3893, 1.3615 0.3006 5.388, 1.4095 0.3213 5.3357, 1.4473 0.201 5.3376, 1.301 0.2746 5.4215, 1.2798 0.569 5.2698, 1.3715 0.4596 5.2698, 1.1688 0.6586 5.2698, 1.1736 0.4608 5.4215, 1.1216 0.587 5.388, 0.7638 0.78 5.2698, 1.0854 0.532 5.4215, 0.651 0.6174 5.4215, 0.6383 0.682 5.388, 0.5175 0.6458 5.388, 0.7638 0.6283 5.4215, 0.406 0.587 5.388, 0.5424 0.5848 5.4215, 0.1181 0.3213 5.3357, 0.0872 0.3345 5.2698, 0.045 0.201 5.2711, 0.3079 0.5077 5.388, 0.4422 0.532 5.4215, 0.1838 0.4406 5.3357, 1.0426 0.7252 5.2698, 1.3438 0.4406 5.3357, 1.2563 0.545 5.3357, 1.1503 0.6306 5.3357, 1.0299 0.6942 5.3357, 0.8994 0.7333 5.3357, 0.7638 0.7464 5.3357, 0.6282 0.7333 5.3357, 0.4977 0.6942 5.3357, 0.3772 0.6306 5.3357, 0.2712 0.545 5.3357, 0.0802 0.201 5.3375, 0.1661 0.3006 5.388, 0.1346 0.201 5.3893, 0.2024 0.201 5.4219, 0.02 -0.0357 5.1181, 0.0301 -0.1024 4.9606, 0.2348 -0.4854 4.9606, 0.1418 -0.3721 4.9606, 0.0727 -0.2427 4.9606, 0.6178 -0.6901 4.9606, 0.7638 -0.7045 4.9606, 0.3482 -0.5784 4.9606, 0.4775 -0.6476 4.9606, 1.05 -0.6476 4.9606, 0.9097 -0.6901 4.9606, 1.3857 -0.3721 4.9606, 1.1794 -0.5784 4.9606, 1.2927 -0.4854 4.9606, 1.4549 -0.2427 4.9606, 1.495 -0.114 5.1181, 1.4974 -0.1024 4.9606, 1.5076 -0.0357 5.1181, 0.0325 -0.114 5.1181, 0.2864 -0.4339 4.8515, 0.2024 -0.3315 4.8515, 0.2401 -0.3066 4.8425, 0.146 -0.0794 4.8425, 0.1016 -0.0882 4.8515, 0.1401 -0.2148 4.8515, 0.1819 -0.1976 4.8425, 0.2593 -0.4609 4.8771, 0.3532 -0.571 4.9154, 0.2412 -0.4791 4.9154, 0.081 -0.2393 4.9154, 0.1047 -0.2295 4.8771, 0.1493 -0.3671 4.9154, 0.887 -0.5742 4.8425, 0.8955 -0.6186 4.8515, 0.7641 -0.5864 4.8425, 0.3887 -0.5178 4.8515, 0.3185 -0.402 4.8425, 1.0221 -0.5802 4.8515, 0.7638 -0.6955 4.9154, 0.6196 -0.6813 4.9154, 0.6246 -0.6562 4.8771, 1.3251 -0.3315 4.8515, 1.2412 -0.4339 4.8515, 1.2094 -0.4016 4.8425, 1.0466 -0.6393 4.9154, 1.0368 -0.6156 4.8771, 1.1744 -0.571 4.9154, 1.4229 -0.2295 4.8771, 1.3875 -0.2148 4.8515, 1.4259 -0.0882 4.8515, 1.4635 -0.0957 4.8771, 1.4466 -0.2393 4.9154, 1.3783 -0.3671 4.9154, 1.357 -0.3528 4.8771, 1.3816 -0.0794 4.8425, 1.4886 -0.1006 4.9154, 1.1601 -0.5497 4.8771, 1.2864 -0.4791 4.9154, 1.2683 -0.4609 4.8771, 1.0052 -0.5383 4.8425, 1.1389 -0.5178 4.8515, 1.114 -0.48 4.8425, 0.908 -0.6813 4.9154, 0.7638 -0.6699 4.8771, 0.903 -0.6562 4.8771, 0.3674 -0.5497 4.8771, 0.481 -0.6393 4.9154, 0.4908 -0.6156 4.8771, 0.1706 -0.3528 4.8771, 0.6412 -0.5743 4.8425, 0.7638 -0.6316 4.8515, 0.0389 -0.1006 4.9154, 0.064 -0.0957 4.8771, 0.414 -0.4804 4.8425, 0.523 -0.5385 4.8425, 0.5054 -0.5802 4.8515, 0.6321 -0.6186 4.8515, 1.2877 -0.3062 4.8425, 1.3458 -0.1973 4.8425, 0.3835 -0.0584 4.8425, 1.1441 -0.0584 4.8425, 0.9606 -0.2974 4.8425, 1.0422 -0.2349 4.8425, 0.7638 -0.3502 4.8425, 0.6619 -0.3368 4.8425, 0.8657 -0.3368 4.8425, 0.4854 -0.2349 4.8425, 0.5669 -0.2974 4.8425, 1.1047 -0.1533 4.8425, 0.4228 -0.1533 4.8425, 0.3835 -0.0584 3.1496, 0.5669 -0.2974 3.1496, 0.4854 -0.2349 3.1496, 0.4228 -0.1533 3.1496, 0.7638 -0.3502 3.1496, 0.8657 -0.3368 3.1496, 0.6619 -0.3368 3.1496, 1.0422 -0.2349 3.1496, 1.1047 -0.1533 3.1496, 0.9606 -0.2974 3.1496, 1.1441 -0.0584 3.1496, 1.4724 0.9735 3.115, 0.0551 0.9735 3.115, 0.0551 0.9352 3.1406, 0.0551 0.89 3.1496, 1.4724 0.9352 3.1406, 1.4724 0.89 3.1496, 1.4724 0.9991 3.0767, 0.0551 0.9991 3.0767, 1.4724 -0.8029 3.1496, 0.0551 -0.8029 3.1496, 1.4724 -0.8864 3.115, 0.0551 -0.8864 3.115, 0.0551 -0.912 3.0767, 1.4724 -0.912 3.0767, 1.4724 -0.8481 3.1406, 0.0551 -0.8481 3.1406, 1.4724 -0.8864 0.6251, 0.0551 -0.8864 0.6251, 0.0551 -0.8481 0.5995, 0.0551 -0.8029 0.5906, 1.4724 -0.8481 0.5995, 1.4724 -0.8029 0.5906, 1.4724 -0.912 0.6635, 0.0551 -0.912 0.6635, 0.0551 0.89 0.5906, 1.4724 0.89 0.5906, 1.4724 0.9735 0.6251, 0.0551 0.9735 0.6251, 0.0551 0.9991 0.6635, 1.4724 0.9991 0.6635, 1.4724 0.9352 0.5995, 0.0551 0.9352 0.5995, -1.2362 0.4372 4.8425, -1.3381 0.4238 3.1496, -1.3381 0.4238 4.8425, -1.4331 0.3845 4.8425, -1.4331 0.3845 3.1496, -1.5146 0.3219 4.8425, -1.5146 0.3219 3.1496, -1.5772 0.2404 3.1496, -1.5772 0.2404 4.8425, -1.2362 0.4372 3.1496, -1.6299 0.0435 3.1496, -1.6165 0.1454 4.8425, -1.6165 0.1454 3.1496, -1.6299 0.0435 4.8425, -1.1343 0.4238 4.8425, -1.0394 0.3845 4.8425, -1.1343 0.4238 3.1496, -1.0394 0.3845 3.1496, -0.9578 0.3219 4.8425, -0.8953 0.2404 4.8425, -0.9578 0.3219 3.1496, -0.8559 0.1454 4.8425, -0.8953 0.2404 3.1496, -0.8559 0.1454 3.1496, -0.8425 0.0435 4.8425, -0.8425 0.0435 3.1496, -1.3754 0.7433 4.8771, -1.519 0.7263 4.9154, -1.3804 0.7684 4.9154, -0.5114 0.1877 4.9154, -0.5534 0.3263 4.9154, -0.5451 0.3298 4.9606, -1.6468 0.658 4.9154, -1.5092 0.7027 4.8771, -1.4776 0.6253 4.8425, -1.6113 0.6049 4.8515, -1.4946 0.6673 4.8515, -1.3679 0.7057 4.8515, -1.3595 0.6612 4.8425, -1.6818 0.4887 4.8425, -1.7976 0.4186 4.8515, -1.7136 0.5209 4.8515, -1.7588 0.5661 4.9154, -1.6326 0.6367 4.8771, -1.5865 0.5671 4.8425, -1.9611 0.1877 4.9154, -1.9843 0.0435 4.9606, -1.9699 0.1895 4.9606, -1.8599 0.3019 4.8515, -1.8984 0.1752 4.8515, -1.9359 0.1827 4.8771, -1.8507 0.4541 4.9154, -1.8294 0.4399 4.8771, -1.919 0.3263 4.9154, -1.8954 0.3166 4.8771, -1.9273 0.3298 4.9606, -1.7407 0.548 4.8771, -1.854 0.1665 4.8425, -1.8661 0.0435 4.8425, -1.9113 0.0435 4.8515, -1.9497 0.0435 4.8771, -1.2362 0.757 4.8771, -1.2362 0.7826 4.9154, -1.097 0.7433 4.8771, -1.092 0.7684 4.9154, -1.2366 0.6734 4.8425, -0.9534 0.7263 4.9154, -0.9632 0.7027 4.8771, -1.1137 0.6614 4.8425, -1.2362 0.7186 4.8515, -0.8256 0.658 4.9154, -0.8399 0.6367 4.8771, -0.791 0.4891 4.8425, -0.8611 0.6049 4.8515, -0.7588 0.5209 4.8515, -0.7317 0.548 4.8771, -0.7136 0.5661 4.9154, -0.6749 0.4186 4.8515, -0.7126 0.3936 4.8425, -0.643 0.4399 4.8771, -0.6217 0.4541 4.9154, -0.6125 0.3019 4.8515, -0.6543 0.2847 4.8425, -0.5771 0.3166 4.8771, -0.5228 0.0435 4.8771, -0.5365 0.1827 4.8771, -0.4972 0.0435 4.9154, -0.5026 0.1895 4.9606, -0.4882 0.0435 4.9606, -0.5741 0.1752 4.8515, -0.5611 0.0435 4.8515, -0.6184 0.1665 4.8425, -0.6063 0.0435 4.8425, -0.6143 0.4591 4.9606, -0.8865 0.5674 4.8425, -0.7073 0.5725 4.9606, -0.9955 0.6256 4.8425, -0.9779 0.6673 4.8515, -0.8206 0.6655 4.9606, -1.1045 0.7057 4.8515, -0.95 0.7346 4.9606, -1.0903 0.7772 4.9606, -1.2362 0.7916 4.9606, -1.3822 0.7772 4.9606, -1.5225 0.7346 4.9606, -1.6518 0.6655 4.9606, -1.7652 0.5725 4.9606, -1.7601 0.3933 4.8425, -1.8582 0.4591 4.9606, -1.8182 0.2844 4.8425, -1.9753 0.0435 4.9154, -1.5194 0.7359 5.1969, -1.6476 0.6683 5.1969, -1.7604 0.5772 5.1969, -1.8535 0.4661 5.1969, -1.9234 0.3391 5.1969, -1.9675 0.201 5.1969, -1.9675 0.201 5.1181, -1.9768 0.1489 5.1181, -1.9824 0.0963 5.1181, -1.9843 0.0435 5.1181, -1.3805 0.7775 5.1969, -1.0919 0.7775 5.1969, -1.2362 0.7916 5.1969, -0.9531 0.7359 5.1969, -0.8249 0.6683 5.1969, -0.7121 0.5772 5.1969, -0.619 0.4661 5.1969, -0.5491 0.3391 5.1969, -0.505 0.201 5.1969, -0.505 0.201 5.1181, -0.4957 0.1489 5.1181, -0.4901 0.0964 5.1181, -0.4882 0.0435 5.1181, -0.5276 -0.921 0.7087, -0.8031 -0.921 2.4409, -0.8031 -0.921 1.1024, -1.6693 -0.921 2.4409, -1.9449 -0.921 3.0315, -1.9449 -0.921 0.7087, -1.6693 -0.921 1.1024, -0.5276 -0.921 3.0315, -0.5276 1.0081 0.7087, -0.8031 1.0081 1.1024, -0.8031 1.0081 2.4409, -1.6693 1.0081 1.1024, -1.9449 1.0081 0.7087, -1.9449 1.0081 3.0315, -1.6693 1.0081 2.4409, -0.5276 1.0081 3.0315, -1.7232 -0.114 5.4331, -1.6837 -0.2048 5.4331, -0.7887 -0.2048 5.4331, -0.9152 -0.355 5.4331, -0.8445 -0.2858 5.4331, -1.6275 -0.2863 5.4331, -1.1867 -0.4659 5.4331, -1.0895 -0.4468 5.4331, -1.3824 -0.4469 5.4331, -0.9978 -0.4094 5.4331, -1.5567 -0.3555 5.4331, -1.474 -0.4097 5.4331, -1.2855 -0.4659 5.4331, -0.7492 -0.114 5.4331, -1.7523 -0.4819 5.2698, -1.8439 -0.3725 5.2698, -1.7604 -0.4902 5.1969, -1.8535 -0.379 5.1969, -1.8819 -0.2342 5.3357, -1.9196 -0.114 5.3377, -1.9128 -0.2475 5.2698, -1.9549 -0.114 5.2711, -1.9675 -0.1139 5.1969, -1.9234 -0.252 5.1969, -0.7803 -0.4207 5.388, -0.6562 -0.3535 5.3357, -0.6993 -0.324 5.388, -1.7731 -0.324 5.388, -1.6921 -0.4207 5.388, -1.7188 -0.2868 5.4215, -1.5578 -0.4449 5.4215, -1.594 -0.4999 5.388, -1.4825 -0.5587 5.388, -1.646 -0.3737 5.4215, -1.2362 -0.6071 5.388, -1.1107 -0.5949 5.388, -1.2362 -0.5413 5.4215, -1.2362 -0.6929 5.2698, -1.3783 -0.6791 5.2698, -1.2362 -0.7045 5.1969, -0.699 -0.1875 5.4215, -0.619 -0.379 5.1969, -0.5491 -0.252 5.1969, -0.6285 -0.3725 5.2698, -0.9146 -0.4449 5.4215, -0.8784 -0.4999 5.388, -0.7537 -0.2868 5.4215, -0.8264 -0.3737 5.4215, -0.5597 -0.2475 5.2698, -0.5175 -0.114 5.2709, -0.5905 -0.2342 5.3357, -0.505 -0.1139 5.1969, -0.7202 -0.4819 5.2698, -0.8312 -0.5716 5.2698, -0.7121 -0.4902 5.1969, -1.0149 -0.4978 5.4215, -0.9899 -0.5587 5.388, -1.0942 -0.6791 5.2698, -0.9531 -0.6489 5.1969, -0.9574 -0.6381 5.2698, -1.1234 -0.5303 5.4215, -1.3617 -0.5949 5.388, -1.349 -0.5303 5.4215, -0.8248 -0.5812 5.1969, -1.0919 -0.6905 5.1969, -1.4576 -0.4978 5.4215, -1.6412 -0.5716 5.2698, -1.6476 -0.5812 5.1969, -1.3805 -0.6905 5.1969, -1.5194 -0.6489 5.1969, -1.515 -0.6381 5.2698, -1.7734 -0.1875 5.4215, -1.8339 -0.2136 5.388, -1.8653 -0.114 5.3894, -1.7976 -0.114 5.4218, -1.8162 -0.3535 5.3357, -1.7288 -0.458 5.3357, -1.6228 -0.5435 5.3357, -1.5023 -0.6071 5.3357, -1.3718 -0.6462 5.3357, -1.2362 -0.6594 5.3357, -1.1006 -0.6462 5.3357, -0.9701 -0.6071 5.3357, -0.8497 -0.5435 5.3357, -0.7437 -0.458 5.3357, -0.5527 -0.114 5.3375, -0.6385 -0.2136 5.388, -0.607 -0.114 5.3893, -0.6748 -0.114 5.4218, -1.2858 0.5529 5.4331, -1.3829 0.5339 5.4331, -1.09 0.534 5.4331, -1.6279 0.3729 5.4331, -0.8449 0.3734 5.4331, -1.5573 0.4421 5.4331, -0.7492 0.201 5.4331, -0.7887 0.2919 5.4331, -1.6837 0.2919 5.4331, -1.1869 0.5529 5.4331, -0.9985 0.4967 5.4331, -1.4746 0.4964 5.4331, -0.9157 0.4425 5.4331, -1.7232 0.201 5.4331, -0.5175 0.201 5.2712, -1.7188 0.3739 5.4215, -1.646 0.4608 5.4215, -1.7731 0.4111 5.388, -1.7734 0.2746 5.4215, -1.7523 0.569 5.2698, -1.8439 0.4596 5.2698, -1.515 0.7252 5.2698, -1.3783 0.7662 5.2698, -1.1234 0.6174 5.4215, -1.1107 0.682 5.388, -1.2362 0.6942 5.388, -1.6412 0.6586 5.2698, -1.0942 0.7662 5.2698, -1.0149 0.5848 5.4215, -0.9899 0.6458 5.388, -0.5597 0.3345 5.2698, -0.6993 0.4111 5.388, -0.7803 0.5077 5.388, -0.7537 0.3739 5.4215, -0.6748 0.201 5.4218, -0.607 0.201 5.3893, -0.6385 0.3006 5.388, -0.5905 0.3213 5.3357, -0.5527 0.201 5.3376, -0.699 0.2746 5.4215, -1.8162 0.4406 5.3357, -1.6921 0.5077 5.388, -0.7202 0.569 5.2698, -0.6285 0.4596 5.2698, -0.8312 0.6586 5.2698, -1.2362 0.78 5.2698, -0.8264 0.4608 5.4215, -0.8784 0.587 5.388, -0.9146 0.532 5.4215, -1.3617 0.682 5.388, -1.2362 0.6283 5.4215, -1.955 0.201 5.2711, -1.9128 0.3345 5.2698, -1.4825 0.6458 5.388, -1.594 0.587 5.388, -1.4576 0.5848 5.4215, -1.349 0.6174 5.4215, -1.5578 0.532 5.4215, -1.8819 0.3213 5.3357, -0.9574 0.7252 5.2698, -0.6562 0.4406 5.3357, -0.7437 0.545 5.3357, -0.8497 0.6306 5.3357, -0.9701 0.6942 5.3357, -1.1006 0.7333 5.3357, -1.2362 0.7464 5.3357, -1.3718 0.7333 5.3357, -1.5023 0.6942 5.3357, -1.6228 0.6306 5.3357, -1.7288 0.545 5.3357, -1.9198 0.201 5.3375, -1.8339 0.3006 5.388, -1.8654 0.201 5.3893, -1.7976 0.201 5.4219, -1.98 -0.0357 5.1181, -1.9699 -0.1024 4.9606, -1.7652 -0.4854 4.9606, -1.8582 -0.3721 4.9606, -1.9273 -0.2427 4.9606, -1.3822 -0.6901 4.9606, -1.2362 -0.7045 4.9606, -1.6518 -0.5784 4.9606, -1.5225 -0.6476 4.9606, -0.95 -0.6476 4.9606, -1.0903 -0.6901 4.9606, -0.6143 -0.3721 4.9606, -0.8206 -0.5784 4.9606, -0.7073 -0.4854 4.9606, -0.5451 -0.2427 4.9606, -0.505 -0.114 5.1181, -0.5026 -0.1024 4.9606, -0.4924 -0.0357 5.1181, -1.9675 -0.114 5.1181, -1.7136 -0.4339 4.8515, -1.7976 -0.3315 4.8515, -1.7599 -0.3066 4.8425, -1.854 -0.0794 4.8425, -1.8984 -0.0882 4.8515, -1.8599 -0.2148 4.8515, -1.8181 -0.1976 4.8425, -1.7407 -0.4609 4.8771, -1.6468 -0.571 4.9154, -1.7588 -0.4791 4.9154, -1.919 -0.2393 4.9154, -1.8954 -0.2295 4.8771, -1.8507 -0.3671 4.9154, -1.113 -0.5742 4.8425, -1.1045 -0.6186 4.8515, -1.2359 -0.5864 4.8425, -1.6113 -0.5178 4.8515, -1.6815 -0.402 4.8425, -0.9779 -0.5802 4.8515, -1.2362 -0.6955 4.9154, -1.3804 -0.6813 4.9154, -1.3754 -0.6562 4.8771, -0.6749 -0.3315 4.8515, -0.7588 -0.4339 4.8515, -0.7906 -0.4016 4.8425, -0.9534 -0.6393 4.9154, -0.9632 -0.6156 4.8771, -0.8256 -0.571 4.9154, -0.5771 -0.2295 4.8771, -0.6125 -0.2148 4.8515, -0.5741 -0.0882 4.8515, -0.5365 -0.0957 4.8771, -0.5534 -0.2393 4.9154, -0.6217 -0.3671 4.9154, -0.643 -0.3528 4.8771, -0.6184 -0.0794 4.8425, -0.5114 -0.1006 4.9154, -0.8399 -0.5497 4.8771, -0.7136 -0.4791 4.9154, -0.7317 -0.4609 4.8771, -0.9948 -0.5383 4.8425, -0.8611 -0.5178 4.8515, -0.886 -0.48 4.8425, -1.092 -0.6813 4.9154, -1.2362 -0.6699 4.8771, -1.097 -0.6562 4.8771, -1.6326 -0.5497 4.8771, -1.519 -0.6393 4.9154, -1.5092 -0.6156 4.8771, -1.8294 -0.3528 4.8771, -1.3588 -0.5743 4.8425, -1.2362 -0.6316 4.8515, -1.9611 -0.1006 4.9154, -1.9359 -0.0957 4.8771, -1.586 -0.4804 4.8425, -1.477 -0.5385 4.8425, -1.4946 -0.5802 4.8515, -1.3679 -0.6186 4.8515, -0.7123 -0.3062 4.8425, -0.6542 -0.1973 4.8425, -1.6165 -0.0584 4.8425, -0.8559 -0.0584 4.8425, -1.0394 -0.2974 4.8425, -0.9578 -0.2349 4.8425, -1.2362 -0.3502 4.8425, -1.3381 -0.3368 4.8425, -1.1343 -0.3368 4.8425, -1.5146 -0.2349 4.8425, -1.4331 -0.2974 4.8425, -0.8953 -0.1533 4.8425, -1.5772 -0.1533 4.8425, -1.6165 -0.0584 3.1496, -1.4331 -0.2974 3.1496, -1.5146 -0.2349 3.1496, -1.5772 -0.1533 3.1496, -1.2362 -0.3502 3.1496, -1.1343 -0.3368 3.1496, -1.3381 -0.3368 3.1496, -0.9578 -0.2349 3.1496, -0.8953 -0.1533 3.1496, -1.0394 -0.2974 3.1496, -0.8559 -0.0584 3.1496, -0.5276 0.9735 3.115, -1.9449 0.9735 3.115, -1.9449 0.9352 3.1406, -1.9449 0.89 3.1496, -0.5276 0.9352 3.1406, -0.5276 0.89 3.1496, -0.5276 0.9991 3.0767, -1.9449 0.9991 3.0767, -0.5276 -0.8029 3.1496, -1.9449 -0.8029 3.1496, -0.5276 -0.8864 3.115, -1.9449 -0.8864 3.115, -1.9449 -0.912 3.0767, -0.5276 -0.912 3.0767, -0.5276 -0.8481 3.1406, -1.9449 -0.8481 3.1406, -0.5276 -0.8864 0.6251, -1.9449 -0.8864 0.6251, -1.9449 -0.8481 0.5995, -1.9449 -0.8029 0.5906, -0.5276 -0.8481 0.5995, -0.5276 -0.8029 0.5906, -0.5276 -0.912 0.6635, -1.9449 -0.912 0.6635, -1.9449 0.89 0.5906, -0.5276 0.89 0.5906, -0.5276 0.9735 0.6251, -1.9449 0.9735 0.6251, -1.9449 0.9991 0.6635, -0.5276 0.9991 0.6635, -0.5276 0.9352 0.5995, -1.9449 0.9352 0.5995, -3.6299 1.0884 2.1063, -2.8425 1.0884 2.1063, -2.8425 1.0533 2.1063, -3.6299 1.0533 2.1063, -3.6299 0.9624 2.1063, -2.8425 0.9624 2.1063, -2.8425 0.9274 2.1063, -3.6299 0.9274 2.1063, -3.6299 0.8364 2.1063, -2.8425 0.8364 2.1063, -2.8425 0.8014 2.1063, -3.6299 0.8014 2.1063, -3.6299 0.7104 2.1063, -2.8425 0.7104 2.1063, -2.8425 0.6754 2.1063, -3.6299 0.6754 2.1063, -3.6299 0.5845 2.1063, -2.8425 0.5845 2.1063, -2.8425 0.5494 2.1063, -3.6299 0.5494 2.1063, -3.6299 0.4585 2.1063, -2.8425 0.4585 2.1063, -2.8425 0.4234 2.1063, -3.6299 0.4234 2.1063, -3.6299 0.3325 2.1063, -2.8425 0.3325 2.1063, -2.8425 0.2974 2.1063, -3.6299 0.2974 2.1063, -3.6299 0.2065 2.1063, -2.8425 0.2065 2.1063, -2.8425 0.1714 2.1063, -3.6299 0.1714 2.1063, -3.6299 0.0805 2.1063, -2.8425 0.0805 2.1063, -2.8425 0.0455 2.1063, -3.6299 0.0455 2.1063, -3.6299 -0.0455 2.1063, -2.8425 -0.0455 2.1063, -2.8425 -0.0805 2.1063, -3.6299 -0.0805 2.1063, -3.6299 -0.1714 2.1063, -2.8425 -0.1714 2.1063, -2.8425 -0.2065 2.1063, -3.6299 -0.2065 2.1063, -3.6299 -0.2974 2.1063, -2.8425 -0.2974 2.1063, -2.8425 -0.3325 2.1063, -3.6299 -0.3325 2.1063, -3.6299 -0.4234 2.1063, -2.8425 -0.4234 2.1063, -2.8425 -0.4585 2.1063, -3.6299 -0.4585 2.1063, -3.6299 -0.5494 2.1063, -2.8425 -0.5494 2.1063, -2.8425 -0.5845 2.1063, -3.6299 -0.5845 2.1063, -3.6299 -0.6754 2.1063, -2.8425 -0.6754 2.1063, -2.8425 -0.7104 2.1063, -3.6299 -0.7104 2.1063, -3.6299 -0.8014 2.1063, -2.8425 -0.8014 2.1063, -2.8425 -0.8364 2.1063, -3.6299 -0.8364 2.1063, -3.6299 -0.9274 2.1063, -2.8425 -0.9274 2.1063, -2.8425 -1.1811 2.1063, -3.6299 -1.1811 2.1063, -3.4134 -0.2362 0.0787, -3.0591 -0.2362 -0.9372, -3.0591 -0.2362 0.0787, -3.4134 -0.2362 -0.9372, -3.1772 -0.2362 -1.378, -3.2953 -0.2362 -1.378, -3.1772 0.0787 -1.378, -3.2953 0.0787 -1.378, -3.4134 0.0787 -0.9372, -3.0591 0.0787 -0.9372, -3.4134 0.0787 0.0787, -3.0591 0.0787 0.0787, -3.4134 -0.0366 0.3571, -3.4134 -0.1181 0.4197, -3.0591 -0.0366 0.3571, -3.0591 -0.1181 0.4197, -3.4134 -0.2131 0.459, -3.4134 -0.315 0.4724, -3.0591 -0.2131 0.459, -3.0591 -0.315 0.4724, -3.0591 0.026 0.2756, -3.0591 0.0653 0.1806, -3.4134 0.026 0.2756, -3.4134 0.0653 0.1806, -3.6299 -1.1811 0.4724, -2.8425 -0.7087 0.4724, -3.0591 -0.4921 0.4724, -3.4134 -0.4921 0.4724, -3.6299 -0.7087 0.4724, -2.8425 -1.1811 0.4724, -2.8425 -1.2205 0.483, -2.8425 -1.2598 0.5512, -3.6299 -1.2493 0.5118, -3.6299 -1.2598 0.5512, -2.8425 -1.2493 0.5118, -3.6299 -1.2205 0.483, -3.6299 -1.2598 2.0276, -2.8425 -1.2598 2.0276, -2.8425 -1.2493 2.0669, -3.6299 -1.2205 2.0957, -2.8425 -1.2205 2.0957, -3.6299 -1.2493 2.0669, -2.8425 1.1793 2.1063, -3.6299 1.2144 2.1063, -2.8425 1.2144 2.1063, -3.6299 1.1793 2.1063, -2.8425 1.2598 2.185, -3.6299 1.2598 2.4213, -2.8425 1.2598 2.4213, -3.6299 1.2598 2.185, -2.8425 -1.1811 2.4213, -3.6299 -1.1811 2.4213, -3.6299 -1.4595 2.3059, -3.6299 -1.5221 2.2244, -2.8425 -1.4595 2.3059, -2.8425 -1.5221 2.2244, -3.6299 -1.5614 2.1295, -3.6299 -1.5748 2.0276, -2.8425 -1.5614 2.1295, -2.8425 -1.5748 2.0276, -2.8425 -1.378 2.3685, -2.8425 -1.283 2.4078, -3.6299 -1.378 2.3685, -3.6299 -1.283 2.4078, -2.8425 -1.5748 0.5512, -3.6299 -1.5748 0.5512, -3.6299 -1.4595 0.2728, -3.6299 -1.378 0.2102, -2.8425 -1.4595 0.2728, -2.8425 -1.378 0.2102, -3.6299 -1.283 0.1709, -3.6299 -1.1811 0.1575, -2.8425 -1.283 0.1709, -2.8425 -1.1811 0.1575, -2.8425 -1.5221 0.3543, -2.8425 -1.5614 0.4493, -3.6299 -1.5221 0.3543, -3.6299 -1.5614 0.4493, -2.8425 -0.7087 0.1575, -3.0591 -0.4921 0.1575, -3.0591 -0.315 0.1575, -3.4134 -0.4921 0.1575, -3.4134 -0.315 0.1575, -3.6299 -0.7087 0.1575, -3.0591 -0.2468 0.1181, -3.4134 -0.2756 0.1469, -3.4134 -0.2468 0.1181, -3.0591 -0.2756 0.1469, -2.8425 1.1339 2.185, -2.8425 -0.8819 2.185, -2.8425 -0.7559 2.185, -2.8425 -0.6299 2.185, -2.8425 -0.5039 2.185, -2.8425 -0.378 2.185, -2.8425 -0.252 2.185, -2.8425 -0.126 2.185, -2.8425 -0.0 2.185, -2.8425 0.126 2.185, -2.8425 0.252 2.185, -2.8425 0.378 2.185, -2.8425 0.5039 2.185, -2.8425 0.6299 2.185, -2.8425 0.7559 2.185, -2.8425 0.8819 2.185, -2.8425 1.0079 2.185, -3.6299 0.7559 2.185, -3.6299 0.8819 2.185, -3.6299 -0.8819 2.185, -3.6299 -0.7559 2.185, -3.6299 -0.6299 2.185, -3.6299 -0.5039 2.185, -3.6299 -0.378 2.185, -3.6299 -0.252 2.185, -3.6299 -0.126 2.185, -3.6299 -0.0 2.185, -3.6299 0.126 2.185, -3.6299 0.252 2.185, -3.6299 0.378 2.185, -3.6299 0.5039 2.185, -3.6299 0.6299 2.185, -3.6299 1.0079 2.185, -3.6299 1.1339 2.185, -3.2362 0.4372 4.8425, -3.3381 0.4238 3.1496, -3.3381 0.4238 4.8425, -3.4331 0.3845 4.8425, -3.4331 0.3845 3.1496, -3.5146 0.3219 4.8425, -3.5146 0.3219 3.1496, -3.5772 0.2404 3.1496, -3.5772 0.2404 4.8425, -3.2362 0.4372 3.1496, -3.6299 0.0435 3.1496, -3.6165 0.1454 4.8425, -3.6165 0.1454 3.1496, -3.6299 0.0435 4.8425, -3.1343 0.4238 4.8425, -3.0394 0.3845 4.8425, -3.1343 0.4238 3.1496, -3.0394 0.3845 3.1496, -2.9578 0.3219 4.8425, -2.8953 0.2404 4.8425, -2.9578 0.3219 3.1496, -2.8559 0.1454 4.8425, -2.8953 0.2404 3.1496, -2.8559 0.1454 3.1496, -2.8425 0.0435 4.8425, -2.8425 0.0435 3.1496, -3.3804 0.7684 4.9154, -3.3754 0.7433 4.8771, -3.519 0.7263 4.9154, -2.5114 0.1877 4.9154, -2.5534 0.3263 4.9154, -2.5451 0.3298 4.9606, -3.6113 0.6049 4.8515, -3.4946 0.6673 4.8515, -3.4776 0.6253 4.8425, -3.7136 0.5209 4.8515, -3.5865 0.5671 4.8425, -3.5092 0.7027 4.8771, -3.6468 0.658 4.9154, -3.9359 0.1827 4.8771, -3.8599 0.3019 4.8515, -3.8984 0.1752 4.8515, -3.7407 0.548 4.8771, -3.8507 0.4541 4.9154, -3.7588 0.5661 4.9154, -3.6818 0.4887 4.8425, -3.7976 0.4186 4.8515, -3.9699 0.1895 4.9606, -3.9611 0.1877 4.9154, -3.9843 0.0435 4.9606, -3.8954 0.3166 4.8771, -3.6326 0.6367 4.8771, -3.8294 0.4399 4.8771, -3.919 0.3263 4.9154, -3.9273 0.3298 4.9606, -3.3679 0.7057 4.8515, -3.3595 0.6612 4.8425, -3.9113 0.0435 4.8515, -3.9497 0.0435 4.8771, -3.854 0.1665 4.8425, -3.2362 0.7826 4.9154, -3.2362 0.757 4.8771, -3.8661 0.0435 4.8425, -3.097 0.7433 4.8771, -3.092 0.7684 4.9154, -3.2366 0.6734 4.8425, -2.9534 0.7263 4.9154, -2.9632 0.7027 4.8771, -3.1137 0.6614 4.8425, -3.2362 0.7186 4.8515, -2.8256 0.658 4.9154, -2.8399 0.6367 4.8771, -2.791 0.4891 4.8425, -2.8611 0.6049 4.8515, -2.7588 0.5209 4.8515, -2.7317 0.548 4.8771, -2.7136 0.5661 4.9154, -2.6749 0.4186 4.8515, -2.7126 0.3936 4.8425, -2.643 0.4399 4.8771, -2.6217 0.4541 4.9154, -2.6125 0.3019 4.8515, -2.6543 0.2847 4.8425, -2.5771 0.3166 4.8771, -2.5228 0.0435 4.8771, -2.5365 0.1827 4.8771, -2.4972 0.0435 4.9154, -2.5026 0.1895 4.9606, -2.4882 0.0435 4.9606, -2.6184 0.1665 4.8425, -2.5741 0.1752 4.8515, -2.5611 0.0435 4.8515, -2.6063 0.0435 4.8425, -2.6143 0.4591 4.9606, -2.8865 0.5674 4.8425, -2.7073 0.5725 4.9606, -2.9955 0.6256 4.8425, -2.9779 0.6673 4.8515, -2.8206 0.6655 4.9606, -3.1045 0.7057 4.8515, -2.95 0.7346 4.9606, -3.0903 0.7772 4.9606, -3.2362 0.7916 4.9606, -3.3822 0.7772 4.9606, -3.5225 0.7346 4.9606, -3.6518 0.6655 4.9606, -3.7652 0.5725 4.9606, -3.7601 0.3933 4.8425, -3.8582 0.4591 4.9606, -3.8182 0.2844 4.8425, -3.9753 0.0435 4.9154, -3.5194 0.7359 5.1969, -3.6476 0.6683 5.1969, -3.7604 0.5772 5.1969, -3.8535 0.4661 5.1969, -3.9234 0.3391 5.1969, -3.9675 0.201 5.1969, -3.9675 0.201 5.1181, -3.9768 0.1489 5.1181, -3.9824 0.0963 5.1181, -3.9843 0.0435 5.1181, -3.3805 0.7775 5.1969, -3.0919 0.7775 5.1969, -3.2362 0.7916 5.1969, -2.9531 0.7359 5.1969, -2.8249 0.6683 5.1969, -2.7121 0.5772 5.1969, -2.619 0.4661 5.1969, -2.5491 0.3391 5.1969, -2.505 0.201 5.1969, -2.505 0.201 5.1181, -2.4956 0.1489 5.1181, -2.4901 0.0964 5.1181, -2.4882 0.0435 5.1181, -2.5276 -0.921 0.7087, -2.8031 -0.921 2.4409, -2.8031 -0.921 1.1024, -3.6693 -0.921 2.4409, -3.9449 -0.921 3.0315, -3.9449 -0.921 0.7087, -3.6693 -0.921 1.1024, -2.5276 -0.921 3.0315, -2.5276 1.0081 0.7087, -2.8031 1.0081 1.1024, -2.8031 1.0081 2.4409, -3.6693 1.0081 1.1024, -3.9449 1.0081 0.7087, -3.9449 1.0081 3.0315, -3.6693 1.0081 2.4409, -2.5276 1.0081 3.0315, -3.7232 -0.114 5.4331, -3.6837 -0.2048 5.4331, -2.7887 -0.2048 5.4331, -2.9152 -0.355 5.4331, -2.8445 -0.2858 5.4331, -3.6275 -0.2863 5.4331, -3.1867 -0.4659 5.4331, -3.0895 -0.4468 5.4331, -3.3824 -0.4469 5.4331, -2.9978 -0.4094 5.4331, -3.5567 -0.3555 5.4331, -3.474 -0.4097 5.4331, -3.2855 -0.4659 5.4331, -2.7492 -0.114 5.4331, -3.7523 -0.4819 5.2698, -3.8439 -0.3725 5.2698, -3.7604 -0.4902 5.1969, -3.8535 -0.379 5.1969, -3.8819 -0.2342 5.3357, -3.9196 -0.114 5.3377, -3.9128 -0.2475 5.2698, -3.9549 -0.114 5.2711, -3.9675 -0.1139 5.1969, -3.9234 -0.252 5.1969, -2.7803 -0.4207 5.388, -2.6562 -0.3535 5.3357, -2.6993 -0.324 5.388, -3.7731 -0.324 5.388, -3.6921 -0.4207 5.388, -3.7188 -0.2868 5.4215, -3.5578 -0.4449 5.4215, -3.594 -0.4999 5.388, -3.4825 -0.5587 5.388, -3.646 -0.3737 5.4215, -3.2362 -0.6071 5.388, -3.1107 -0.5949 5.388, -3.2362 -0.5413 5.4215, -3.2362 -0.6929 5.2698, -3.3783 -0.6791 5.2698, -3.2362 -0.7045 5.1969, -2.699 -0.1875 5.4215, -2.619 -0.379 5.1969, -2.5491 -0.252 5.1969, -2.6285 -0.3725 5.2698, -2.9146 -0.4449 5.4215, -2.8784 -0.4999 5.388, -2.7537 -0.2868 5.4215, -2.8264 -0.3737 5.4215, -2.5597 -0.2475 5.2698, -2.5175 -0.114 5.2709, -2.5905 -0.2342 5.3357, -2.505 -0.1139 5.1969, -2.7202 -0.4819 5.2698, -2.8312 -0.5716 5.2698, -2.7121 -0.4902 5.1969, -3.0149 -0.4978 5.4215, -2.9899 -0.5587 5.388, -3.0942 -0.6791 5.2698, -2.9531 -0.6489 5.1969, -2.9574 -0.6381 5.2698, -3.1234 -0.5303 5.4215, -3.3617 -0.5949 5.388, -3.349 -0.5303 5.4215, -2.8248 -0.5812 5.1969, -3.0919 -0.6905 5.1969, -3.4576 -0.4978 5.4215, -3.6412 -0.5716 5.2698, -3.6476 -0.5812 5.1969, -3.3805 -0.6905 5.1969, -3.5194 -0.6489 5.1969, -3.515 -0.6381 5.2698, -3.7734 -0.1875 5.4215, -3.8339 -0.2136 5.388, -3.8653 -0.114 5.3894, -3.7976 -0.114 5.4218, -3.8162 -0.3535 5.3357, -3.7288 -0.458 5.3357, -3.6228 -0.5435 5.3357, -3.5023 -0.6071 5.3357, -3.3718 -0.6462 5.3357, -3.2362 -0.6594 5.3357, -3.1006 -0.6462 5.3357, -2.9701 -0.6071 5.3357, -2.8497 -0.5435 5.3357, -2.7437 -0.458 5.3357, -2.5527 -0.114 5.3375, -2.6385 -0.2136 5.388, -2.607 -0.114 5.3893, -2.6748 -0.114 5.4218, -3.2858 0.5529 5.4331, -3.3829 0.5339 5.4331, -3.09 0.534 5.4331, -3.6279 0.3729 5.4331, -2.8449 0.3734 5.4331, -3.5573 0.4421 5.4331, -2.7492 0.201 5.4331, -2.7887 0.2919 5.4331, -3.6837 0.2919 5.4331, -3.1869 0.5529 5.4331, -2.9985 0.4967 5.4331, -3.4746 0.4964 5.4331, -2.9157 0.4425 5.4331, -3.7232 0.201 5.4331, -2.5175 0.201 5.2712, -3.7188 0.3739 5.4215, -3.646 0.4608 5.4215, -3.7731 0.4111 5.388, -3.7734 0.2746 5.4215, -3.7523 0.569 5.2698, -3.8439 0.4596 5.2698, -3.515 0.7252 5.2698, -3.3783 0.7662 5.2698, -3.1234 0.6174 5.4215, -3.1107 0.682 5.388, -3.2362 0.6942 5.388, -3.2362 0.78 5.2698, -3.0942 0.7662 5.2698, -3.0149 0.5848 5.4215, -2.9899 0.6458 5.388, -2.5597 0.3345 5.2698, -2.6993 0.4111 5.388, -2.7803 0.5077 5.388, -2.7537 0.3739 5.4215, -2.6748 0.201 5.4218, -2.607 0.201 5.3893, -2.6385 0.3006 5.388, -2.5905 0.3213 5.3357, -2.5527 0.201 5.3376, -2.699 0.2746 5.4215, -3.8162 0.4406 5.3357, -3.6921 0.5077 5.388, -2.7202 0.569 5.2698, -2.6285 0.4596 5.2698, -3.9128 0.3345 5.2698, -3.955 0.201 5.2711, -3.8819 0.3213 5.3357, -2.8312 0.6586 5.2698, -2.8264 0.4608 5.4215, -2.8784 0.587 5.388, -2.9146 0.532 5.4215, -3.3617 0.682 5.388, -3.2362 0.6283 5.4215, -3.4825 0.6458 5.388, -3.349 0.6174 5.4215, -3.594 0.587 5.388, -3.4576 0.5848 5.4215, -3.5578 0.532 5.4215, -3.6412 0.6586 5.2698, -2.9574 0.7252 5.2698, -2.6562 0.4406 5.3357, -2.7437 0.545 5.3357, -2.8497 0.6306 5.3357, -2.9701 0.6942 5.3357, -3.1006 0.7333 5.3357, -3.2362 0.7464 5.3357, -3.3718 0.7333 5.3357, -3.5023 0.6942 5.3357, -3.6228 0.6306 5.3357, -3.7288 0.545 5.3357, -3.9198 0.201 5.3375, -3.8339 0.3006 5.388, -3.8654 0.201 5.3893, -3.7976 0.201 5.4219, -3.98 -0.0357 5.1181, -3.9699 -0.1024 4.9606, -3.7652 -0.4854 4.9606, -3.8582 -0.3721 4.9606, -3.9273 -0.2427 4.9606, -3.3822 -0.6901 4.9606, -3.2362 -0.7045 4.9606, -3.6518 -0.5784 4.9606, -3.5225 -0.6476 4.9606, -2.95 -0.6476 4.9606, -3.0903 -0.6901 4.9606, -2.6143 -0.3721 4.9606, -2.8206 -0.5784 4.9606, -2.7073 -0.4854 4.9606, -2.5451 -0.2427 4.9606, -2.505 -0.114 5.1181, -2.5026 -0.1024 4.9606, -2.4924 -0.0357 5.1181, -3.9675 -0.114 5.1181, -3.7136 -0.4339 4.8515, -3.7976 -0.3315 4.8515, -3.7599 -0.3066 4.8425, -3.854 -0.0794 4.8425, -3.8984 -0.0882 4.8515, -3.8599 -0.2148 4.8515, -3.8181 -0.1976 4.8425, -3.7407 -0.4609 4.8771, -3.6468 -0.571 4.9154, -3.7588 -0.4791 4.9154, -3.919 -0.2393 4.9154, -3.8954 -0.2295 4.8771, -3.8507 -0.3671 4.9154, -3.113 -0.5742 4.8425, -3.1045 -0.6186 4.8515, -3.2359 -0.5864 4.8425, -3.6113 -0.5178 4.8515, -3.6815 -0.402 4.8425, -2.9779 -0.5802 4.8515, -3.2362 -0.6955 4.9154, -3.3804 -0.6813 4.9154, -3.3754 -0.6562 4.8771, -2.6749 -0.3315 4.8515, -2.7588 -0.4339 4.8515, -2.7906 -0.4016 4.8425, -2.9534 -0.6393 4.9154, -2.9632 -0.6156 4.8771, -2.8256 -0.571 4.9154, -2.5771 -0.2295 4.8771, -2.6125 -0.2148 4.8515, -2.5741 -0.0882 4.8515, -2.5365 -0.0957 4.8771, -2.5534 -0.2393 4.9154, -2.6217 -0.3671 4.9154, -2.643 -0.3528 4.8771, -2.6184 -0.0794 4.8425, -2.5114 -0.1006 4.9154, -2.8399 -0.5497 4.8771, -2.7136 -0.4791 4.9154, -2.7317 -0.4609 4.8771, -2.9948 -0.5383 4.8425, -2.8611 -0.5178 4.8515, -2.886 -0.48 4.8425, -3.092 -0.6813 4.9154, -3.2362 -0.6699 4.8771, -3.097 -0.6562 4.8771, -3.6326 -0.5497 4.8771, -3.519 -0.6393 4.9154, -3.5092 -0.6156 4.8771, -3.8294 -0.3528 4.8771, -3.3588 -0.5743 4.8425, -3.2362 -0.6316 4.8515, -3.9611 -0.1006 4.9154, -3.9359 -0.0957 4.8771, -3.586 -0.4804 4.8425, -3.477 -0.5385 4.8425, -3.4946 -0.5802 4.8515, -3.3679 -0.6186 4.8515, -2.7123 -0.3062 4.8425, -2.6542 -0.1973 4.8425, -3.6165 -0.0584 4.8425, -2.8559 -0.0584 4.8425, -3.0394 -0.2974 4.8425, -2.9578 -0.2349 4.8425, -3.2362 -0.3502 4.8425, -3.3381 -0.3368 4.8425, -3.1343 -0.3368 4.8425, -3.5146 -0.2349 4.8425, -3.4331 -0.2974 4.8425, -2.8953 -0.1533 4.8425, -3.5772 -0.1533 4.8425, -3.6165 -0.0584 3.1496, -3.4331 -0.2974 3.1496, -3.5146 -0.2349 3.1496, -3.5772 -0.1533 3.1496, -3.2362 -0.3502 3.1496, -3.1343 -0.3368 3.1496, -3.3381 -0.3368 3.1496, -2.9578 -0.2349 3.1496, -2.8953 -0.1533 3.1496, -3.0394 -0.2974 3.1496, -2.8559 -0.0584 3.1496, -2.5276 0.9735 3.115, -3.9449 0.9735 3.115, -3.9449 0.9352 3.1406, -3.9449 0.89 3.1496, -2.5276 0.9352 3.1406, -2.5276 0.89 3.1496, -2.5276 0.9991 3.0767, -3.9449 0.9991 3.0767, -2.5276 -0.8029 3.1496, -3.9449 -0.8029 3.1496, -2.5276 -0.8864 3.115, -3.9449 -0.8864 3.115, -3.9449 -0.912 3.0767, -2.5276 -0.912 3.0767, -2.5276 -0.8481 3.1406, -3.9449 -0.8481 3.1406, -2.5276 -0.8864 0.6251, -3.9449 -0.8864 0.6251, -3.9449 -0.8481 0.5995, -3.9449 -0.8029 0.5906, -2.5276 -0.8481 0.5995, -2.5276 -0.8029 0.5906, -2.5276 -0.912 0.6635, -3.9449 -0.912 0.6635, -3.9449 0.89 0.5906, -2.5276 0.89 0.5906, -2.5276 0.9735 0.6251, -3.9449 0.9735 0.6251, -3.9449 0.9991 0.6635, -2.5276 0.9991 0.6635, -2.5276 0.9352 0.5995, -3.9449 0.9352 0.5995
            ]
        }
        coordIndex [
            0,1,2,-1,3,2,4,-1,1,4,2,-1,5,3,6,-1,3,4,6,-1,5,7,8,-1,6,7,5,-1,1,0,9,-1,10,11,12,-1,11,8,12,-1,8,7,12,-1,10,13,11,-1,14,9,0,-1,14,15,16,-1,16,9,14,-1,17,15,18,-1,15,17,16,-1,19,20,18,-1,17,18,20,-1,19,21,22,-1,22,20,19,-1,23,21,24,-1,21,23,22,-1,23,24,25,-1,26,27,28,-1,29,30,31,-1,32,33,34,-1,34,35,36,-1,28,37,38,-1,39,40,36,-1,38,41,42,-1,43,44,45,-1,42,46,47,-1,48,49,50,-1,50,51,52,-1,40,44,53,-1,52,47,54,-1,45,55,56,-1,57,45,56,-1,58,59,32,-1,26,60,61,-1,55,62,56,-1,52,53,48,-1,59,33,32,-1,63,60,64,-1,58,65,59,-1,66,67,64,-1,68,65,69,-1,66,70,71,-1,72,73,74,-1,75,70,76,-1,77,78,74,-1,79,76,80,-1,81,82,77,-1,30,83,80,-1,84,85,29,-1,74,78,72,-1,86,84,29,-1,87,88,86,-1,89,85,90,-1,91,89,92,-1,91,82,81,-1,89,90,92,-1,77,82,78,-1,29,87,86,-1,90,85,84,-1,85,83,30,-1,31,87,29,-1,89,81,83,-1,81,89,91,-1,30,93,31,-1,89,83,85,-1,83,79,80,-1,85,30,29,-1,77,79,81,-1,94,73,72,-1,80,93,30,-1,81,79,83,-1,79,75,76,-1,95,93,80,-1,74,75,77,-1,96,97,94,-1,76,95,80,-1,77,75,79,-1,75,71,70,-1,98,95,76,-1,73,71,74,-1,68,99,96,-1,100,98,70,-1,74,71,75,-1,71,67,66,-1,98,76,70,-1,73,97,67,-1,97,73,94,-1,66,101,100,-1,73,67,71,-1,67,63,64,-1,100,70,66,-1,97,99,63,-1,99,97,96,-1,64,102,101,-1,97,63,67,-1,63,61,60,-1,101,66,64,-1,99,69,61,-1,69,99,68,-1,60,103,102,-1,99,61,63,-1,61,27,26,-1,102,64,60,-1,69,58,27,-1,58,69,65,-1,26,104,103,-1,69,27,61,-1,27,37,28,-1,103,60,26,-1,32,37,58,-1,35,34,33,-1,28,105,104,-1,58,37,27,-1,37,41,38,-1,104,26,28,-1,34,41,32,-1,39,36,35,-1,38,106,105,-1,32,41,37,-1,41,46,42,-1,105,28,38,-1,36,46,34,-1,107,40,39,-1,42,108,106,-1,34,46,41,-1,46,54,47,-1,106,38,42,-1,40,54,36,-1,109,44,107,-1,47,51,108,-1,36,54,46,-1,54,53,52,-1,108,42,47,-1,107,44,40,-1,109,55,45,-1,52,48,50,-1,40,53,54,-1,43,48,53,-1,51,47,52,-1,109,45,44,-1,44,43,53,-1,57,110,43,-1,45,57,43,-1,49,48,110,-1,43,110,48,-1,111,103,104,-1,105,112,104,-1,111,104,112,-1,105,106,113,-1,113,112,105,-1,114,106,108,-1,106,114,113,-1,51,115,108,-1,114,108,115,-1,116,51,117,-1,116,115,51,-1,118,117,50,-1,51,50,117,-1,50,49,119,-1,119,118,50,-1,49,120,119,-1,103,111,121,-1,102,103,121,-1,122,102,123,-1,123,102,121,-1,122,101,102,-1,100,101,124,-1,122,124,101,-1,125,98,100,-1,100,124,125,-1,98,126,95,-1,126,98,125,-1,93,95,127,-1,126,127,95,-1,128,31,93,-1,93,127,128,-1,31,129,130,-1,129,31,128,-1,87,131,132,-1,131,87,130,-1,87,31,130,-1,87,132,88,-1,88,132,133,-1,134,135,136,-1,137,138,139,-1,139,140,137,-1,139,134,140,-1,138,135,141,-1,134,141,135,-1,138,137,135,-1,134,136,140,-1,142,143,144,-1,145,142,146,-1,146,147,148,-1,144,147,149,-1,146,148,145,-1,143,142,145,-1,142,144,149,-1,147,144,148,-1,150,151,152,-1,153,154,155,-1,156,157,158,-1,159,160,161,-1,162,156,158,-1,157,159,161,-1,158,157,161,-1,160,153,155,-1,160,159,153,-1,151,154,152,-1,151,155,154,-1,152,163,150,-1,164,165,166,-1,166,165,167,-1,168,169,170,-1,171,172,173,-1,173,170,171,-1,174,175,176,-1,177,178,179,-1,180,181,182,-1,181,183,178,-1,184,185,186,-1,187,188,189,-1,152,190,163,-1,191,192,193,-1,174,194,195,-1,196,197,176,-1,175,193,198,-1,199,200,198,-1,199,198,201,-1,154,197,196,-1,202,203,204,-1,193,202,191,-1,205,206,195,-1,207,208,209,-1,206,210,185,-1,211,184,212,-1,204,203,213,-1,187,189,214,-1,182,211,215,-1,216,164,217,-1,189,188,218,-1,219,218,220,-1,221,222,177,-1,168,222,223,-1,223,222,224,-1,224,221,150,-1,171,170,169,-1,173,167,170,-1,221,177,179,-1,169,168,223,-1,225,168,165,-1,225,177,222,-1,150,221,151,-1,224,222,221,-1,168,170,165,-1,167,165,170,-1,179,178,183,-1,168,225,222,-1,226,225,164,-1,221,179,151,-1,177,226,178,-1,155,151,179,-1,165,164,225,-1,166,217,164,-1,183,181,180,-1,225,226,177,-1,226,216,227,-1,179,183,155,-1,178,227,181,-1,160,155,183,-1,164,216,226,-1,217,219,216,-1,180,182,215,-1,226,227,178,-1,227,220,228,-1,183,180,160,-1,181,228,182,-1,161,160,180,-1,227,216,220,-1,219,220,216,-1,215,211,212,-1,227,228,181,-1,228,188,229,-1,180,215,161,-1,182,229,211,-1,158,161,215,-1,228,220,188,-1,218,188,220,-1,212,184,186,-1,228,229,182,-1,207,214,208,-1,215,212,158,-1,211,230,184,-1,162,158,212,-1,229,187,230,-1,187,229,188,-1,186,185,210,-1,229,230,211,-1,230,207,231,-1,212,186,162,-1,184,231,185,-1,156,162,186,-1,230,187,207,-1,214,207,187,-1,210,206,205,-1,230,231,184,-1,231,209,232,-1,186,210,156,-1,185,232,206,-1,157,156,210,-1,207,209,231,-1,208,213,209,-1,159,205,194,-1,231,232,185,-1,203,233,232,-1,210,205,157,-1,206,233,195,-1,159,157,205,-1,232,209,203,-1,213,203,209,-1,153,194,197,-1,232,233,206,-1,234,233,202,-1,234,174,195,-1,159,194,153,-1,205,195,194,-1,203,202,233,-1,204,191,202,-1,196,190,152,-1,233,234,195,-1,193,175,234,-1,197,174,176,-1,153,197,154,-1,194,174,197,-1,193,234,202,-1,200,199,235,-1,200,236,176,-1,234,175,174,-1,176,175,200,-1,190,196,236,-1,176,236,196,-1,154,196,152,-1,193,192,198,-1,201,198,192,-1,235,237,236,-1,175,198,200,-1,235,236,200,-1,237,238,190,-1,237,190,236,-1,190,238,163,-1,239,240,241,-1,242,243,244,-1,245,246,247,-1,248,239,241,-1,249,250,251,-1,250,249,240,-1,240,249,241,-1,250,244,251,-1,242,246,243,-1,244,243,251,-1,245,247,252,-1,242,247,246,-1,129,128,253,-1,254,255,256,-1,252,247,257,-1,254,242,255,-1,258,114,259,-1,111,260,261,-1,115,259,114,-1,262,263,264,-1,265,121,261,-1,122,123,266,-1,267,268,263,-1,253,128,269,-1,270,271,272,-1,273,274,275,-1,269,276,277,-1,273,278,245,-1,275,274,276,-1,127,269,128,-1,274,277,276,-1,279,256,280,-1,126,281,282,-1,278,275,270,-1,259,283,279,-1,125,284,281,-1,285,271,286,-1,123,121,265,-1,287,286,268,-1,123,265,266,-1,288,289,290,-1,264,289,291,-1,290,292,293,-1,294,292,280,-1,295,113,258,-1,296,283,297,-1,297,283,116,-1,127,126,282,-1,253,269,277,-1,298,124,122,-1,278,270,272,-1,299,276,282,-1,299,270,275,-1,245,278,246,-1,273,275,278,-1,276,269,282,-1,127,282,269,-1,272,271,285,-1,276,299,275,-1,300,299,281,-1,278,272,246,-1,270,300,271,-1,243,246,272,-1,282,281,299,-1,126,125,281,-1,285,286,287,-1,299,300,270,-1,300,284,301,-1,272,285,243,-1,271,301,286,-1,251,243,285,-1,281,284,300,-1,125,124,284,-1,287,268,267,-1,300,301,271,-1,301,298,302,-1,285,287,251,-1,286,302,268,-1,249,251,287,-1,301,284,298,-1,124,298,284,-1,267,263,262,-1,301,302,286,-1,302,266,303,-1,287,267,249,-1,268,303,263,-1,241,249,267,-1,302,298,266,-1,122,266,298,-1,262,264,291,-1,302,303,268,-1,261,121,111,-1,267,262,241,-1,263,304,264,-1,248,241,262,-1,303,265,304,-1,265,303,266,-1,291,289,288,-1,303,304,263,-1,113,295,112,-1,262,291,248,-1,264,305,289,-1,239,248,291,-1,304,265,261,-1,304,261,305,-1,288,290,293,-1,304,305,264,-1,305,260,306,-1,291,288,239,-1,289,306,290,-1,240,239,288,-1,261,260,305,-1,111,112,260,-1,250,293,294,-1,305,306,289,-1,295,307,306,-1,288,293,240,-1,290,307,292,-1,250,240,293,-1,306,260,295,-1,112,295,260,-1,244,294,255,-1,306,307,290,-1,308,307,258,-1,308,280,292,-1,250,294,244,-1,293,292,294,-1,295,258,307,-1,113,114,258,-1,254,257,247,-1,307,308,292,-1,259,279,308,-1,255,280,256,-1,244,255,242,-1,294,280,255,-1,259,308,258,-1,296,297,309,-1,296,310,256,-1,308,279,280,-1,256,279,296,-1,257,254,310,-1,256,310,254,-1,242,254,247,-1,259,115,283,-1,116,283,115,-1,309,311,310,-1,279,283,296,-1,309,310,296,-1,311,312,257,-1,311,257,310,-1,257,312,252,-1,313,49,314,-1,166,167,315,-1,316,173,317,-1,318,319,218,-1,320,321,217,-1,322,213,208,-1,323,214,319,-1,192,191,324,-1,204,325,326,-1,327,201,192,-1,192,324,327,-1,328,327,329,-1,327,328,201,-1,88,330,329,-1,328,329,330,-1,133,330,88,-1,326,191,204,-1,191,326,324,-1,213,325,204,-1,213,322,325,-1,323,322,208,-1,214,189,319,-1,208,214,323,-1,218,219,318,-1,189,218,319,-1,217,321,219,-1,318,219,321,-1,166,315,320,-1,217,166,320,-1,167,173,316,-1,315,167,316,-1,317,172,331,-1,317,173,172,-1,331,313,314,-1,314,317,331,-1,49,313,120,-1,332,333,334,-1,335,336,62,-1,337,335,338,-1,333,338,334,-1,339,340,341,-1,342,343,344,-1,345,346,347,-1,348,332,349,-1,345,350,346,-1,351,352,353,-1,354,355,356,-1,357,358,359,-1,360,354,361,-1,361,362,363,-1,364,365,366,-1,364,329,327,-1,367,90,362,-1,84,362,90,-1,92,90,367,-1,368,88,329,-1,369,370,359,-1,365,370,371,-1,350,372,373,-1,355,373,374,-1,375,351,376,-1,357,375,377,-1,350,345,372,-1,364,360,368,-1,378,379,340,-1,380,352,379,-1,341,344,381,-1,382,347,383,-1,317,384,342,-1,333,337,338,-1,385,384,57,-1,332,334,349,-1,49,110,314,-1,110,57,384,-1,56,336,385,-1,336,56,62,-1,384,314,110,-1,56,385,57,-1,385,343,342,-1,317,314,384,-1,336,337,343,-1,337,336,335,-1,342,316,317,-1,336,343,385,-1,343,381,344,-1,385,342,384,-1,333,381,337,-1,386,348,349,-1,344,316,342,-1,337,381,343,-1,381,339,341,-1,315,316,344,-1,332,339,333,-1,387,388,386,-1,341,315,344,-1,333,339,381,-1,339,378,340,-1,320,315,341,-1,348,378,332,-1,382,389,387,-1,321,320,340,-1,332,378,339,-1,378,380,379,-1,320,341,340,-1,348,388,380,-1,388,348,386,-1,379,318,321,-1,348,380,378,-1,380,353,352,-1,321,340,379,-1,388,389,353,-1,389,388,387,-1,352,319,318,-1,388,353,380,-1,353,376,351,-1,318,379,352,-1,389,383,376,-1,383,389,382,-1,351,323,319,-1,389,376,353,-1,376,377,375,-1,319,352,351,-1,383,346,377,-1,346,383,347,-1,375,322,323,-1,383,377,376,-1,377,358,357,-1,323,351,375,-1,350,358,346,-1,374,373,372,-1,357,325,322,-1,346,358,377,-1,358,369,359,-1,322,375,357,-1,373,369,350,-1,356,355,374,-1,359,326,325,-1,350,369,358,-1,369,371,370,-1,325,357,359,-1,355,371,373,-1,390,354,356,-1,370,324,326,-1,373,371,369,-1,371,366,365,-1,326,359,370,-1,354,366,355,-1,391,361,390,-1,365,327,324,-1,355,366,371,-1,366,360,364,-1,324,370,365,-1,390,361,354,-1,391,367,362,-1,364,368,329,-1,354,360,366,-1,363,368,360,-1,327,365,364,-1,391,362,361,-1,361,363,360,-1,84,86,363,-1,362,84,363,-1,88,368,86,-1,363,86,368,-1,18,78,19,-1,68,14,0,-1,0,59,65,-1,14,68,96,-1,33,2,3,-1,96,94,15,-1,5,35,3,-1,18,94,72,-1,107,5,8,-1,91,21,82,-1,11,109,8,-1,392,338,335,-1,59,2,33,-1,367,391,393,-1,374,394,395,-1,396,345,347,-1,397,382,387,-1,372,345,398,-1,382,397,396,-1,372,394,374,-1,399,386,349,-1,387,386,400,-1,401,391,390,-1,356,395,390,-1,338,392,402,-1,338,402,334,-1,91,92,24,-1,393,24,367,-1,55,13,62,-1,13,392,335,-1,62,13,335,-1,82,19,78,-1,399,349,334,-1,399,334,402,-1,399,400,386,-1,400,397,387,-1,396,347,382,-1,396,398,345,-1,398,394,372,-1,395,356,374,-1,395,401,390,-1,401,393,391,-1,24,92,367,-1,24,21,91,-1,21,19,82,-1,18,72,78,-1,18,15,94,-1,15,14,96,-1,0,65,68,-1,0,2,59,-1,3,35,33,-1,5,39,35,-1,107,8,109,-1,39,5,107,-1,109,11,55,-1,13,55,11,-1,403,13,10,-1,404,399,405,-1,406,402,392,-1,396,407,408,-1,400,409,397,-1,410,411,395,-1,412,394,398,-1,401,411,413,-1,411,401,395,-1,25,393,413,-1,401,413,393,-1,24,393,25,-1,412,410,394,-1,410,395,394,-1,396,408,398,-1,408,412,398,-1,397,409,407,-1,397,407,396,-1,400,399,404,-1,400,404,409,-1,405,402,406,-1,399,402,405,-1,403,392,13,-1,406,392,403,-1,223,150,169,-1,150,223,224,-1,172,171,199,-1,169,150,163,-1,201,331,172,-1,328,331,201,-1,201,172,199,-1,171,169,235,-1,171,235,199,-1,237,235,163,-1,169,163,235,-1,163,238,237,-1,245,274,273,-1,245,252,277,-1,277,274,245,-1,130,129,116,-1,297,129,253,-1,117,130,116,-1,129,297,116,-1,253,277,309,-1,253,309,297,-1,311,309,252,-1,277,252,309,-1,252,312,311,-1,330,313,331,-1,118,130,117,-1,132,120,133,-1,131,118,119,-1,118,131,130,-1,132,131,119,-1,132,119,120,-1,313,133,120,-1,331,328,330,-1,133,313,330,-1,414,415,416,-1,417,418,416,-1,414,416,418,-1,419,418,417,-1,420,415,414,-1,421,420,149,-1,420,421,415,-1,421,149,147,-1,25,422,419,-1,9,417,1,-1,417,423,10,-1,422,413,411,-1,7,417,12,-1,417,10,12,-1,4,417,6,-1,417,7,6,-1,417,4,1,-1,16,419,9,-1,417,9,419,-1,20,419,17,-1,419,16,17,-1,23,419,22,-1,419,20,22,-1,419,23,25,-1,408,407,422,-1,422,25,413,-1,412,422,410,-1,422,411,410,-1,422,412,408,-1,409,423,407,-1,422,407,423,-1,405,423,404,-1,423,409,404,-1,403,423,406,-1,423,405,406,-1,10,423,403,-1,424,425,426,-1,138,427,426,-1,424,426,427,-1,141,427,138,-1,428,425,424,-1,429,428,422,-1,428,429,425,-1,429,422,423,-1,430,431,432,-1,433,434,432,-1,430,432,434,-1,435,434,433,-1,436,431,430,-1,437,436,134,-1,436,437,431,-1,437,134,139,-1,438,439,435,-1,435,433,438,-1,440,441,442,-1,146,443,442,-1,440,442,443,-1,142,443,146,-1,444,441,440,-1,445,444,439,-1,444,445,441,-1,445,439,438,-1,142,440,443,-1,424,141,428,-1,142,444,440,-1,439,444,142,-1,419,439,142,-1,141,435,422,-1,434,134,430,-1,436,430,134,-1,435,134,434,-1,134,435,141,-1,424,427,141,-1,439,422,435,-1,422,428,141,-1,439,419,422,-1,149,419,142,-1,414,418,149,-1,149,418,419,-1,149,420,414,-1,146,442,441,-1,147,416,415,-1,415,421,147,-1,147,417,416,-1,147,146,417,-1,441,445,146,-1,438,146,445,-1,438,417,146,-1,138,423,433,-1,432,431,139,-1,437,139,431,-1,433,432,139,-1,139,138,433,-1,425,138,426,-1,438,433,423,-1,138,429,423,-1,425,429,138,-1,423,417,438,-1,144,137,148,-1,137,144,135,-1,143,145,140,-1,140,136,143,-1,148,140,145,-1,140,148,137,-1,136,144,143,-1,136,135,144,-1,446,447,448,-1,446,448,449,-1,450,451,452,-1,450,452,453,-1,454,455,456,-1,454,456,457,-1,458,459,460,-1,458,460,461,-1,462,463,464,-1,462,464,465,-1,466,467,468,-1,466,468,469,-1,470,471,472,-1,470,472,473,-1,474,475,476,-1,474,476,477,-1,478,479,480,-1,478,480,481,-1,482,483,484,-1,482,484,485,-1,486,487,488,-1,486,488,489,-1,490,491,492,-1,490,492,493,-1,494,495,496,-1,494,496,497,-1,498,499,500,-1,498,500,501,-1,502,503,504,-1,502,504,505,-1,506,507,508,-1,506,508,509,-1,510,511,512,-1,510,512,513,-1,514,515,516,-1,517,515,514,-1,515,517,518,-1,517,519,518,-1,520,518,519,-1,520,519,521,-1,520,521,522,-1,523,520,522,-1,524,523,522,-1,523,524,525,-1,526,527,528,-1,529,527,530,-1,527,529,528,-1,531,532,530,-1,529,530,532,-1,533,532,531,-1,534,526,528,-1,534,535,536,-1,536,526,534,-1,537,535,525,-1,535,537,536,-1,537,525,524,-1,538,539,540,-1,541,542,538,-1,543,539,538,-1,540,541,538,-1,541,533,531,-1,540,533,541,-1,544,543,538,-1,545,546,547,-1,548,549,546,-1,544,549,548,-1,545,548,546,-1,538,549,544,-1,545,550,551,-1,550,545,547,-1,552,551,550,-1,512,553,513,-1,554,555,553,-1,552,555,554,-1,512,554,553,-1,550,555,552,-1,556,557,558,-1,557,556,559,-1,560,561,562,-1,561,560,563,-1,561,564,562,-1,561,565,564,-1,566,567,568,-1,569,567,570,-1,567,569,568,-1,571,572,570,-1,569,570,572,-1,573,572,571,-1,574,566,568,-1,574,575,576,-1,576,566,574,-1,577,575,564,-1,575,577,576,-1,577,564,565,-1,571,578,573,-1,571,579,578,-1,580,581,582,-1,583,581,584,-1,581,583,582,-1,585,586,584,-1,583,584,586,-1,587,586,585,-1,588,580,582,-1,588,589,590,-1,590,580,588,-1,591,589,578,-1,589,591,590,-1,591,578,579,-1,592,587,585,-1,592,585,593,-1,594,595,596,-1,593,585,595,-1,594,593,595,-1,585,597,595,-1,598,599,600,-1,516,598,600,-1,516,600,514,-1,598,601,599,-1,599,601,596,-1,601,594,596,-1,588,582,544,-1,556,560,602,-1,543,583,586,-1,558,560,556,-1,586,587,543,-1,560,562,602,-1,568,569,554,-1,552,569,572,-1,569,552,554,-1,551,552,572,-1,573,551,572,-1,544,583,543,-1,544,582,583,-1,587,539,543,-1,592,539,587,-1,589,588,548,-1,544,548,588,-1,548,545,589,-1,578,545,551,-1,589,545,578,-1,568,554,574,-1,551,573,578,-1,574,512,575,-1,512,574,554,-1,512,511,603,-1,575,512,564,-1,508,507,604,-1,564,603,604,-1,512,603,564,-1,605,504,503,-1,604,605,564,-1,508,604,603,-1,499,606,500,-1,605,606,564,-1,504,605,604,-1,495,607,496,-1,606,607,564,-1,500,606,605,-1,491,608,492,-1,607,608,564,-1,496,607,606,-1,609,488,487,-1,608,609,564,-1,492,608,607,-1,610,484,483,-1,609,610,564,-1,488,609,608,-1,610,611,562,-1,611,480,479,-1,564,610,562,-1,484,610,609,-1,612,476,475,-1,476,612,611,-1,480,611,610,-1,471,613,472,-1,562,612,613,-1,562,611,612,-1,467,614,468,-1,613,614,562,-1,472,613,612,-1,463,615,464,-1,614,615,562,-1,468,614,613,-1,616,460,459,-1,615,616,562,-1,464,615,614,-1,617,456,455,-1,616,617,562,-1,460,616,615,-1,618,452,451,-1,617,618,562,-1,456,617,616,-1,448,602,618,-1,562,618,602,-1,452,618,617,-1,602,448,447,-1,559,563,557,-1,549,580,590,-1,585,584,538,-1,619,561,620,-1,566,553,567,-1,555,570,567,-1,567,553,555,-1,550,570,555,-1,571,570,550,-1,538,584,581,-1,542,585,538,-1,538,581,549,-1,542,597,585,-1,549,581,580,-1,591,546,590,-1,549,590,546,-1,546,591,547,-1,579,550,547,-1,591,579,547,-1,566,576,553,-1,550,579,571,-1,576,577,513,-1,513,553,576,-1,513,621,510,-1,577,565,513,-1,509,622,506,-1,565,622,621,-1,513,565,621,-1,623,502,505,-1,622,565,623,-1,509,621,622,-1,498,501,624,-1,623,565,624,-1,505,622,623,-1,494,497,625,-1,624,565,625,-1,501,623,624,-1,490,493,626,-1,625,565,626,-1,497,624,625,-1,627,486,489,-1,626,565,627,-1,493,625,626,-1,628,482,485,-1,627,565,628,-1,489,626,627,-1,629,478,481,-1,565,561,628,-1,485,627,628,-1,561,629,628,-1,481,628,629,-1,477,630,474,-1,561,630,629,-1,477,629,630,-1,473,631,470,-1,561,631,630,-1,473,630,631,-1,469,632,466,-1,561,632,631,-1,469,631,632,-1,465,633,462,-1,561,633,632,-1,465,632,633,-1,461,619,458,-1,561,619,633,-1,461,633,619,-1,457,620,454,-1,620,561,634,-1,457,619,620,-1,453,634,450,-1,449,634,635,-1,453,620,634,-1,449,635,446,-1,559,635,563,-1,563,635,561,-1,561,635,634,-1,524,536,537,-1,517,514,524,-1,526,536,514,-1,596,531,599,-1,600,599,530,-1,595,531,596,-1,541,531,595,-1,514,600,527,-1,514,527,526,-1,527,600,530,-1,599,531,530,-1,514,536,524,-1,524,522,517,-1,542,541,595,-1,595,597,542,-1,529,532,598,-1,601,598,532,-1,515,523,525,-1,594,601,533,-1,593,594,533,-1,593,533,540,-1,529,598,516,-1,533,601,532,-1,516,534,528,-1,529,516,528,-1,534,525,535,-1,534,516,525,-1,525,516,515,-1,540,539,592,-1,592,593,540,-1,515,518,520,-1,515,520,523,-1,522,521,519,-1,522,519,517,-1,560,558,557,-1,557,563,560,-1,508,603,621,-1,621,509,508,-1,603,510,621,-1,603,511,510,-1,504,604,622,-1,622,505,504,-1,604,506,622,-1,604,507,506,-1,500,605,623,-1,623,501,500,-1,605,502,623,-1,605,503,502,-1,496,606,624,-1,624,497,496,-1,606,498,624,-1,606,499,498,-1,492,607,625,-1,625,493,492,-1,607,494,625,-1,607,495,494,-1,488,608,626,-1,626,489,488,-1,608,490,626,-1,608,491,490,-1,484,609,627,-1,627,485,484,-1,609,486,627,-1,609,487,486,-1,480,610,628,-1,628,481,480,-1,610,482,628,-1,610,483,482,-1,476,611,629,-1,629,477,476,-1,611,478,629,-1,611,479,478,-1,472,612,630,-1,630,473,472,-1,612,474,630,-1,612,475,474,-1,468,613,631,-1,631,469,468,-1,613,470,631,-1,613,471,470,-1,464,614,632,-1,632,465,464,-1,614,466,632,-1,614,467,466,-1,460,615,633,-1,633,461,460,-1,615,462,633,-1,615,463,462,-1,456,616,619,-1,619,457,456,-1,616,458,619,-1,616,459,458,-1,452,617,620,-1,620,453,452,-1,617,454,620,-1,617,455,454,-1,448,618,634,-1,634,449,448,-1,618,450,634,-1,618,451,450,-1,602,446,635,-1,602,447,446,-1,556,602,635,-1,635,559,556,-1,636,637,638,-1,636,638,639,-1,640,641,642,-1,640,642,643,-1,644,645,646,-1,644,646,647,-1,648,649,650,-1,648,650,651,-1,652,653,654,-1,652,654,655,-1,656,657,658,-1,656,658,659,-1,660,661,662,-1,660,662,663,-1,664,665,666,-1,664,666,667,-1,668,669,670,-1,668,670,671,-1,672,673,674,-1,672,674,675,-1,676,677,678,-1,676,678,679,-1,680,681,682,-1,680,682,683,-1,684,685,686,-1,684,686,687,-1,688,689,690,-1,688,690,691,-1,692,693,694,-1,692,694,695,-1,696,697,698,-1,696,698,699,-1,700,701,702,-1,700,702,703,-1,704,705,706,-1,707,705,704,-1,705,707,708,-1,707,709,708,-1,710,708,709,-1,710,709,711,-1,710,711,712,-1,713,710,712,-1,714,713,712,-1,713,714,715,-1,716,717,718,-1,719,717,720,-1,717,719,718,-1,721,722,720,-1,719,720,722,-1,723,722,721,-1,724,716,718,-1,724,725,726,-1,726,716,724,-1,727,725,715,-1,725,727,726,-1,727,715,714,-1,728,729,730,-1,731,732,728,-1,733,729,728,-1,730,731,728,-1,731,723,721,-1,730,723,731,-1,734,733,728,-1,735,736,737,-1,738,739,736,-1,734,739,738,-1,735,738,736,-1,728,739,734,-1,735,740,741,-1,740,735,737,-1,742,741,740,-1,702,743,703,-1,744,745,743,-1,742,745,744,-1,702,744,743,-1,740,745,742,-1,746,747,748,-1,747,746,749,-1,750,751,752,-1,751,750,753,-1,751,754,752,-1,751,755,754,-1,756,757,758,-1,759,757,760,-1,757,759,758,-1,761,762,760,-1,759,760,762,-1,763,762,761,-1,764,756,758,-1,764,765,766,-1,766,756,764,-1,767,765,754,-1,765,767,766,-1,767,754,755,-1,761,768,763,-1,761,769,768,-1,770,771,772,-1,773,771,774,-1,771,773,772,-1,775,776,774,-1,773,774,776,-1,777,776,775,-1,778,770,772,-1,778,779,780,-1,780,770,778,-1,781,779,768,-1,779,781,780,-1,781,768,769,-1,782,777,775,-1,782,775,783,-1,784,785,786,-1,783,775,785,-1,784,783,785,-1,775,787,785,-1,788,789,790,-1,706,790,704,-1,788,790,706,-1,791,789,788,-1,789,791,786,-1,791,784,786,-1,778,772,734,-1,746,750,792,-1,733,773,776,-1,748,750,746,-1,776,777,733,-1,750,752,792,-1,758,759,744,-1,742,759,762,-1,759,742,744,-1,741,742,762,-1,763,741,762,-1,734,773,733,-1,734,772,773,-1,777,729,733,-1,782,729,777,-1,779,778,738,-1,734,738,778,-1,738,735,779,-1,768,735,741,-1,779,735,768,-1,758,744,764,-1,741,763,768,-1,764,702,765,-1,702,764,744,-1,702,701,793,-1,765,702,754,-1,698,697,794,-1,754,793,794,-1,702,793,754,-1,795,694,693,-1,794,795,754,-1,698,794,793,-1,689,796,690,-1,795,796,754,-1,694,795,794,-1,685,797,686,-1,796,797,754,-1,690,796,795,-1,681,798,682,-1,797,798,754,-1,686,797,796,-1,799,678,677,-1,798,799,754,-1,682,798,797,-1,800,674,673,-1,799,800,754,-1,678,799,798,-1,800,801,752,-1,801,670,669,-1,754,800,752,-1,674,800,799,-1,802,666,665,-1,666,802,801,-1,670,801,800,-1,661,803,662,-1,752,802,803,-1,752,801,802,-1,657,804,658,-1,803,804,752,-1,662,803,802,-1,653,805,654,-1,804,805,752,-1,658,804,803,-1,806,650,649,-1,805,806,752,-1,654,805,804,-1,807,646,645,-1,806,807,752,-1,650,806,805,-1,808,642,641,-1,807,808,752,-1,646,807,806,-1,638,792,808,-1,752,808,792,-1,642,808,807,-1,792,638,637,-1,749,753,747,-1,739,770,780,-1,775,774,728,-1,809,751,810,-1,756,743,757,-1,745,760,757,-1,757,743,745,-1,740,760,745,-1,761,760,740,-1,728,774,771,-1,732,775,728,-1,728,771,739,-1,732,787,775,-1,739,771,770,-1,781,736,780,-1,739,780,736,-1,736,781,737,-1,769,740,737,-1,781,769,737,-1,756,766,743,-1,740,769,761,-1,766,767,703,-1,703,743,766,-1,703,811,700,-1,767,755,703,-1,699,812,696,-1,755,812,811,-1,703,755,811,-1,813,692,695,-1,812,755,813,-1,699,811,812,-1,688,691,814,-1,813,755,814,-1,695,812,813,-1,684,687,815,-1,814,755,815,-1,691,813,814,-1,680,683,816,-1,815,755,816,-1,687,814,815,-1,817,676,679,-1,816,755,817,-1,683,815,816,-1,818,672,675,-1,817,755,818,-1,679,816,817,-1,819,668,671,-1,755,751,818,-1,675,817,818,-1,751,819,818,-1,671,818,819,-1,667,820,664,-1,751,820,819,-1,667,819,820,-1,663,821,660,-1,751,821,820,-1,663,820,821,-1,659,822,656,-1,751,822,821,-1,659,821,822,-1,655,823,652,-1,751,823,822,-1,655,822,823,-1,651,809,648,-1,751,809,823,-1,651,823,809,-1,647,810,644,-1,810,751,824,-1,647,809,810,-1,643,824,640,-1,639,824,825,-1,643,810,824,-1,639,825,636,-1,749,825,753,-1,753,825,751,-1,751,825,824,-1,714,726,727,-1,707,704,714,-1,716,726,704,-1,786,721,789,-1,790,789,720,-1,785,721,786,-1,731,721,785,-1,704,790,717,-1,704,717,716,-1,717,790,720,-1,789,721,720,-1,704,726,714,-1,714,712,707,-1,732,731,785,-1,785,787,732,-1,719,722,788,-1,791,788,722,-1,705,713,715,-1,784,791,723,-1,783,784,723,-1,783,723,730,-1,719,788,706,-1,723,791,722,-1,706,724,718,-1,719,706,718,-1,724,715,725,-1,724,706,715,-1,715,706,705,-1,730,729,782,-1,782,783,730,-1,705,708,710,-1,705,710,713,-1,712,711,709,-1,712,709,707,-1,750,748,747,-1,747,753,750,-1,698,793,811,-1,811,699,698,-1,793,700,811,-1,793,701,700,-1,694,794,812,-1,812,695,694,-1,794,696,812,-1,794,697,696,-1,690,795,813,-1,813,691,690,-1,795,692,813,-1,795,693,692,-1,686,796,814,-1,814,687,686,-1,796,688,814,-1,796,689,688,-1,682,797,815,-1,815,683,682,-1,797,684,815,-1,797,685,684,-1,678,798,816,-1,816,679,678,-1,798,680,816,-1,798,681,680,-1,674,799,817,-1,817,675,674,-1,799,676,817,-1,799,677,676,-1,670,800,818,-1,818,671,670,-1,800,672,818,-1,800,673,672,-1,666,801,819,-1,819,667,666,-1,801,668,819,-1,801,669,668,-1,662,802,820,-1,820,663,662,-1,802,664,820,-1,802,665,664,-1,658,803,821,-1,821,659,658,-1,803,660,821,-1,803,661,660,-1,654,804,822,-1,822,655,654,-1,804,656,822,-1,804,657,656,-1,650,805,823,-1,823,651,650,-1,805,652,823,-1,805,653,652,-1,646,806,809,-1,809,647,646,-1,806,648,809,-1,806,649,648,-1,642,807,810,-1,810,643,642,-1,807,644,810,-1,807,645,644,-1,638,808,824,-1,824,639,638,-1,808,640,824,-1,808,641,640,-1,792,636,825,-1,792,637,636,-1,746,792,825,-1,825,749,746,-1,826,827,828,-1,826,828,829,-1,830,831,832,-1,830,832,833,-1,834,835,836,-1,834,836,837,-1,838,839,840,-1,838,840,841,-1,842,843,844,-1,842,844,845,-1,846,847,848,-1,846,848,849,-1,850,851,852,-1,850,852,853,-1,854,855,856,-1,854,856,857,-1,858,859,860,-1,858,860,861,-1,862,863,864,-1,862,864,865,-1,866,867,868,-1,866,868,869,-1,870,871,872,-1,870,872,873,-1,874,875,876,-1,874,876,877,-1,878,879,880,-1,878,880,881,-1,882,883,884,-1,882,884,885,-1,886,887,888,-1,886,888,889,-1,890,891,892,-1,890,892,893,-1,894,895,896,-1,897,895,894,-1,895,897,898,-1,897,899,898,-1,900,898,899,-1,900,899,901,-1,900,901,902,-1,903,900,902,-1,904,903,902,-1,903,904,905,-1,906,907,908,-1,909,907,910,-1,907,909,908,-1,911,912,910,-1,909,910,912,-1,913,912,911,-1,914,906,908,-1,914,915,916,-1,916,906,914,-1,917,915,905,-1,915,917,916,-1,917,905,904,-1,918,919,920,-1,921,922,918,-1,923,919,918,-1,920,921,918,-1,921,913,911,-1,920,913,921,-1,924,923,918,-1,925,926,927,-1,928,929,926,-1,924,929,928,-1,925,928,926,-1,918,929,924,-1,925,930,931,-1,930,925,927,-1,932,931,930,-1,892,933,893,-1,934,935,933,-1,932,935,934,-1,892,934,933,-1,930,935,932,-1,936,937,938,-1,937,936,939,-1,940,941,942,-1,941,940,943,-1,941,944,942,-1,941,945,944,-1,946,947,948,-1,949,947,950,-1,947,949,948,-1,951,952,950,-1,949,950,952,-1,953,952,951,-1,954,946,948,-1,954,955,956,-1,956,946,954,-1,957,955,944,-1,955,957,956,-1,957,944,945,-1,951,958,953,-1,951,959,958,-1,960,961,962,-1,963,961,964,-1,961,963,962,-1,965,966,964,-1,963,964,966,-1,967,966,965,-1,968,960,962,-1,968,969,970,-1,970,960,968,-1,971,969,958,-1,969,971,970,-1,971,958,959,-1,972,967,965,-1,972,965,973,-1,974,975,976,-1,973,965,975,-1,974,973,975,-1,965,977,975,-1,978,979,896,-1,978,980,979,-1,896,979,894,-1,981,980,978,-1,980,981,976,-1,981,974,976,-1,968,962,924,-1,936,940,982,-1,923,963,966,-1,938,940,936,-1,966,967,923,-1,940,942,982,-1,948,949,934,-1,932,949,952,-1,949,932,934,-1,931,932,952,-1,953,931,952,-1,924,963,923,-1,924,962,963,-1,967,919,923,-1,972,919,967,-1,969,968,928,-1,924,928,968,-1,928,925,969,-1,958,925,931,-1,969,925,958,-1,948,934,954,-1,931,953,958,-1,954,892,955,-1,892,954,934,-1,892,891,983,-1,955,892,944,-1,888,887,984,-1,944,983,984,-1,892,983,944,-1,985,884,883,-1,984,985,944,-1,888,984,983,-1,879,986,880,-1,985,986,944,-1,884,985,984,-1,875,987,876,-1,986,987,944,-1,880,986,985,-1,871,988,872,-1,987,988,944,-1,876,987,986,-1,989,868,867,-1,988,989,944,-1,872,988,987,-1,990,864,863,-1,989,990,944,-1,868,989,988,-1,990,991,942,-1,991,860,859,-1,944,990,942,-1,864,990,989,-1,992,856,855,-1,856,992,991,-1,860,991,990,-1,851,993,852,-1,942,992,993,-1,942,991,992,-1,847,994,848,-1,993,994,942,-1,852,993,992,-1,843,995,844,-1,994,995,942,-1,848,994,993,-1,996,840,839,-1,995,996,942,-1,844,995,994,-1,997,836,835,-1,996,997,942,-1,840,996,995,-1,998,832,831,-1,997,998,942,-1,836,997,996,-1,828,982,998,-1,942,998,982,-1,832,998,997,-1,982,828,827,-1,939,943,937,-1,929,960,970,-1,965,964,918,-1,999,941,1000,-1,946,933,947,-1,935,950,947,-1,947,933,935,-1,930,950,935,-1,951,950,930,-1,918,964,961,-1,922,965,918,-1,918,961,929,-1,922,977,965,-1,929,961,960,-1,971,926,970,-1,929,970,926,-1,926,971,927,-1,959,930,927,-1,971,959,927,-1,946,956,933,-1,930,959,951,-1,956,957,893,-1,893,933,956,-1,893,1001,890,-1,957,945,893,-1,889,1002,886,-1,945,1002,1001,-1,893,945,1001,-1,1003,882,885,-1,1002,945,1003,-1,889,1001,1002,-1,878,881,1004,-1,1003,945,1004,-1,885,1002,1003,-1,874,877,1005,-1,1004,945,1005,-1,881,1003,1004,-1,870,873,1006,-1,1005,945,1006,-1,877,1004,1005,-1,1007,866,869,-1,1006,945,1007,-1,873,1005,1006,-1,1008,862,865,-1,1007,945,1008,-1,869,1006,1007,-1,1009,858,861,-1,945,941,1008,-1,865,1007,1008,-1,941,1009,1008,-1,861,1008,1009,-1,857,1010,854,-1,941,1010,1009,-1,857,1009,1010,-1,853,1011,850,-1,941,1011,1010,-1,853,1010,1011,-1,849,1012,846,-1,941,1012,1011,-1,849,1011,1012,-1,845,1013,842,-1,941,1013,1012,-1,845,1012,1013,-1,841,999,838,-1,941,999,1013,-1,841,1013,999,-1,837,1000,834,-1,1000,941,1014,-1,837,999,1000,-1,833,1014,830,-1,829,1014,1015,-1,833,1000,1014,-1,829,1015,826,-1,939,1015,943,-1,943,1015,941,-1,941,1015,1014,-1,904,916,917,-1,897,894,904,-1,906,916,894,-1,976,911,980,-1,979,980,910,-1,975,911,976,-1,921,911,975,-1,894,979,907,-1,894,907,906,-1,907,979,910,-1,980,911,910,-1,894,916,904,-1,904,902,897,-1,922,921,975,-1,975,977,922,-1,909,912,978,-1,981,978,912,-1,895,903,905,-1,974,981,913,-1,973,974,913,-1,973,913,920,-1,909,978,896,-1,913,981,912,-1,896,914,908,-1,909,896,908,-1,914,905,915,-1,914,896,905,-1,905,896,895,-1,920,919,972,-1,972,973,920,-1,895,898,900,-1,895,900,903,-1,902,901,899,-1,902,899,897,-1,940,938,937,-1,937,943,940,-1,888,983,1001,-1,1001,889,888,-1,983,890,1001,-1,983,891,890,-1,884,984,1002,-1,1002,885,884,-1,984,886,1002,-1,984,887,886,-1,880,985,1003,-1,1003,881,880,-1,985,882,1003,-1,985,883,882,-1,876,986,1004,-1,1004,877,876,-1,986,878,1004,-1,986,879,878,-1,872,987,1005,-1,1005,873,872,-1,987,874,1005,-1,987,875,874,-1,868,988,1006,-1,1006,869,868,-1,988,870,1006,-1,988,871,870,-1,864,989,1007,-1,1007,865,864,-1,989,866,1007,-1,989,867,866,-1,860,990,1008,-1,1008,861,860,-1,990,862,1008,-1,990,863,862,-1,856,991,1009,-1,1009,857,856,-1,991,858,1009,-1,991,859,858,-1,852,992,1010,-1,1010,853,852,-1,992,854,1010,-1,992,855,854,-1,848,993,1011,-1,1011,849,848,-1,993,850,1011,-1,993,851,850,-1,844,994,1012,-1,1012,845,844,-1,994,846,1012,-1,994,847,846,-1,840,995,1013,-1,1013,841,840,-1,995,842,1013,-1,995,843,842,-1,836,996,999,-1,999,837,836,-1,996,838,999,-1,996,839,838,-1,832,997,1000,-1,1000,833,832,-1,997,834,1000,-1,997,835,834,-1,828,998,1014,-1,1014,829,828,-1,998,830,1014,-1,998,831,830,-1,982,826,1015,-1,982,827,826,-1,936,982,1015,-1,1015,939,936,-1,1016,1017,1018,-1,1019,1018,1020,-1,1017,1020,1018,-1,1021,1019,1022,-1,1019,1020,1022,-1,1021,1023,1024,-1,1022,1023,1021,-1,1017,1016,1025,-1,1026,1027,1028,-1,1027,1024,1028,-1,1024,1023,1028,-1,1026,1029,1027,-1,1030,1025,1016,-1,1030,1031,1032,-1,1032,1025,1030,-1,1033,1031,1034,-1,1031,1033,1032,-1,1035,1036,1034,-1,1033,1034,1036,-1,1035,1037,1038,-1,1038,1036,1035,-1,1039,1037,1040,-1,1037,1039,1038,-1,1039,1040,1041,-1,1042,1043,1044,-1,1045,1046,1047,-1,1048,1049,1050,-1,1051,1049,1052,-1,1044,1053,1054,-1,1055,1056,1054,-1,1057,1058,1056,-1,1059,1060,1051,-1,1061,1062,1060,-1,1063,1064,1065,-1,1066,1067,1064,-1,1058,1068,1063,-1,1069,1061,1070,-1,1070,1071,1072,-1,1070,1072,1073,-1,1074,1072,1071,-1,1075,1050,1076,-1,1048,1050,1075,-1,1042,1077,1078,-1,1079,1080,1081,-1,1082,1077,1083,-1,1076,1084,1075,-1,1085,1086,1083,-1,1079,1084,1080,-1,1085,1087,1088,-1,1089,1090,1091,-1,1092,1087,1093,-1,1094,1095,1091,-1,1096,1093,1097,-1,1098,1099,1094,-1,1046,1100,1097,-1,1101,1102,1045,-1,1091,1095,1089,-1,1103,1101,1045,-1,1104,1105,1103,-1,1106,1102,1107,-1,1108,1106,1109,-1,1108,1099,1098,-1,1106,1107,1109,-1,1094,1099,1095,-1,1045,1104,1103,-1,1107,1102,1101,-1,1102,1100,1046,-1,1047,1104,1045,-1,1106,1098,1100,-1,1098,1106,1108,-1,1046,1110,1047,-1,1106,1100,1102,-1,1100,1096,1097,-1,1102,1046,1045,-1,1094,1096,1098,-1,1111,1090,1089,-1,1097,1110,1046,-1,1098,1096,1100,-1,1096,1092,1093,-1,1112,1110,1097,-1,1091,1092,1094,-1,1113,1114,1111,-1,1093,1112,1097,-1,1094,1092,1096,-1,1092,1088,1087,-1,1115,1112,1093,-1,1090,1088,1091,-1,1079,1081,1113,-1,1116,1115,1087,-1,1091,1088,1092,-1,1088,1086,1085,-1,1115,1093,1087,-1,1090,1114,1086,-1,1114,1090,1111,-1,1085,1117,1116,-1,1090,1086,1088,-1,1086,1082,1083,-1,1116,1087,1085,-1,1114,1081,1082,-1,1081,1114,1113,-1,1083,1118,1117,-1,1114,1082,1086,-1,1082,1078,1077,-1,1117,1085,1083,-1,1081,1080,1078,-1,1066,1063,1062,-1,1077,1119,1118,-1,1081,1078,1082,-1,1078,1043,1042,-1,1118,1083,1077,-1,1080,1076,1043,-1,1076,1080,1084,-1,1042,1120,1119,-1,1080,1043,1078,-1,1043,1053,1044,-1,1119,1077,1042,-1,1050,1053,1076,-1,1052,1049,1048,-1,1044,1121,1120,-1,1076,1053,1043,-1,1053,1055,1054,-1,1120,1042,1044,-1,1049,1055,1050,-1,1059,1051,1052,-1,1054,1122,1121,-1,1050,1055,1053,-1,1055,1057,1056,-1,1121,1044,1054,-1,1051,1057,1049,-1,1123,1060,1059,-1,1056,1124,1122,-1,1049,1057,1055,-1,1057,1068,1058,-1,1122,1054,1056,-1,1060,1068,1051,-1,1125,1061,1123,-1,1058,1065,1124,-1,1051,1068,1057,-1,1068,1062,1063,-1,1124,1056,1058,-1,1123,1061,1060,-1,1125,1071,1070,-1,1063,1066,1064,-1,1060,1062,1068,-1,1069,1066,1062,-1,1065,1058,1063,-1,1125,1070,1061,-1,1061,1069,1062,-1,1073,1126,1069,-1,1070,1073,1069,-1,1067,1066,1126,-1,1069,1126,1066,-1,1127,1119,1120,-1,1121,1128,1120,-1,1127,1120,1128,-1,1121,1122,1129,-1,1129,1128,1121,-1,1130,1122,1124,-1,1122,1130,1129,-1,1065,1131,1124,-1,1130,1124,1131,-1,1132,1065,1133,-1,1132,1131,1065,-1,1134,1133,1064,-1,1065,1064,1133,-1,1064,1067,1135,-1,1135,1134,1064,-1,1067,1136,1135,-1,1119,1127,1137,-1,1118,1119,1137,-1,1138,1118,1139,-1,1139,1118,1137,-1,1138,1117,1118,-1,1116,1117,1140,-1,1138,1140,1117,-1,1141,1115,1116,-1,1116,1140,1141,-1,1115,1142,1112,-1,1142,1115,1141,-1,1110,1112,1143,-1,1142,1143,1112,-1,1144,1047,1110,-1,1110,1143,1144,-1,1047,1145,1146,-1,1145,1047,1144,-1,1104,1147,1148,-1,1147,1104,1146,-1,1104,1047,1146,-1,1104,1148,1105,-1,1105,1148,1149,-1,1150,1151,1152,-1,1153,1154,1155,-1,1155,1156,1153,-1,1155,1150,1156,-1,1154,1151,1157,-1,1150,1157,1151,-1,1154,1153,1151,-1,1150,1152,1156,-1,1158,1159,1160,-1,1161,1158,1162,-1,1162,1163,1164,-1,1160,1163,1165,-1,1162,1164,1161,-1,1159,1158,1161,-1,1158,1160,1165,-1,1163,1160,1164,-1,1166,1167,1168,-1,1169,1170,1171,-1,1172,1173,1174,-1,1175,1176,1177,-1,1178,1172,1174,-1,1173,1175,1177,-1,1174,1173,1177,-1,1176,1169,1171,-1,1176,1175,1169,-1,1167,1170,1168,-1,1167,1171,1170,-1,1168,1179,1166,-1,1180,1181,1182,-1,1182,1181,1183,-1,1184,1185,1186,-1,1187,1188,1189,-1,1189,1186,1187,-1,1190,1191,1192,-1,1193,1194,1195,-1,1196,1197,1198,-1,1197,1199,1194,-1,1200,1201,1202,-1,1203,1204,1205,-1,1168,1206,1179,-1,1207,1208,1209,-1,1190,1210,1211,-1,1212,1213,1192,-1,1191,1209,1214,-1,1215,1216,1214,-1,1215,1214,1217,-1,1170,1213,1212,-1,1218,1219,1220,-1,1209,1218,1207,-1,1221,1222,1211,-1,1223,1224,1225,-1,1222,1226,1201,-1,1227,1200,1228,-1,1220,1219,1229,-1,1203,1205,1230,-1,1198,1227,1231,-1,1232,1180,1233,-1,1205,1204,1234,-1,1235,1234,1236,-1,1237,1238,1193,-1,1184,1238,1239,-1,1239,1238,1240,-1,1240,1237,1166,-1,1187,1186,1185,-1,1189,1183,1186,-1,1237,1193,1195,-1,1185,1184,1239,-1,1241,1184,1181,-1,1241,1193,1238,-1,1166,1237,1167,-1,1240,1238,1237,-1,1184,1186,1181,-1,1183,1181,1186,-1,1195,1194,1199,-1,1184,1241,1238,-1,1242,1241,1180,-1,1237,1195,1167,-1,1193,1242,1194,-1,1171,1167,1195,-1,1181,1180,1241,-1,1182,1233,1180,-1,1199,1197,1196,-1,1241,1242,1193,-1,1242,1232,1243,-1,1195,1199,1171,-1,1194,1243,1197,-1,1176,1171,1199,-1,1180,1232,1242,-1,1233,1235,1232,-1,1196,1198,1231,-1,1242,1243,1194,-1,1243,1236,1244,-1,1199,1196,1176,-1,1197,1244,1198,-1,1177,1176,1196,-1,1243,1232,1236,-1,1235,1236,1232,-1,1231,1227,1228,-1,1243,1244,1197,-1,1244,1204,1245,-1,1196,1231,1177,-1,1198,1245,1227,-1,1174,1177,1231,-1,1244,1236,1204,-1,1234,1204,1236,-1,1228,1200,1202,-1,1244,1245,1198,-1,1223,1230,1224,-1,1231,1228,1174,-1,1227,1246,1200,-1,1178,1174,1228,-1,1245,1203,1246,-1,1203,1245,1204,-1,1202,1201,1226,-1,1245,1246,1227,-1,1246,1223,1247,-1,1228,1202,1178,-1,1200,1247,1201,-1,1172,1178,1202,-1,1246,1203,1223,-1,1230,1223,1203,-1,1226,1222,1221,-1,1246,1247,1200,-1,1247,1225,1248,-1,1202,1226,1172,-1,1201,1248,1222,-1,1173,1172,1226,-1,1223,1225,1247,-1,1224,1229,1225,-1,1175,1221,1210,-1,1247,1248,1201,-1,1219,1249,1248,-1,1226,1221,1173,-1,1222,1249,1211,-1,1175,1173,1221,-1,1248,1225,1219,-1,1229,1219,1225,-1,1169,1210,1213,-1,1248,1249,1222,-1,1250,1249,1218,-1,1250,1190,1211,-1,1175,1210,1169,-1,1221,1211,1210,-1,1219,1218,1249,-1,1220,1207,1218,-1,1212,1206,1168,-1,1249,1250,1211,-1,1209,1191,1250,-1,1213,1190,1192,-1,1169,1213,1170,-1,1210,1190,1213,-1,1209,1250,1218,-1,1216,1215,1251,-1,1216,1252,1192,-1,1250,1191,1190,-1,1192,1191,1216,-1,1206,1212,1252,-1,1192,1252,1212,-1,1170,1212,1168,-1,1209,1208,1214,-1,1217,1214,1208,-1,1251,1253,1252,-1,1191,1214,1216,-1,1251,1252,1216,-1,1253,1254,1206,-1,1253,1206,1252,-1,1206,1254,1179,-1,1255,1256,1257,-1,1258,1259,1260,-1,1261,1262,1263,-1,1264,1255,1257,-1,1265,1266,1267,-1,1266,1265,1256,-1,1256,1265,1257,-1,1266,1260,1267,-1,1258,1262,1259,-1,1260,1259,1267,-1,1261,1263,1268,-1,1258,1263,1262,-1,1145,1144,1269,-1,1270,1271,1272,-1,1268,1263,1273,-1,1270,1258,1271,-1,1274,1130,1275,-1,1127,1276,1277,-1,1130,1274,1129,-1,1278,1279,1280,-1,1128,1129,1281,-1,1138,1139,1282,-1,1283,1284,1279,-1,1269,1144,1285,-1,1286,1287,1288,-1,1289,1290,1291,-1,1285,1292,1293,-1,1289,1294,1261,-1,1291,1290,1292,-1,1143,1285,1144,-1,1290,1293,1292,-1,1131,1275,1130,-1,1142,1295,1296,-1,1294,1291,1286,-1,1281,1129,1274,-1,1141,1297,1295,-1,1298,1287,1299,-1,1139,1137,1300,-1,1301,1299,1284,-1,1139,1300,1282,-1,1302,1303,1304,-1,1280,1303,1305,-1,1304,1306,1307,-1,1308,1309,1310,-1,1306,1311,1312,-1,1310,1309,1132,-1,1309,1313,1275,-1,1143,1142,1296,-1,1269,1285,1293,-1,1314,1140,1138,-1,1294,1286,1288,-1,1315,1292,1296,-1,1315,1286,1291,-1,1261,1294,1262,-1,1289,1291,1294,-1,1292,1285,1296,-1,1143,1296,1285,-1,1288,1287,1298,-1,1292,1315,1291,-1,1316,1315,1295,-1,1294,1288,1262,-1,1286,1316,1287,-1,1259,1262,1288,-1,1296,1295,1315,-1,1142,1141,1295,-1,1298,1299,1301,-1,1315,1316,1286,-1,1316,1297,1317,-1,1288,1298,1259,-1,1287,1317,1299,-1,1267,1259,1298,-1,1295,1297,1316,-1,1141,1140,1297,-1,1301,1284,1283,-1,1316,1317,1287,-1,1317,1314,1318,-1,1298,1301,1267,-1,1299,1318,1284,-1,1265,1267,1301,-1,1317,1297,1314,-1,1140,1314,1297,-1,1283,1279,1278,-1,1317,1318,1299,-1,1318,1282,1319,-1,1301,1283,1265,-1,1284,1319,1279,-1,1257,1265,1283,-1,1318,1314,1282,-1,1138,1282,1314,-1,1278,1280,1305,-1,1318,1319,1284,-1,1277,1137,1127,-1,1283,1278,1257,-1,1279,1320,1280,-1,1264,1257,1278,-1,1319,1300,1320,-1,1300,1319,1282,-1,1305,1303,1302,-1,1319,1320,1279,-1,1320,1277,1321,-1,1278,1305,1264,-1,1280,1321,1303,-1,1255,1264,1305,-1,1320,1300,1277,-1,1137,1277,1300,-1,1302,1304,1307,-1,1320,1321,1280,-1,1321,1276,1322,-1,1305,1302,1255,-1,1303,1322,1304,-1,1256,1255,1302,-1,1277,1276,1321,-1,1127,1128,1276,-1,1266,1307,1312,-1,1321,1322,1303,-1,1281,1323,1322,-1,1302,1307,1256,-1,1304,1323,1306,-1,1266,1256,1307,-1,1322,1276,1281,-1,1128,1281,1276,-1,1260,1312,1271,-1,1322,1323,1304,-1,1324,1323,1274,-1,1324,1311,1306,-1,1266,1312,1260,-1,1307,1306,1312,-1,1281,1274,1323,-1,1311,1313,1272,-1,1270,1273,1263,-1,1323,1324,1306,-1,1275,1313,1324,-1,1271,1311,1272,-1,1260,1271,1258,-1,1312,1311,1271,-1,1275,1324,1274,-1,1308,1310,1325,-1,1308,1326,1272,-1,1324,1313,1311,-1,1272,1313,1308,-1,1273,1270,1326,-1,1272,1326,1270,-1,1258,1270,1263,-1,1275,1131,1309,-1,1132,1309,1131,-1,1325,1327,1326,-1,1313,1309,1308,-1,1325,1326,1308,-1,1327,1328,1273,-1,1327,1273,1326,-1,1273,1328,1268,-1,1329,1067,1330,-1,1182,1183,1331,-1,1332,1189,1333,-1,1334,1335,1234,-1,1336,1337,1233,-1,1338,1229,1224,-1,1339,1230,1335,-1,1208,1207,1340,-1,1220,1341,1342,-1,1343,1217,1208,-1,1208,1340,1343,-1,1344,1343,1345,-1,1343,1344,1217,-1,1105,1346,1345,-1,1344,1345,1346,-1,1149,1346,1105,-1,1342,1207,1220,-1,1207,1342,1340,-1,1229,1341,1220,-1,1229,1338,1341,-1,1339,1338,1224,-1,1230,1205,1335,-1,1224,1230,1339,-1,1234,1235,1334,-1,1205,1234,1335,-1,1233,1337,1235,-1,1334,1235,1337,-1,1182,1331,1336,-1,1233,1182,1336,-1,1183,1189,1332,-1,1331,1183,1332,-1,1333,1188,1347,-1,1333,1189,1188,-1,1347,1329,1330,-1,1330,1333,1347,-1,1067,1329,1136,-1,1348,1349,1350,-1,1351,1352,1074,-1,1353,1351,1354,-1,1349,1354,1350,-1,1355,1356,1357,-1,1358,1359,1360,-1,1361,1362,1363,-1,1364,1348,1365,-1,1361,1366,1362,-1,1367,1368,1369,-1,1370,1371,1372,-1,1373,1374,1375,-1,1376,1370,1377,-1,1377,1378,1379,-1,1380,1381,1382,-1,1380,1345,1343,-1,1383,1107,1378,-1,1101,1378,1107,-1,1109,1107,1383,-1,1384,1105,1345,-1,1385,1386,1375,-1,1381,1386,1387,-1,1366,1388,1389,-1,1371,1389,1390,-1,1391,1367,1392,-1,1373,1391,1393,-1,1366,1361,1388,-1,1380,1376,1384,-1,1394,1395,1356,-1,1396,1368,1395,-1,1357,1360,1397,-1,1398,1363,1399,-1,1333,1400,1358,-1,1349,1353,1354,-1,1401,1400,1073,-1,1348,1350,1365,-1,1067,1126,1330,-1,1126,1073,1400,-1,1072,1352,1401,-1,1352,1072,1074,-1,1400,1330,1126,-1,1072,1401,1073,-1,1401,1359,1358,-1,1333,1330,1400,-1,1352,1353,1359,-1,1353,1352,1351,-1,1358,1332,1333,-1,1352,1359,1401,-1,1359,1397,1360,-1,1401,1358,1400,-1,1349,1397,1353,-1,1402,1364,1365,-1,1360,1332,1358,-1,1353,1397,1359,-1,1397,1355,1357,-1,1331,1332,1360,-1,1348,1355,1349,-1,1403,1404,1402,-1,1357,1331,1360,-1,1349,1355,1397,-1,1355,1394,1356,-1,1336,1331,1357,-1,1364,1394,1348,-1,1398,1405,1403,-1,1337,1336,1356,-1,1348,1394,1355,-1,1394,1396,1395,-1,1336,1357,1356,-1,1364,1404,1396,-1,1404,1364,1402,-1,1395,1334,1337,-1,1364,1396,1394,-1,1396,1369,1368,-1,1337,1356,1395,-1,1404,1405,1369,-1,1405,1404,1403,-1,1368,1335,1334,-1,1404,1369,1396,-1,1369,1392,1367,-1,1334,1395,1368,-1,1405,1399,1392,-1,1399,1405,1398,-1,1367,1339,1335,-1,1405,1392,1369,-1,1392,1393,1391,-1,1335,1368,1367,-1,1399,1362,1393,-1,1362,1399,1363,-1,1391,1338,1339,-1,1399,1393,1392,-1,1393,1374,1373,-1,1339,1367,1391,-1,1366,1374,1362,-1,1390,1389,1388,-1,1373,1341,1338,-1,1362,1374,1393,-1,1374,1385,1375,-1,1338,1391,1373,-1,1389,1385,1366,-1,1372,1371,1390,-1,1375,1342,1341,-1,1366,1385,1374,-1,1385,1387,1386,-1,1341,1373,1375,-1,1371,1387,1389,-1,1406,1370,1372,-1,1386,1340,1342,-1,1389,1387,1385,-1,1387,1382,1381,-1,1342,1375,1386,-1,1370,1382,1371,-1,1407,1377,1406,-1,1381,1343,1340,-1,1371,1382,1387,-1,1382,1376,1380,-1,1340,1386,1381,-1,1406,1377,1370,-1,1407,1383,1378,-1,1380,1384,1345,-1,1370,1376,1382,-1,1379,1384,1376,-1,1343,1381,1380,-1,1407,1378,1377,-1,1377,1379,1376,-1,1101,1103,1379,-1,1378,1101,1379,-1,1105,1384,1103,-1,1379,1103,1384,-1,1034,1095,1035,-1,1079,1030,1016,-1,1016,1075,1084,-1,1030,1079,1113,-1,1048,1018,1019,-1,1113,1111,1031,-1,1021,1052,1019,-1,1034,1111,1089,-1,1123,1021,1024,-1,1108,1037,1099,-1,1027,1125,1024,-1,1408,1354,1351,-1,1075,1018,1048,-1,1383,1407,1409,-1,1390,1410,1411,-1,1412,1361,1363,-1,1413,1398,1403,-1,1388,1361,1414,-1,1398,1413,1412,-1,1388,1410,1390,-1,1415,1402,1365,-1,1403,1402,1416,-1,1417,1407,1406,-1,1372,1411,1406,-1,1354,1408,1418,-1,1354,1418,1350,-1,1108,1109,1040,-1,1409,1040,1383,-1,1071,1029,1074,-1,1029,1408,1351,-1,1074,1029,1351,-1,1099,1035,1095,-1,1415,1365,1350,-1,1415,1350,1418,-1,1415,1416,1402,-1,1416,1413,1403,-1,1412,1363,1398,-1,1412,1414,1361,-1,1414,1410,1388,-1,1411,1372,1390,-1,1411,1417,1406,-1,1417,1409,1407,-1,1040,1109,1383,-1,1040,1037,1108,-1,1037,1035,1099,-1,1034,1089,1095,-1,1034,1031,1111,-1,1031,1030,1113,-1,1016,1084,1079,-1,1016,1018,1075,-1,1019,1052,1048,-1,1021,1059,1052,-1,1123,1024,1125,-1,1059,1021,1123,-1,1125,1027,1071,-1,1029,1071,1027,-1,1419,1029,1026,-1,1420,1415,1421,-1,1422,1418,1408,-1,1412,1423,1424,-1,1416,1425,1413,-1,1426,1427,1411,-1,1428,1410,1414,-1,1417,1427,1429,-1,1427,1417,1411,-1,1041,1409,1429,-1,1417,1429,1409,-1,1040,1409,1041,-1,1428,1426,1410,-1,1426,1411,1410,-1,1412,1424,1414,-1,1424,1428,1414,-1,1413,1425,1423,-1,1413,1423,1412,-1,1416,1415,1420,-1,1416,1420,1425,-1,1421,1418,1422,-1,1415,1418,1421,-1,1419,1408,1029,-1,1422,1408,1419,-1,1239,1166,1185,-1,1166,1239,1240,-1,1188,1187,1215,-1,1185,1166,1179,-1,1217,1347,1188,-1,1344,1347,1217,-1,1217,1188,1215,-1,1187,1185,1251,-1,1187,1251,1215,-1,1253,1251,1179,-1,1185,1179,1251,-1,1179,1254,1253,-1,1261,1290,1289,-1,1261,1268,1293,-1,1293,1290,1261,-1,1146,1145,1132,-1,1310,1145,1269,-1,1133,1146,1132,-1,1145,1310,1132,-1,1269,1293,1325,-1,1269,1325,1310,-1,1327,1325,1268,-1,1293,1268,1325,-1,1268,1328,1327,-1,1346,1329,1347,-1,1134,1146,1133,-1,1148,1136,1149,-1,1147,1134,1135,-1,1134,1147,1146,-1,1148,1147,1135,-1,1148,1135,1136,-1,1329,1149,1136,-1,1347,1344,1346,-1,1149,1329,1346,-1,1430,1431,1432,-1,1433,1434,1432,-1,1430,1432,1434,-1,1435,1434,1433,-1,1436,1431,1430,-1,1437,1436,1165,-1,1436,1437,1431,-1,1437,1165,1163,-1,1041,1438,1435,-1,1025,1433,1017,-1,1433,1439,1026,-1,1438,1429,1427,-1,1023,1433,1028,-1,1433,1026,1028,-1,1020,1433,1022,-1,1433,1023,1022,-1,1433,1020,1017,-1,1032,1435,1025,-1,1433,1025,1435,-1,1036,1435,1033,-1,1435,1032,1033,-1,1039,1435,1038,-1,1435,1036,1038,-1,1435,1039,1041,-1,1424,1423,1438,-1,1438,1041,1429,-1,1428,1438,1426,-1,1438,1427,1426,-1,1438,1428,1424,-1,1425,1439,1423,-1,1438,1423,1439,-1,1421,1439,1420,-1,1439,1425,1420,-1,1419,1439,1422,-1,1439,1421,1422,-1,1026,1439,1419,-1,1440,1441,1442,-1,1154,1443,1442,-1,1440,1442,1443,-1,1157,1443,1154,-1,1444,1441,1440,-1,1445,1444,1438,-1,1444,1445,1441,-1,1445,1438,1439,-1,1446,1447,1448,-1,1449,1450,1448,-1,1446,1448,1450,-1,1451,1450,1449,-1,1452,1447,1446,-1,1453,1452,1150,-1,1452,1453,1447,-1,1453,1150,1155,-1,1454,1455,1451,-1,1451,1449,1454,-1,1456,1457,1458,-1,1162,1459,1458,-1,1456,1458,1459,-1,1158,1459,1162,-1,1460,1457,1456,-1,1461,1460,1455,-1,1460,1461,1457,-1,1461,1455,1454,-1,1158,1456,1459,-1,1440,1157,1444,-1,1158,1460,1456,-1,1455,1460,1158,-1,1435,1455,1158,-1,1157,1451,1438,-1,1450,1150,1446,-1,1452,1446,1150,-1,1451,1150,1450,-1,1150,1451,1157,-1,1440,1443,1157,-1,1455,1438,1451,-1,1438,1444,1157,-1,1455,1435,1438,-1,1165,1435,1158,-1,1430,1434,1165,-1,1165,1434,1435,-1,1165,1436,1430,-1,1162,1458,1457,-1,1163,1432,1431,-1,1431,1437,1163,-1,1163,1433,1432,-1,1163,1162,1433,-1,1457,1461,1162,-1,1454,1162,1461,-1,1454,1433,1162,-1,1154,1439,1449,-1,1448,1447,1155,-1,1453,1155,1447,-1,1449,1448,1155,-1,1155,1154,1449,-1,1441,1154,1442,-1,1454,1449,1439,-1,1154,1445,1439,-1,1441,1445,1154,-1,1439,1433,1454,-1,1160,1153,1164,-1,1153,1160,1151,-1,1159,1161,1156,-1,1156,1152,1159,-1,1164,1156,1161,-1,1156,1164,1153,-1,1152,1160,1159,-1,1152,1151,1160,-1,1462,1463,1464,-1,1465,1464,1466,-1,1463,1466,1464,-1,1467,1465,1468,-1,1465,1466,1468,-1,1467,1469,1470,-1,1468,1469,1467,-1,1463,1462,1471,-1,1472,1473,1474,-1,1473,1470,1474,-1,1470,1469,1474,-1,1472,1475,1473,-1,1476,1471,1462,-1,1476,1477,1478,-1,1478,1471,1476,-1,1479,1477,1480,-1,1477,1479,1478,-1,1481,1482,1480,-1,1479,1480,1482,-1,1481,1483,1484,-1,1484,1482,1481,-1,1485,1483,1486,-1,1483,1485,1484,-1,1485,1486,1487,-1,1488,1489,1490,-1,1491,1492,1493,-1,1494,1489,1495,-1,1496,1497,1498,-1,1498,1499,1500,-1,1501,1502,1503,-1,1504,1494,1505,-1,1503,1497,1506,-1,1507,1508,1509,-1,1510,1511,1512,-1,1513,1514,1515,-1,1502,1510,1516,-1,1517,1515,1509,-1,1513,1504,1518,-1,1519,1520,1521,-1,1519,1521,1511,-1,1511,1521,1522,-1,1523,1490,1524,-1,1515,1516,1507,-1,1500,1496,1498,-1,1525,1524,1526,-1,1499,1527,1500,-1,1528,1529,1526,-1,1530,1527,1531,-1,1528,1532,1533,-1,1534,1535,1536,-1,1537,1532,1538,-1,1539,1540,1536,-1,1541,1538,1542,-1,1543,1544,1539,-1,1492,1545,1542,-1,1546,1547,1491,-1,1536,1540,1534,-1,1548,1546,1491,-1,1549,1550,1548,-1,1551,1547,1552,-1,1553,1551,1554,-1,1553,1544,1543,-1,1551,1552,1554,-1,1539,1544,1540,-1,1491,1549,1548,-1,1552,1547,1546,-1,1547,1545,1492,-1,1493,1549,1491,-1,1551,1543,1545,-1,1543,1551,1553,-1,1492,1555,1493,-1,1551,1545,1547,-1,1545,1541,1542,-1,1547,1492,1491,-1,1539,1541,1543,-1,1556,1535,1534,-1,1542,1555,1492,-1,1543,1541,1545,-1,1541,1537,1538,-1,1557,1555,1542,-1,1536,1537,1539,-1,1558,1559,1556,-1,1538,1557,1542,-1,1539,1537,1541,-1,1537,1533,1532,-1,1560,1557,1538,-1,1535,1533,1536,-1,1530,1561,1558,-1,1562,1560,1532,-1,1536,1533,1537,-1,1533,1529,1528,-1,1560,1538,1532,-1,1535,1559,1529,-1,1559,1535,1556,-1,1528,1563,1562,-1,1535,1529,1533,-1,1529,1525,1526,-1,1562,1532,1528,-1,1559,1561,1525,-1,1561,1559,1558,-1,1526,1564,1563,-1,1559,1525,1529,-1,1525,1523,1524,-1,1563,1528,1526,-1,1561,1531,1523,-1,1531,1561,1530,-1,1524,1565,1564,-1,1561,1523,1525,-1,1523,1488,1490,-1,1564,1526,1524,-1,1531,1499,1488,-1,1499,1531,1527,-1,1490,1566,1565,-1,1531,1488,1523,-1,1488,1495,1489,-1,1565,1524,1490,-1,1498,1495,1499,-1,1506,1497,1496,-1,1489,1567,1566,-1,1499,1495,1488,-1,1495,1505,1494,-1,1566,1490,1489,-1,1497,1505,1498,-1,1501,1503,1506,-1,1494,1568,1567,-1,1498,1505,1495,-1,1505,1518,1504,-1,1567,1489,1494,-1,1503,1518,1497,-1,1569,1502,1501,-1,1504,1570,1568,-1,1497,1518,1505,-1,1518,1514,1513,-1,1568,1494,1504,-1,1502,1514,1503,-1,1571,1510,1569,-1,1513,1517,1570,-1,1503,1514,1518,-1,1514,1516,1515,-1,1570,1504,1513,-1,1569,1510,1502,-1,1571,1519,1511,-1,1515,1507,1509,-1,1502,1516,1514,-1,1512,1507,1516,-1,1517,1513,1515,-1,1571,1511,1510,-1,1510,1512,1516,-1,1522,1572,1512,-1,1511,1522,1512,-1,1508,1507,1572,-1,1512,1572,1507,-1,1573,1565,1566,-1,1567,1574,1566,-1,1573,1566,1574,-1,1567,1568,1575,-1,1575,1574,1567,-1,1576,1568,1570,-1,1568,1576,1575,-1,1517,1577,1570,-1,1576,1570,1577,-1,1578,1517,1579,-1,1578,1577,1517,-1,1580,1579,1509,-1,1517,1509,1579,-1,1509,1508,1581,-1,1581,1580,1509,-1,1508,1582,1581,-1,1565,1573,1583,-1,1564,1565,1583,-1,1584,1564,1585,-1,1585,1564,1583,-1,1584,1563,1564,-1,1562,1563,1586,-1,1584,1586,1563,-1,1587,1560,1562,-1,1562,1586,1587,-1,1560,1588,1557,-1,1588,1560,1587,-1,1555,1557,1589,-1,1588,1589,1557,-1,1590,1493,1555,-1,1555,1589,1590,-1,1493,1591,1592,-1,1591,1493,1590,-1,1549,1593,1594,-1,1593,1549,1592,-1,1549,1493,1592,-1,1549,1594,1550,-1,1550,1594,1595,-1,1596,1597,1598,-1,1599,1600,1601,-1,1601,1602,1599,-1,1601,1596,1602,-1,1600,1597,1603,-1,1596,1603,1597,-1,1600,1599,1597,-1,1596,1598,1602,-1,1604,1605,1606,-1,1607,1604,1608,-1,1608,1609,1610,-1,1606,1609,1611,-1,1608,1610,1607,-1,1605,1604,1607,-1,1604,1606,1611,-1,1609,1606,1610,-1,1612,1613,1614,-1,1615,1616,1617,-1,1618,1619,1620,-1,1621,1622,1623,-1,1624,1618,1620,-1,1619,1621,1623,-1,1620,1619,1623,-1,1622,1615,1617,-1,1622,1621,1615,-1,1613,1616,1614,-1,1613,1617,1616,-1,1614,1625,1612,-1,1626,1627,1628,-1,1628,1627,1629,-1,1630,1631,1632,-1,1633,1634,1635,-1,1635,1632,1633,-1,1636,1637,1638,-1,1639,1640,1641,-1,1642,1643,1644,-1,1643,1645,1640,-1,1646,1647,1648,-1,1649,1650,1651,-1,1614,1652,1625,-1,1653,1654,1655,-1,1636,1656,1657,-1,1658,1659,1638,-1,1637,1655,1660,-1,1661,1662,1660,-1,1661,1660,1663,-1,1616,1659,1658,-1,1664,1665,1666,-1,1655,1664,1653,-1,1667,1668,1657,-1,1669,1670,1671,-1,1668,1672,1647,-1,1673,1646,1674,-1,1666,1665,1675,-1,1649,1651,1676,-1,1644,1673,1677,-1,1678,1626,1679,-1,1651,1650,1680,-1,1681,1680,1682,-1,1683,1684,1639,-1,1630,1684,1685,-1,1685,1684,1686,-1,1686,1683,1612,-1,1633,1632,1631,-1,1635,1629,1632,-1,1683,1639,1641,-1,1631,1630,1685,-1,1687,1630,1627,-1,1687,1639,1684,-1,1612,1683,1613,-1,1686,1684,1683,-1,1630,1632,1627,-1,1629,1627,1632,-1,1641,1640,1645,-1,1630,1687,1684,-1,1688,1687,1626,-1,1683,1641,1613,-1,1639,1688,1640,-1,1617,1613,1641,-1,1627,1626,1687,-1,1628,1679,1626,-1,1645,1643,1642,-1,1687,1688,1639,-1,1688,1678,1689,-1,1641,1645,1617,-1,1640,1689,1643,-1,1622,1617,1645,-1,1626,1678,1688,-1,1679,1681,1678,-1,1642,1644,1677,-1,1688,1689,1640,-1,1689,1682,1690,-1,1645,1642,1622,-1,1643,1690,1644,-1,1623,1622,1642,-1,1689,1678,1682,-1,1681,1682,1678,-1,1677,1673,1674,-1,1689,1690,1643,-1,1690,1650,1691,-1,1642,1677,1623,-1,1644,1691,1673,-1,1620,1623,1677,-1,1690,1682,1650,-1,1680,1650,1682,-1,1674,1646,1648,-1,1690,1691,1644,-1,1669,1676,1670,-1,1677,1674,1620,-1,1673,1692,1646,-1,1624,1620,1674,-1,1691,1649,1692,-1,1649,1691,1650,-1,1648,1647,1672,-1,1691,1692,1673,-1,1692,1669,1693,-1,1674,1648,1624,-1,1646,1693,1647,-1,1618,1624,1648,-1,1692,1649,1669,-1,1676,1669,1649,-1,1672,1668,1667,-1,1692,1693,1646,-1,1693,1671,1694,-1,1648,1672,1618,-1,1647,1694,1668,-1,1619,1618,1672,-1,1669,1671,1693,-1,1670,1675,1671,-1,1621,1667,1656,-1,1693,1694,1647,-1,1665,1695,1694,-1,1672,1667,1619,-1,1668,1695,1657,-1,1621,1619,1667,-1,1694,1671,1665,-1,1675,1665,1671,-1,1615,1656,1659,-1,1694,1695,1668,-1,1696,1695,1664,-1,1696,1636,1657,-1,1621,1656,1615,-1,1667,1657,1656,-1,1665,1664,1695,-1,1666,1653,1664,-1,1658,1652,1614,-1,1695,1696,1657,-1,1655,1637,1696,-1,1659,1636,1638,-1,1615,1659,1616,-1,1656,1636,1659,-1,1655,1696,1664,-1,1662,1661,1697,-1,1662,1698,1638,-1,1696,1637,1636,-1,1638,1637,1662,-1,1652,1658,1698,-1,1638,1698,1658,-1,1616,1658,1614,-1,1655,1654,1660,-1,1663,1660,1654,-1,1697,1699,1698,-1,1637,1660,1662,-1,1697,1698,1662,-1,1699,1700,1652,-1,1699,1652,1698,-1,1652,1700,1625,-1,1701,1702,1703,-1,1704,1705,1706,-1,1707,1708,1709,-1,1710,1701,1703,-1,1711,1712,1713,-1,1712,1711,1702,-1,1702,1711,1703,-1,1712,1706,1713,-1,1704,1708,1705,-1,1706,1705,1713,-1,1707,1709,1714,-1,1704,1709,1708,-1,1591,1590,1715,-1,1716,1717,1718,-1,1714,1709,1719,-1,1716,1704,1717,-1,1720,1576,1721,-1,1573,1722,1723,-1,1577,1721,1576,-1,1724,1725,1726,-1,1574,1575,1727,-1,1584,1585,1728,-1,1729,1730,1725,-1,1715,1590,1731,-1,1732,1733,1734,-1,1735,1736,1737,-1,1731,1738,1739,-1,1735,1740,1707,-1,1737,1736,1738,-1,1739,1715,1731,-1,1736,1739,1738,-1,1741,1718,1742,-1,1588,1743,1744,-1,1740,1737,1732,-1,1587,1745,1743,-1,1728,1585,1746,-1,1747,1733,1748,-1,1583,1746,1585,-1,1749,1748,1730,-1,1750,1751,1726,-1,1752,1753,1578,-1,1754,1755,1756,-1,1750,1754,1757,-1,1755,1742,1758,-1,1727,1575,1720,-1,1753,1741,1721,-1,1759,1753,1752,-1,1590,1589,1731,-1,1589,1588,1744,-1,1760,1586,1584,-1,1740,1732,1734,-1,1761,1738,1744,-1,1761,1732,1737,-1,1707,1740,1708,-1,1735,1737,1740,-1,1738,1731,1744,-1,1589,1744,1731,-1,1734,1733,1747,-1,1738,1761,1737,-1,1762,1761,1743,-1,1740,1734,1708,-1,1732,1762,1733,-1,1705,1708,1734,-1,1744,1743,1761,-1,1588,1587,1743,-1,1747,1748,1749,-1,1761,1762,1732,-1,1762,1745,1763,-1,1734,1747,1705,-1,1733,1763,1748,-1,1713,1705,1747,-1,1743,1745,1762,-1,1587,1586,1745,-1,1749,1730,1729,-1,1762,1763,1733,-1,1763,1760,1764,-1,1747,1749,1713,-1,1748,1764,1730,-1,1711,1713,1749,-1,1763,1745,1760,-1,1586,1760,1745,-1,1729,1725,1724,-1,1763,1764,1748,-1,1764,1728,1765,-1,1749,1729,1711,-1,1730,1765,1725,-1,1703,1711,1729,-1,1764,1760,1728,-1,1584,1728,1760,-1,1724,1726,1751,-1,1764,1765,1730,-1,1723,1583,1573,-1,1729,1724,1703,-1,1725,1766,1726,-1,1710,1703,1724,-1,1765,1746,1766,-1,1746,1765,1728,-1,1751,1750,1757,-1,1765,1766,1725,-1,1766,1723,1767,-1,1724,1751,1710,-1,1726,1767,1750,-1,1701,1710,1751,-1,1766,1746,1723,-1,1583,1723,1746,-1,1757,1754,1756,-1,1766,1767,1726,-1,1767,1722,1768,-1,1751,1757,1701,-1,1750,1768,1754,-1,1702,1701,1757,-1,1723,1722,1767,-1,1573,1574,1722,-1,1712,1756,1758,-1,1767,1768,1750,-1,1727,1769,1768,-1,1757,1756,1702,-1,1754,1769,1755,-1,1712,1702,1756,-1,1768,1722,1727,-1,1574,1727,1722,-1,1706,1758,1717,-1,1768,1769,1754,-1,1770,1769,1720,-1,1770,1742,1755,-1,1712,1758,1706,-1,1756,1755,1758,-1,1727,1720,1769,-1,1575,1576,1720,-1,1716,1719,1709,-1,1769,1770,1755,-1,1721,1741,1770,-1,1717,1742,1718,-1,1706,1717,1704,-1,1758,1742,1717,-1,1721,1770,1720,-1,1759,1752,1771,-1,1759,1772,1718,-1,1770,1741,1742,-1,1718,1741,1759,-1,1719,1716,1772,-1,1718,1772,1716,-1,1704,1716,1709,-1,1721,1577,1753,-1,1578,1753,1577,-1,1771,1773,1772,-1,1741,1753,1759,-1,1771,1772,1759,-1,1773,1774,1719,-1,1773,1719,1772,-1,1719,1774,1714,-1,1775,1508,1776,-1,1628,1629,1777,-1,1778,1635,1779,-1,1780,1781,1680,-1,1782,1783,1679,-1,1784,1675,1670,-1,1785,1676,1781,-1,1654,1653,1786,-1,1666,1787,1788,-1,1789,1663,1654,-1,1654,1786,1789,-1,1790,1789,1791,-1,1789,1790,1663,-1,1550,1792,1791,-1,1790,1791,1792,-1,1595,1792,1550,-1,1788,1653,1666,-1,1653,1788,1786,-1,1675,1787,1666,-1,1675,1784,1787,-1,1785,1784,1670,-1,1676,1651,1781,-1,1670,1676,1785,-1,1680,1681,1780,-1,1651,1680,1781,-1,1679,1783,1681,-1,1780,1681,1783,-1,1628,1777,1782,-1,1679,1628,1782,-1,1629,1635,1778,-1,1777,1629,1778,-1,1779,1634,1793,-1,1779,1635,1634,-1,1793,1775,1776,-1,1776,1779,1793,-1,1508,1775,1582,-1,1794,1795,1796,-1,1797,1798,1520,-1,1799,1797,1800,-1,1795,1800,1796,-1,1801,1802,1803,-1,1804,1805,1806,-1,1807,1808,1809,-1,1810,1794,1811,-1,1807,1812,1808,-1,1813,1814,1815,-1,1816,1817,1818,-1,1819,1820,1821,-1,1822,1816,1823,-1,1823,1824,1825,-1,1826,1827,1828,-1,1826,1791,1789,-1,1829,1552,1824,-1,1546,1824,1552,-1,1554,1552,1829,-1,1830,1550,1791,-1,1831,1832,1821,-1,1827,1832,1833,-1,1812,1834,1835,-1,1817,1835,1836,-1,1837,1813,1838,-1,1819,1837,1839,-1,1812,1807,1834,-1,1826,1822,1830,-1,1840,1841,1802,-1,1842,1814,1841,-1,1803,1806,1843,-1,1844,1809,1845,-1,1779,1846,1804,-1,1795,1799,1800,-1,1847,1846,1522,-1,1794,1796,1811,-1,1508,1572,1776,-1,1572,1522,1846,-1,1521,1798,1847,-1,1798,1521,1520,-1,1846,1776,1572,-1,1521,1847,1522,-1,1847,1805,1804,-1,1779,1776,1846,-1,1798,1799,1805,-1,1799,1798,1797,-1,1804,1778,1779,-1,1798,1805,1847,-1,1805,1843,1806,-1,1847,1804,1846,-1,1795,1843,1799,-1,1848,1810,1811,-1,1806,1778,1804,-1,1799,1843,1805,-1,1843,1801,1803,-1,1777,1778,1806,-1,1794,1801,1795,-1,1849,1850,1848,-1,1803,1777,1806,-1,1795,1801,1843,-1,1801,1840,1802,-1,1782,1777,1803,-1,1810,1840,1794,-1,1844,1851,1849,-1,1783,1782,1802,-1,1794,1840,1801,-1,1840,1842,1841,-1,1782,1803,1802,-1,1810,1850,1842,-1,1850,1810,1848,-1,1841,1780,1783,-1,1810,1842,1840,-1,1842,1815,1814,-1,1783,1802,1841,-1,1850,1851,1815,-1,1851,1850,1849,-1,1814,1781,1780,-1,1850,1815,1842,-1,1815,1838,1813,-1,1780,1841,1814,-1,1851,1845,1838,-1,1845,1851,1844,-1,1813,1785,1781,-1,1851,1838,1815,-1,1838,1839,1837,-1,1781,1814,1813,-1,1845,1808,1839,-1,1808,1845,1809,-1,1837,1784,1785,-1,1845,1839,1838,-1,1839,1820,1819,-1,1785,1813,1837,-1,1812,1820,1808,-1,1836,1835,1834,-1,1819,1787,1784,-1,1808,1820,1839,-1,1820,1831,1821,-1,1784,1837,1819,-1,1835,1831,1812,-1,1818,1817,1836,-1,1821,1788,1787,-1,1812,1831,1820,-1,1831,1833,1832,-1,1787,1819,1821,-1,1817,1833,1835,-1,1852,1816,1818,-1,1832,1786,1788,-1,1835,1833,1831,-1,1833,1828,1827,-1,1788,1821,1832,-1,1816,1828,1817,-1,1853,1823,1852,-1,1827,1789,1786,-1,1817,1828,1833,-1,1828,1822,1826,-1,1786,1832,1827,-1,1852,1823,1816,-1,1853,1829,1824,-1,1826,1830,1791,-1,1816,1822,1828,-1,1825,1830,1822,-1,1789,1827,1826,-1,1853,1824,1823,-1,1823,1825,1822,-1,1546,1548,1825,-1,1824,1546,1825,-1,1550,1830,1548,-1,1825,1548,1830,-1,1480,1540,1481,-1,1530,1476,1462,-1,1462,1500,1527,-1,1476,1530,1558,-1,1496,1464,1465,-1,1558,1556,1477,-1,1467,1506,1465,-1,1480,1556,1534,-1,1569,1467,1470,-1,1553,1483,1544,-1,1473,1571,1470,-1,1854,1800,1797,-1,1500,1464,1496,-1,1829,1853,1855,-1,1836,1856,1857,-1,1858,1807,1809,-1,1859,1844,1849,-1,1834,1807,1860,-1,1844,1859,1858,-1,1834,1856,1836,-1,1861,1848,1811,-1,1849,1848,1862,-1,1863,1853,1852,-1,1818,1857,1852,-1,1800,1854,1864,-1,1800,1864,1796,-1,1553,1554,1486,-1,1855,1486,1829,-1,1519,1475,1520,-1,1475,1854,1797,-1,1520,1475,1797,-1,1544,1481,1540,-1,1861,1811,1796,-1,1861,1796,1864,-1,1861,1862,1848,-1,1862,1859,1849,-1,1858,1809,1844,-1,1858,1860,1807,-1,1860,1856,1834,-1,1857,1818,1836,-1,1857,1863,1852,-1,1863,1855,1853,-1,1486,1554,1829,-1,1486,1483,1553,-1,1483,1481,1544,-1,1480,1534,1540,-1,1480,1477,1556,-1,1477,1476,1558,-1,1462,1527,1530,-1,1462,1464,1500,-1,1465,1506,1496,-1,1467,1501,1506,-1,1569,1470,1571,-1,1501,1467,1569,-1,1571,1473,1519,-1,1475,1519,1473,-1,1865,1475,1472,-1,1866,1861,1867,-1,1868,1864,1854,-1,1858,1869,1870,-1,1862,1871,1859,-1,1872,1873,1857,-1,1874,1856,1860,-1,1863,1873,1875,-1,1873,1863,1857,-1,1487,1855,1875,-1,1863,1875,1855,-1,1486,1855,1487,-1,1874,1872,1856,-1,1872,1857,1856,-1,1858,1870,1860,-1,1870,1874,1860,-1,1859,1871,1869,-1,1859,1869,1858,-1,1862,1861,1866,-1,1862,1866,1871,-1,1867,1864,1868,-1,1861,1864,1867,-1,1865,1854,1475,-1,1868,1854,1865,-1,1685,1612,1631,-1,1612,1685,1686,-1,1634,1633,1661,-1,1631,1612,1625,-1,1663,1793,1634,-1,1790,1793,1663,-1,1663,1634,1661,-1,1633,1631,1697,-1,1633,1697,1661,-1,1699,1697,1625,-1,1631,1625,1697,-1,1625,1700,1699,-1,1707,1736,1735,-1,1707,1714,1739,-1,1739,1736,1707,-1,1592,1591,1578,-1,1752,1591,1715,-1,1579,1592,1578,-1,1591,1752,1578,-1,1715,1739,1771,-1,1715,1771,1752,-1,1773,1771,1714,-1,1739,1714,1771,-1,1714,1774,1773,-1,1792,1775,1793,-1,1580,1592,1579,-1,1594,1582,1595,-1,1593,1580,1581,-1,1580,1593,1592,-1,1594,1593,1581,-1,1594,1581,1582,-1,1775,1595,1582,-1,1793,1790,1792,-1,1595,1775,1792,-1,1876,1877,1878,-1,1879,1880,1878,-1,1876,1878,1880,-1,1881,1880,1879,-1,1882,1877,1876,-1,1883,1882,1611,-1,1882,1883,1877,-1,1883,1611,1609,-1,1487,1884,1881,-1,1471,1879,1463,-1,1879,1885,1472,-1,1884,1875,1873,-1,1469,1879,1474,-1,1879,1472,1474,-1,1466,1879,1468,-1,1879,1469,1468,-1,1879,1466,1463,-1,1478,1881,1471,-1,1879,1471,1881,-1,1482,1881,1479,-1,1881,1478,1479,-1,1485,1881,1484,-1,1881,1482,1484,-1,1881,1485,1487,-1,1870,1869,1884,-1,1884,1487,1875,-1,1874,1884,1872,-1,1884,1873,1872,-1,1884,1874,1870,-1,1871,1885,1869,-1,1884,1869,1885,-1,1867,1885,1866,-1,1885,1871,1866,-1,1865,1885,1868,-1,1885,1867,1868,-1,1472,1885,1865,-1,1886,1887,1888,-1,1600,1889,1888,-1,1886,1888,1889,-1,1603,1889,1600,-1,1890,1887,1886,-1,1891,1890,1884,-1,1890,1891,1887,-1,1891,1884,1885,-1,1892,1893,1894,-1,1895,1896,1894,-1,1892,1894,1896,-1,1897,1896,1895,-1,1898,1893,1892,-1,1899,1898,1596,-1,1898,1899,1893,-1,1899,1596,1601,-1,1900,1901,1897,-1,1897,1895,1900,-1,1902,1903,1904,-1,1608,1905,1904,-1,1902,1904,1905,-1,1604,1905,1608,-1,1906,1903,1902,-1,1907,1906,1901,-1,1906,1907,1903,-1,1907,1901,1900,-1,1604,1902,1905,-1,1886,1603,1890,-1,1604,1906,1902,-1,1901,1906,1604,-1,1881,1901,1604,-1,1603,1897,1884,-1,1896,1596,1892,-1,1898,1892,1596,-1,1897,1596,1896,-1,1596,1897,1603,-1,1886,1889,1603,-1,1901,1884,1897,-1,1884,1890,1603,-1,1901,1881,1884,-1,1611,1881,1604,-1,1876,1880,1611,-1,1611,1880,1881,-1,1611,1882,1876,-1,1608,1904,1903,-1,1609,1878,1877,-1,1877,1883,1609,-1,1609,1879,1878,-1,1609,1608,1879,-1,1903,1907,1608,-1,1900,1608,1907,-1,1900,1879,1608,-1,1600,1885,1895,-1,1894,1893,1601,-1,1899,1601,1893,-1,1895,1894,1601,-1,1601,1600,1895,-1,1887,1600,1888,-1,1900,1895,1885,-1,1600,1891,1885,-1,1887,1891,1600,-1,1885,1879,1900,-1,1606,1599,1610,-1,1599,1606,1597,-1,1605,1607,1602,-1,1602,1598,1605,-1,1610,1602,1607,-1,1602,1610,1599,-1,1598,1606,1605,-1,1598,1597,1606,-1,1908,1909,1910,-1,1908,1910,1911,-1,1912,1913,1914,-1,1912,1914,1915,-1,1916,1917,1918,-1,1916,1918,1919,-1,1920,1921,1922,-1,1920,1922,1923,-1,1924,1925,1926,-1,1924,1926,1927,-1,1928,1929,1930,-1,1928,1930,1931,-1,1932,1933,1934,-1,1932,1934,1935,-1,1936,1937,1938,-1,1936,1938,1939,-1,1940,1941,1942,-1,1940,1942,1943,-1,1944,1945,1946,-1,1944,1946,1947,-1,1948,1949,1950,-1,1948,1950,1951,-1,1952,1953,1954,-1,1952,1954,1955,-1,1956,1957,1958,-1,1956,1958,1959,-1,1960,1961,1962,-1,1960,1962,1963,-1,1964,1965,1966,-1,1964,1966,1967,-1,1968,1969,1970,-1,1968,1970,1971,-1,1972,1973,1974,-1,1972,1974,1975,-1,1976,1977,1978,-1,1979,1977,1976,-1,1977,1979,1980,-1,1979,1981,1980,-1,1982,1980,1981,-1,1982,1981,1983,-1,1982,1983,1984,-1,1985,1982,1984,-1,1986,1985,1984,-1,1985,1986,1987,-1,1988,1989,1990,-1,1991,1989,1992,-1,1989,1991,1990,-1,1993,1994,1992,-1,1991,1992,1994,-1,1995,1994,1993,-1,1996,1988,1990,-1,1996,1997,1998,-1,1998,1988,1996,-1,1999,1997,1987,-1,1997,1999,1998,-1,1999,1987,1986,-1,2000,2001,2002,-1,2003,2004,2000,-1,2005,2001,2000,-1,2002,2003,2000,-1,2003,1995,1993,-1,2002,1995,2003,-1,2006,2005,2000,-1,2007,2008,2009,-1,2010,2011,2008,-1,2006,2011,2010,-1,2007,2010,2008,-1,2000,2011,2006,-1,2007,2012,2013,-1,2012,2007,2009,-1,2014,2013,2012,-1,1974,2015,1975,-1,2016,2017,2015,-1,2014,2017,2016,-1,1974,2016,2015,-1,2012,2017,2014,-1,2018,2019,2020,-1,2019,2018,2021,-1,2022,2023,2024,-1,2023,2022,2025,-1,2023,2026,2024,-1,2023,2027,2026,-1,2028,2029,2030,-1,2031,2029,2032,-1,2029,2031,2030,-1,2033,2034,2032,-1,2031,2032,2034,-1,2035,2034,2033,-1,2036,2028,2030,-1,2036,2037,2038,-1,2038,2028,2036,-1,2039,2037,2026,-1,2037,2039,2038,-1,2039,2026,2027,-1,2033,2040,2035,-1,2033,2041,2040,-1,2042,2043,2044,-1,2045,2043,2046,-1,2043,2045,2044,-1,2047,2048,2046,-1,2045,2046,2048,-1,2049,2048,2047,-1,2050,2042,2044,-1,2050,2051,2052,-1,2052,2042,2050,-1,2053,2051,2040,-1,2051,2053,2052,-1,2053,2040,2041,-1,2054,2049,2047,-1,2054,2047,2055,-1,2056,2057,2058,-1,2055,2047,2057,-1,2056,2055,2057,-1,2047,2059,2057,-1,2060,2061,2062,-1,1978,2060,2062,-1,1978,2062,1976,-1,2060,2063,2061,-1,2061,2063,2058,-1,2063,2056,2058,-1,2050,2044,2006,-1,2018,2022,2064,-1,2005,2045,2048,-1,2020,2022,2018,-1,2048,2049,2005,-1,2022,2024,2064,-1,2030,2031,2016,-1,2014,2031,2034,-1,2031,2014,2016,-1,2013,2014,2034,-1,2035,2013,2034,-1,2006,2045,2005,-1,2006,2044,2045,-1,2049,2001,2005,-1,2054,2001,2049,-1,2051,2050,2010,-1,2006,2010,2050,-1,2010,2007,2051,-1,2040,2007,2013,-1,2051,2007,2040,-1,2030,2016,2036,-1,2013,2035,2040,-1,2036,1974,2037,-1,1974,2036,2016,-1,1974,1973,2065,-1,2037,1974,2026,-1,1970,1969,2066,-1,2026,2065,2066,-1,1974,2065,2026,-1,2067,1966,1965,-1,2066,2067,2026,-1,1970,2066,2065,-1,1961,2068,1962,-1,2067,2068,2026,-1,1966,2067,2066,-1,1957,2069,1958,-1,2068,2069,2026,-1,1962,2068,2067,-1,1953,2070,1954,-1,2069,2070,2026,-1,1958,2069,2068,-1,2071,1950,1949,-1,2070,2071,2026,-1,1954,2070,2069,-1,2072,1946,1945,-1,2071,2072,2026,-1,1950,2071,2070,-1,2072,2073,2024,-1,2073,1942,1941,-1,2026,2072,2024,-1,1946,2072,2071,-1,2074,1938,1937,-1,1938,2074,2073,-1,1942,2073,2072,-1,1933,2075,1934,-1,2024,2074,2075,-1,2024,2073,2074,-1,1929,2076,1930,-1,2075,2076,2024,-1,1934,2075,2074,-1,1925,2077,1926,-1,2076,2077,2024,-1,1930,2076,2075,-1,2078,1922,1921,-1,2077,2078,2024,-1,1926,2077,2076,-1,2079,1918,1917,-1,2078,2079,2024,-1,1922,2078,2077,-1,2080,1914,1913,-1,2079,2080,2024,-1,1918,2079,2078,-1,1910,2064,2080,-1,2024,2080,2064,-1,1914,2080,2079,-1,2064,1910,1909,-1,2021,2025,2019,-1,2011,2042,2052,-1,2047,2046,2000,-1,2081,2023,2082,-1,2028,2015,2029,-1,2017,2032,2029,-1,2029,2015,2017,-1,2012,2032,2017,-1,2033,2032,2012,-1,2000,2046,2043,-1,2004,2047,2000,-1,2000,2043,2011,-1,2004,2059,2047,-1,2011,2043,2042,-1,2053,2008,2052,-1,2011,2052,2008,-1,2008,2053,2009,-1,2041,2012,2009,-1,2053,2041,2009,-1,2028,2038,2015,-1,2012,2041,2033,-1,2038,2039,1975,-1,1975,2015,2038,-1,1975,2083,1972,-1,2039,2027,1975,-1,1971,2084,1968,-1,2027,2084,2083,-1,1975,2027,2083,-1,2085,1964,1967,-1,2084,2027,2085,-1,1971,2083,2084,-1,1960,1963,2086,-1,2085,2027,2086,-1,1967,2084,2085,-1,1956,1959,2087,-1,2086,2027,2087,-1,1963,2085,2086,-1,1952,1955,2088,-1,2087,2027,2088,-1,1959,2086,2087,-1,2089,1948,1951,-1,2088,2027,2089,-1,1955,2087,2088,-1,2090,1944,1947,-1,2089,2027,2090,-1,1951,2088,2089,-1,2091,1940,1943,-1,2027,2023,2090,-1,1947,2089,2090,-1,2023,2091,2090,-1,1943,2090,2091,-1,1939,2092,1936,-1,2023,2092,2091,-1,1939,2091,2092,-1,1935,2093,1932,-1,2023,2093,2092,-1,1935,2092,2093,-1,1931,2094,1928,-1,2023,2094,2093,-1,1931,2093,2094,-1,1927,2095,1924,-1,2023,2095,2094,-1,1927,2094,2095,-1,1923,2081,1920,-1,2023,2081,2095,-1,1923,2095,2081,-1,1919,2082,1916,-1,2082,2023,2096,-1,1919,2081,2082,-1,1915,2096,1912,-1,1911,2096,2097,-1,1915,2082,2096,-1,1911,2097,1908,-1,2021,2097,2025,-1,2025,2097,2023,-1,2023,2097,2096,-1,1986,1998,1999,-1,1979,1976,1986,-1,1988,1998,1976,-1,2058,1993,2061,-1,2062,2061,1992,-1,2057,1993,2058,-1,2003,1993,2057,-1,1976,2062,1989,-1,1976,1989,1988,-1,1989,2062,1992,-1,2061,1993,1992,-1,1976,1998,1986,-1,1986,1984,1979,-1,2004,2003,2057,-1,2057,2059,2004,-1,1991,1994,2060,-1,2063,2060,1994,-1,1977,1985,1987,-1,2056,2063,1995,-1,2055,2056,1995,-1,2055,1995,2002,-1,1991,2060,1978,-1,1995,2063,1994,-1,1978,1996,1990,-1,1991,1978,1990,-1,1996,1987,1997,-1,1996,1978,1987,-1,1987,1978,1977,-1,2002,2001,2054,-1,2054,2055,2002,-1,1977,1980,1982,-1,1977,1982,1985,-1,1984,1983,1981,-1,1984,1981,1979,-1,2022,2020,2019,-1,2019,2025,2022,-1,1970,2065,2083,-1,2083,1971,1970,-1,2065,1972,2083,-1,2065,1973,1972,-1,1966,2066,2084,-1,2084,1967,1966,-1,2066,1968,2084,-1,2066,1969,1968,-1,1962,2067,2085,-1,2085,1963,1962,-1,2067,1964,2085,-1,2067,1965,1964,-1,1958,2068,2086,-1,2086,1959,1958,-1,2068,1960,2086,-1,2068,1961,1960,-1,1954,2069,2087,-1,2087,1955,1954,-1,2069,1956,2087,-1,2069,1957,1956,-1,1950,2070,2088,-1,2088,1951,1950,-1,2070,1952,2088,-1,2070,1953,1952,-1,1946,2071,2089,-1,2089,1947,1946,-1,2071,1948,2089,-1,2071,1949,1948,-1,1942,2072,2090,-1,2090,1943,1942,-1,2072,1944,2090,-1,2072,1945,1944,-1,1938,2073,2091,-1,2091,1939,1938,-1,2073,1940,2091,-1,2073,1941,1940,-1,1934,2074,2092,-1,2092,1935,1934,-1,2074,1936,2092,-1,2074,1937,1936,-1,1930,2075,2093,-1,2093,1931,1930,-1,2075,1932,2093,-1,2075,1933,1932,-1,1926,2076,2094,-1,2094,1927,1926,-1,2076,1928,2094,-1,2076,1929,1928,-1,1922,2077,2095,-1,2095,1923,1922,-1,2077,1924,2095,-1,2077,1925,1924,-1,1918,2078,2081,-1,2081,1919,1918,-1,2078,1920,2081,-1,2078,1921,1920,-1,1914,2079,2082,-1,2082,1915,1914,-1,2079,1916,2082,-1,2079,1917,1916,-1,1910,2080,2096,-1,2096,1911,1910,-1,2080,1912,2096,-1,2080,1913,1912,-1,2064,1908,2097,-1,2064,1909,1908,-1,2018,2064,2097,-1,2097,2021,2018,-1,2098,2099,2100,-1,2101,2100,2102,-1,2099,2102,2100,-1,2103,2101,2104,-1,2101,2102,2104,-1,2103,2105,2106,-1,2104,2105,2103,-1,2099,2098,2107,-1,2108,2109,2110,-1,2109,2106,2110,-1,2106,2105,2110,-1,2108,2111,2109,-1,2112,2107,2098,-1,2112,2113,2114,-1,2114,2107,2112,-1,2115,2113,2116,-1,2113,2115,2114,-1,2117,2118,2116,-1,2115,2116,2118,-1,2117,2119,2120,-1,2120,2118,2117,-1,2121,2119,2122,-1,2119,2121,2120,-1,2121,2122,2123,-1,2124,2125,2126,-1,2127,2128,2129,-1,2130,2131,2132,-1,2133,2130,2134,-1,2126,2135,2136,-1,2137,2138,2139,-1,2140,2141,2142,-1,2143,2144,2133,-1,2145,2146,2147,-1,2138,2148,2144,-1,2142,2136,2149,-1,2141,2150,2151,-1,2152,2151,2145,-1,2153,2154,2131,-1,2155,2156,2139,-1,2157,2155,2139,-1,2158,2159,2124,-1,2157,2160,2155,-1,2151,2148,2146,-1,2154,2132,2131,-1,2161,2158,2162,-1,2153,2163,2154,-1,2164,2165,2162,-1,2166,2163,2167,-1,2164,2168,2169,-1,2170,2171,2172,-1,2173,2168,2174,-1,2175,2176,2172,-1,2177,2174,2178,-1,2179,2180,2175,-1,2128,2181,2178,-1,2182,2183,2127,-1,2172,2176,2170,-1,2184,2182,2127,-1,2185,2186,2184,-1,2179,2187,2180,-1,2188,2183,2189,-1,2188,2190,2187,-1,2188,2189,2190,-1,2175,2180,2176,-1,2127,2185,2184,-1,2189,2183,2182,-1,2183,2181,2128,-1,2129,2185,2127,-1,2188,2179,2181,-1,2179,2188,2187,-1,2128,2191,2129,-1,2188,2181,2183,-1,2181,2177,2178,-1,2183,2128,2127,-1,2175,2177,2179,-1,2192,2171,2170,-1,2178,2191,2128,-1,2179,2177,2181,-1,2177,2173,2174,-1,2193,2191,2178,-1,2172,2173,2175,-1,2194,2195,2192,-1,2174,2193,2178,-1,2175,2173,2177,-1,2173,2169,2168,-1,2196,2193,2174,-1,2171,2169,2172,-1,2166,2197,2194,-1,2198,2196,2168,-1,2172,2169,2173,-1,2169,2165,2164,-1,2196,2174,2168,-1,2171,2195,2165,-1,2195,2171,2192,-1,2164,2199,2198,-1,2171,2165,2169,-1,2165,2161,2162,-1,2198,2168,2164,-1,2195,2197,2161,-1,2197,2195,2194,-1,2162,2200,2199,-1,2195,2161,2165,-1,2161,2159,2158,-1,2199,2164,2162,-1,2197,2167,2159,-1,2167,2197,2166,-1,2158,2201,2200,-1,2197,2159,2161,-1,2159,2125,2124,-1,2200,2162,2158,-1,2167,2153,2125,-1,2153,2167,2163,-1,2124,2202,2201,-1,2167,2125,2159,-1,2125,2135,2126,-1,2201,2158,2124,-1,2131,2135,2153,-1,2134,2130,2132,-1,2126,2203,2202,-1,2153,2135,2125,-1,2135,2149,2136,-1,2202,2124,2126,-1,2130,2149,2131,-1,2143,2133,2134,-1,2136,2204,2203,-1,2131,2149,2135,-1,2149,2140,2142,-1,2203,2126,2136,-1,2133,2140,2130,-1,2205,2144,2143,-1,2142,2206,2204,-1,2130,2140,2149,-1,2140,2150,2141,-1,2204,2136,2142,-1,2144,2150,2133,-1,2207,2138,2205,-1,2141,2152,2206,-1,2133,2150,2140,-1,2150,2148,2151,-1,2206,2142,2141,-1,2205,2138,2144,-1,2207,2157,2139,-1,2151,2146,2145,-1,2144,2148,2150,-1,2137,2146,2148,-1,2152,2141,2151,-1,2207,2139,2138,-1,2138,2137,2148,-1,2156,2208,2137,-1,2139,2156,2137,-1,2147,2146,2208,-1,2137,2208,2146,-1,2209,2201,2202,-1,2203,2210,2202,-1,2209,2202,2210,-1,2203,2204,2211,-1,2211,2210,2203,-1,2212,2204,2206,-1,2204,2212,2211,-1,2152,2213,2206,-1,2212,2206,2213,-1,2214,2152,2215,-1,2214,2213,2152,-1,2216,2215,2145,-1,2152,2145,2215,-1,2145,2147,2217,-1,2217,2216,2145,-1,2147,2218,2217,-1,2201,2209,2219,-1,2200,2201,2219,-1,2220,2200,2221,-1,2221,2200,2219,-1,2220,2199,2200,-1,2198,2199,2222,-1,2220,2222,2199,-1,2223,2196,2198,-1,2198,2222,2223,-1,2196,2224,2193,-1,2224,2196,2223,-1,2191,2193,2225,-1,2224,2225,2193,-1,2226,2129,2191,-1,2191,2225,2226,-1,2129,2227,2228,-1,2227,2129,2226,-1,2185,2229,2230,-1,2229,2185,2228,-1,2185,2129,2228,-1,2185,2230,2186,-1,2186,2230,2231,-1,2232,2233,2234,-1,2235,2236,2237,-1,2237,2238,2235,-1,2237,2232,2238,-1,2236,2233,2239,-1,2232,2239,2233,-1,2236,2235,2233,-1,2232,2234,2238,-1,2240,2241,2242,-1,2243,2240,2244,-1,2244,2245,2246,-1,2242,2245,2247,-1,2244,2246,2243,-1,2241,2240,2243,-1,2240,2242,2247,-1,2245,2242,2246,-1,2248,2249,2250,-1,2251,2252,2253,-1,2254,2255,2256,-1,2257,2258,2259,-1,2260,2254,2256,-1,2255,2257,2259,-1,2256,2255,2259,-1,2258,2251,2253,-1,2258,2257,2251,-1,2249,2252,2250,-1,2249,2253,2252,-1,2250,2261,2248,-1,2262,2263,2264,-1,2264,2263,2265,-1,2266,2267,2268,-1,2269,2270,2271,-1,2271,2268,2269,-1,2272,2273,2274,-1,2275,2276,2277,-1,2278,2279,2280,-1,2279,2281,2276,-1,2282,2283,2284,-1,2285,2286,2287,-1,2250,2288,2261,-1,2289,2290,2291,-1,2272,2292,2293,-1,2294,2295,2274,-1,2273,2291,2296,-1,2297,2298,2296,-1,2297,2296,2299,-1,2252,2295,2294,-1,2300,2301,2302,-1,2291,2300,2289,-1,2303,2304,2293,-1,2305,2306,2307,-1,2304,2308,2283,-1,2309,2282,2310,-1,2302,2301,2311,-1,2285,2287,2312,-1,2280,2309,2313,-1,2314,2262,2315,-1,2287,2286,2316,-1,2317,2316,2318,-1,2319,2320,2275,-1,2266,2320,2321,-1,2321,2320,2322,-1,2322,2319,2248,-1,2269,2268,2267,-1,2271,2265,2268,-1,2319,2275,2277,-1,2267,2266,2321,-1,2323,2266,2263,-1,2323,2275,2320,-1,2248,2319,2249,-1,2322,2320,2319,-1,2266,2268,2263,-1,2265,2263,2268,-1,2277,2276,2281,-1,2266,2323,2320,-1,2324,2323,2262,-1,2319,2277,2249,-1,2275,2324,2276,-1,2253,2249,2277,-1,2263,2262,2323,-1,2264,2315,2262,-1,2281,2279,2278,-1,2323,2324,2275,-1,2324,2314,2325,-1,2277,2281,2253,-1,2276,2325,2279,-1,2258,2253,2281,-1,2262,2314,2324,-1,2315,2317,2314,-1,2278,2280,2313,-1,2324,2325,2276,-1,2325,2318,2326,-1,2281,2278,2258,-1,2279,2326,2280,-1,2259,2258,2278,-1,2325,2314,2318,-1,2317,2318,2314,-1,2313,2309,2310,-1,2325,2326,2279,-1,2326,2286,2327,-1,2278,2313,2259,-1,2280,2327,2309,-1,2256,2259,2313,-1,2326,2318,2286,-1,2316,2286,2318,-1,2310,2282,2284,-1,2326,2327,2280,-1,2305,2312,2306,-1,2313,2310,2256,-1,2309,2328,2282,-1,2260,2256,2310,-1,2327,2285,2328,-1,2285,2327,2286,-1,2284,2283,2308,-1,2327,2328,2309,-1,2328,2305,2329,-1,2310,2284,2260,-1,2282,2329,2283,-1,2254,2260,2284,-1,2328,2285,2305,-1,2312,2305,2285,-1,2308,2304,2303,-1,2328,2329,2282,-1,2329,2307,2330,-1,2284,2308,2254,-1,2283,2330,2304,-1,2255,2254,2308,-1,2305,2307,2329,-1,2306,2311,2307,-1,2257,2303,2292,-1,2329,2330,2283,-1,2301,2331,2330,-1,2308,2303,2255,-1,2304,2331,2293,-1,2257,2255,2303,-1,2330,2307,2301,-1,2311,2301,2307,-1,2251,2292,2295,-1,2330,2331,2304,-1,2332,2331,2300,-1,2332,2272,2293,-1,2257,2292,2251,-1,2303,2293,2292,-1,2301,2300,2331,-1,2302,2289,2300,-1,2294,2288,2250,-1,2331,2332,2293,-1,2291,2273,2332,-1,2295,2272,2274,-1,2251,2295,2252,-1,2292,2272,2295,-1,2291,2332,2300,-1,2298,2297,2333,-1,2298,2334,2274,-1,2332,2273,2272,-1,2274,2273,2298,-1,2288,2294,2334,-1,2274,2334,2294,-1,2252,2294,2250,-1,2291,2290,2296,-1,2299,2296,2290,-1,2333,2335,2334,-1,2273,2296,2298,-1,2333,2334,2298,-1,2335,2336,2288,-1,2335,2288,2334,-1,2288,2336,2261,-1,2337,2338,2339,-1,2340,2341,2342,-1,2343,2344,2345,-1,2346,2337,2339,-1,2347,2348,2349,-1,2348,2347,2338,-1,2338,2347,2339,-1,2348,2342,2349,-1,2340,2344,2341,-1,2342,2341,2349,-1,2343,2345,2350,-1,2340,2345,2344,-1,2227,2226,2351,-1,2352,2353,2354,-1,2350,2345,2355,-1,2352,2340,2353,-1,2356,2212,2357,-1,2209,2358,2359,-1,2213,2357,2212,-1,2360,2361,2362,-1,2363,2219,2359,-1,2220,2221,2364,-1,2365,2366,2361,-1,2351,2226,2367,-1,2368,2369,2370,-1,2371,2372,2373,-1,2367,2374,2375,-1,2371,2376,2343,-1,2373,2372,2374,-1,2225,2367,2226,-1,2372,2375,2374,-1,2377,2354,2378,-1,2224,2379,2380,-1,2376,2373,2368,-1,2381,2382,2383,-1,2223,2384,2379,-1,2385,2369,2386,-1,2221,2219,2363,-1,2387,2386,2366,-1,2388,2389,2362,-1,2221,2363,2364,-1,2388,2390,2391,-1,2390,2392,2393,-1,2392,2378,2394,-1,2395,2211,2356,-1,2381,2377,2357,-1,2382,2381,2214,-1,2225,2224,2380,-1,2351,2367,2375,-1,2396,2222,2220,-1,2376,2368,2370,-1,2397,2374,2380,-1,2397,2368,2373,-1,2343,2376,2344,-1,2371,2373,2376,-1,2374,2367,2380,-1,2225,2380,2367,-1,2370,2369,2385,-1,2374,2397,2373,-1,2398,2397,2379,-1,2376,2370,2344,-1,2368,2398,2369,-1,2341,2344,2370,-1,2380,2379,2397,-1,2224,2223,2379,-1,2385,2386,2387,-1,2397,2398,2368,-1,2398,2384,2399,-1,2370,2385,2341,-1,2369,2399,2386,-1,2349,2341,2385,-1,2379,2384,2398,-1,2223,2222,2384,-1,2387,2366,2365,-1,2398,2399,2369,-1,2399,2396,2400,-1,2385,2387,2349,-1,2386,2400,2366,-1,2347,2349,2387,-1,2399,2384,2396,-1,2222,2396,2384,-1,2365,2361,2360,-1,2399,2400,2386,-1,2400,2364,2401,-1,2387,2365,2347,-1,2366,2401,2361,-1,2339,2347,2365,-1,2400,2396,2364,-1,2220,2364,2396,-1,2360,2362,2389,-1,2400,2401,2366,-1,2359,2219,2209,-1,2365,2360,2339,-1,2361,2402,2362,-1,2346,2339,2360,-1,2401,2363,2402,-1,2363,2401,2364,-1,2389,2388,2391,-1,2401,2402,2361,-1,2211,2395,2210,-1,2360,2389,2346,-1,2362,2403,2388,-1,2337,2346,2389,-1,2402,2363,2359,-1,2402,2359,2403,-1,2391,2390,2393,-1,2402,2403,2362,-1,2403,2358,2404,-1,2389,2391,2337,-1,2388,2404,2390,-1,2338,2337,2391,-1,2359,2358,2403,-1,2209,2210,2358,-1,2348,2393,2394,-1,2403,2404,2388,-1,2395,2405,2404,-1,2391,2393,2338,-1,2390,2405,2392,-1,2348,2338,2393,-1,2404,2358,2395,-1,2210,2395,2358,-1,2342,2394,2353,-1,2404,2405,2390,-1,2406,2405,2356,-1,2406,2378,2392,-1,2348,2394,2342,-1,2393,2392,2394,-1,2395,2356,2405,-1,2211,2212,2356,-1,2352,2355,2345,-1,2405,2406,2392,-1,2357,2377,2406,-1,2353,2378,2354,-1,2342,2353,2340,-1,2394,2378,2353,-1,2357,2406,2356,-1,2383,2382,2407,-1,2383,2408,2354,-1,2406,2377,2378,-1,2354,2377,2383,-1,2355,2352,2408,-1,2354,2408,2352,-1,2340,2352,2345,-1,2357,2213,2381,-1,2214,2381,2213,-1,2407,2409,2408,-1,2377,2381,2383,-1,2407,2408,2383,-1,2409,2410,2355,-1,2409,2355,2408,-1,2355,2410,2350,-1,2411,2147,2412,-1,2264,2265,2413,-1,2414,2271,2415,-1,2416,2417,2316,-1,2418,2419,2315,-1,2420,2311,2306,-1,2421,2312,2417,-1,2290,2289,2422,-1,2302,2423,2424,-1,2425,2299,2290,-1,2290,2422,2425,-1,2426,2425,2427,-1,2425,2426,2299,-1,2186,2428,2427,-1,2426,2427,2428,-1,2231,2428,2186,-1,2424,2289,2302,-1,2289,2424,2422,-1,2311,2423,2302,-1,2311,2420,2423,-1,2421,2420,2306,-1,2312,2287,2417,-1,2306,2312,2421,-1,2316,2317,2416,-1,2287,2316,2417,-1,2315,2419,2317,-1,2416,2317,2419,-1,2264,2413,2418,-1,2315,2264,2418,-1,2265,2271,2414,-1,2413,2265,2414,-1,2415,2270,2429,-1,2415,2271,2270,-1,2429,2411,2412,-1,2412,2415,2429,-1,2147,2411,2218,-1,2430,2431,2432,-1,2433,2434,2160,-1,2435,2433,2436,-1,2431,2436,2432,-1,2437,2438,2439,-1,2440,2441,2442,-1,2443,2444,2445,-1,2446,2430,2447,-1,2443,2448,2444,-1,2449,2450,2451,-1,2452,2453,2454,-1,2455,2456,2457,-1,2458,2452,2459,-1,2459,2460,2461,-1,2462,2463,2464,-1,2462,2427,2425,-1,2465,2189,2460,-1,2182,2460,2189,-1,2190,2189,2465,-1,2466,2186,2427,-1,2467,2468,2457,-1,2463,2468,2469,-1,2448,2470,2471,-1,2453,2471,2472,-1,2473,2449,2474,-1,2455,2473,2475,-1,2448,2443,2470,-1,2462,2458,2466,-1,2476,2477,2438,-1,2478,2450,2477,-1,2439,2442,2479,-1,2480,2445,2481,-1,2415,2482,2440,-1,2431,2435,2436,-1,2483,2482,2156,-1,2430,2432,2447,-1,2147,2208,2412,-1,2208,2156,2482,-1,2155,2434,2483,-1,2434,2155,2160,-1,2482,2412,2208,-1,2155,2483,2156,-1,2483,2441,2440,-1,2415,2412,2482,-1,2434,2435,2441,-1,2435,2434,2433,-1,2440,2414,2415,-1,2434,2441,2483,-1,2441,2479,2442,-1,2483,2440,2482,-1,2431,2479,2435,-1,2484,2446,2447,-1,2442,2414,2440,-1,2435,2479,2441,-1,2479,2437,2439,-1,2413,2414,2442,-1,2430,2437,2431,-1,2485,2486,2484,-1,2439,2413,2442,-1,2431,2437,2479,-1,2437,2476,2438,-1,2418,2413,2439,-1,2446,2476,2430,-1,2480,2487,2485,-1,2419,2418,2438,-1,2430,2476,2437,-1,2476,2478,2477,-1,2418,2439,2438,-1,2446,2486,2478,-1,2486,2446,2484,-1,2477,2416,2419,-1,2446,2478,2476,-1,2478,2451,2450,-1,2419,2438,2477,-1,2486,2487,2451,-1,2487,2486,2485,-1,2450,2417,2416,-1,2486,2451,2478,-1,2451,2474,2449,-1,2416,2477,2450,-1,2487,2481,2474,-1,2481,2487,2480,-1,2449,2421,2417,-1,2487,2474,2451,-1,2474,2475,2473,-1,2417,2450,2449,-1,2481,2444,2475,-1,2444,2481,2445,-1,2473,2420,2421,-1,2481,2475,2474,-1,2475,2456,2455,-1,2421,2449,2473,-1,2448,2456,2444,-1,2472,2471,2470,-1,2455,2423,2420,-1,2444,2456,2475,-1,2456,2467,2457,-1,2420,2473,2455,-1,2471,2467,2448,-1,2454,2453,2472,-1,2457,2424,2423,-1,2448,2467,2456,-1,2467,2469,2468,-1,2423,2455,2457,-1,2453,2469,2471,-1,2488,2452,2454,-1,2468,2422,2424,-1,2471,2469,2467,-1,2469,2464,2463,-1,2424,2457,2468,-1,2452,2464,2453,-1,2489,2459,2488,-1,2463,2425,2422,-1,2453,2464,2469,-1,2464,2458,2462,-1,2422,2468,2463,-1,2488,2459,2452,-1,2489,2465,2460,-1,2462,2466,2427,-1,2452,2458,2464,-1,2461,2466,2458,-1,2425,2463,2462,-1,2489,2460,2459,-1,2459,2461,2458,-1,2182,2184,2461,-1,2460,2182,2461,-1,2186,2466,2184,-1,2461,2184,2466,-1,2116,2176,2117,-1,2166,2112,2098,-1,2098,2154,2163,-1,2112,2166,2194,-1,2132,2100,2101,-1,2194,2192,2113,-1,2103,2134,2101,-1,2116,2192,2170,-1,2205,2103,2106,-1,2187,2119,2180,-1,2109,2207,2106,-1,2490,2436,2433,-1,2154,2100,2132,-1,2465,2489,2491,-1,2472,2492,2493,-1,2494,2443,2445,-1,2495,2480,2485,-1,2470,2443,2496,-1,2480,2495,2494,-1,2470,2492,2472,-1,2497,2484,2447,-1,2485,2484,2498,-1,2499,2489,2488,-1,2454,2493,2488,-1,2436,2490,2500,-1,2436,2500,2432,-1,2187,2190,2122,-1,2491,2122,2465,-1,2157,2111,2160,-1,2111,2490,2433,-1,2160,2111,2433,-1,2180,2117,2176,-1,2497,2447,2432,-1,2497,2432,2500,-1,2497,2498,2484,-1,2498,2495,2485,-1,2494,2445,2480,-1,2494,2496,2443,-1,2496,2492,2470,-1,2493,2454,2472,-1,2493,2499,2488,-1,2499,2491,2489,-1,2122,2190,2465,-1,2122,2119,2187,-1,2119,2117,2180,-1,2116,2170,2176,-1,2116,2113,2192,-1,2113,2112,2194,-1,2098,2163,2166,-1,2098,2100,2154,-1,2101,2134,2132,-1,2103,2143,2134,-1,2205,2106,2207,-1,2143,2103,2205,-1,2207,2109,2157,-1,2111,2157,2109,-1,2501,2111,2108,-1,2502,2497,2503,-1,2504,2500,2490,-1,2494,2505,2506,-1,2498,2507,2495,-1,2508,2509,2493,-1,2510,2492,2496,-1,2499,2509,2511,-1,2509,2499,2493,-1,2123,2491,2511,-1,2499,2511,2491,-1,2122,2491,2123,-1,2510,2508,2492,-1,2508,2493,2492,-1,2494,2506,2496,-1,2506,2510,2496,-1,2495,2507,2505,-1,2495,2505,2494,-1,2498,2497,2502,-1,2498,2502,2507,-1,2503,2500,2504,-1,2497,2500,2503,-1,2501,2490,2111,-1,2504,2490,2501,-1,2321,2248,2267,-1,2248,2321,2322,-1,2270,2269,2297,-1,2267,2248,2261,-1,2299,2429,2270,-1,2426,2429,2299,-1,2299,2270,2297,-1,2269,2267,2333,-1,2269,2333,2297,-1,2335,2333,2261,-1,2267,2261,2333,-1,2261,2336,2335,-1,2343,2372,2371,-1,2343,2350,2375,-1,2375,2372,2343,-1,2228,2227,2214,-1,2382,2227,2351,-1,2215,2228,2214,-1,2227,2382,2214,-1,2351,2375,2407,-1,2351,2407,2382,-1,2409,2407,2350,-1,2375,2350,2407,-1,2350,2410,2409,-1,2428,2411,2429,-1,2216,2228,2215,-1,2230,2218,2231,-1,2229,2216,2217,-1,2216,2229,2228,-1,2230,2229,2217,-1,2230,2217,2218,-1,2411,2231,2218,-1,2429,2426,2428,-1,2231,2411,2428,-1,2512,2513,2514,-1,2515,2516,2514,-1,2512,2514,2516,-1,2517,2516,2515,-1,2518,2513,2512,-1,2519,2518,2247,-1,2518,2519,2513,-1,2519,2247,2245,-1,2123,2520,2517,-1,2107,2515,2099,-1,2515,2521,2108,-1,2520,2511,2509,-1,2105,2515,2110,-1,2515,2108,2110,-1,2102,2515,2104,-1,2515,2105,2104,-1,2515,2102,2099,-1,2114,2517,2107,-1,2515,2107,2517,-1,2118,2517,2115,-1,2517,2114,2115,-1,2121,2517,2120,-1,2517,2118,2120,-1,2517,2121,2123,-1,2506,2505,2520,-1,2520,2123,2511,-1,2510,2520,2508,-1,2520,2509,2508,-1,2520,2510,2506,-1,2507,2521,2505,-1,2520,2505,2521,-1,2503,2521,2502,-1,2521,2507,2502,-1,2501,2521,2504,-1,2521,2503,2504,-1,2108,2521,2501,-1,2522,2523,2524,-1,2236,2525,2524,-1,2522,2524,2525,-1,2239,2525,2236,-1,2526,2523,2522,-1,2527,2526,2520,-1,2526,2527,2523,-1,2527,2520,2521,-1,2528,2529,2530,-1,2531,2532,2530,-1,2528,2530,2532,-1,2533,2532,2531,-1,2534,2529,2528,-1,2535,2534,2232,-1,2534,2535,2529,-1,2535,2232,2237,-1,2536,2537,2533,-1,2533,2531,2536,-1,2538,2539,2540,-1,2244,2541,2540,-1,2538,2540,2541,-1,2240,2541,2244,-1,2542,2539,2538,-1,2543,2542,2537,-1,2542,2543,2539,-1,2543,2537,2536,-1,2240,2538,2541,-1,2522,2239,2526,-1,2240,2542,2538,-1,2537,2542,2240,-1,2517,2537,2240,-1,2239,2533,2520,-1,2532,2232,2528,-1,2534,2528,2232,-1,2533,2232,2532,-1,2232,2533,2239,-1,2522,2525,2239,-1,2537,2520,2533,-1,2520,2526,2239,-1,2537,2517,2520,-1,2247,2517,2240,-1,2512,2516,2247,-1,2247,2516,2517,-1,2247,2518,2512,-1,2244,2540,2539,-1,2245,2514,2513,-1,2513,2519,2245,-1,2245,2515,2514,-1,2245,2244,2515,-1,2539,2543,2244,-1,2536,2244,2543,-1,2536,2515,2244,-1,2236,2521,2531,-1,2530,2529,2237,-1,2535,2237,2529,-1,2531,2530,2237,-1,2237,2236,2531,-1,2523,2236,2524,-1,2536,2531,2521,-1,2236,2527,2521,-1,2523,2527,2236,-1,2521,2515,2536,-1,2242,2235,2246,-1,2235,2242,2233,-1,2241,2243,2238,-1,2238,2234,2241,-1,2246,2238,2243,-1,2238,2246,2235,-1,2234,2242,2241,-1,2234,2233,2242,-1,
        ]
    }
}
Shape{
    appearance Appearance {
        material  Material {
            diffuseColor 0.0 0.9058823529411765 0.6705882352941176
            specularColor 0.7529411764705882 0.7529411764705882 0.7529411764705882
            ambientIntensity 1.0
            transparency 1.0
            shininess 0.5
        }
    }
    geometry IndexedFaceSet {
        ccw TRUE
        solid FALSE
        coord DEF co Coordinate {
            point [
                0.0367 0.0435 5.2461, 0.0491 -0.0901 5.2461, 0.0383 -0.0921 5.2061, 0.0756 -0.2231 5.2061, 0.1964 -0.4737 5.1772, 0.1363 -0.345 5.2061, 0.2184 -0.4537 5.2061, 0.0479 -0.2338 5.1772, 0.1111 -0.3606 5.1772, 0.4348 -0.6171 5.2061, 0.5618 -0.6663 5.2061, 0.5537 -0.6949 5.1772, 0.319 -0.5454 5.2061, 0.4216 -0.6437 5.1772, 0.3011 -0.5691 5.1772, 0.9657 -0.6663 5.2061, 0.9739 -0.6949 5.1772, 0.8319 -0.6913 5.2061, 0.6957 -0.6913 5.2061, 0.6929 -0.7209 5.1772, 1.2022 -0.5365 5.2461, 1.3092 -0.4537 5.2061, 1.2085 -0.5454 5.2061, 1.106 -0.6437 5.1772, 1.0927 -0.6171 5.2061, 1.2264 -0.5691 5.1772, 1.3912 -0.345 5.2061, 1.4165 -0.3606 5.1772, 1.3311 -0.4737 5.1772, 1.4519 -0.2231 5.2061, 1.4796 -0.2338 5.1772, 1.3821 -0.339 5.2461, 1.5315 0.0435 5.1772, 1.5184 -0.0975 5.1772, 1.4892 -0.0921 5.2061, 1.4785 -0.0901 5.2461, 1.5018 0.0435 5.2061, 1.4909 0.0435 5.2461, 1.3013 -0.4461 5.2461, 0.8346 -0.7209 5.1772, 0.5651 -0.6559 5.2461, 0.0258 0.0435 5.2061, 0.0858 -0.2192 5.2461, -0.0039 0.0435 5.1772, 0.0091 -0.0975 5.1772, 0.1457 -0.3394 5.2461, 0.2266 -0.4465 5.2461, 0.3258 -0.5368 5.2461, 0.4399 -0.6075 5.2461, 0.697 -0.6805 5.2461, 0.8312 -0.6804 5.2461, 0.9631 -0.6557 5.2461, 1.0882 -0.6072 5.2461, 1.4418 -0.219 5.2461, 1.4785 0.1772 5.2461, 1.4892 0.1791 5.2061, 1.4519 0.3101 5.2061, 1.3311 0.5607 5.1772, 1.3912 0.432 5.2061, 1.3092 0.5407 5.2061, 1.4796 0.3209 5.1772, 1.4165 0.4477 5.1772, 1.0927 0.7042 5.2061, 0.9657 0.7534 5.2061, 0.9739 0.7819 5.1772, 1.2085 0.6325 5.2061, 1.106 0.7308 5.1772, 1.2264 0.6562 5.1772, 0.5618 0.7534 5.2061, 0.5537 0.7819 5.1772, 0.6957 0.7784 5.2061, 0.8319 0.7784 5.2061, 0.8346 0.808 5.1772, 0.3254 0.6235 5.2461, 0.2184 0.5407 5.2061, 0.319 0.6325 5.2061, 0.4216 0.7308 5.1772, 0.4348 0.7042 5.2061, 0.3011 0.6562 5.1772, 0.1363 0.432 5.2061, 0.1111 0.4477 5.1772, 0.1964 0.5607 5.1772, 0.0756 0.3101 5.2061, 0.0479 0.3209 5.1772, 0.1455 0.4261 5.2461, 0.0091 0.1846 5.1772, 0.0383 0.1791 5.2061, 0.0491 0.1772 5.2461, 0.2263 0.5331 5.2461, 0.6929 0.808 5.1772, 0.9625 0.7429 5.2461, 1.4417 0.3063 5.2461, 1.5184 0.1846 5.1772, 1.3819 0.4264 5.2461, 1.301 0.5335 5.2461, 1.2018 0.6239 5.2461, 1.0876 0.6945 5.2461, 0.8305 0.7675 5.2461, 0.6963 0.7675 5.2461, 0.5645 0.7427 5.2461, 0.4394 0.6942 5.2461, 0.0857 0.306 5.2461, 1.1821 -0.176 4.3701, 1.2225 -0.0695 4.1732, 1.1821 -0.176 4.1732, 1.2362 0.0435 4.1732, 1.2225 -0.0695 4.3701, 1.2362 0.0435 4.3701, 1.0322 -0.3453 4.1732, 0.9313 -0.3982 4.1732, 0.9313 -0.3982 4.3701, 1.0322 -0.3453 4.3701, 1.1174 -0.2698 4.3701, 1.1174 -0.2698 4.1732, 0.5962 -0.3982 4.3701, 0.7068 -0.4255 4.1732, 0.5962 -0.3982 4.1732, 0.7068 -0.4255 4.3701, 0.8207 -0.4255 4.3701, 0.8207 -0.4255 4.1732, 0.3455 -0.176 4.3701, 0.4102 -0.2698 4.3701, 0.4102 -0.2698 4.1732, 0.4954 -0.3453 4.1732, 0.4954 -0.3453 4.3701, 0.3455 -0.176 4.1732, 0.3051 -0.0695 4.3701, 0.3051 -0.0695 4.1732, 0.2913 0.0435 4.3701, 0.2913 0.0435 4.1732, 1.5184 -0.0975 4.3701, 1.4797 -0.2338 4.3701, 1.5315 0.0435 4.3701, 1.3311 -0.4737 4.3701, 1.2264 -0.5691 4.3701, 1.4165 -0.3606 4.3701, 0.9739 -0.6949 4.3701, 0.8346 -0.7209 4.3701, 1.106 -0.6437 4.3701, 0.4216 -0.6437 4.3701, 0.5537 -0.6949 4.3701, 0.6929 -0.7209 4.3701, 0.1964 -0.4737 4.3701, 0.3011 -0.5691 4.3701, 0.1111 -0.3606 4.3701, 0.0479 -0.2338 4.3701, 0.0091 -0.0975 4.3701, -0.0039 0.0435 4.3701, 0.9657 0.7534 5.2861, 0.8319 0.7784 5.2861, 1.0927 0.7042 5.2861, 1.2085 0.6325 5.2861, 1.3092 0.5407 5.2861, 1.3912 0.432 5.2861, 1.4519 0.3101 5.2861, 1.4892 0.1791 5.2861, 1.4796 0.3209 5.315, 1.5184 0.1846 5.315, 1.5018 0.0435 5.2861, 1.5315 0.0435 5.315, 0.6929 0.808 5.315, 0.6957 0.7784 5.2861, 0.5618 0.7534 5.2861, 0.4348 0.7042 5.2861, 0.319 0.6325 5.2861, 0.2184 0.5407 5.2861, 0.1363 0.432 5.2861, 0.0756 0.3101 5.2861, 0.0383 0.1791 5.2861, 0.0258 0.0435 5.2861, -0.0039 0.0435 5.315, 1.4165 0.4477 5.315, 1.3311 0.5607 5.315, 1.2264 0.6562 5.315, 1.106 0.7308 5.315, 0.9739 0.7819 5.315, 0.8346 0.808 5.315, 0.5537 0.7819 5.315, 0.4216 0.7308 5.315, 0.3011 0.6562 5.315, 0.1964 0.5607 5.315, 0.1111 0.4477 5.315, 0.0479 0.3209 5.315, 0.0091 0.1846 5.315, 1.4797 -0.2338 5.5118, 1.5184 -0.0975 5.315, 1.4796 -0.2338 5.315, 1.5184 -0.0975 5.5118, 1.5315 0.0435 5.5118, 1.3311 -0.4737 5.315, 1.2264 -0.5691 5.315, 1.2264 -0.5691 5.5118, 1.3311 -0.4737 5.5118, 1.4165 -0.3606 5.5118, 1.4165 -0.3606 5.315, 0.8346 -0.7209 5.5118, 0.9739 -0.6949 5.315, 0.8346 -0.7209 5.315, 0.9739 -0.6949 5.5118, 1.106 -0.6437 5.5118, 1.106 -0.6437 5.315, 0.4216 -0.6437 5.315, 0.4216 -0.6437 5.5118, 0.5537 -0.6949 5.315, 0.6929 -0.7209 5.315, 0.5537 -0.6949 5.5118, 0.6929 -0.7209 5.5118, 0.1964 -0.4737 5.315, 0.1111 -0.3606 5.5118, 0.1964 -0.4737 5.5118, 0.3011 -0.5691 5.5118, 0.3011 -0.5691 5.315, 0.0479 -0.2338 5.5118, 0.1111 -0.3606 5.315, 0.0479 -0.2338 5.315, 0.0091 -0.0975 5.5118, 0.0091 -0.0975 5.315, -0.0039 0.0435 5.5118, 1.7638 1.7341 2.8536, 1.7638 1.752 2.8543, -0.2362 1.7341 2.8536, -0.2362 1.752 2.8543, -0.2362 1.7162 2.8514, 1.7638 1.7162 2.8514, 0.0157 -1.2262 -0.0, 0.252 -1.2262 2.4409, 0.0157 -1.2262 2.8346, 1.2756 -1.2262 2.4409, 1.5118 -1.2262 2.8346, 0.252 -1.2262 -0.0, 1.2756 -1.2262 -0.0, 1.5118 -1.2262 -0.0, 0.0157 1.0573 -0.0, 0.252 1.0573 2.4409, 0.0157 1.0573 5.0984, 1.2756 1.0573 2.4409, 1.5118 1.0573 5.0984, 0.252 1.0573 -0.0, 1.2756 1.0573 -0.0, 1.5118 1.0573 -0.0, 1.5118 -0.9702 5.0984, 1.5118 -0.9702 -0.0, 1.2756 -0.9702 2.4409, 0.252 -0.9702 2.4409, 0.0157 -0.9702 -0.0, 0.0157 -0.9702 5.0984, 1.2756 -0.9702 -0.0, 0.252 -0.9702 -0.0, -0.2362 1.9685 2.6378, 0.0894 1.9685 2.5282, 0.0894 1.9685 0.7085, -0.2362 1.9685 -0.0, 1.7638 1.9685 2.6378, 1.4382 1.9685 0.7085, 1.4382 1.9685 2.5282, 1.7638 1.9685 -0.0, 1.7638 1.7861 2.8516, 1.7638 1.8788 2.8132, -0.2362 1.8499 2.8309, 1.7638 1.8499 2.8309, 1.7638 1.8188 2.8437, -0.2362 1.8188 2.8437, -0.2362 1.7861 2.8516, -0.2362 1.9269 2.7654, 1.7638 1.9269 2.7654, 1.7638 1.9447 2.7364, -0.2362 1.8788 2.8132, 1.7638 1.9048 2.7911, -0.2362 1.9048 2.7911, -0.2362 1.9578 2.7049, 1.7638 1.9578 2.7049, 1.7638 1.9657 2.6721, -0.2362 1.9447 2.7364, -0.2362 1.9657 2.6721, 1.7638 1.271 5.5118, -0.2362 1.271 5.5118, -0.2362 -1.184 5.5118, 1.5184 0.1846 5.5118, 0.9739 0.7819 5.5118, 0.8346 0.808 5.5118, 1.7638 -1.184 5.5118, 1.4165 0.4477 5.5118, 1.4796 0.3209 5.5118, 1.2264 0.6562 5.5118, 1.3311 0.5607 5.5118, 1.106 0.7308 5.5118, 0.6929 0.808 5.5118, 0.4216 0.7308 5.5118, 0.5537 0.7819 5.5118, 0.1964 0.5607 5.5118, 0.3011 0.6562 5.5118, 0.0479 0.3209 5.5118, 0.1111 0.4477 5.5118, 0.0091 0.1846 5.5118, 1.7638 -2.0472 1.7725, 1.1575 -1.5748 3.8189, 1.4606 -2.0472 1.7726, 1.1575 -2.0472 1.772, 0.0669 -2.0472 1.7726, 0.3701 -1.5748 3.8189, -0.2362 -2.0472 1.7725, 0.3701 -2.0472 1.772, -0.2362 -2.0472 -0.0, 0.6325 -2.0472 1.7716, 1.7638 -2.0472 -0.0, 0.895 -2.0472 1.7716, 1.5118 -1.8012 0.4724, 1.5118 -1.8012 -0.0, 0.0157 -1.8012 -0.0, 0.0157 -1.8012 0.4724, 1.5118 -1.5748 0.6988, 0.0157 -1.5748 0.6988, 1.1575 -1.5748 1.7717, 1.5118 -1.5748 2.8346, 0.3701 -1.5748 1.7717, 0.0157 -1.5748 2.8346, 0.3701 -1.5748 2.8346, 1.1575 -1.5748 2.8346, 0.6325 -1.5748 2.8346, 0.895 -1.5748 2.8346, 0.0157 -0.8325 5.0984, 1.5118 -0.8325 5.0984, 1.5118 -0.8325 4.1732, 0.0157 -0.8325 4.1732, 0.0157 0.9195 4.1732, 0.3051 0.1566 4.1732, 0.8207 0.5125 4.1732, 0.7068 0.5125 4.1732, 0.4101 0.3568 4.1732, 0.3455 0.2631 4.1732, 0.5963 0.4853 4.1732, 0.4954 0.4323 4.1732, 0.9313 0.4853 4.1732, 1.5118 0.9195 4.1732, 1.1174 0.3568 4.1732, 1.0322 0.4323 4.1732, 1.2225 0.1566 4.1732, 1.1821 0.2631 4.1732, 1.5118 0.9195 5.0984, 0.0157 0.9195 5.0984, 0.252 1.3132 2.4409, 1.2756 1.3132 2.4409, 1.2756 1.3132 -0.0, 1.2362 1.3132 0.8661, 0.2913 1.3132 2.0472, 1.2362 1.3132 2.0472, 0.2913 1.3132 0.8661, 0.252 1.3132 -0.0, 0.5618 -0.6663 5.2861, 0.6957 -0.6913 5.2861, 0.4348 -0.6171 5.2861, 0.319 -0.5454 5.2861, 0.2184 -0.4537 5.2861, 0.1363 -0.345 5.2861, 0.0756 -0.2231 5.2861, 0.0383 -0.0921 5.2861, 0.8319 -0.6913 5.2861, 0.9657 -0.6663 5.2861, 1.0927 -0.6171 5.2861, 1.2085 -0.5454 5.2861, 1.3092 -0.4537 5.2861, 1.3912 -0.345 5.2861, 1.4519 -0.2231 5.2861, 1.4892 -0.0921 5.2861, 0.6929 0.808 4.3701, 0.8346 0.808 4.3701, 0.9739 0.7819 4.3701, 1.106 0.7308 4.3701, 1.2264 0.6562 4.3701, 1.3311 0.5607 4.3701, 1.4165 0.4477 4.3701, 1.4797 0.3209 4.3701, 1.5184 0.1846 4.3701, 0.5537 0.7819 4.3701, 0.4216 0.7308 4.3701, 0.3011 0.6562 4.3701, 0.1964 0.5607 4.3701, 0.1111 0.4477 4.3701, 0.0479 0.3209 4.3701, 0.0091 0.1846 4.3701, 0.3455 0.2631 4.3701, 0.4101 0.3568 4.3701, 1.2225 0.1566 4.3701, 1.1174 0.3568 4.3701, 1.1821 0.2631 4.3701, 0.3051 0.1566 4.3701, 0.9313 0.4853 4.3701, 1.0322 0.4323 4.3701, 0.7068 0.5125 4.3701, 0.5963 0.4853 4.3701, 0.8207 0.5125 4.3701, 0.4954 0.4323 4.3701, 0.2913 1.5354 2.0472, 1.2362 1.5354 2.0472, 1.2362 1.5354 0.8661, 0.2913 1.5354 0.8661, -1.9633 0.0435 5.2461, -1.9509 -0.0901 5.2461, -1.9617 -0.0921 5.2061, -1.9244 -0.2231 5.2061, -1.8036 -0.4737 5.1772, -1.8637 -0.345 5.2061, -1.7816 -0.4537 5.2061, -1.9521 -0.2338 5.1772, -1.8889 -0.3606 5.1772, -1.5652 -0.6171 5.2061, -1.4382 -0.6663 5.2061, -1.4463 -0.6949 5.1772, -1.681 -0.5454 5.2061, -1.5784 -0.6437 5.1772, -1.6989 -0.5691 5.1772, -1.0343 -0.6663 5.2061, -1.0261 -0.6949 5.1772, -1.1681 -0.6913 5.2061, -1.3043 -0.6913 5.2061, -1.3071 -0.7209 5.1772, -0.7978 -0.5365 5.2461, -0.6908 -0.4537 5.2061, -0.7915 -0.5454 5.2061, -0.894 -0.6437 5.1772, -0.9073 -0.6171 5.2061, -0.7736 -0.5691 5.1772, -0.6088 -0.345 5.2061, -0.5835 -0.3606 5.1772, -0.6689 -0.4737 5.1772, -0.5481 -0.2231 5.2061, -0.5203 -0.2338 5.1772, -0.6179 -0.339 5.2461, -0.4685 0.0435 5.1772, -0.4816 -0.0975 5.1772, -0.5108 -0.0921 5.2061, -0.5215 -0.0901 5.2461, -0.4982 0.0435 5.2061, -0.5091 0.0435 5.2461, -0.6987 -0.4461 5.2461, -1.1654 -0.7209 5.1772, -1.4349 -0.6559 5.2461, -1.9742 0.0435 5.2061, -1.9142 -0.2192 5.2461, -2.0039 0.0435 5.1772, -1.9909 -0.0975 5.1772, -1.8543 -0.3394 5.2461, -1.7734 -0.4465 5.2461, -1.6742 -0.5368 5.2461, -1.5601 -0.6075 5.2461, -1.303 -0.6805 5.2461, -1.1688 -0.6804 5.2461, -1.0369 -0.6557 5.2461, -0.9118 -0.6072 5.2461, -0.5582 -0.219 5.2461, -0.5215 0.1772 5.2461, -0.5108 0.1791 5.2061, -0.5481 0.3101 5.2061, -0.6689 0.5607 5.1772, -0.6088 0.432 5.2061, -0.6908 0.5407 5.2061, -0.5203 0.3209 5.1772, -0.5835 0.4477 5.1772, -0.9073 0.7042 5.2061, -1.0343 0.7534 5.2061, -1.0261 0.7819 5.1772, -0.7915 0.6325 5.2061, -0.894 0.7308 5.1772, -0.7736 0.6562 5.1772, -1.4382 0.7534 5.2061, -1.4463 0.7819 5.1772, -1.3043 0.7784 5.2061, -1.1681 0.7784 5.2061, -1.1654 0.808 5.1772, -1.6746 0.6235 5.2461, -1.7816 0.5407 5.2061, -1.681 0.6325 5.2061, -1.5784 0.7308 5.1772, -1.5652 0.7042 5.2061, -1.6989 0.6562 5.1772, -1.8637 0.432 5.2061, -1.8889 0.4477 5.1772, -1.8036 0.5607 5.1772, -1.9244 0.3101 5.2061, -1.9521 0.3209 5.1772, -1.8545 0.4261 5.2461, -1.9909 0.1846 5.1772, -1.9617 0.1791 5.2061, -1.9509 0.1772 5.2461, -1.7737 0.5331 5.2461, -1.3071 0.808 5.1772, -1.0375 0.7429 5.2461, -0.5583 0.3063 5.2461, -0.4816 0.1846 5.1772, -0.6181 0.4264 5.2461, -0.699 0.5335 5.2461, -0.7982 0.6239 5.2461, -0.9124 0.6945 5.2461, -1.1695 0.7675 5.2461, -1.3037 0.7675 5.2461, -1.4355 0.7427 5.2461, -1.5606 0.6942 5.2461, -1.9143 0.306 5.2461, -0.8179 -0.176 4.3701, -0.7775 -0.0695 4.1732, -0.8179 -0.176 4.1732, -0.7638 0.0435 4.1732, -0.7775 -0.0695 4.3701, -0.7638 0.0435 4.3701, -0.9678 -0.3453 4.1732, -1.0687 -0.3982 4.1732, -1.0687 -0.3982 4.3701, -0.9678 -0.3453 4.3701, -0.8826 -0.2698 4.3701, -0.8826 -0.2698 4.1732, -1.4038 -0.3982 4.3701, -1.2932 -0.4255 4.1732, -1.4038 -0.3982 4.1732, -1.2932 -0.4255 4.3701, -1.1793 -0.4255 4.3701, -1.1793 -0.4255 4.1732, -1.6545 -0.176 4.3701, -1.5898 -0.2698 4.3701, -1.5898 -0.2698 4.1732, -1.5046 -0.3453 4.1732, -1.5046 -0.3453 4.3701, -1.6545 -0.176 4.1732, -1.6949 -0.0695 4.3701, -1.6949 -0.0695 4.1732, -1.7087 0.0435 4.3701, -1.7087 0.0435 4.1732, -0.4816 -0.0975 4.3701, -0.5203 -0.2338 4.3701, -0.4685 0.0435 4.3701, -0.6689 -0.4737 4.3701, -0.7736 -0.5691 4.3701, -0.5835 -0.3606 4.3701, -1.0261 -0.6949 4.3701, -1.1654 -0.7209 4.3701, -0.894 -0.6437 4.3701, -1.5784 -0.6437 4.3701, -1.4463 -0.6949 4.3701, -1.3071 -0.7209 4.3701, -1.8036 -0.4737 4.3701, -1.6989 -0.5691 4.3701, -1.8889 -0.3606 4.3701, -1.9521 -0.2338 4.3701, -1.9909 -0.0975 4.3701, -2.0039 0.0435 4.3701, -1.0343 0.7534 5.2861, -1.1681 0.7784 5.2861, -0.9073 0.7042 5.2861, -0.7915 0.6325 5.2861, -0.6908 0.5407 5.2861, -0.6088 0.432 5.2861, -0.5481 0.3101 5.2861, -0.5108 0.1791 5.2861, -0.5203 0.3209 5.315, -0.4816 0.1846 5.315, -0.4982 0.0435 5.2861, -0.4685 0.0435 5.315, -1.3071 0.808 5.315, -1.3043 0.7784 5.2861, -1.4382 0.7534 5.2861, -1.5652 0.7042 5.2861, -1.681 0.6325 5.2861, -1.7816 0.5407 5.2861, -1.8637 0.432 5.2861, -1.9244 0.3101 5.2861, -1.9617 0.1791 5.2861, -1.9742 0.0435 5.2861, -2.0039 0.0435 5.315, -0.5835 0.4477 5.315, -0.6689 0.5607 5.315, -0.7736 0.6562 5.315, -0.894 0.7308 5.315, -1.0261 0.7819 5.315, -1.1654 0.808 5.315, -1.4463 0.7819 5.315, -1.5784 0.7308 5.315, -1.6989 0.6562 5.315, -1.8036 0.5607 5.315, -1.8889 0.4477 5.315, -1.9521 0.3209 5.315, -1.9909 0.1846 5.315, -0.5203 -0.2338 5.5118, -0.4816 -0.0975 5.315, -0.5203 -0.2338 5.315, -0.4816 -0.0975 5.5118, -0.4685 0.0435 5.5118, -0.6689 -0.4737 5.315, -0.7736 -0.5691 5.315, -0.7736 -0.5691 5.5118, -0.6689 -0.4737 5.5118, -0.5835 -0.3606 5.5118, -0.5835 -0.3606 5.315, -1.1654 -0.7209 5.5118, -1.0261 -0.6949 5.315, -1.1654 -0.7209 5.315, -1.0261 -0.6949 5.5118, -0.894 -0.6437 5.5118, -0.894 -0.6437 5.315, -1.5784 -0.6437 5.315, -1.5784 -0.6437 5.5118, -1.4463 -0.6949 5.315, -1.3071 -0.7209 5.315, -1.4463 -0.6949 5.5118, -1.3071 -0.7209 5.5118, -1.8036 -0.4737 5.315, -1.8889 -0.3606 5.5118, -1.8036 -0.4737 5.5118, -1.6989 -0.5691 5.5118, -1.6989 -0.5691 5.315, -1.9521 -0.2338 5.5118, -1.8889 -0.3606 5.315, -1.9521 -0.2338 5.315, -1.9909 -0.0975 5.5118, -1.9909 -0.0975 5.315, -2.0039 0.0435 5.5118, -0.2362 1.7341 2.8536, -0.2362 1.752 2.8543, -2.2362 1.7341 2.8536, -2.2362 1.752 2.8543, -2.2362 1.7162 2.8514, -0.2362 1.7162 2.8514, -1.748 1.3132 -0.0, -0.2362 1.9685 -0.0, -0.7244 1.3132 -0.0, -2.2362 -2.0472 -0.0, -2.2362 1.9685 -0.0, -1.9843 -0.9702 -0.0, -0.7244 -1.2262 -0.0, -0.7244 -0.9702 -0.0, -0.4882 -0.9702 -0.0, -1.9843 1.0573 -0.0, -1.748 1.0573 -0.0, -0.4882 1.0573 -0.0, -0.7244 1.0573 -0.0, -1.9843 -1.2262 -0.0, -0.2362 -2.0472 -0.0, -1.748 -1.2262 -0.0, -1.748 -0.9702 -0.0, -0.4882 -1.2262 -0.0, -0.4882 -1.8012 -0.0, -1.9843 -1.8012 -0.0, -1.748 -1.2262 2.4409, -1.9843 -1.2262 2.8346, -0.7244 -1.2262 2.4409, -0.4882 -1.2262 2.8346, -1.748 1.0573 2.4409, -1.9843 1.0573 5.0984, -0.7244 1.0573 2.4409, -0.4882 1.0573 5.0984, -0.4882 -0.9702 5.0984, -0.7244 -0.9702 2.4409, -1.748 -0.9702 2.4409, -1.9843 -0.9702 5.0984, -2.2362 1.9685 2.6378, -1.9106 1.9685 2.5282, -1.9106 1.9685 0.7085, -0.2362 1.9685 2.6378, -0.5618 1.9685 0.7085, -0.5618 1.9685 2.5282, -0.2362 1.7861 2.8516, -0.2362 1.8788 2.8132, -2.2362 1.8499 2.8309, -0.2362 1.8499 2.8309, -0.2362 1.8188 2.8437, -2.2362 1.8188 2.8437, -2.2362 1.7861 2.8516, -2.2362 1.9269 2.7654, -0.2362 1.9269 2.7654, -0.2362 1.9447 2.7364, -2.2362 1.8788 2.8132, -0.2362 1.9048 2.7911, -2.2362 1.9048 2.7911, -2.2362 1.9578 2.7049, -0.2362 1.9578 2.7049, -0.2362 1.9657 2.6721, -2.2362 1.9447 2.7364, -2.2362 1.9657 2.6721, -0.2362 1.271 5.5118, -2.2362 1.271 5.5118, -2.2362 -1.184 5.5118, -0.4816 0.1846 5.5118, -1.0261 0.7819 5.5118, -1.1654 0.808 5.5118, -0.2362 -1.184 5.5118, -0.5835 0.4477 5.5118, -0.5203 0.3209 5.5118, -0.7736 0.6562 5.5118, -0.6689 0.5607 5.5118, -0.894 0.7308 5.5118, -1.3071 0.808 5.5118, -1.5784 0.7308 5.5118, -1.4463 0.7819 5.5118, -1.8036 0.5607 5.5118, -1.6989 0.6562 5.5118, -1.9521 0.3209 5.5118, -1.8889 0.4477 5.5118, -1.9909 0.1846 5.5118, -0.2362 -2.0472 1.7725, -0.8425 -1.5748 3.8189, -0.5394 -2.0472 1.7726, -0.8425 -2.0472 1.772, -1.9331 -2.0472 1.7726, -1.6299 -1.5748 3.8189, -2.2362 -2.0472 1.7725, -1.6299 -2.0472 1.772, -1.3675 -2.0472 1.7716, -1.105 -2.0472 1.7716, -0.4882 -1.8012 0.4724, -1.9843 -1.8012 0.4724, -0.4882 -1.5748 0.6988, -1.9843 -1.5748 0.6988, -0.8425 -1.5748 1.7717, -0.4882 -1.5748 2.8346, -1.6299 -1.5748 1.7717, -1.9843 -1.5748 2.8346, -1.6299 -1.5748 2.8346, -0.8425 -1.5748 2.8346, -1.3675 -1.5748 2.8346, -1.105 -1.5748 2.8346, -1.9843 -0.8325 5.0984, -0.4882 -0.8325 5.0984, -0.4882 -0.8325 4.1732, -1.9843 -0.8325 4.1732, -1.9843 0.9195 4.1732, -1.6949 0.1566 4.1732, -1.1793 0.5125 4.1732, -1.2932 0.5125 4.1732, -1.5899 0.3568 4.1732, -1.6545 0.2631 4.1732, -1.4037 0.4853 4.1732, -1.5046 0.4323 4.1732, -1.0687 0.4853 4.1732, -0.4882 0.9195 4.1732, -0.8826 0.3568 4.1732, -0.9678 0.4323 4.1732, -0.7775 0.1566 4.1732, -0.8179 0.2631 4.1732, -0.4882 0.9195 5.0984, -1.9843 0.9195 5.0984, -1.748 1.3132 2.4409, -0.7244 1.3132 2.4409, -0.7638 1.3132 0.8661, -1.7087 1.3132 2.0472, -0.7638 1.3132 2.0472, -1.7087 1.3132 0.8661, -1.4382 -0.6663 5.2861, -1.3043 -0.6913 5.2861, -1.5652 -0.6171 5.2861, -1.681 -0.5454 5.2861, -1.7816 -0.4537 5.2861, -1.8637 -0.345 5.2861, -1.9244 -0.2231 5.2861, -1.9617 -0.0921 5.2861, -1.1681 -0.6913 5.2861, -1.0343 -0.6663 5.2861, -0.9073 -0.6171 5.2861, -0.7915 -0.5454 5.2861, -0.6908 -0.4537 5.2861, -0.6088 -0.345 5.2861, -0.5481 -0.2231 5.2861, -0.5108 -0.0921 5.2861, -1.3071 0.808 4.3701, -1.1654 0.808 4.3701, -1.0261 0.7819 4.3701, -0.894 0.7308 4.3701, -0.7736 0.6562 4.3701, -0.6689 0.5607 4.3701, -0.5835 0.4477 4.3701, -0.5203 0.3209 4.3701, -0.4816 0.1846 4.3701, -1.4463 0.7819 4.3701, -1.5784 0.7308 4.3701, -1.6989 0.6562 4.3701, -1.8036 0.5607 4.3701, -1.8889 0.4477 4.3701, -1.9521 0.3209 4.3701, -1.9909 0.1846 4.3701, -1.6545 0.2631 4.3701, -1.5899 0.3568 4.3701, -0.7775 0.1566 4.3701, -0.8826 0.3568 4.3701, -0.8179 0.2631 4.3701, -1.6949 0.1566 4.3701, -1.0687 0.4853 4.3701, -0.9678 0.4323 4.3701, -1.2932 0.5125 4.3701, -1.4037 0.4853 4.3701, -1.1793 0.5125 4.3701, -1.5046 0.4323 4.3701, -1.7087 1.5354 2.0472, -0.7638 1.5354 2.0472, -0.7638 1.5354 0.8661, -1.7087 1.5354 0.8661, 2.0367 0.0435 5.2461, 2.0491 -0.0901 5.2461, 2.0383 -0.0921 5.2061, 2.0756 -0.2231 5.2061, 2.1964 -0.4737 5.1772, 2.1363 -0.345 5.2061, 2.2184 -0.4537 5.2061, 2.0479 -0.2338 5.1772, 2.1111 -0.3606 5.1772, 2.4348 -0.6171 5.2061, 2.5618 -0.6663 5.2061, 2.5537 -0.6949 5.1772, 2.319 -0.5454 5.2061, 2.4216 -0.6437 5.1772, 2.3011 -0.5691 5.1772, 2.9657 -0.6663 5.2061, 2.9739 -0.6949 5.1772, 2.8319 -0.6913 5.2061, 2.6957 -0.6913 5.2061, 2.6929 -0.7209 5.1772, 3.2022 -0.5365 5.2461, 3.3092 -0.4537 5.2061, 3.2085 -0.5454 5.2061, 3.106 -0.6437 5.1772, 3.0927 -0.6171 5.2061, 3.2264 -0.5691 5.1772, 3.3912 -0.345 5.2061, 3.4165 -0.3606 5.1772, 3.3311 -0.4737 5.1772, 3.4519 -0.2231 5.2061, 3.4796 -0.2338 5.1772, 3.3821 -0.339 5.2461, 3.5315 0.0435 5.1772, 3.5184 -0.0975 5.1772, 3.4892 -0.0921 5.2061, 3.4785 -0.0901 5.2461, 3.5018 0.0435 5.2061, 3.4909 0.0435 5.2461, 3.3013 -0.4461 5.2461, 2.8346 -0.7209 5.1772, 2.5651 -0.6559 5.2461, 2.0258 0.0435 5.2061, 2.0858 -0.2192 5.2461, 1.9961 0.0435 5.1772, 2.0091 -0.0975 5.1772, 2.1457 -0.3394 5.2461, 2.2266 -0.4465 5.2461, 2.3258 -0.5368 5.2461, 2.4399 -0.6075 5.2461, 2.697 -0.6805 5.2461, 2.8312 -0.6804 5.2461, 2.9631 -0.6557 5.2461, 3.0882 -0.6072 5.2461, 3.4418 -0.219 5.2461, 3.4785 0.1772 5.2461, 3.4892 0.1791 5.2061, 3.4519 0.3101 5.2061, 3.3311 0.5607 5.1772, 3.3912 0.432 5.2061, 3.3092 0.5407 5.2061, 3.4796 0.3209 5.1772, 3.4165 0.4477 5.1772, 3.0927 0.7042 5.2061, 2.9657 0.7534 5.2061, 2.9739 0.7819 5.1772, 3.2085 0.6325 5.2061, 3.106 0.7308 5.1772, 3.2264 0.6562 5.1772, 2.5618 0.7534 5.2061, 2.5537 0.7819 5.1772, 2.6957 0.7784 5.2061, 2.8319 0.7784 5.2061, 2.8346 0.808 5.1772, 2.3254 0.6235 5.2461, 2.2184 0.5407 5.2061, 2.319 0.6325 5.2061, 2.4216 0.7308 5.1772, 2.4348 0.7042 5.2061, 2.3011 0.6562 5.1772, 2.1363 0.432 5.2061, 2.1111 0.4477 5.1772, 2.1964 0.5607 5.1772, 2.0756 0.3101 5.2061, 2.0479 0.3209 5.1772, 2.1455 0.4261 5.2461, 2.0091 0.1846 5.1772, 2.0383 0.1791 5.2061, 2.0491 0.1772 5.2461, 2.2263 0.5331 5.2461, 2.6929 0.808 5.1772, 2.9625 0.7429 5.2461, 3.4417 0.3063 5.2461, 3.5184 0.1846 5.1772, 3.3819 0.4264 5.2461, 3.301 0.5335 5.2461, 3.2018 0.6239 5.2461, 3.0876 0.6945 5.2461, 2.8305 0.7675 5.2461, 2.6963 0.7675 5.2461, 2.5645 0.7427 5.2461, 2.4394 0.6942 5.2461, 2.0857 0.306 5.2461, 3.1821 -0.176 4.3701, 3.2225 -0.0695 4.1732, 3.1821 -0.176 4.1732, 3.2362 0.0435 4.1732, 3.2225 -0.0695 4.3701, 3.2362 0.0435 4.3701, 3.0322 -0.3453 4.1732, 2.9313 -0.3982 4.1732, 2.9313 -0.3982 4.3701, 3.0322 -0.3453 4.3701, 3.1174 -0.2698 4.3701, 3.1174 -0.2698 4.1732, 2.5962 -0.3982 4.3701, 2.7068 -0.4255 4.1732, 2.5962 -0.3982 4.1732, 2.7068 -0.4255 4.3701, 2.8207 -0.4255 4.3701, 2.8207 -0.4255 4.1732, 2.3455 -0.176 4.3701, 2.4102 -0.2698 4.3701, 2.4102 -0.2698 4.1732, 2.4954 -0.3453 4.1732, 2.4954 -0.3453 4.3701, 2.3455 -0.176 4.1732, 2.3051 -0.0695 4.3701, 2.3051 -0.0695 4.1732, 2.2913 0.0435 4.3701, 2.2913 0.0435 4.1732, 3.5184 -0.0975 4.3701, 3.4797 -0.2338 4.3701, 3.5315 0.0435 4.3701, 3.3311 -0.4737 4.3701, 3.2264 -0.5691 4.3701, 3.4165 -0.3606 4.3701, 2.9739 -0.6949 4.3701, 2.8346 -0.7209 4.3701, 3.106 -0.6437 4.3701, 2.4216 -0.6437 4.3701, 2.5537 -0.6949 4.3701, 2.6929 -0.7209 4.3701, 2.1964 -0.4737 4.3701, 2.3011 -0.5691 4.3701, 2.1111 -0.3606 4.3701, 2.0479 -0.2338 4.3701, 2.0091 -0.0975 4.3701, 1.9961 0.0435 4.3701, 2.9657 0.7534 5.2861, 2.8319 0.7784 5.2861, 3.0927 0.7042 5.2861, 3.2085 0.6325 5.2861, 3.3092 0.5407 5.2861, 3.3912 0.432 5.2861, 3.4519 0.3101 5.2861, 3.4892 0.1791 5.2861, 3.4796 0.3209 5.315, 3.5184 0.1846 5.315, 3.5018 0.0435 5.2861, 3.5315 0.0435 5.315, 2.6929 0.808 5.315, 2.6957 0.7784 5.2861, 2.5618 0.7534 5.2861, 2.4348 0.7042 5.2861, 2.319 0.6325 5.2861, 2.2184 0.5407 5.2861, 2.1363 0.432 5.2861, 2.0756 0.3101 5.2861, 2.0383 0.1791 5.2861, 2.0258 0.0435 5.2861, 1.9961 0.0435 5.315, 3.4165 0.4477 5.315, 3.3311 0.5607 5.315, 3.2264 0.6562 5.315, 3.106 0.7308 5.315, 2.9739 0.7819 5.315, 2.8346 0.808 5.315, 2.5537 0.7819 5.315, 2.4216 0.7308 5.315, 2.3011 0.6562 5.315, 2.1964 0.5607 5.315, 2.1111 0.4477 5.315, 2.0479 0.3209 5.315, 2.0091 0.1846 5.315, 3.4797 -0.2338 5.5118, 3.5184 -0.0975 5.315, 3.4796 -0.2338 5.315, 3.5184 -0.0975 5.5118, 3.5315 0.0435 5.5118, 3.3311 -0.4737 5.315, 3.2264 -0.5691 5.315, 3.2264 -0.5691 5.5118, 3.3311 -0.4737 5.5118, 3.4165 -0.3606 5.5118, 3.4165 -0.3606 5.315, 2.8346 -0.7209 5.5118, 2.9739 -0.6949 5.315, 2.8346 -0.7209 5.315, 2.9739 -0.6949 5.5118, 3.106 -0.6437 5.5118, 3.106 -0.6437 5.315, 2.4216 -0.6437 5.315, 2.4216 -0.6437 5.5118, 2.5537 -0.6949 5.315, 2.6929 -0.7209 5.315, 2.5537 -0.6949 5.5118, 2.6929 -0.7209 5.5118, 2.1964 -0.4737 5.315, 2.1111 -0.3606 5.5118, 2.1964 -0.4737 5.5118, 2.3011 -0.5691 5.5118, 2.3011 -0.5691 5.315, 2.0479 -0.2338 5.5118, 2.1111 -0.3606 5.315, 2.0479 -0.2338 5.315, 2.0091 -0.0975 5.5118, 2.0091 -0.0975 5.315, 1.9961 0.0435 5.5118, 3.7638 1.7341 2.8536, 3.7638 1.752 2.8543, 3.7638 1.7162 2.8514, 3.7638 1.5828 2.5591, 3.7638 1.9447 2.7364, 3.7638 1.9269 2.7654, 3.7638 1.9685 2.6378, 3.7638 1.4094 2.5591, 3.7638 1.9685 -0.0, 3.7638 1.9578 2.7049, 3.7638 1.9048 2.7911, 3.7638 1.9657 2.6721, 3.7638 1.8499 2.8309, 3.7638 1.8788 2.8132, 3.7638 1.8188 2.8437, 3.7638 1.7861 2.8516, 3.7638 1.5828 -0.0, 3.7642 -0.7192 0.7371, 3.7638 -1.2519 -0.0, 3.7638 -0.7297 0.6843, 3.7638 1.271 5.5118, 3.7638 -1.2519 2.5591, 3.7638 0.3613 0.549, 3.7638 0.4378 0.549, 3.7638 0.3891 0.5521, 3.7638 -2.0472 -0.0, 3.7638 -1.4253 -0.0, 3.7638 -2.0472 1.7725, 3.7638 -1.184 5.5118, 3.7638 -1.4253 2.5591, 3.7642 0.2627 0.8437, 3.7638 0.3332 0.8596, 3.7638 0.2385 0.8568, 3.7638 0.2107 0.8596, 3.7638 -0.4317 0.8918, 3.7642 -0.3697 0.8802, 3.7638 -0.3428 0.6015, 3.7638 -0.3394 0.6493, 3.7642 -0.3615 0.5937, 3.7642 -0.5085 0.656, 3.7642 -0.5203 0.8011, 3.7638 -0.5452 0.7586, 3.7642 -0.4858 0.8832, 3.7638 -0.5341 0.8585, 3.7642 -0.5542 0.8413, 3.7638 -0.5913 0.8226, 3.7642 -0.5815 0.8221, 3.7638 -0.5717 0.8209, 3.7642 -0.4808 0.83, 3.7642 -0.5788 0.6564, 3.7642 -0.5666 0.7679, 3.7638 -0.5905 0.7714, 3.7642 -0.6443 0.8121, 3.7638 -0.5444 0.6638, 3.7638 -0.6895 0.7817, 3.7642 -0.6067 0.6365, 3.7638 -0.6759 0.686, 3.7642 -0.6692 0.6531, 3.7642 -0.6642 0.729, 3.7642 -0.6335 0.7597, 3.7638 -0.6938 0.5912, 3.7642 -0.7204 0.6346, 3.7642 -0.6512 0.6261, 3.7642 -0.5014 0.5039, 3.7638 -0.5444 0.4922, 3.7642 -0.6079 0.52, 3.7638 -0.6255 0.5502, 3.7642 -0.6625 0.5656, 3.7642 -0.5796 0.4996, 3.7638 -0.3446 0.5485, 3.7638 -0.2942 0.5485, 3.7638 -0.459 0.5861, 3.7642 -0.2708 0.7247, 3.7642 -0.2678 0.6113, 3.7642 -0.2469 0.7008, 3.7642 -0.3242 0.7757, 3.7642 -0.3505 0.8096, 3.7638 -0.3659 0.6946, 3.7638 -0.3112 0.7338, 3.7642 -0.246 0.635, 3.7638 -0.4803 0.6348, 3.7638 -0.6246 0.6075, 3.7638 -0.4308 0.8406, 3.7642 -0.3871 0.8323, 3.7638 -0.3044 0.7338, 3.7638 -0.2378 0.6672, 3.7642 -0.3621 0.557, 3.7638 -0.3693 0.575, 3.7642 -0.4707 0.5346, 3.7638 -0.2993 0.6006, 3.7638 -0.3377 0.6006, 3.7638 -0.459 0.5776, 3.7638 -0.0865 0.549, 3.7638 -0.2165 0.587, 3.7642 -0.2518 0.5604, 3.7638 -0.0865 0.6691, 3.7638 -0.1849 0.6681, 3.7642 -0.193 0.6246, 3.7638 0.2616 0.6031, 3.7638 0.2616 0.5626, 3.7638 0.3046 0.6031, 3.7638 0.1507 0.5098, 3.7638 0.3784 0.7395, 3.7638 0.3046 0.7395, 3.7638 0.3334 0.6691, 3.7642 0.3611 0.6691, 3.7642 0.3889 0.6663, 3.7642 -0.2883 0.8162, 3.7638 -0.2694 0.78, 3.7642 -0.226 0.7555, 3.7638 0.308 0.6691, 3.7638 0.5459 0.549, 3.7638 1.4094 -0.0, 3.7638 0.5002 0.6691, 3.7638 -0.0865 0.8596, 3.7638 0.455 0.549, 3.7638 0.5165 0.5818, 3.7638 0.4665 0.5818, 3.7638 0.3955 0.7395, 3.7638 0.4836 0.6691, 3.7638 0.5288 0.549, 3.7638 0.4312 0.6105, 3.7642 0.4267 0.5854, 3.7638 0.4131 0.5658, 3.7642 0.4267 0.6345, 3.7638 0.2874 0.7395, 3.7638 0.4131 0.6532, 3.7642 -0.1963 0.7164, 3.7638 -0.0865 0.7395, 3.7638 0.1604 0.5086, 3.7642 0.1551 0.5089, 3.7642 0.155 0.5219, 3.7638 0.1592 0.5214, 3.7638 0.1746 0.5335, 3.7642 0.3334 0.549, 3.7638 0.3046 0.6168, 3.7638 0.2616 0.6168, 3.7638 0.2616 0.6552, 3.7638 0.308 0.6552, 3.7642 0.1259 0.6358, 3.7638 0.1603 0.7395, 3.7638 0.0957 0.7395, 3.7642 0.1779 0.5154, 3.7638 0.3107 0.5626, 3.7638 0.3107 0.549, 3.7642 0.0926 0.5482, 3.7638 0.0614 0.549, 3.7638 0.1476 0.6347, 3.7642 0.1385 0.5801, 3.7638 0.1812 0.5491, 3.7638 0.0818 0.5675, 3.7638 0.0963 0.5905, 3.7642 0.0862 0.598, 3.7638 0.1065 0.5592, 3.7638 0.1087 0.585, 3.7642 0.0937 0.5613, 3.7638 0.1397 0.5723, 3.7642 0.1373 0.5618, 3.7638 0.1356 0.6183, 3.7638 0.1356 0.6329, 3.7642 0.2143 0.6347, 3.7638 0.1727 0.6109, 3.7638 0.2014 0.5991, 3.7638 0.1121 0.599, 3.7638 0.1138 0.6245, 3.7642 0.1072 0.6237, 3.7638 0.1244 0.5937, 3.7642 0.1347 0.5865, 3.7638 0.1243 0.5708, 3.7642 0.1233 0.5753, 3.7642 0.1199 0.5621, 3.7642 0.1023 0.635, 3.7638 0.0915 0.6299, 3.7642 0.0985 0.6176, 3.7642 0.0982 0.6084, 3.7638 0.1007 0.605, 3.7638 0.102 0.6213, 3.7638 0.0974 0.6129, 3.7642 0.1254 0.6229, 3.7638 0.1153 0.6367, 3.7638 0.1809 0.5872, 3.7638 0.1644 0.6347, 3.7638 -0.3155 0.8474, 3.7638 0.0614 0.6042, 3.7638 0.1204 0.579, 3.7638 0.0464 0.6035, 3.7642 0.042 0.6192, 3.7638 0.021 0.5999, 3.7638 0.3498 0.8596, 3.7638 0.2461 0.6691, 3.7638 0.3661 0.7723, 3.7638 0.3161 0.7723, 3.7638 0.2108 0.7395, 3.7638 0.2387 0.7426, 3.7638 0.2808 0.8011, 3.7642 0.2762 0.7759, 3.7638 0.2627 0.7563, 3.7638 0.0957 0.8596, 3.7638 0.0432 0.8616, 3.7642 0.0589 0.8604, 3.7642 0.2762 0.8251, 3.7638 0.183 0.8596, 3.7638 0.1576 0.8596, 3.7642 0.183 0.7395, 3.7638 0.1542 0.7936, 3.7638 0.1112 0.7936, 3.7638 0.1112 0.7532, 3.7642 0.0537 0.6286, 3.7642 0.0843 0.6219, 3.7638 0.1542 0.8073, 3.7638 0.1112 0.8073, 3.7638 0.1112 0.8458, 3.7638 0.1576 0.8458, 3.7638 0.0717 0.8567, 3.7638 -0.028 0.6031, 3.7638 -0.071 0.6031, 3.7638 -0.071 0.5626, 3.7638 0.1603 0.7532, 3.7638 -0.002 0.7982, 3.7638 0.0106 0.8343, 3.7642 0.0012 0.8185, 3.7638 -0.071 0.8596, 3.7642 -0.0139 0.8234, 3.7638 -0.0183 0.7973, 3.7638 -0.0232 0.7532, 3.7638 -0.0028 0.7539, 3.7642 -0.0144 0.7729, 3.7642 0.001 0.7789, 3.7638 0.0098 0.7639, 3.7642 0.0234 0.7544, 3.7638 0.0407 0.7513, 3.7642 0.0251 0.8443, 3.7638 0.0717 0.7593, 3.7638 0.0819 0.6116, 3.7642 0.0152 0.7416, 3.7638 -0.0232 0.7395, 3.7638 -0.0246 0.6691, 3.7638 0.0009 0.6287, 3.7642 0.0146 0.6347, 3.7642 0.0567 0.7392, 3.7638 0.0717 0.7445, 3.7638 -0.071 0.7532, 3.7638 0.0434 0.8476, 3.7638 -0.0009 0.8439, 3.7642 0.0573 0.7533, 3.7642 0.0582 0.8459, 3.7638 0.0717 0.8405, 3.7642 0.0188 0.8572, 3.7638 -0.028 0.6168, 3.7638 0.0009 0.6141, 3.7638 -0.071 0.6168, 3.7638 -0.071 0.6552, 3.7638 -0.0075 0.5719, 3.7638 -0.0219 0.5626, 3.7642 -0.0057 0.5616, 3.7638 0.029 0.6245, 3.7638 -0.0246 0.6552, 3.7638 0.0384 0.7375, 3.7638 0.0304 0.6367, 3.7638 -0.0219 0.549, 3.7638 0.0197 0.5469, 3.7642 0.0085 0.5486, 3.7638 -0.0001 0.5537, 3.7642 -0.0004 0.5909, 3.7642 0.0143 0.6219, 3.7638 0.0464 0.549, 3.7642 0.035 0.5508, 3.7638 0.1507 0.5232, 3.7642 0.119 0.5486, 3.7638 0.1301 0.5537, 3.7638 0.0818 0.552, 3.7638 0.0464 0.5622, 3.7642 0.083 0.6042, 3.7638 0.2299 0.6347, 3.7642 0.1682 0.5245, 3.7642 0.1886 0.5632, 3.7638 0.1051 0.5469, 3.7638 0.2461 0.549, 3.7638 0.191 0.536, 4.0 -1.1417 -0.0, 4.0 -1.5354 -0.0, 3.2756 -0.9702 -0.0, 3.5118 -0.9702 -0.0, 3.2756 -1.2262 -0.0, 4.0 1.6929 -0.0, 4.0 1.2992 -0.0, 2.0157 1.0573 -0.0, 2.0157 -0.9702 -0.0, 3.5118 -1.2262 -0.0, 2.252 1.3132 -0.0, 2.252 1.0573 -0.0, 3.2756 1.3132 -0.0, 3.2756 1.0573 -0.0, 3.5118 1.0573 -0.0, 2.252 -1.2262 -0.0, 2.0157 -1.2262 -0.0, 2.252 -0.9702 -0.0, 3.5118 -1.8012 -0.0, 2.0157 -1.8012 -0.0, 2.252 -1.2262 2.4409, 2.0157 -1.2262 2.8346, 3.2756 -1.2262 2.4409, 3.5118 -1.2262 2.8346, 2.252 1.0573 2.4409, 2.0157 1.0573 5.0984, 3.2756 1.0573 2.4409, 3.5118 1.0573 5.0984, 3.5118 -0.9702 5.0984, 3.2756 -0.9702 2.4409, 2.252 -0.9702 2.4409, 2.0157 -0.9702 5.0984, 2.0894 1.9685 2.5282, 2.0894 1.9685 0.7085, 3.4382 1.9685 0.7085, 3.4382 1.9685 2.5282, 3.5184 0.1846 5.5118, 2.9739 0.7819 5.5118, 2.8346 0.808 5.5118, 3.4165 0.4477 5.5118, 3.4796 0.3209 5.5118, 3.2264 0.6562 5.5118, 3.3311 0.5607 5.5118, 3.106 0.7308 5.5118, 2.6929 0.808 5.5118, 2.4216 0.7308 5.5118, 2.5537 0.7819 5.5118, 2.1964 0.5607 5.5118, 2.3011 0.6562 5.5118, 2.0479 0.3209 5.5118, 2.1111 0.4477 5.5118, 2.0091 0.1846 5.5118, 3.1575 -1.5748 3.8189, 3.4606 -2.0472 1.7726, 3.1575 -2.0472 1.772, 2.0669 -2.0472 1.7726, 2.3701 -1.5748 3.8189, 2.3701 -2.0472 1.772, 2.6325 -2.0472 1.7716, 2.895 -2.0472 1.7716, 3.5118 -1.8012 0.4724, 2.0157 -1.8012 0.4724, 3.5118 -1.5748 0.6988, 2.0157 -1.5748 0.6988, 3.1575 -1.5748 1.7717, 3.5118 -1.5748 2.8346, 2.3701 -1.5748 1.7717, 2.0157 -1.5748 2.8346, 2.3701 -1.5748 2.8346, 3.1575 -1.5748 2.8346, 2.6325 -1.5748 2.8346, 2.895 -1.5748 2.8346, 2.0157 -0.8325 5.0984, 3.5118 -0.8325 5.0984, 3.5118 -0.8325 4.1732, 2.0157 -0.8325 4.1732, 2.0157 0.9195 4.1732, 2.3051 0.1566 4.1732, 2.8207 0.5125 4.1732, 2.7068 0.5125 4.1732, 2.4101 0.3568 4.1732, 2.3455 0.2631 4.1732, 2.5963 0.4853 4.1732, 2.4954 0.4323 4.1732, 2.9313 0.4853 4.1732, 3.5118 0.9195 4.1732, 3.1174 0.3568 4.1732, 3.0322 0.4323 4.1732, 3.2225 0.1566 4.1732, 3.1821 0.2631 4.1732, 3.5118 0.9195 5.0984, 2.0157 0.9195 5.0984, 2.252 1.3132 2.4409, 3.2756 1.3132 2.4409, 3.2362 1.3132 0.8661, 2.2913 1.3132 2.0472, 3.2362 1.3132 2.0472, 2.2913 1.3132 0.8661, 2.5618 -0.6663 5.2861, 2.6957 -0.6913 5.2861, 2.4348 -0.6171 5.2861, 2.319 -0.5454 5.2861, 2.2184 -0.4537 5.2861, 2.1363 -0.345 5.2861, 2.0756 -0.2231 5.2861, 2.0383 -0.0921 5.2861, 2.8319 -0.6913 5.2861, 2.9657 -0.6663 5.2861, 3.0927 -0.6171 5.2861, 3.2085 -0.5454 5.2861, 3.3092 -0.4537 5.2861, 3.3912 -0.345 5.2861, 3.4519 -0.2231 5.2861, 3.4892 -0.0921 5.2861, 2.6929 0.808 4.3701, 2.8346 0.808 4.3701, 2.9739 0.7819 4.3701, 3.106 0.7308 4.3701, 3.2264 0.6562 4.3701, 3.3311 0.5607 4.3701, 3.4165 0.4477 4.3701, 3.4797 0.3209 4.3701, 3.5184 0.1846 4.3701, 2.5537 0.7819 4.3701, 2.4216 0.7308 4.3701, 2.3011 0.6562 4.3701, 2.1964 0.5607 4.3701, 2.1111 0.4477 4.3701, 2.0479 0.3209 4.3701, 2.0091 0.1846 4.3701, 2.3455 0.2631 4.3701, 2.4101 0.3568 4.3701, 3.2225 0.1566 4.3701, 3.1174 0.3568 4.3701, 3.1821 0.2631 4.3701, 2.3051 0.1566 4.3701, 2.9313 0.4853 4.3701, 3.0322 0.4323 4.3701, 2.7068 0.5125 4.3701, 2.5963 0.4853 4.3701, 2.8207 0.5125 4.3701, 2.4954 0.4323 4.3701, 2.2913 1.5354 2.0472, 3.2362 1.5354 2.0472, 3.2362 1.5354 0.8661, 2.2913 1.5354 0.8661, 4.0 1.6929 2.5591, 4.0 1.2992 2.5591, 4.0 -1.1417 2.5591, 4.0 -1.5354 2.5591, 3.7642 0.2645 0.8006, 3.7642 0.2516 0.7657, 3.7638 0.2613 0.7807, 3.7642 0.2513 0.8345, 3.7638 0.2612 0.8204, 3.7638 0.2357 0.7561, 3.7638 0.2352 0.8432, 3.7638 0.2173 0.7532, 3.7642 0.1985 0.8458, 3.7642 0.1985 0.7532, 3.7638 0.2169 0.8458, 3.7638 0.328 0.8053, 3.7642 0.3613 0.7859, 3.7638 0.335 0.8246, 3.7642 0.3432 0.8358, 3.7642 0.341 0.8442, 3.7642 0.321 0.7859, 3.7638 0.0171 0.5602, 3.7638 0.0088 0.5676, 3.7642 0.0121 0.5631, 3.7642 0.0236 0.5593, 3.7642 0.0077 0.5731, 3.7638 0.0326 0.561, 3.7638 0.0223 0.5886, 3.7638 0.0088 0.5794, 3.7642 0.0117 0.584, 3.7642 0.0399 0.5663, 3.7638 0.0447 0.574, 3.7638 0.0464 0.5829, 3.7638 0.0345 0.5904, 3.7642 0.0464 0.592, 3.7642 0.4149 0.6101, 3.7642 0.4021 0.5752, 3.7638 0.4117 0.5901, 3.7642 0.4017 0.6439, 3.7638 0.4116 0.6298, 3.7638 0.3861 0.5656, 3.7638 0.3856 0.6527, 3.7638 0.3677 0.5627, 3.7642 0.3489 0.6552, 3.7642 0.3489 0.5626, 3.7638 0.3673 0.6552, 3.7638 0.4784 0.6147, 3.7642 0.5117 0.5954, 3.7638 0.4854 0.6341, 3.7642 0.4936 0.6453, 3.7642 0.4914 0.6537, 3.7642 0.4714 0.5954, 3.7642 -0.5452 0.5434, 3.7638 -0.5785 0.5767, 3.7638 -0.5686 0.553, 3.7642 -0.5452 0.61, 3.7638 -0.5215 0.5533, 3.7638 -0.5119 0.5767, 3.7638 -0.5219 0.6004, 3.7638 -0.5686 0.6004, -3.9633 0.0435 5.2461, -3.9509 -0.0901 5.2461, -3.9617 -0.0921 5.2061, -3.9244 -0.2231 5.2061, -3.8036 -0.4737 5.1772, -3.8637 -0.345 5.2061, -3.7816 -0.4537 5.2061, -3.9521 -0.2338 5.1772, -3.8889 -0.3606 5.1772, -3.5652 -0.6171 5.2061, -3.4382 -0.6663 5.2061, -3.4463 -0.6949 5.1772, -3.681 -0.5454 5.2061, -3.5784 -0.6437 5.1772, -3.6989 -0.5691 5.1772, -3.0343 -0.6663 5.2061, -3.0261 -0.6949 5.1772, -3.1681 -0.6913 5.2061, -3.3043 -0.6913 5.2061, -3.3071 -0.7209 5.1772, -2.7978 -0.5365 5.2461, -2.6908 -0.4537 5.2061, -2.7915 -0.5454 5.2061, -2.894 -0.6437 5.1772, -2.9073 -0.6171 5.2061, -2.7736 -0.5691 5.1772, -2.6088 -0.345 5.2061, -2.5835 -0.3606 5.1772, -2.6689 -0.4737 5.1772, -2.5481 -0.2231 5.2061, -2.5204 -0.2338 5.1772, -2.6179 -0.339 5.2461, -2.4685 0.0435 5.1772, -2.4816 -0.0975 5.1772, -2.5108 -0.0921 5.2061, -2.5215 -0.0901 5.2461, -2.4982 0.0435 5.2061, -2.5091 0.0435 5.2461, -2.6987 -0.4461 5.2461, -3.1654 -0.7209 5.1772, -3.4349 -0.6559 5.2461, -3.9742 0.0435 5.2061, -3.9142 -0.2192 5.2461, -4.0039 0.0435 5.1772, -3.9909 -0.0975 5.1772, -3.8543 -0.3394 5.2461, -3.7734 -0.4465 5.2461, -3.6742 -0.5368 5.2461, -3.5601 -0.6075 5.2461, -3.303 -0.6805 5.2461, -3.1688 -0.6804 5.2461, -3.0369 -0.6557 5.2461, -2.9118 -0.6072 5.2461, -2.5582 -0.219 5.2461, -2.5215 0.1772 5.2461, -2.5108 0.1791 5.2061, -2.5481 0.3101 5.2061, -2.6689 0.5607 5.1772, -2.6088 0.432 5.2061, -2.6908 0.5407 5.2061, -2.5204 0.3209 5.1772, -2.5835 0.4477 5.1772, -2.9073 0.7042 5.2061, -3.0343 0.7534 5.2061, -3.0261 0.7819 5.1772, -2.7915 0.6325 5.2061, -2.894 0.7308 5.1772, -2.7736 0.6562 5.1772, -3.4382 0.7534 5.2061, -3.4463 0.7819 5.1772, -3.3043 0.7784 5.2061, -3.1681 0.7784 5.2061, -3.1654 0.808 5.1772, -3.6746 0.6235 5.2461, -3.7816 0.5407 5.2061, -3.681 0.6325 5.2061, -3.5784 0.7308 5.1772, -3.5652 0.7042 5.2061, -3.6989 0.6562 5.1772, -3.8637 0.432 5.2061, -3.8889 0.4477 5.1772, -3.8036 0.5607 5.1772, -3.9244 0.3101 5.2061, -3.9521 0.3209 5.1772, -3.8545 0.4261 5.2461, -3.9909 0.1846 5.1772, -3.9617 0.1791 5.2061, -3.9509 0.1772 5.2461, -3.7737 0.5331 5.2461, -3.3071 0.808 5.1772, -3.0375 0.7429 5.2461, -2.5583 0.3063 5.2461, -2.4816 0.1846 5.1772, -2.6181 0.4264 5.2461, -2.699 0.5335 5.2461, -2.7982 0.6239 5.2461, -2.9124 0.6945 5.2461, -3.1695 0.7675 5.2461, -3.3037 0.7675 5.2461, -3.4355 0.7427 5.2461, -3.5606 0.6942 5.2461, -3.9143 0.306 5.2461, -2.8179 -0.176 4.3701, -2.7775 -0.0695 4.1732, -2.8179 -0.176 4.1732, -2.7638 0.0435 4.1732, -2.7775 -0.0695 4.3701, -2.7638 0.0435 4.3701, -2.9678 -0.3453 4.1732, -3.0687 -0.3982 4.1732, -3.0687 -0.3982 4.3701, -2.9678 -0.3453 4.3701, -2.8826 -0.2698 4.3701, -2.8826 -0.2698 4.1732, -3.4038 -0.3982 4.3701, -3.2932 -0.4255 4.1732, -3.4038 -0.3982 4.1732, -3.2932 -0.4255 4.3701, -3.1793 -0.4255 4.3701, -3.1793 -0.4255 4.1732, -3.6545 -0.176 4.3701, -3.5898 -0.2698 4.3701, -3.5898 -0.2698 4.1732, -3.5046 -0.3453 4.1732, -3.5046 -0.3453 4.3701, -3.6545 -0.176 4.1732, -3.6949 -0.0695 4.3701, -3.6949 -0.0695 4.1732, -3.7087 0.0435 4.3701, -3.7087 0.0435 4.1732, -2.4816 -0.0975 4.3701, -2.5203 -0.2338 4.3701, -2.4685 0.0435 4.3701, -2.6689 -0.4737 4.3701, -2.7736 -0.5691 4.3701, -2.5835 -0.3606 4.3701, -3.0261 -0.6949 4.3701, -3.1654 -0.7209 4.3701, -2.894 -0.6437 4.3701, -3.5784 -0.6437 4.3701, -3.4463 -0.6949 4.3701, -3.3071 -0.7209 4.3701, -3.8036 -0.4737 4.3701, -3.6989 -0.5691 4.3701, -3.8889 -0.3606 4.3701, -3.9521 -0.2338 4.3701, -3.9909 -0.0975 4.3701, -4.0039 0.0435 4.3701, -3.0343 0.7534 5.2861, -3.1681 0.7784 5.2861, -2.9073 0.7042 5.2861, -2.7915 0.6325 5.2861, -2.6908 0.5407 5.2861, -2.6088 0.432 5.2861, -2.5481 0.3101 5.2861, -2.5108 0.1791 5.2861, -2.5204 0.3209 5.315, -2.4816 0.1846 5.315, -2.4982 0.0435 5.2861, -2.4685 0.0435 5.315, -3.3071 0.808 5.315, -3.3043 0.7784 5.2861, -3.4382 0.7534 5.2861, -3.5652 0.7042 5.2861, -3.681 0.6325 5.2861, -3.7816 0.5407 5.2861, -3.8637 0.432 5.2861, -3.9244 0.3101 5.2861, -3.9617 0.1791 5.2861, -3.9742 0.0435 5.2861, -4.0039 0.0435 5.315, -2.5835 0.4477 5.315, -2.6689 0.5607 5.315, -2.7736 0.6562 5.315, -2.894 0.7308 5.315, -3.0261 0.7819 5.315, -3.1654 0.808 5.315, -3.4463 0.7819 5.315, -3.5784 0.7308 5.315, -3.6989 0.6562 5.315, -3.8036 0.5607 5.315, -3.8889 0.4477 5.315, -3.9521 0.3209 5.315, -3.9909 0.1846 5.315, -2.5203 -0.2338 5.5118, -2.4816 -0.0975 5.315, -2.5204 -0.2338 5.315, -2.4816 -0.0975 5.5118, -2.4685 0.0435 5.5118, -2.6689 -0.4737 5.315, -2.7736 -0.5691 5.315, -2.7736 -0.5691 5.5118, -2.6689 -0.4737 5.5118, -2.5835 -0.3606 5.5118, -2.5835 -0.3606 5.315, -3.1654 -0.7209 5.5118, -3.0261 -0.6949 5.315, -3.1654 -0.7209 5.315, -3.0261 -0.6949 5.5118, -2.894 -0.6437 5.5118, -2.894 -0.6437 5.315, -3.5784 -0.6437 5.315, -3.5784 -0.6437 5.5118, -3.4463 -0.6949 5.315, -3.3071 -0.7209 5.315, -3.4463 -0.6949 5.5118, -3.3071 -0.7209 5.5118, -3.8036 -0.4737 5.315, -3.8889 -0.3606 5.5118, -3.8036 -0.4737 5.5118, -3.6989 -0.5691 5.5118, -3.6989 -0.5691 5.315, -3.9521 -0.2338 5.5118, -3.8889 -0.3606 5.315, -3.9521 -0.2338 5.315, -3.9909 -0.0975 5.5118, -3.9909 -0.0975 5.315, -4.0039 0.0435 5.5118, -4.2362 1.7341 2.8536, -4.2362 1.752 2.8543, -4.2362 1.7162 2.8514, -2.4882 -0.9702 -0.0, -2.7244 -1.2262 -0.0, -2.7244 -0.9702 -0.0, -2.7244 1.3132 -0.0, -4.0 1.6929 -0.0, -4.2362 1.9685 -0.0, -2.4882 -1.8012 -0.0, -2.4882 -1.2262 -0.0, -4.2362 -1.4253 -0.0, -3.9843 -1.8012 -0.0, -4.2362 -2.0472 -0.0, -3.748 1.0573 -0.0, -3.9843 1.0573 -0.0, -3.748 1.3132 -0.0, -4.2362 -1.2519 -0.0, -3.9843 -0.9702 -0.0, -4.0 -1.1417 -0.0, -4.2362 1.5828 -0.0, -4.0 1.2992 -0.0, -4.2362 1.4094 -0.0, -2.4882 1.0573 -0.0, -3.9843 -1.2262 -0.0, -3.748 -0.9702 -0.0, -2.7244 1.0573 -0.0, -3.748 -1.2262 -0.0, -4.0 -1.5354 -0.0, -4.2362 1.4094 2.5591, -4.2362 1.5828 2.5591, -4.2362 1.9685 2.6378, -4.2362 1.271 5.5118, -4.2362 1.9447 2.7364, -4.2362 1.9578 2.7049, -4.2362 1.9269 2.7654, -4.2362 1.9657 2.6721, -4.2362 1.8788 2.8132, -4.2362 1.9048 2.7911, -4.2362 1.8188 2.8437, -4.2362 1.8499 2.8309, -4.2362 1.7861 2.8516, -4.2362 -1.2519 2.5591, -4.2362 -1.4253 2.5591, -4.2362 -2.0472 1.7725, -4.2362 -1.184 5.5118, -3.748 -1.2262 2.4409, -3.9843 -1.2262 2.8346, -2.7244 -1.2262 2.4409, -2.4882 -1.2262 2.8346, -3.748 1.0573 2.4409, -3.9843 1.0573 5.0984, -2.7244 1.0573 2.4409, -2.4882 1.0573 5.0984, -2.4882 -0.9702 5.0984, -2.7244 -0.9702 2.4409, -3.748 -0.9702 2.4409, -3.9843 -0.9702 5.0984, -3.9106 1.9685 2.5282, -3.9106 1.9685 0.7085, -2.5618 1.9685 0.7085, -2.5618 1.9685 2.5282, -2.4816 0.1846 5.5118, -3.0261 0.7819 5.5118, -3.1654 0.808 5.5118, -2.5835 0.4477 5.5118, -2.5204 0.3209 5.5118, -2.7736 0.6562 5.5118, -2.6689 0.5607 5.5118, -2.894 0.7308 5.5118, -3.3071 0.808 5.5118, -3.5784 0.7308 5.5118, -3.4463 0.7819 5.5118, -3.8036 0.5607 5.5118, -3.6989 0.6562 5.5118, -3.9521 0.3209 5.5118, -3.8889 0.4477 5.5118, -3.9909 0.1846 5.5118, -2.8425 -1.5748 3.8189, -2.5394 -2.0472 1.7726, -2.8425 -2.0472 1.772, -3.9331 -2.0472 1.7726, -3.6299 -1.5748 3.8189, -3.6299 -2.0472 1.772, -3.3675 -2.0472 1.7716, -3.105 -2.0472 1.7716, -2.4882 -1.8012 0.4724, -3.9843 -1.8012 0.4724, -2.4882 -1.5748 0.6988, -3.9843 -1.5748 0.6988, -2.8425 -1.5748 1.7717, -2.4882 -1.5748 2.8346, -3.6299 -1.5748 1.7717, -3.9843 -1.5748 2.8346, -3.6299 -1.5748 2.8346, -2.8425 -1.5748 2.8346, -3.3675 -1.5748 2.8346, -3.105 -1.5748 2.8346, -3.9843 -0.8325 5.0984, -2.4882 -0.8325 5.0984, -2.4882 -0.8325 4.1732, -3.9843 -0.8325 4.1732, -3.9843 0.9195 4.1732, -3.6949 0.1566 4.1732, -3.1793 0.5125 4.1732, -3.2932 0.5125 4.1732, -3.5899 0.3568 4.1732, -3.6545 0.2631 4.1732, -3.4037 0.4853 4.1732, -3.5046 0.4323 4.1732, -3.0687 0.4853 4.1732, -2.4882 0.9195 4.1732, -2.8826 0.3568 4.1732, -2.9678 0.4323 4.1732, -2.7775 0.1566 4.1732, -2.8179 0.2631 4.1732, -2.4882 0.9195 5.0984, -3.9843 0.9195 5.0984, -3.748 1.3132 2.4409, -2.7244 1.3132 2.4409, -2.7638 1.3132 0.8661, -3.7087 1.3132 2.0472, -2.7638 1.3132 2.0472, -3.7087 1.3132 0.8661, -3.4382 -0.6663 5.2861, -3.3043 -0.6913 5.2861, -3.5652 -0.6171 5.2861, -3.681 -0.5454 5.2861, -3.7816 -0.4537 5.2861, -3.8637 -0.345 5.2861, -3.9244 -0.2231 5.2861, -3.9617 -0.0921 5.2861, -3.1681 -0.6913 5.2861, -3.0343 -0.6663 5.2861, -2.9073 -0.6171 5.2861, -2.7915 -0.5454 5.2861, -2.6908 -0.4537 5.2861, -2.6088 -0.345 5.2861, -2.5481 -0.2231 5.2861, -2.5108 -0.0921 5.2861, -3.3071 0.808 4.3701, -3.1654 0.808 4.3701, -3.0261 0.7819 4.3701, -2.894 0.7308 4.3701, -2.7736 0.6562 4.3701, -2.6689 0.5607 4.3701, -2.5835 0.4477 4.3701, -2.5203 0.3209 4.3701, -2.4816 0.1846 4.3701, -3.4463 0.7819 4.3701, -3.5784 0.7308 4.3701, -3.6989 0.6562 4.3701, -3.8036 0.5607 4.3701, -3.8889 0.4477 4.3701, -3.9521 0.3209 4.3701, -3.9909 0.1846 4.3701, -3.6545 0.2631 4.3701, -3.5899 0.3568 4.3701, -2.7775 0.1566 4.3701, -2.8826 0.3568 4.3701, -2.8179 0.2631 4.3701, -3.6949 0.1566 4.3701, -3.0687 0.4853 4.3701, -2.9678 0.4323 4.3701, -3.2932 0.5125 4.3701, -3.4037 0.4853 4.3701, -3.1793 0.5125 4.3701, -3.5046 0.4323 4.3701, -3.7087 1.5354 2.0472, -2.7638 1.5354 2.0472, -2.7638 1.5354 0.8661, -3.7087 1.5354 0.8661, -4.0 1.2992 2.5591, -4.0 1.6929 2.5591, -4.0 -1.5354 2.5591, -4.0 -1.1417 2.5591
            ]
        }
        coordIndex [
            0,1,2,-1,2,1,3,-1,4,5,6,-1,7,3,8,-1,9,10,11,-1,12,13,14,-1,15,16,17,-1,18,19,10,-1,20,21,22,-1,23,24,25,-1,26,27,21,-1,28,22,21,-1,26,29,30,-1,31,29,26,-1,32,33,34,-1,34,35,36,-1,35,37,36,-1,34,36,32,-1,26,21,38,-1,22,25,24,-1,25,22,28,-1,23,16,15,-1,23,15,24,-1,17,39,18,-1,16,39,17,-1,10,19,11,-1,10,40,18,-1,12,9,13,-1,9,11,13,-1,4,6,14,-1,6,12,14,-1,8,3,5,-1,8,5,4,-1,0,2,41,-1,1,42,3,-1,43,41,44,-1,7,44,2,-1,41,2,44,-1,42,45,5,-1,7,2,3,-1,42,5,3,-1,45,46,6,-1,45,6,5,-1,46,47,12,-1,46,12,6,-1,47,48,9,-1,47,9,12,-1,48,40,10,-1,48,10,9,-1,40,49,18,-1,17,49,50,-1,39,19,18,-1,49,17,18,-1,50,51,15,-1,50,15,17,-1,51,52,24,-1,51,24,15,-1,52,20,22,-1,52,22,24,-1,20,38,21,-1,26,38,31,-1,27,28,21,-1,29,31,53,-1,30,27,26,-1,34,53,35,-1,33,30,29,-1,53,34,29,-1,33,29,34,-1,37,54,55,-1,55,54,56,-1,57,58,59,-1,60,56,61,-1,62,63,64,-1,65,66,67,-1,68,69,70,-1,71,72,63,-1,73,74,75,-1,76,77,78,-1,79,80,74,-1,81,75,74,-1,79,82,83,-1,84,82,79,-1,43,85,86,-1,86,87,41,-1,87,0,41,-1,86,41,43,-1,79,74,88,-1,75,78,77,-1,78,75,81,-1,76,69,68,-1,76,68,77,-1,70,89,71,-1,69,89,70,-1,63,72,64,-1,63,90,71,-1,65,62,66,-1,62,64,66,-1,57,59,67,-1,59,65,67,-1,61,56,58,-1,61,58,57,-1,37,55,36,-1,54,91,56,-1,32,36,92,-1,60,92,55,-1,36,55,92,-1,91,93,58,-1,60,55,56,-1,91,58,56,-1,93,94,59,-1,93,59,58,-1,94,95,65,-1,94,65,59,-1,95,96,62,-1,95,62,65,-1,96,90,63,-1,96,63,62,-1,90,97,71,-1,70,97,98,-1,89,72,71,-1,97,70,71,-1,98,99,68,-1,98,68,70,-1,99,100,77,-1,99,77,68,-1,100,73,75,-1,100,75,77,-1,73,88,74,-1,79,88,84,-1,80,81,74,-1,82,84,101,-1,83,80,79,-1,86,101,87,-1,85,83,82,-1,101,86,82,-1,85,82,86,-1,102,103,104,-1,105,106,107,-1,108,109,110,-1,111,112,113,-1,114,115,116,-1,117,118,119,-1,120,121,122,-1,123,121,124,-1,120,125,126,-1,125,120,122,-1,127,128,126,-1,126,125,127,-1,123,124,116,-1,127,129,128,-1,121,123,122,-1,117,115,114,-1,114,116,124,-1,109,119,118,-1,119,115,117,-1,108,110,111,-1,109,118,110,-1,113,112,104,-1,108,111,113,-1,102,106,103,-1,112,102,104,-1,105,103,106,-1,30,130,131,-1,132,33,32,-1,133,134,25,-1,28,27,135,-1,39,136,137,-1,16,23,138,-1,139,13,140,-1,141,11,19,-1,142,8,4,-1,14,143,4,-1,7,8,144,-1,142,144,8,-1,7,145,44,-1,145,7,144,-1,146,43,44,-1,44,145,146,-1,143,14,139,-1,146,147,43,-1,142,4,143,-1,13,11,140,-1,14,13,139,-1,141,140,11,-1,137,19,39,-1,141,19,137,-1,138,136,16,-1,16,136,39,-1,134,23,25,-1,134,138,23,-1,133,28,135,-1,133,25,28,-1,135,27,131,-1,30,33,130,-1,27,30,131,-1,132,130,33,-1,148,149,90,-1,96,150,148,-1,97,90,149,-1,150,95,151,-1,148,90,96,-1,152,151,94,-1,95,94,151,-1,93,153,152,-1,152,94,93,-1,153,91,154,-1,91,153,93,-1,155,154,54,-1,91,54,154,-1,156,155,157,-1,154,155,156,-1,37,158,155,-1,159,157,158,-1,160,161,149,-1,149,161,97,-1,162,98,161,-1,97,161,98,-1,162,163,99,-1,99,98,162,-1,100,163,164,-1,163,100,99,-1,165,73,164,-1,100,164,73,-1,165,166,88,-1,88,73,165,-1,84,166,167,-1,166,84,88,-1,168,101,167,-1,84,167,101,-1,169,168,170,-1,0,87,169,-1,87,168,169,-1,37,155,54,-1,158,157,155,-1,156,171,154,-1,154,171,153,-1,171,172,153,-1,153,172,152,-1,172,173,152,-1,152,173,151,-1,173,174,151,-1,95,150,96,-1,151,174,150,-1,175,150,174,-1,150,175,148,-1,176,148,175,-1,148,176,149,-1,160,149,176,-1,160,177,161,-1,161,177,162,-1,177,178,162,-1,162,178,163,-1,178,179,163,-1,163,179,164,-1,179,180,164,-1,164,180,165,-1,180,181,165,-1,165,181,166,-1,181,182,166,-1,166,182,167,-1,182,183,167,-1,183,170,168,-1,167,183,168,-1,101,168,87,-1,184,185,186,-1,159,187,188,-1,189,190,191,-1,192,193,194,-1,195,196,197,-1,198,199,200,-1,201,202,203,-1,204,205,206,-1,207,208,209,-1,210,211,209,-1,212,208,213,-1,207,213,208,-1,212,214,215,-1,214,212,213,-1,216,217,215,-1,215,214,216,-1,211,210,201,-1,216,170,217,-1,207,209,211,-1,202,205,203,-1,210,202,201,-1,206,197,204,-1,205,204,203,-1,198,196,195,-1,195,197,206,-1,190,200,199,-1,200,196,198,-1,189,191,192,-1,190,199,191,-1,194,193,186,-1,189,192,194,-1,184,187,185,-1,193,184,186,-1,159,185,187,-1,218,219,220,-1,219,221,220,-1,222,218,220,-1,218,222,223,-1,224,225,226,-1,225,227,228,-1,224,229,225,-1,227,230,231,-1,228,226,225,-1,227,231,228,-1,232,233,234,-1,233,235,236,-1,232,237,233,-1,235,238,239,-1,235,239,236,-1,233,236,234,-1,240,241,242,-1,243,240,242,-1,244,245,243,-1,241,246,242,-1,243,245,240,-1,243,247,244,-1,248,249,250,-1,250,251,248,-1,252,249,248,-1,252,253,254,-1,252,254,249,-1,251,253,255,-1,252,255,253,-1,251,250,253,-1,256,221,219,-1,257,258,259,-1,260,261,262,-1,263,264,265,-1,266,267,268,-1,269,270,271,-1,270,269,272,-1,252,273,271,-1,269,271,273,-1,248,273,252,-1,272,263,265,-1,265,270,272,-1,268,267,264,-1,268,264,263,-1,266,258,257,-1,266,257,267,-1,259,261,260,-1,258,261,259,-1,256,262,221,-1,260,262,256,-1,222,274,223,-1,222,275,274,-1,212,215,276,-1,188,274,277,-1,278,274,279,-1,274,188,280,-1,281,282,274,-1,274,282,277,-1,283,284,274,-1,274,284,281,-1,274,278,285,-1,274,285,283,-1,275,286,274,-1,279,274,286,-1,287,288,275,-1,275,288,286,-1,289,290,275,-1,275,290,287,-1,291,292,275,-1,275,292,289,-1,275,217,293,-1,275,293,291,-1,275,276,217,-1,276,206,205,-1,276,215,217,-1,209,208,276,-1,276,208,212,-1,202,210,276,-1,276,210,209,-1,276,205,202,-1,280,195,276,-1,206,276,195,-1,199,198,280,-1,280,198,195,-1,192,191,280,-1,280,191,199,-1,184,193,280,-1,280,193,192,-1,188,187,280,-1,280,187,184,-1,294,295,296,-1,297,296,295,-1,298,299,300,-1,276,295,280,-1,295,294,280,-1,299,298,301,-1,295,276,299,-1,300,299,276,-1,298,302,301,-1,298,300,302,-1,303,301,302,-1,303,302,304,-1,304,297,305,-1,303,304,305,-1,297,304,296,-1,296,304,294,-1,294,255,223,-1,265,264,252,-1,280,223,274,-1,304,255,294,-1,265,252,270,-1,264,267,252,-1,271,270,252,-1,259,252,257,-1,252,267,257,-1,260,256,252,-1,260,252,259,-1,252,219,218,-1,256,219,252,-1,252,218,223,-1,252,223,255,-1,223,280,294,-1,222,276,275,-1,222,251,300,-1,300,276,222,-1,248,272,269,-1,248,263,272,-1,269,273,248,-1,248,266,268,-1,268,263,248,-1,261,258,248,-1,248,258,266,-1,262,248,221,-1,262,261,248,-1,248,222,220,-1,221,248,220,-1,251,222,248,-1,302,300,251,-1,306,307,308,-1,308,309,306,-1,310,306,309,-1,309,311,310,-1,310,312,313,-1,312,310,311,-1,314,315,316,-1,311,315,314,-1,312,311,314,-1,312,317,313,-1,226,316,315,-1,316,226,318,-1,228,319,226,-1,318,226,319,-1,228,317,319,-1,228,313,317,-1,226,315,311,-1,226,311,224,-1,311,309,308,-1,311,308,224,-1,228,231,310,-1,310,313,228,-1,306,310,307,-1,307,310,231,-1,320,240,245,-1,320,321,240,-1,322,321,320,-1,320,323,322,-1,104,103,322,-1,129,324,325,-1,324,326,327,-1,324,129,323,-1,328,329,324,-1,324,329,325,-1,330,331,324,-1,324,331,328,-1,324,327,330,-1,332,326,333,-1,324,333,326,-1,334,335,333,-1,333,335,332,-1,336,337,333,-1,333,337,334,-1,333,105,336,-1,333,322,105,-1,115,119,322,-1,322,103,105,-1,108,113,322,-1,322,113,104,-1,322,119,109,-1,322,109,108,-1,116,115,323,-1,322,323,115,-1,122,123,323,-1,323,123,116,-1,127,125,323,-1,323,125,122,-1,129,127,323,-1,338,333,324,-1,324,339,338,-1,234,338,339,-1,234,236,338,-1,234,339,324,-1,245,323,320,-1,234,324,232,-1,324,323,244,-1,324,244,232,-1,245,244,323,-1,239,333,236,-1,321,322,240,-1,338,236,333,-1,333,239,241,-1,241,322,333,-1,240,322,241,-1,243,227,225,-1,243,242,227,-1,243,225,229,-1,243,229,247,-1,242,246,230,-1,230,227,242,-1,340,235,233,-1,340,341,235,-1,342,341,343,-1,344,345,340,-1,346,347,342,-1,345,343,341,-1,340,345,341,-1,340,346,344,-1,342,343,346,-1,340,347,346,-1,340,237,347,-1,237,340,233,-1,341,342,238,-1,238,235,341,-1,160,176,279,-1,175,278,176,-1,279,176,278,-1,285,175,174,-1,175,285,278,-1,174,173,283,-1,283,285,174,-1,172,284,173,-1,283,173,284,-1,281,172,171,-1,172,281,284,-1,171,156,282,-1,282,281,171,-1,157,277,156,-1,282,156,277,-1,188,157,159,-1,157,188,277,-1,279,286,160,-1,286,288,177,-1,177,160,286,-1,287,178,288,-1,177,288,178,-1,179,287,290,-1,287,179,178,-1,290,289,180,-1,180,179,290,-1,292,181,289,-1,180,289,181,-1,182,292,291,-1,292,182,181,-1,291,293,183,-1,183,182,291,-1,183,293,170,-1,293,217,170,-1,348,349,40,-1,48,350,348,-1,49,40,349,-1,350,47,351,-1,348,40,48,-1,352,351,46,-1,47,46,351,-1,45,353,352,-1,352,46,45,-1,353,42,354,-1,42,353,45,-1,355,354,1,-1,42,1,354,-1,214,355,216,-1,354,355,214,-1,0,169,355,-1,170,216,169,-1,197,356,349,-1,349,356,49,-1,357,50,356,-1,49,356,50,-1,357,358,51,-1,51,50,357,-1,52,358,359,-1,358,52,51,-1,360,20,359,-1,52,359,20,-1,360,361,38,-1,38,20,360,-1,31,361,362,-1,361,31,38,-1,363,53,362,-1,31,362,53,-1,158,363,159,-1,37,35,158,-1,35,363,158,-1,0,355,1,-1,169,216,355,-1,214,213,354,-1,354,213,353,-1,213,207,353,-1,353,207,352,-1,207,211,352,-1,352,211,351,-1,211,201,351,-1,47,350,48,-1,351,201,350,-1,203,350,201,-1,350,203,348,-1,204,348,203,-1,348,204,349,-1,197,349,204,-1,197,196,356,-1,356,196,357,-1,196,200,357,-1,357,200,358,-1,200,190,358,-1,358,190,359,-1,190,189,359,-1,359,189,360,-1,189,194,360,-1,360,194,361,-1,194,186,361,-1,361,186,362,-1,186,185,362,-1,185,159,363,-1,362,185,363,-1,53,363,35,-1,364,365,72,-1,366,64,365,-1,72,365,64,-1,66,366,367,-1,366,66,64,-1,367,368,67,-1,67,66,367,-1,369,57,368,-1,67,368,57,-1,61,369,370,-1,369,61,57,-1,370,371,60,-1,60,61,370,-1,372,92,371,-1,60,371,92,-1,32,372,132,-1,372,32,92,-1,72,89,364,-1,89,69,373,-1,373,364,89,-1,76,374,69,-1,373,69,374,-1,375,76,78,-1,76,375,374,-1,78,81,376,-1,376,375,78,-1,80,377,81,-1,376,81,377,-1,378,80,83,-1,80,378,377,-1,83,85,379,-1,379,378,83,-1,379,85,147,-1,85,43,147,-1,136,118,137,-1,380,381,377,-1,138,111,110,-1,118,117,141,-1,112,111,134,-1,117,114,140,-1,139,114,124,-1,143,139,124,-1,135,102,112,-1,121,142,143,-1,106,102,131,-1,372,371,382,-1,121,120,144,-1,383,384,370,-1,128,385,379,-1,386,387,367,-1,377,381,376,-1,373,388,364,-1,389,388,373,-1,390,386,366,-1,365,388,390,-1,381,391,375,-1,389,374,391,-1,383,369,368,-1,368,367,387,-1,385,380,378,-1,382,371,384,-1,384,371,370,-1,147,146,128,-1,372,107,132,-1,126,146,145,-1,107,130,132,-1,372,382,107,-1,110,118,136,-1,383,370,369,-1,383,368,387,-1,386,367,366,-1,390,366,365,-1,388,365,364,-1,389,373,374,-1,391,374,375,-1,381,375,376,-1,380,377,378,-1,385,378,379,-1,128,379,147,-1,128,146,126,-1,120,145,144,-1,120,126,145,-1,121,144,142,-1,121,143,124,-1,114,139,140,-1,117,140,141,-1,118,141,137,-1,111,138,134,-1,110,136,138,-1,112,134,133,-1,135,131,102,-1,133,135,112,-1,131,130,106,-1,107,106,130,-1,390,327,326,-1,326,332,386,-1,386,390,326,-1,335,387,332,-1,386,332,387,-1,383,335,334,-1,335,383,387,-1,334,337,384,-1,384,383,334,-1,336,382,337,-1,384,337,382,-1,107,336,105,-1,336,107,382,-1,390,388,327,-1,330,388,389,-1,388,330,327,-1,389,391,331,-1,331,330,389,-1,381,328,391,-1,331,391,328,-1,329,381,380,-1,381,329,328,-1,380,385,325,-1,325,329,380,-1,325,385,129,-1,385,128,129,-1,317,312,297,-1,317,297,295,-1,299,301,316,-1,314,316,301,-1,295,319,317,-1,319,295,318,-1,295,299,318,-1,299,316,318,-1,314,301,303,-1,303,305,314,-1,314,305,312,-1,312,305,297,-1,392,393,345,-1,345,344,392,-1,393,394,343,-1,343,345,393,-1,394,395,346,-1,346,343,394,-1,395,392,344,-1,344,346,395,-1,393,249,254,-1,393,392,249,-1,395,253,250,-1,395,394,253,-1,253,394,393,-1,393,254,253,-1,250,249,392,-1,392,395,250,-1,396,397,398,-1,398,397,399,-1,400,401,402,-1,403,399,404,-1,405,406,407,-1,408,409,410,-1,411,412,413,-1,414,415,406,-1,416,417,418,-1,419,420,421,-1,422,423,417,-1,424,418,417,-1,422,425,426,-1,427,425,422,-1,428,429,430,-1,430,431,432,-1,431,433,432,-1,430,432,428,-1,422,417,434,-1,418,421,420,-1,421,418,424,-1,419,412,411,-1,419,411,420,-1,413,435,414,-1,412,435,413,-1,406,415,407,-1,406,436,414,-1,408,405,409,-1,405,407,409,-1,400,402,410,-1,402,408,410,-1,404,399,401,-1,404,401,400,-1,396,398,437,-1,397,438,399,-1,439,437,440,-1,403,440,398,-1,437,398,440,-1,438,441,401,-1,403,398,399,-1,438,401,399,-1,441,442,402,-1,441,402,401,-1,442,443,408,-1,442,408,402,-1,443,444,405,-1,443,405,408,-1,444,436,406,-1,444,406,405,-1,436,445,414,-1,413,445,446,-1,435,415,414,-1,445,413,414,-1,446,447,411,-1,446,411,413,-1,447,448,420,-1,447,420,411,-1,448,416,418,-1,448,418,420,-1,416,434,417,-1,422,434,427,-1,423,424,417,-1,425,427,449,-1,426,423,422,-1,430,449,431,-1,429,426,425,-1,449,430,425,-1,429,425,430,-1,433,450,451,-1,451,450,452,-1,453,454,455,-1,456,452,457,-1,458,459,460,-1,461,462,463,-1,464,465,466,-1,467,468,459,-1,469,470,471,-1,472,473,474,-1,475,476,470,-1,477,471,470,-1,475,478,479,-1,480,478,475,-1,439,481,482,-1,482,483,437,-1,483,396,437,-1,482,437,439,-1,475,470,484,-1,471,474,473,-1,474,471,477,-1,472,465,464,-1,472,464,473,-1,466,485,467,-1,465,485,466,-1,459,468,460,-1,459,486,467,-1,461,458,462,-1,458,460,462,-1,453,455,463,-1,455,461,463,-1,457,452,454,-1,457,454,453,-1,433,451,432,-1,450,487,452,-1,428,432,488,-1,456,488,451,-1,432,451,488,-1,487,489,454,-1,456,451,452,-1,487,454,452,-1,489,490,455,-1,489,455,454,-1,490,491,461,-1,490,461,455,-1,491,492,458,-1,491,458,461,-1,492,486,459,-1,492,459,458,-1,486,493,467,-1,466,493,494,-1,485,468,467,-1,493,466,467,-1,494,495,464,-1,494,464,466,-1,495,496,473,-1,495,473,464,-1,496,469,471,-1,496,471,473,-1,469,484,470,-1,475,484,480,-1,476,477,470,-1,478,480,497,-1,479,476,475,-1,482,497,483,-1,481,479,478,-1,497,482,478,-1,481,478,482,-1,498,499,500,-1,501,502,503,-1,504,505,506,-1,507,508,509,-1,510,511,512,-1,513,514,515,-1,516,517,518,-1,519,517,520,-1,516,521,522,-1,521,516,518,-1,523,524,522,-1,522,521,523,-1,519,520,512,-1,523,525,524,-1,517,519,518,-1,513,511,510,-1,510,512,520,-1,505,515,514,-1,515,511,513,-1,504,506,507,-1,505,514,506,-1,509,508,500,-1,504,507,509,-1,498,502,499,-1,508,498,500,-1,501,499,502,-1,426,526,527,-1,528,429,428,-1,529,530,421,-1,424,423,531,-1,435,532,533,-1,412,419,534,-1,535,409,536,-1,537,407,415,-1,538,404,400,-1,410,539,400,-1,403,404,540,-1,538,540,404,-1,403,541,440,-1,541,403,540,-1,542,439,440,-1,440,541,542,-1,539,410,535,-1,542,543,439,-1,538,400,539,-1,409,407,536,-1,410,409,535,-1,537,536,407,-1,533,415,435,-1,537,415,533,-1,534,532,412,-1,412,532,435,-1,530,419,421,-1,530,534,419,-1,529,424,531,-1,529,421,424,-1,531,423,527,-1,426,429,526,-1,423,426,527,-1,528,526,429,-1,544,545,486,-1,492,546,544,-1,493,486,545,-1,546,491,547,-1,544,486,492,-1,548,547,490,-1,491,490,547,-1,489,549,548,-1,548,490,489,-1,549,487,550,-1,487,549,489,-1,551,550,450,-1,487,450,550,-1,552,551,553,-1,550,551,552,-1,433,554,551,-1,555,553,554,-1,556,557,545,-1,545,557,493,-1,558,494,557,-1,493,557,494,-1,558,559,495,-1,495,494,558,-1,496,559,560,-1,559,496,495,-1,561,469,560,-1,496,560,469,-1,561,562,484,-1,484,469,561,-1,480,562,563,-1,562,480,484,-1,564,497,563,-1,480,563,497,-1,565,564,566,-1,396,483,565,-1,483,564,565,-1,433,551,450,-1,554,553,551,-1,552,567,550,-1,550,567,549,-1,567,568,549,-1,549,568,548,-1,568,569,548,-1,548,569,547,-1,569,570,547,-1,491,546,492,-1,547,570,546,-1,571,546,570,-1,546,571,544,-1,572,544,571,-1,544,572,545,-1,556,545,572,-1,556,573,557,-1,557,573,558,-1,573,574,558,-1,558,574,559,-1,574,575,559,-1,559,575,560,-1,575,576,560,-1,560,576,561,-1,576,577,561,-1,561,577,562,-1,577,578,562,-1,562,578,563,-1,578,579,563,-1,579,566,564,-1,563,579,564,-1,497,564,483,-1,580,581,582,-1,555,583,584,-1,585,586,587,-1,588,589,590,-1,591,592,593,-1,594,595,596,-1,597,598,599,-1,600,601,602,-1,603,604,605,-1,606,607,605,-1,608,604,609,-1,603,609,604,-1,608,610,611,-1,610,608,609,-1,612,613,611,-1,611,610,612,-1,607,606,597,-1,612,566,613,-1,603,605,607,-1,598,601,599,-1,606,598,597,-1,602,593,600,-1,601,600,599,-1,594,592,591,-1,591,593,602,-1,586,596,595,-1,596,592,594,-1,585,587,588,-1,586,595,587,-1,590,589,582,-1,585,588,590,-1,580,583,581,-1,589,580,582,-1,555,581,583,-1,614,615,616,-1,615,617,616,-1,618,614,616,-1,614,618,619,-1,620,621,622,-1,623,624,625,-1,626,627,628,-1,629,625,624,-1,629,620,630,-1,629,624,620,-1,621,620,624,-1,622,631,632,-1,633,623,625,-1,621,628,631,-1,622,621,631,-1,628,621,634,-1,635,633,636,-1,634,637,628,-1,628,637,626,-1,623,638,634,-1,637,634,638,-1,638,623,639,-1,623,633,639,-1,633,625,636,-1,633,640,641,-1,640,642,643,-1,633,635,640,-1,642,626,637,-1,643,641,640,-1,642,637,643,-1,629,644,645,-1,644,646,647,-1,629,630,644,-1,646,632,631,-1,646,631,647,-1,644,647,645,-1,648,628,649,-1,650,648,649,-1,625,651,650,-1,628,627,649,-1,650,651,648,-1,650,636,625,-1,652,653,654,-1,654,624,652,-1,655,653,652,-1,655,656,657,-1,655,657,653,-1,624,656,621,-1,655,621,656,-1,624,654,656,-1,658,617,615,-1,659,660,661,-1,662,663,664,-1,665,666,667,-1,668,669,670,-1,671,672,673,-1,672,671,674,-1,655,675,673,-1,671,673,675,-1,652,675,655,-1,674,665,667,-1,667,672,674,-1,670,669,666,-1,670,666,665,-1,668,660,659,-1,668,659,669,-1,661,663,662,-1,660,663,661,-1,658,664,617,-1,662,664,658,-1,618,676,619,-1,618,677,676,-1,608,611,678,-1,584,676,679,-1,680,676,681,-1,676,584,682,-1,683,684,676,-1,676,684,679,-1,685,686,676,-1,676,686,683,-1,676,680,687,-1,676,687,685,-1,677,688,676,-1,681,676,688,-1,689,690,677,-1,677,690,688,-1,691,692,677,-1,677,692,689,-1,693,694,677,-1,677,694,691,-1,677,613,695,-1,677,695,693,-1,677,678,613,-1,678,602,601,-1,678,611,613,-1,605,604,678,-1,678,604,608,-1,598,606,678,-1,678,606,605,-1,678,601,598,-1,682,591,678,-1,602,678,591,-1,595,594,682,-1,682,594,591,-1,588,587,682,-1,682,587,595,-1,580,589,682,-1,682,589,588,-1,584,583,682,-1,682,583,580,-1,696,697,698,-1,699,698,697,-1,700,701,702,-1,678,697,682,-1,697,696,682,-1,701,700,703,-1,697,678,701,-1,702,701,678,-1,700,623,703,-1,700,702,623,-1,704,703,623,-1,704,623,634,-1,634,699,705,-1,704,634,705,-1,699,634,698,-1,698,634,696,-1,696,621,619,-1,667,666,655,-1,682,619,676,-1,634,621,696,-1,667,655,672,-1,666,669,655,-1,673,672,655,-1,661,655,659,-1,655,669,659,-1,662,658,655,-1,662,655,661,-1,655,615,614,-1,658,615,655,-1,655,614,619,-1,655,619,621,-1,619,682,696,-1,618,678,677,-1,618,624,702,-1,702,678,618,-1,652,674,671,-1,652,665,674,-1,671,675,652,-1,652,668,670,-1,670,665,652,-1,663,660,652,-1,652,660,668,-1,664,652,617,-1,664,663,652,-1,652,618,616,-1,617,652,616,-1,624,618,652,-1,623,702,624,-1,706,638,639,-1,639,707,706,-1,708,706,707,-1,707,709,708,-1,708,710,711,-1,710,708,709,-1,712,713,714,-1,709,713,712,-1,710,709,712,-1,710,715,711,-1,641,714,713,-1,714,641,716,-1,643,717,641,-1,716,641,717,-1,643,715,717,-1,643,711,715,-1,641,713,709,-1,641,709,633,-1,709,707,639,-1,709,639,633,-1,643,637,708,-1,708,711,643,-1,706,708,638,-1,638,708,637,-1,718,648,651,-1,718,719,648,-1,720,719,718,-1,718,721,720,-1,500,499,720,-1,525,722,723,-1,722,724,725,-1,722,525,721,-1,726,727,722,-1,722,727,723,-1,728,729,722,-1,722,729,726,-1,722,725,728,-1,730,724,731,-1,722,731,724,-1,732,733,731,-1,731,733,730,-1,734,735,731,-1,731,735,732,-1,731,501,734,-1,731,720,501,-1,511,515,720,-1,720,499,501,-1,504,509,720,-1,720,509,500,-1,720,515,505,-1,720,505,504,-1,512,511,721,-1,720,721,511,-1,518,519,721,-1,721,519,512,-1,523,521,721,-1,721,521,518,-1,525,523,721,-1,736,731,722,-1,722,737,736,-1,645,736,737,-1,645,647,736,-1,645,737,722,-1,651,721,718,-1,645,722,629,-1,722,721,625,-1,722,625,629,-1,651,625,721,-1,631,731,647,-1,719,720,648,-1,736,647,731,-1,731,631,628,-1,628,720,731,-1,648,720,628,-1,650,642,640,-1,650,649,642,-1,650,640,635,-1,650,635,636,-1,649,627,626,-1,626,642,649,-1,738,646,644,-1,738,739,646,-1,622,739,740,-1,741,742,738,-1,743,620,622,-1,742,740,739,-1,738,742,739,-1,738,743,741,-1,622,740,743,-1,738,620,743,-1,738,630,620,-1,630,738,644,-1,739,622,632,-1,632,646,739,-1,556,572,681,-1,571,680,572,-1,681,572,680,-1,687,571,570,-1,571,687,680,-1,570,569,685,-1,685,687,570,-1,568,686,569,-1,685,569,686,-1,683,568,567,-1,568,683,686,-1,567,552,684,-1,684,683,567,-1,553,679,552,-1,684,552,679,-1,584,553,555,-1,553,584,679,-1,681,688,556,-1,688,690,573,-1,573,556,688,-1,689,574,690,-1,573,690,574,-1,575,689,692,-1,689,575,574,-1,692,691,576,-1,576,575,692,-1,694,577,691,-1,576,691,577,-1,578,694,693,-1,694,578,577,-1,693,695,579,-1,579,578,693,-1,579,695,566,-1,695,613,566,-1,744,745,436,-1,444,746,744,-1,445,436,745,-1,746,443,747,-1,744,436,444,-1,748,747,442,-1,443,442,747,-1,441,749,748,-1,748,442,441,-1,749,438,750,-1,438,749,441,-1,751,750,397,-1,438,397,750,-1,610,751,612,-1,750,751,610,-1,396,565,751,-1,566,612,565,-1,593,752,745,-1,745,752,445,-1,753,446,752,-1,445,752,446,-1,753,754,447,-1,447,446,753,-1,448,754,755,-1,754,448,447,-1,756,416,755,-1,448,755,416,-1,756,757,434,-1,434,416,756,-1,427,757,758,-1,757,427,434,-1,759,449,758,-1,427,758,449,-1,554,759,555,-1,433,431,554,-1,431,759,554,-1,396,751,397,-1,565,612,751,-1,610,609,750,-1,750,609,749,-1,609,603,749,-1,749,603,748,-1,603,607,748,-1,748,607,747,-1,607,597,747,-1,443,746,444,-1,747,597,746,-1,599,746,597,-1,746,599,744,-1,600,744,599,-1,744,600,745,-1,593,745,600,-1,593,592,752,-1,752,592,753,-1,592,596,753,-1,753,596,754,-1,596,586,754,-1,754,586,755,-1,586,585,755,-1,755,585,756,-1,585,590,756,-1,756,590,757,-1,590,582,757,-1,757,582,758,-1,582,581,758,-1,581,555,759,-1,758,581,759,-1,449,759,431,-1,760,761,468,-1,762,460,761,-1,468,761,460,-1,462,762,763,-1,762,462,460,-1,763,764,463,-1,463,462,763,-1,765,453,764,-1,463,764,453,-1,457,765,766,-1,765,457,453,-1,766,767,456,-1,456,457,766,-1,768,488,767,-1,456,767,488,-1,428,768,528,-1,768,428,488,-1,468,485,760,-1,485,465,769,-1,769,760,485,-1,472,770,465,-1,769,465,770,-1,771,472,474,-1,472,771,770,-1,474,477,772,-1,772,771,474,-1,476,773,477,-1,772,477,773,-1,774,476,479,-1,476,774,773,-1,479,481,775,-1,775,774,479,-1,775,481,543,-1,481,439,543,-1,532,514,533,-1,776,777,773,-1,534,507,506,-1,514,513,537,-1,508,507,530,-1,513,510,536,-1,535,510,520,-1,539,535,520,-1,531,498,508,-1,517,538,539,-1,502,498,527,-1,768,767,778,-1,517,516,540,-1,779,780,766,-1,524,781,775,-1,782,783,763,-1,773,777,772,-1,769,784,760,-1,785,784,769,-1,786,782,762,-1,761,784,786,-1,777,787,771,-1,785,770,787,-1,779,765,764,-1,764,763,783,-1,781,776,774,-1,778,767,780,-1,780,767,766,-1,543,542,524,-1,768,503,528,-1,522,542,541,-1,503,526,528,-1,768,778,503,-1,506,514,532,-1,779,766,765,-1,779,764,783,-1,782,763,762,-1,786,762,761,-1,784,761,760,-1,785,769,770,-1,787,770,771,-1,777,771,772,-1,776,773,774,-1,781,774,775,-1,524,775,543,-1,524,542,522,-1,516,541,540,-1,516,522,541,-1,517,540,538,-1,517,539,520,-1,510,535,536,-1,513,536,537,-1,514,537,533,-1,507,534,530,-1,506,532,534,-1,508,530,529,-1,531,527,498,-1,529,531,508,-1,527,526,502,-1,503,502,526,-1,786,725,724,-1,724,730,782,-1,782,786,724,-1,733,783,730,-1,782,730,783,-1,779,733,732,-1,733,779,783,-1,732,735,780,-1,780,779,732,-1,734,778,735,-1,780,735,778,-1,503,734,501,-1,734,503,778,-1,786,784,725,-1,728,784,785,-1,784,728,725,-1,785,787,729,-1,729,728,785,-1,777,726,787,-1,729,787,726,-1,727,777,776,-1,777,727,726,-1,776,781,723,-1,723,727,776,-1,723,781,525,-1,781,524,525,-1,715,710,699,-1,715,699,697,-1,701,703,714,-1,712,714,703,-1,697,717,715,-1,717,697,716,-1,697,701,716,-1,701,714,716,-1,712,703,704,-1,704,705,712,-1,712,705,710,-1,710,705,699,-1,788,789,742,-1,742,741,788,-1,789,790,740,-1,740,742,789,-1,790,791,743,-1,743,740,790,-1,791,788,741,-1,741,743,791,-1,789,653,657,-1,789,788,653,-1,791,656,654,-1,791,790,656,-1,656,790,789,-1,789,657,656,-1,654,653,788,-1,788,791,654,-1,792,793,794,-1,794,793,795,-1,796,797,798,-1,799,795,800,-1,801,802,803,-1,804,805,806,-1,807,808,809,-1,810,811,802,-1,812,813,814,-1,815,816,817,-1,818,819,813,-1,820,814,813,-1,818,821,822,-1,823,821,818,-1,824,825,826,-1,826,827,828,-1,827,829,828,-1,826,828,824,-1,818,813,830,-1,814,817,816,-1,817,814,820,-1,815,808,807,-1,815,807,816,-1,809,831,810,-1,808,831,809,-1,802,811,803,-1,802,832,810,-1,804,801,805,-1,801,803,805,-1,796,798,806,-1,798,804,806,-1,800,795,797,-1,800,797,796,-1,792,794,833,-1,793,834,795,-1,835,833,836,-1,799,836,794,-1,833,794,836,-1,834,837,797,-1,799,794,795,-1,834,797,795,-1,837,838,798,-1,837,798,797,-1,838,839,804,-1,838,804,798,-1,839,840,801,-1,839,801,804,-1,840,832,802,-1,840,802,801,-1,832,841,810,-1,809,841,842,-1,831,811,810,-1,841,809,810,-1,842,843,807,-1,842,807,809,-1,843,844,816,-1,843,816,807,-1,844,812,814,-1,844,814,816,-1,812,830,813,-1,818,830,823,-1,819,820,813,-1,821,823,845,-1,822,819,818,-1,826,845,827,-1,825,822,821,-1,845,826,821,-1,825,821,826,-1,829,846,847,-1,847,846,848,-1,849,850,851,-1,852,848,853,-1,854,855,856,-1,857,858,859,-1,860,861,862,-1,863,864,855,-1,865,866,867,-1,868,869,870,-1,871,872,866,-1,873,867,866,-1,871,874,875,-1,876,874,871,-1,835,877,878,-1,878,879,833,-1,879,792,833,-1,878,833,835,-1,871,866,880,-1,867,870,869,-1,870,867,873,-1,868,861,860,-1,868,860,869,-1,862,881,863,-1,861,881,862,-1,855,864,856,-1,855,882,863,-1,857,854,858,-1,854,856,858,-1,849,851,859,-1,851,857,859,-1,853,848,850,-1,853,850,849,-1,829,847,828,-1,846,883,848,-1,824,828,884,-1,852,884,847,-1,828,847,884,-1,883,885,850,-1,852,847,848,-1,883,850,848,-1,885,886,851,-1,885,851,850,-1,886,887,857,-1,886,857,851,-1,887,888,854,-1,887,854,857,-1,888,882,855,-1,888,855,854,-1,882,889,863,-1,862,889,890,-1,881,864,863,-1,889,862,863,-1,890,891,860,-1,890,860,862,-1,891,892,869,-1,891,869,860,-1,892,865,867,-1,892,867,869,-1,865,880,866,-1,871,880,876,-1,872,873,866,-1,874,876,893,-1,875,872,871,-1,878,893,879,-1,877,875,874,-1,893,878,874,-1,877,874,878,-1,894,895,896,-1,897,898,899,-1,900,901,902,-1,903,904,905,-1,906,907,908,-1,909,910,911,-1,912,913,914,-1,915,913,916,-1,912,917,918,-1,917,912,914,-1,919,920,918,-1,918,917,919,-1,915,916,908,-1,919,921,920,-1,913,915,914,-1,909,907,906,-1,906,908,916,-1,901,911,910,-1,911,907,909,-1,900,902,903,-1,901,910,902,-1,905,904,896,-1,900,903,905,-1,894,898,895,-1,904,894,896,-1,897,895,898,-1,822,922,923,-1,924,825,824,-1,925,926,817,-1,820,819,927,-1,831,928,929,-1,808,815,930,-1,931,805,932,-1,933,803,811,-1,934,800,796,-1,806,935,796,-1,799,800,936,-1,934,936,800,-1,799,937,836,-1,937,799,936,-1,938,835,836,-1,836,937,938,-1,935,806,931,-1,938,939,835,-1,934,796,935,-1,805,803,932,-1,806,805,931,-1,933,932,803,-1,929,811,831,-1,933,811,929,-1,930,928,808,-1,808,928,831,-1,926,815,817,-1,926,930,815,-1,925,820,927,-1,925,817,820,-1,927,819,923,-1,822,825,922,-1,819,822,923,-1,924,922,825,-1,940,941,882,-1,888,942,940,-1,889,882,941,-1,942,887,943,-1,940,882,888,-1,944,943,886,-1,887,886,943,-1,885,945,944,-1,944,886,885,-1,945,883,946,-1,883,945,885,-1,947,946,846,-1,883,846,946,-1,948,947,949,-1,946,947,948,-1,829,950,947,-1,951,949,950,-1,952,953,941,-1,941,953,889,-1,954,890,953,-1,889,953,890,-1,954,955,891,-1,891,890,954,-1,892,955,956,-1,955,892,891,-1,957,865,956,-1,892,956,865,-1,957,958,880,-1,880,865,957,-1,876,958,959,-1,958,876,880,-1,960,893,959,-1,876,959,893,-1,961,960,962,-1,792,879,961,-1,879,960,961,-1,829,947,846,-1,950,949,947,-1,948,963,946,-1,946,963,945,-1,963,964,945,-1,945,964,944,-1,964,965,944,-1,944,965,943,-1,965,966,943,-1,887,942,888,-1,943,966,942,-1,967,942,966,-1,942,967,940,-1,968,940,967,-1,940,968,941,-1,952,941,968,-1,952,969,953,-1,953,969,954,-1,969,970,954,-1,954,970,955,-1,970,971,955,-1,955,971,956,-1,971,972,956,-1,956,972,957,-1,972,973,957,-1,957,973,958,-1,973,974,958,-1,958,974,959,-1,974,975,959,-1,975,962,960,-1,959,975,960,-1,893,960,879,-1,976,977,978,-1,951,979,980,-1,981,982,983,-1,984,985,986,-1,987,988,989,-1,990,991,992,-1,993,994,995,-1,996,997,998,-1,999,1000,1001,-1,1002,1003,1001,-1,1004,1000,1005,-1,999,1005,1000,-1,1004,1006,1007,-1,1006,1004,1005,-1,1008,1009,1007,-1,1007,1006,1008,-1,1003,1002,993,-1,1008,962,1009,-1,999,1001,1003,-1,994,997,995,-1,1002,994,993,-1,998,989,996,-1,997,996,995,-1,990,988,987,-1,987,989,998,-1,982,992,991,-1,992,988,990,-1,981,983,984,-1,982,991,983,-1,986,985,978,-1,981,984,986,-1,976,979,977,-1,985,976,978,-1,951,977,979,-1,1010,1011,218,-1,1011,219,218,-1,223,1010,218,-1,1010,223,1012,-1,1013,1010,1012,-1,1014,1015,1016,-1,1012,1017,1013,-1,1016,1013,1018,-1,1014,1016,1019,-1,1015,1020,1016,-1,1021,1019,1016,-1,1022,1016,1023,-1,1016,1020,1023,-1,1016,1024,1013,-1,1024,1016,1022,-1,1011,1013,1025,-1,1013,1024,1025,-1,1010,1013,1011,-1,1026,1018,1013,-1,1027,1028,1029,-1,1017,1012,1030,-1,1017,1030,1031,-1,1032,1033,1034,-1,1035,1036,1037,-1,1031,1030,1038,-1,1038,1039,1031,-1,1037,1036,1039,-1,1037,1039,1038,-1,1040,1041,1042,-1,1043,1042,1041,-1,1031,1044,1045,-1,1046,1047,1048,-1,1049,1050,1051,-1,1031,1052,1044,-1,1031,1053,1052,-1,1054,1055,1056,-1,1054,1056,1057,-1,1050,1049,1058,-1,1059,1060,1061,-1,1053,1055,1054,-1,1055,1053,1062,-1,1060,1063,1051,-1,1031,1027,1064,-1,1053,1031,1062,-1,1031,1064,1062,-1,1031,1028,1027,-1,1065,1066,1067,-1,1068,1065,1069,-1,1070,1071,1028,-1,1028,1071,1029,-1,1067,1072,1065,-1,1073,1074,1028,-1,1075,1076,1077,-1,1028,1077,1070,-1,1077,1028,1075,-1,1028,1074,1078,-1,1028,1078,1075,-1,1079,1073,1080,-1,1048,1047,1081,-1,1082,1083,1084,-1,1085,1086,1087,-1,1087,1088,1085,-1,1083,1089,1084,-1,1063,1049,1051,-1,1049,1090,1058,-1,1066,1065,1068,-1,1065,1072,1091,-1,1065,1059,1069,-1,1059,1063,1060,-1,1059,1061,1069,-1,1058,1090,1092,-1,1093,1092,1087,-1,1090,1087,1092,-1,1087,1086,1093,-1,1047,1088,1087,-1,1047,1094,1088,-1,1094,1047,1082,-1,1082,1047,1083,-1,1084,1089,1095,-1,1096,1097,1098,-1,1097,1048,1081,-1,1079,1096,1098,-1,1047,1099,1083,-1,1047,1100,1099,-1,1097,1101,1098,-1,1047,1046,1100,-1,1081,1101,1097,-1,1073,1079,1098,-1,1102,1080,1073,-1,1103,1104,1102,-1,1105,1106,1107,-1,1108,1109,1110,-1,1102,1104,1080,-1,1111,1102,1073,-1,1112,1113,1114,-1,1112,1115,1116,-1,1117,1118,1119,-1,1113,1120,1114,-1,1121,1122,1123,-1,1119,1124,1117,-1,1122,1125,1033,-1,1125,1126,1127,-1,1123,1128,1129,-1,1125,1130,1126,-1,1122,1130,1125,-1,1122,1121,1130,-1,1122,1017,1123,-1,1033,1131,1132,-1,1033,1132,1133,-1,1033,1129,1131,-1,1129,1134,1131,-1,1120,1113,1135,-1,1129,1136,1134,-1,1112,1114,1115,-1,1137,1106,1138,-1,1032,1139,1033,-1,1139,1140,1028,-1,1133,1034,1033,-1,1141,1142,1143,-1,1114,1110,1144,-1,1114,1145,1110,-1,1146,1145,1147,-1,1114,1148,1145,-1,1145,1148,1147,-1,1149,1150,1151,-1,1148,1114,1120,-1,1032,1144,1152,-1,1153,1110,1109,-1,1152,1139,1032,-1,1110,1153,1144,-1,1144,1153,1154,-1,1102,1107,1103,-1,1111,1155,1156,-1,1157,1158,1159,-1,1160,1161,1162,-1,1163,1164,1165,-1,1166,1167,1159,-1,1159,1167,1143,-1,1168,1157,1169,-1,1170,1171,1172,-1,1173,1174,1175,-1,1176,1177,1168,-1,1178,1179,1180,-1,1181,1151,1182,-1,1183,1184,1185,-1,1185,1186,1183,-1,1184,1183,1187,-1,1175,1185,1173,-1,1185,1175,1186,-1,1174,1173,1188,-1,1151,1189,1149,-1,1176,1168,1188,-1,1188,1173,1176,-1,1177,1158,1168,-1,1172,1171,1190,-1,1191,1171,1170,-1,1150,1149,1157,-1,1117,1124,1192,-1,1137,1138,1124,-1,1137,1124,1119,-1,1165,1161,1160,-1,1162,1193,1160,-1,1163,1180,1194,-1,1179,1194,1180,-1,1194,1164,1163,-1,1164,1161,1165,-1,1195,1196,1197,-1,1041,1198,1017,-1,1181,1189,1151,-1,1120,1135,1199,-1,1200,1113,1112,-1,1113,1200,1201,-1,1136,1128,1116,-1,1116,1128,1112,-1,1136,1129,1128,-1,1017,1198,1123,-1,1128,1123,1198,-1,1202,1170,1199,-1,1199,1135,1203,-1,1135,1204,1205,-1,1135,1205,1206,-1,1135,1041,1204,-1,1207,1208,1209,-1,1041,1210,1204,-1,1041,1040,1210,-1,1017,1211,1043,-1,1017,1043,1041,-1,1211,1017,1212,-1,1213,1170,1202,-1,1135,1206,1203,-1,1199,1203,1202,-1,1214,1215,1216,-1,1182,1217,1218,-1,1211,1214,1213,-1,1211,1219,1214,-1,1124,1045,1192,-1,1220,1219,1221,-1,1211,1222,1219,-1,1219,1222,1221,-1,1212,1017,1207,-1,1222,1211,1212,-1,1223,1207,1209,-1,1224,1225,1226,-1,1227,1214,1216,-1,1213,1191,1170,-1,1214,1227,1213,-1,1213,1227,1150,-1,1228,1229,1230,-1,1231,1031,1124,-1,1031,1045,1124,-1,1106,1105,1138,-1,1232,1231,1233,-1,1234,1235,1236,-1,1237,1238,1228,-1,1239,1240,1241,-1,1207,1242,1151,-1,1218,1217,1243,-1,1244,1235,1245,-1,1246,1247,1248,-1,1249,1182,1250,-1,1231,1251,1233,-1,1238,1239,1228,-1,1234,1245,1235,-1,1236,1233,1234,-1,1229,1228,1239,-1,1240,1252,1241,-1,1239,1241,1229,-1,1231,1232,1253,-1,1254,1252,1240,-1,1242,1255,1254,-1,1252,1254,1255,-1,1256,1255,1242,-1,1207,1256,1242,-1,1223,1256,1207,-1,1231,1208,1031,-1,1208,1207,1017,-1,1017,1031,1208,-1,1231,1257,1208,-1,1231,1253,1257,-1,1234,1233,1251,-1,1258,1224,1259,-1,1242,1250,1151,-1,1182,1151,1250,-1,1107,1102,1105,-1,1260,1258,1261,-1,1262,1263,1264,-1,1197,1196,1265,-1,1258,1266,1261,-1,1245,1138,1246,-1,1267,1244,1268,-1,1268,1244,1248,-1,1244,1245,1246,-1,1246,1138,1105,-1,1224,1226,1263,-1,1269,1270,1271,-1,1269,1271,1272,-1,1259,1224,1273,-1,1274,1197,1265,-1,1247,1266,1258,-1,1262,1224,1263,-1,1258,1259,1247,-1,1249,1268,1217,-1,1243,1217,1193,-1,1160,1193,1156,-1,1274,1259,1197,-1,1273,1224,1262,-1,1259,1273,1197,-1,1272,1264,1269,-1,1263,1269,1264,-1,1275,1276,1270,-1,1277,1278,1111,-1,1156,1275,1111,-1,1277,1279,1278,-1,1156,1280,1160,-1,1275,1281,1276,-1,1141,1167,1277,-1,1280,1156,1155,-1,1277,1167,1279,-1,1243,1193,1282,-1,1193,1162,1282,-1,1249,1217,1182,-1,1249,1267,1268,-1,1244,1246,1248,-1,1246,1266,1247,-1,1199,1170,1283,-1,1158,1166,1159,-1,1143,1142,1284,-1,1158,1157,1168,-1,1172,1190,1285,-1,1169,1157,1149,-1,1213,1150,1191,-1,1150,1157,1191,-1,1152,1144,1154,-1,1143,1167,1141,-1,1028,1111,1073,-1,1275,1270,1111,-1,1269,1102,1111,-1,1111,1270,1269,-1,1286,1155,1111,-1,1111,1278,1286,-1,1028,1140,1111,-1,1122,1139,1028,-1,1033,1139,1122,-1,1287,1152,1154,-1,1287,1288,1152,-1,1199,1283,1287,-1,1283,1288,1287,-1,1036,1289,1290,-1,1291,1292,1293,-1,1122,1294,1295,-1,1296,1297,255,-1,1292,1028,1298,-1,1036,1028,1289,-1,255,1299,1296,-1,1300,1296,1299,-1,1122,1026,1294,-1,304,255,1297,-1,1018,1301,1299,-1,1302,1301,1303,-1,1026,1301,1018,-1,1018,1299,255,-1,1301,1026,1303,-1,1304,1305,1306,-1,1028,1303,1122,-1,1303,1026,1122,-1,1303,1028,1292,-1,304,1297,1305,-1,1307,1298,1036,-1,1028,1036,1298,-1,1292,1298,1293,-1,304,1307,1035,-1,1307,1036,1035,-1,1307,304,1308,-1,304,1305,1308,-1,1305,1297,1306,-1,1305,1309,1310,-1,1309,1311,1312,-1,1305,1304,1309,-1,1311,1293,1298,-1,1312,1310,1309,-1,1311,1298,1312,-1,1296,1313,1314,-1,1313,1315,1316,-1,1296,1300,1313,-1,1315,1302,1303,-1,1315,1303,1316,-1,1313,1316,1314,-1,1317,1292,1318,-1,1319,1317,1318,-1,1297,1320,1319,-1,1292,1291,1318,-1,1319,1320,1317,-1,1319,1306,1297,-1,252,1321,1322,-1,1322,255,252,-1,1016,1321,252,-1,1016,1323,1324,-1,1016,1324,1321,-1,255,1323,1018,-1,1016,1018,1323,-1,255,1322,1323,-1,1025,219,1011,-1,1023,259,1022,-1,1024,260,256,-1,264,1015,1014,-1,257,1020,267,-1,270,1019,1021,-1,1019,270,265,-1,1016,271,1021,-1,270,1021,271,-1,252,271,1016,-1,265,264,1014,-1,1014,1019,265,-1,267,1020,1015,-1,267,1015,264,-1,257,259,1023,-1,257,1023,1020,-1,1022,260,1024,-1,259,260,1022,-1,1025,256,219,-1,1024,256,1025,-1,223,1030,1012,-1,223,274,1030,-1,1004,1007,280,-1,980,1030,1325,-1,1326,1030,1327,-1,1030,980,1038,-1,1328,1329,1030,-1,1030,1329,1325,-1,1330,1331,1030,-1,1030,1331,1328,-1,1030,1326,1332,-1,1030,1332,1330,-1,274,1333,1030,-1,1327,1030,1333,-1,1334,1335,274,-1,274,1335,1333,-1,1336,1337,274,-1,274,1337,1334,-1,1338,1339,274,-1,274,1339,1336,-1,274,1009,1340,-1,274,1340,1338,-1,274,280,1009,-1,280,998,997,-1,280,1007,1009,-1,1001,1000,280,-1,280,1000,1004,-1,994,1002,280,-1,280,1002,1001,-1,280,997,994,-1,1038,987,280,-1,998,280,987,-1,991,990,1038,-1,1038,990,987,-1,984,983,1038,-1,1038,983,991,-1,976,985,1038,-1,1038,985,984,-1,980,979,1038,-1,1038,979,976,-1,1037,1341,1342,-1,1343,1342,1341,-1,1344,1345,294,-1,280,1341,1038,-1,1341,1037,1038,-1,1345,1344,1346,-1,1341,280,1345,-1,294,1345,280,-1,1344,304,1346,-1,1344,294,304,-1,1347,1346,304,-1,1347,304,1035,-1,1035,1343,1348,-1,1347,1035,1348,-1,1343,1035,1342,-1,1342,1035,1037,-1,223,280,274,-1,223,255,294,-1,294,280,223,-1,252,265,270,-1,252,264,265,-1,270,271,252,-1,252,257,267,-1,267,264,252,-1,260,259,252,-1,252,259,257,-1,256,252,219,-1,256,260,252,-1,252,223,218,-1,219,252,218,-1,255,223,252,-1,304,294,255,-1,1349,1307,1308,-1,1308,1350,1349,-1,1351,1349,1350,-1,1350,1352,1351,-1,1351,1353,1354,-1,1353,1351,1352,-1,1355,1356,1357,-1,1352,1356,1355,-1,1353,1352,1355,-1,1353,1358,1354,-1,1310,1357,1356,-1,1357,1310,1359,-1,1312,1360,1310,-1,1359,1310,1360,-1,1312,1358,1360,-1,1312,1354,1358,-1,1310,1356,1352,-1,1310,1352,1305,-1,1352,1350,1308,-1,1352,1308,1305,-1,1312,1298,1351,-1,1351,1354,1312,-1,1349,1351,1307,-1,1307,1351,1298,-1,1361,1317,1320,-1,1361,1362,1317,-1,1363,1362,1361,-1,1361,1364,1363,-1,896,895,1363,-1,921,1365,1366,-1,1365,1367,1368,-1,1365,921,1364,-1,1369,1370,1365,-1,1365,1370,1366,-1,1371,1372,1365,-1,1365,1372,1369,-1,1365,1368,1371,-1,1373,1367,1374,-1,1365,1374,1367,-1,1375,1376,1374,-1,1374,1376,1373,-1,1377,1378,1374,-1,1374,1378,1375,-1,1374,897,1377,-1,1374,1363,897,-1,907,911,1363,-1,1363,895,897,-1,900,905,1363,-1,1363,905,896,-1,1363,911,901,-1,1363,901,900,-1,908,907,1364,-1,1363,1364,907,-1,914,915,1364,-1,1364,915,908,-1,919,917,1364,-1,1364,917,914,-1,921,919,1364,-1,1379,1374,1365,-1,1365,1380,1379,-1,1314,1379,1380,-1,1314,1316,1379,-1,1314,1380,1365,-1,1320,1364,1361,-1,1314,1365,1296,-1,1365,1364,1297,-1,1365,1297,1296,-1,1320,1297,1364,-1,1303,1374,1316,-1,1362,1363,1317,-1,1379,1316,1374,-1,1374,1303,1292,-1,1292,1363,1374,-1,1317,1363,1292,-1,1319,1311,1309,-1,1319,1318,1311,-1,1319,1309,1304,-1,1319,1304,1306,-1,1318,1291,1293,-1,1293,1311,1318,-1,1381,1315,1313,-1,1381,1382,1315,-1,1301,1382,1383,-1,1384,1385,1381,-1,1386,1299,1301,-1,1385,1383,1382,-1,1381,1385,1382,-1,1381,1386,1384,-1,1301,1383,1386,-1,1381,1299,1386,-1,1381,1300,1299,-1,1300,1381,1313,-1,1382,1301,1302,-1,1302,1315,1382,-1,952,968,1327,-1,967,1326,968,-1,1327,968,1326,-1,1332,967,966,-1,967,1332,1326,-1,966,965,1330,-1,1330,1332,966,-1,964,1331,965,-1,1330,965,1331,-1,1328,964,963,-1,964,1328,1331,-1,963,948,1329,-1,1329,1328,963,-1,949,1325,948,-1,1329,948,1325,-1,980,949,951,-1,949,980,1325,-1,1327,1333,952,-1,1333,1335,969,-1,969,952,1333,-1,1334,970,1335,-1,969,1335,970,-1,971,1334,1337,-1,1334,971,970,-1,1337,1336,972,-1,972,971,1337,-1,1339,973,1336,-1,972,1336,973,-1,974,1339,1338,-1,1339,974,973,-1,1338,1340,975,-1,975,974,1338,-1,975,1340,962,-1,1340,1009,962,-1,1387,1388,832,-1,840,1389,1387,-1,841,832,1388,-1,1389,839,1390,-1,1387,832,840,-1,1391,1390,838,-1,839,838,1390,-1,837,1392,1391,-1,1391,838,837,-1,1392,834,1393,-1,834,1392,837,-1,1394,1393,793,-1,834,793,1393,-1,1006,1394,1008,-1,1393,1394,1006,-1,792,961,1394,-1,962,1008,961,-1,989,1395,1388,-1,1388,1395,841,-1,1396,842,1395,-1,841,1395,842,-1,1396,1397,843,-1,843,842,1396,-1,844,1397,1398,-1,1397,844,843,-1,1399,812,1398,-1,844,1398,812,-1,1399,1400,830,-1,830,812,1399,-1,823,1400,1401,-1,1400,823,830,-1,1402,845,1401,-1,823,1401,845,-1,950,1402,951,-1,829,827,950,-1,827,1402,950,-1,792,1394,793,-1,961,1008,1394,-1,1006,1005,1393,-1,1393,1005,1392,-1,1005,999,1392,-1,1392,999,1391,-1,999,1003,1391,-1,1391,1003,1390,-1,1003,993,1390,-1,839,1389,840,-1,1390,993,1389,-1,995,1389,993,-1,1389,995,1387,-1,996,1387,995,-1,1387,996,1388,-1,989,1388,996,-1,989,988,1395,-1,1395,988,1396,-1,988,992,1396,-1,1396,992,1397,-1,992,982,1397,-1,1397,982,1398,-1,982,981,1398,-1,1398,981,1399,-1,981,986,1399,-1,1399,986,1400,-1,986,978,1400,-1,1400,978,1401,-1,978,977,1401,-1,977,951,1402,-1,1401,977,1402,-1,845,1402,827,-1,1403,1404,864,-1,1405,856,1404,-1,864,1404,856,-1,858,1405,1406,-1,1405,858,856,-1,1406,1407,859,-1,859,858,1406,-1,1408,849,1407,-1,859,1407,849,-1,853,1408,1409,-1,1408,853,849,-1,1409,1410,852,-1,852,853,1409,-1,1411,884,1410,-1,852,1410,884,-1,824,1411,924,-1,1411,824,884,-1,864,881,1403,-1,881,861,1412,-1,1412,1403,881,-1,868,1413,861,-1,1412,861,1413,-1,1414,868,870,-1,868,1414,1413,-1,870,873,1415,-1,1415,1414,870,-1,872,1416,873,-1,1415,873,1416,-1,1417,872,875,-1,872,1417,1416,-1,875,877,1418,-1,1418,1417,875,-1,1418,877,939,-1,877,835,939,-1,928,910,929,-1,1419,1420,1416,-1,930,903,902,-1,910,909,933,-1,904,903,926,-1,909,906,932,-1,931,906,916,-1,935,931,916,-1,927,894,904,-1,913,934,935,-1,898,894,923,-1,1411,1410,1421,-1,913,912,936,-1,1422,1423,1409,-1,920,1424,1418,-1,1425,1426,1406,-1,1416,1420,1415,-1,1412,1427,1403,-1,1428,1427,1412,-1,1429,1425,1405,-1,1404,1427,1429,-1,1420,1430,1414,-1,1428,1413,1430,-1,1422,1408,1407,-1,1407,1406,1426,-1,1424,1419,1417,-1,1421,1410,1423,-1,1423,1410,1409,-1,939,938,920,-1,1411,899,924,-1,918,938,937,-1,899,922,924,-1,1411,1421,899,-1,902,910,928,-1,1422,1409,1408,-1,1422,1407,1426,-1,1425,1406,1405,-1,1429,1405,1404,-1,1427,1404,1403,-1,1428,1412,1413,-1,1430,1413,1414,-1,1420,1414,1415,-1,1419,1416,1417,-1,1424,1417,1418,-1,920,1418,939,-1,920,938,918,-1,912,937,936,-1,912,918,937,-1,913,936,934,-1,913,935,916,-1,906,931,932,-1,909,932,933,-1,910,933,929,-1,903,930,926,-1,902,928,930,-1,904,926,925,-1,927,923,894,-1,925,927,904,-1,923,922,898,-1,899,898,922,-1,1429,1368,1367,-1,1367,1373,1425,-1,1425,1429,1367,-1,1376,1426,1373,-1,1425,1373,1426,-1,1422,1376,1375,-1,1376,1422,1426,-1,1375,1378,1423,-1,1423,1422,1375,-1,1377,1421,1378,-1,1423,1378,1421,-1,899,1377,897,-1,1377,899,1421,-1,1429,1427,1368,-1,1371,1427,1428,-1,1427,1371,1368,-1,1428,1430,1372,-1,1372,1371,1428,-1,1420,1369,1430,-1,1372,1430,1369,-1,1370,1420,1419,-1,1420,1370,1369,-1,1419,1424,1366,-1,1366,1370,1419,-1,1366,1424,921,-1,1424,920,921,-1,1358,1353,1343,-1,1358,1343,1341,-1,1345,1346,1357,-1,1355,1357,1346,-1,1341,1360,1358,-1,1360,1341,1359,-1,1341,1345,1359,-1,1345,1357,1359,-1,1355,1346,1347,-1,1347,1348,1355,-1,1355,1348,1353,-1,1353,1348,1343,-1,1431,1432,1385,-1,1385,1384,1431,-1,1432,1433,1383,-1,1383,1385,1432,-1,1433,1434,1386,-1,1386,1383,1433,-1,1434,1431,1384,-1,1384,1386,1434,-1,1432,1321,1324,-1,1432,1431,1321,-1,1434,1323,1322,-1,1434,1433,1323,-1,1323,1433,1432,-1,1432,1324,1323,-1,1322,1321,1431,-1,1431,1434,1322,-1,1294,1435,1436,-1,1436,1295,1294,-1,1294,1013,1435,-1,1294,1026,1013,-1,1122,1436,1017,-1,1122,1295,1436,-1,1436,1013,1017,-1,1436,1435,1013,-1,1289,1437,1438,-1,1438,1290,1289,-1,1289,1031,1437,-1,1289,1028,1031,-1,1036,1438,1039,-1,1036,1290,1438,-1,1438,1031,1039,-1,1438,1437,1031,-1,1439,1440,1441,-1,1442,1439,1443,-1,1439,1442,1440,-1,1444,1440,1445,-1,1446,1447,1448,-1,1446,1444,1449,-1,1447,1446,1449,-1,1440,1442,1445,-1,1445,1449,1444,-1,1450,1451,1452,-1,1452,1451,1453,-1,1453,1454,1452,-1,1451,1450,1455,-1,1456,1457,1458,-1,1459,1460,1457,-1,1457,1456,1459,-1,1461,1460,1459,-1,1462,1460,1461,-1,1462,1463,1460,-1,1463,1462,1464,-1,1462,1465,1466,-1,1462,1461,1465,-1,1466,1467,1468,-1,1468,1462,1466,-1,1467,1469,1468,-1,1470,1471,1472,-1,1473,1470,1474,-1,1470,1473,1471,-1,1475,1471,1476,-1,1477,1478,1479,-1,1477,1475,1480,-1,1478,1477,1480,-1,1471,1473,1476,-1,1476,1480,1475,-1,1481,1482,1483,-1,1483,1482,1484,-1,1484,1485,1483,-1,1482,1481,1486,-1,1487,1488,1489,-1,1490,1491,1492,-1,1490,1492,1493,-1,1487,1494,1488,-1,1494,1487,1491,-1,1491,1490,1494,-1,1495,1496,1497,-1,1497,1496,1498,-1,1499,1500,1501,-1,1502,1498,1503,-1,1504,1505,1506,-1,1507,1508,1509,-1,1510,1511,1512,-1,1513,1514,1505,-1,1515,1516,1517,-1,1518,1519,1520,-1,1521,1522,1516,-1,1523,1517,1516,-1,1521,1524,1525,-1,1526,1524,1521,-1,1527,1528,1529,-1,1529,1530,1531,-1,1530,1532,1531,-1,1529,1531,1527,-1,1521,1516,1533,-1,1517,1520,1519,-1,1520,1517,1523,-1,1518,1511,1510,-1,1518,1510,1519,-1,1512,1534,1513,-1,1511,1534,1512,-1,1505,1514,1506,-1,1505,1535,1513,-1,1507,1504,1508,-1,1504,1506,1508,-1,1499,1501,1509,-1,1501,1507,1509,-1,1503,1498,1500,-1,1503,1500,1499,-1,1495,1497,1536,-1,1496,1537,1498,-1,1538,1536,1539,-1,1502,1539,1497,-1,1536,1497,1539,-1,1537,1540,1500,-1,1502,1497,1498,-1,1537,1500,1498,-1,1540,1541,1501,-1,1540,1501,1500,-1,1541,1542,1507,-1,1541,1507,1501,-1,1542,1543,1504,-1,1542,1504,1507,-1,1543,1535,1505,-1,1543,1505,1504,-1,1535,1544,1513,-1,1512,1544,1545,-1,1534,1514,1513,-1,1544,1512,1513,-1,1545,1546,1510,-1,1545,1510,1512,-1,1546,1547,1519,-1,1546,1519,1510,-1,1547,1515,1517,-1,1547,1517,1519,-1,1515,1533,1516,-1,1521,1533,1526,-1,1522,1523,1516,-1,1524,1526,1548,-1,1525,1522,1521,-1,1529,1548,1530,-1,1528,1525,1524,-1,1548,1529,1524,-1,1528,1524,1529,-1,1532,1549,1550,-1,1550,1549,1551,-1,1552,1553,1554,-1,1555,1551,1556,-1,1557,1558,1559,-1,1560,1561,1562,-1,1563,1564,1565,-1,1566,1567,1558,-1,1568,1569,1570,-1,1571,1572,1573,-1,1574,1575,1569,-1,1576,1570,1569,-1,1574,1577,1578,-1,1579,1577,1574,-1,1538,1580,1581,-1,1581,1582,1536,-1,1582,1495,1536,-1,1581,1536,1538,-1,1574,1569,1583,-1,1570,1573,1572,-1,1573,1570,1576,-1,1571,1564,1563,-1,1571,1563,1572,-1,1565,1584,1566,-1,1564,1584,1565,-1,1558,1567,1559,-1,1558,1585,1566,-1,1560,1557,1561,-1,1557,1559,1561,-1,1552,1554,1562,-1,1554,1560,1562,-1,1556,1551,1553,-1,1556,1553,1552,-1,1532,1550,1531,-1,1549,1586,1551,-1,1527,1531,1587,-1,1555,1587,1550,-1,1531,1550,1587,-1,1586,1588,1553,-1,1555,1550,1551,-1,1586,1553,1551,-1,1588,1589,1554,-1,1588,1554,1553,-1,1589,1590,1560,-1,1589,1560,1554,-1,1590,1591,1557,-1,1590,1557,1560,-1,1591,1585,1558,-1,1591,1558,1557,-1,1585,1592,1566,-1,1565,1592,1593,-1,1584,1567,1566,-1,1592,1565,1566,-1,1593,1594,1563,-1,1593,1563,1565,-1,1594,1595,1572,-1,1594,1572,1563,-1,1595,1568,1570,-1,1595,1570,1572,-1,1568,1583,1569,-1,1574,1583,1579,-1,1575,1576,1569,-1,1577,1579,1596,-1,1578,1575,1574,-1,1581,1596,1582,-1,1580,1578,1577,-1,1596,1581,1577,-1,1580,1577,1581,-1,1597,1598,1599,-1,1600,1601,1602,-1,1603,1604,1605,-1,1606,1607,1608,-1,1609,1610,1611,-1,1612,1613,1614,-1,1615,1616,1617,-1,1618,1616,1619,-1,1615,1620,1621,-1,1620,1615,1617,-1,1622,1623,1621,-1,1621,1620,1622,-1,1618,1619,1611,-1,1622,1624,1623,-1,1616,1618,1617,-1,1612,1610,1609,-1,1609,1611,1619,-1,1604,1614,1613,-1,1614,1610,1612,-1,1603,1605,1606,-1,1604,1613,1605,-1,1608,1607,1599,-1,1603,1606,1608,-1,1597,1601,1598,-1,1607,1597,1599,-1,1600,1598,1601,-1,1525,1625,1626,-1,1627,1528,1527,-1,1628,1629,1520,-1,1523,1522,1630,-1,1534,1631,1632,-1,1511,1518,1633,-1,1634,1508,1635,-1,1636,1506,1514,-1,1637,1503,1499,-1,1509,1638,1499,-1,1502,1503,1639,-1,1637,1639,1503,-1,1502,1640,1539,-1,1640,1502,1639,-1,1641,1538,1539,-1,1539,1640,1641,-1,1638,1509,1634,-1,1641,1642,1538,-1,1637,1499,1638,-1,1508,1506,1635,-1,1509,1508,1634,-1,1636,1635,1506,-1,1632,1514,1534,-1,1636,1514,1632,-1,1633,1631,1511,-1,1511,1631,1534,-1,1629,1518,1520,-1,1629,1633,1518,-1,1628,1523,1630,-1,1628,1520,1523,-1,1630,1522,1626,-1,1525,1528,1625,-1,1522,1525,1626,-1,1627,1625,1528,-1,1643,1644,1585,-1,1591,1645,1643,-1,1592,1585,1644,-1,1645,1590,1646,-1,1643,1585,1591,-1,1647,1646,1589,-1,1590,1589,1646,-1,1588,1648,1647,-1,1647,1589,1588,-1,1648,1586,1649,-1,1586,1648,1588,-1,1650,1649,1549,-1,1586,1549,1649,-1,1651,1650,1652,-1,1649,1650,1651,-1,1532,1653,1650,-1,1654,1652,1653,-1,1655,1656,1644,-1,1644,1656,1592,-1,1657,1593,1656,-1,1592,1656,1593,-1,1657,1658,1594,-1,1594,1593,1657,-1,1595,1658,1659,-1,1658,1595,1594,-1,1660,1568,1659,-1,1595,1659,1568,-1,1660,1661,1583,-1,1583,1568,1660,-1,1579,1661,1662,-1,1661,1579,1583,-1,1663,1596,1662,-1,1579,1662,1596,-1,1664,1663,1665,-1,1495,1582,1664,-1,1582,1663,1664,-1,1532,1650,1549,-1,1653,1652,1650,-1,1651,1666,1649,-1,1649,1666,1648,-1,1666,1667,1648,-1,1648,1667,1647,-1,1667,1668,1647,-1,1647,1668,1646,-1,1668,1669,1646,-1,1590,1645,1591,-1,1646,1669,1645,-1,1670,1645,1669,-1,1645,1670,1643,-1,1671,1643,1670,-1,1643,1671,1644,-1,1655,1644,1671,-1,1655,1672,1656,-1,1656,1672,1657,-1,1672,1673,1657,-1,1657,1673,1658,-1,1673,1674,1658,-1,1658,1674,1659,-1,1674,1675,1659,-1,1659,1675,1660,-1,1675,1676,1660,-1,1660,1676,1661,-1,1676,1677,1661,-1,1661,1677,1662,-1,1677,1678,1662,-1,1678,1665,1663,-1,1662,1678,1663,-1,1596,1663,1582,-1,1679,1680,1681,-1,1654,1682,1683,-1,1684,1685,1686,-1,1687,1688,1689,-1,1690,1691,1692,-1,1693,1694,1695,-1,1696,1697,1698,-1,1699,1700,1701,-1,1702,1703,1704,-1,1705,1706,1704,-1,1707,1703,1708,-1,1702,1708,1703,-1,1707,1709,1710,-1,1709,1707,1708,-1,1711,1712,1710,-1,1710,1709,1711,-1,1706,1705,1696,-1,1711,1665,1712,-1,1702,1704,1706,-1,1697,1700,1698,-1,1705,1697,1696,-1,1701,1692,1699,-1,1700,1699,1698,-1,1693,1691,1690,-1,1690,1692,1701,-1,1685,1695,1694,-1,1695,1691,1693,-1,1684,1686,1687,-1,1685,1694,1686,-1,1689,1688,1681,-1,1684,1687,1689,-1,1679,1682,1680,-1,1688,1679,1681,-1,1654,1680,1682,-1,616,617,1713,-1,617,1714,1713,-1,1715,616,1713,-1,616,1715,618,-1,1716,1717,1718,-1,1719,1720,624,-1,1721,624,1720,-1,623,1722,1723,-1,1724,1725,1726,-1,1727,1728,1729,-1,1730,1731,1732,-1,1731,1730,1728,-1,1721,1720,1733,-1,1728,1734,1729,-1,1735,1728,1730,-1,1716,623,1723,-1,1735,1734,1728,-1,1729,1720,1719,-1,1736,1719,624,-1,1734,1720,1729,-1,1737,1731,1738,-1,1719,1736,1739,-1,624,623,1716,-1,624,1716,1736,-1,1737,1732,1731,-1,1737,1738,1740,-1,1716,1723,1717,-1,1726,1722,623,-1,1724,1741,1725,-1,1726,1725,1722,-1,1732,1737,1741,-1,1725,1741,1737,-1,1742,1715,1743,-1,1744,1721,1743,-1,1742,1745,1715,-1,1744,1746,1747,-1,1744,1748,1746,-1,1747,1749,1744,-1,1744,1750,1751,-1,1751,1748,1744,-1,1752,1753,1744,-1,1744,1753,1750,-1,1743,1754,1752,-1,1752,1744,1743,-1,1713,1714,1743,-1,1743,1714,1754,-1,1743,1721,1733,-1,1743,1715,1713,-1,1755,1735,1730,-1,1742,1735,1755,-1,1742,1755,1745,-1,1756,1724,1757,-1,1745,1755,1758,-1,1757,1758,1756,-1,1758,1755,1756,-1,1724,1726,1757,-1,1737,1759,1760,-1,1759,1761,1762,-1,1737,1740,1759,-1,1761,1717,1723,-1,1762,1760,1759,-1,1761,1723,1762,-1,1728,1763,1764,-1,1763,1765,1766,-1,1728,1727,1763,-1,1765,1739,1736,-1,1765,1736,1766,-1,1763,1766,1764,-1,1767,1716,1768,-1,1769,1767,1768,-1,1731,1770,1769,-1,1716,1718,1768,-1,1769,1770,1767,-1,1769,1738,1731,-1,1744,1771,1772,-1,1772,1721,1744,-1,652,1771,1744,-1,652,1773,1774,-1,652,1774,1771,-1,1721,1773,624,-1,652,624,1773,-1,1721,1772,1773,-1,664,1714,617,-1,668,1753,660,-1,663,1752,1754,-1,1748,665,674,-1,1750,670,1751,-1,1747,671,675,-1,671,1747,1746,-1,652,1749,675,-1,1747,675,1749,-1,1744,1749,652,-1,1746,1748,674,-1,674,671,1746,-1,1751,670,665,-1,1751,665,1748,-1,1750,1753,668,-1,1750,668,670,-1,660,1752,663,-1,1753,1752,660,-1,664,1754,1714,-1,663,1754,664,-1,1715,677,618,-1,1715,1745,677,-1,1707,1710,1758,-1,1683,677,1775,-1,1776,677,1777,-1,677,1683,678,-1,1778,1779,677,-1,677,1779,1775,-1,1780,1781,677,-1,677,1781,1778,-1,677,1776,1782,-1,677,1782,1780,-1,1745,1783,677,-1,1777,677,1783,-1,1784,1785,1745,-1,1745,1785,1783,-1,1786,1787,1745,-1,1745,1787,1784,-1,1788,1789,1745,-1,1745,1789,1786,-1,1745,1712,1790,-1,1745,1790,1788,-1,1745,1758,1712,-1,1758,1701,1700,-1,1758,1710,1712,-1,1704,1703,1758,-1,1758,1703,1707,-1,1697,1705,1758,-1,1758,1705,1704,-1,1758,1700,1697,-1,678,1690,1758,-1,1701,1758,1690,-1,1694,1693,678,-1,678,1693,1690,-1,1687,1686,678,-1,678,1686,1694,-1,1679,1688,678,-1,678,1688,1687,-1,1683,1682,678,-1,678,1682,1679,-1,702,1791,1792,-1,1793,1792,1791,-1,1794,1795,1757,-1,1758,1791,678,-1,1791,702,678,-1,1795,1794,1796,-1,1791,1758,1795,-1,1757,1795,1758,-1,1794,1726,1796,-1,1794,1757,1726,-1,1797,1796,1726,-1,1797,1726,623,-1,623,1793,1798,-1,1797,623,1798,-1,1793,623,1792,-1,1792,623,702,-1,702,624,618,-1,674,665,652,-1,678,618,677,-1,623,624,702,-1,674,652,671,-1,665,670,652,-1,675,671,652,-1,660,652,668,-1,652,670,668,-1,663,664,652,-1,663,652,660,-1,652,617,616,-1,664,617,652,-1,652,616,618,-1,652,618,624,-1,618,678,702,-1,1799,1722,1725,-1,1725,1800,1799,-1,1801,1799,1800,-1,1800,1802,1801,-1,1801,1803,1804,-1,1803,1801,1802,-1,1805,1806,1807,-1,1802,1806,1805,-1,1803,1802,1805,-1,1803,1808,1804,-1,1760,1807,1806,-1,1807,1760,1809,-1,1762,1810,1760,-1,1809,1760,1810,-1,1762,1808,1810,-1,1762,1804,1808,-1,1760,1806,1802,-1,1760,1802,1737,-1,1802,1800,1725,-1,1802,1725,1737,-1,1762,1723,1801,-1,1801,1804,1762,-1,1799,1801,1722,-1,1722,1801,1723,-1,1811,1767,1770,-1,1811,1812,1767,-1,1813,1812,1811,-1,1811,1814,1813,-1,1599,1598,1813,-1,1624,1815,1816,-1,1815,1817,1818,-1,1815,1624,1814,-1,1819,1820,1815,-1,1815,1820,1816,-1,1821,1822,1815,-1,1815,1822,1819,-1,1815,1818,1821,-1,1823,1817,1824,-1,1815,1824,1817,-1,1825,1826,1824,-1,1824,1826,1823,-1,1827,1828,1824,-1,1824,1828,1825,-1,1824,1600,1827,-1,1824,1813,1600,-1,1610,1614,1813,-1,1813,1598,1600,-1,1603,1608,1813,-1,1813,1608,1599,-1,1813,1614,1604,-1,1813,1604,1603,-1,1611,1610,1814,-1,1813,1814,1610,-1,1617,1618,1814,-1,1814,1618,1611,-1,1622,1620,1814,-1,1814,1620,1617,-1,1624,1622,1814,-1,1829,1824,1815,-1,1815,1830,1829,-1,1764,1829,1830,-1,1764,1766,1829,-1,1764,1830,1815,-1,1770,1814,1811,-1,1764,1815,1728,-1,1815,1814,1731,-1,1815,1731,1728,-1,1770,1731,1814,-1,1736,1824,1766,-1,1812,1813,1767,-1,1829,1766,1824,-1,1824,1736,1716,-1,1716,1813,1824,-1,1767,1813,1716,-1,1769,1761,1759,-1,1769,1768,1761,-1,1769,1759,1740,-1,1769,1740,1738,-1,1768,1718,1717,-1,1717,1761,1768,-1,1831,1765,1763,-1,1831,1832,1765,-1,1719,1832,1833,-1,1834,1835,1831,-1,1836,1729,1719,-1,1835,1833,1832,-1,1831,1835,1832,-1,1831,1836,1834,-1,1719,1833,1836,-1,1831,1729,1836,-1,1831,1727,1729,-1,1727,1831,1763,-1,1832,1719,1739,-1,1739,1765,1832,-1,1655,1671,1777,-1,1670,1776,1671,-1,1777,1671,1776,-1,1782,1670,1669,-1,1670,1782,1776,-1,1669,1668,1780,-1,1780,1782,1669,-1,1667,1781,1668,-1,1780,1668,1781,-1,1778,1667,1666,-1,1667,1778,1781,-1,1666,1651,1779,-1,1779,1778,1666,-1,1652,1775,1651,-1,1779,1651,1775,-1,1683,1652,1654,-1,1652,1683,1775,-1,1777,1783,1655,-1,1783,1785,1672,-1,1672,1655,1783,-1,1784,1673,1785,-1,1672,1785,1673,-1,1674,1784,1787,-1,1784,1674,1673,-1,1787,1786,1675,-1,1675,1674,1787,-1,1789,1676,1786,-1,1675,1786,1676,-1,1677,1789,1788,-1,1789,1677,1676,-1,1788,1790,1678,-1,1678,1677,1788,-1,1678,1790,1665,-1,1790,1712,1665,-1,1837,1838,1535,-1,1543,1839,1837,-1,1544,1535,1838,-1,1839,1542,1840,-1,1837,1535,1543,-1,1841,1840,1541,-1,1542,1541,1840,-1,1540,1842,1841,-1,1841,1541,1540,-1,1842,1537,1843,-1,1537,1842,1540,-1,1844,1843,1496,-1,1537,1496,1843,-1,1709,1844,1711,-1,1843,1844,1709,-1,1495,1664,1844,-1,1665,1711,1664,-1,1692,1845,1838,-1,1838,1845,1544,-1,1846,1545,1845,-1,1544,1845,1545,-1,1846,1847,1546,-1,1546,1545,1846,-1,1547,1847,1848,-1,1847,1547,1546,-1,1849,1515,1848,-1,1547,1848,1515,-1,1849,1850,1533,-1,1533,1515,1849,-1,1526,1850,1851,-1,1850,1526,1533,-1,1852,1548,1851,-1,1526,1851,1548,-1,1653,1852,1654,-1,1532,1530,1653,-1,1530,1852,1653,-1,1495,1844,1496,-1,1664,1711,1844,-1,1709,1708,1843,-1,1843,1708,1842,-1,1708,1702,1842,-1,1842,1702,1841,-1,1702,1706,1841,-1,1841,1706,1840,-1,1706,1696,1840,-1,1542,1839,1543,-1,1840,1696,1839,-1,1698,1839,1696,-1,1839,1698,1837,-1,1699,1837,1698,-1,1837,1699,1838,-1,1692,1838,1699,-1,1692,1691,1845,-1,1845,1691,1846,-1,1691,1695,1846,-1,1846,1695,1847,-1,1695,1685,1847,-1,1847,1685,1848,-1,1685,1684,1848,-1,1848,1684,1849,-1,1684,1689,1849,-1,1849,1689,1850,-1,1689,1681,1850,-1,1850,1681,1851,-1,1681,1680,1851,-1,1680,1654,1852,-1,1851,1680,1852,-1,1548,1852,1530,-1,1853,1854,1567,-1,1855,1559,1854,-1,1567,1854,1559,-1,1561,1855,1856,-1,1855,1561,1559,-1,1856,1857,1562,-1,1562,1561,1856,-1,1858,1552,1857,-1,1562,1857,1552,-1,1556,1858,1859,-1,1858,1556,1552,-1,1859,1860,1555,-1,1555,1556,1859,-1,1861,1587,1860,-1,1555,1860,1587,-1,1527,1861,1627,-1,1861,1527,1587,-1,1567,1584,1853,-1,1584,1564,1862,-1,1862,1853,1584,-1,1571,1863,1564,-1,1862,1564,1863,-1,1864,1571,1573,-1,1571,1864,1863,-1,1573,1576,1865,-1,1865,1864,1573,-1,1575,1866,1576,-1,1865,1576,1866,-1,1867,1575,1578,-1,1575,1867,1866,-1,1578,1580,1868,-1,1868,1867,1578,-1,1868,1580,1642,-1,1580,1538,1642,-1,1631,1613,1632,-1,1869,1870,1866,-1,1633,1606,1605,-1,1613,1612,1636,-1,1607,1606,1629,-1,1612,1609,1635,-1,1634,1609,1619,-1,1638,1634,1619,-1,1630,1597,1607,-1,1616,1637,1638,-1,1601,1597,1626,-1,1861,1860,1871,-1,1616,1615,1639,-1,1872,1873,1859,-1,1623,1874,1868,-1,1875,1876,1856,-1,1866,1870,1865,-1,1862,1877,1853,-1,1878,1877,1862,-1,1879,1875,1855,-1,1854,1877,1879,-1,1870,1880,1864,-1,1878,1863,1880,-1,1872,1858,1857,-1,1857,1856,1876,-1,1874,1869,1867,-1,1871,1860,1873,-1,1873,1860,1859,-1,1642,1641,1623,-1,1861,1602,1627,-1,1621,1641,1640,-1,1602,1625,1627,-1,1861,1871,1602,-1,1605,1613,1631,-1,1872,1859,1858,-1,1872,1857,1876,-1,1875,1856,1855,-1,1879,1855,1854,-1,1877,1854,1853,-1,1878,1862,1863,-1,1880,1863,1864,-1,1870,1864,1865,-1,1869,1866,1867,-1,1874,1867,1868,-1,1623,1868,1642,-1,1623,1641,1621,-1,1615,1640,1639,-1,1615,1621,1640,-1,1616,1639,1637,-1,1616,1638,1619,-1,1609,1634,1635,-1,1612,1635,1636,-1,1613,1636,1632,-1,1606,1633,1629,-1,1605,1631,1633,-1,1607,1629,1628,-1,1630,1626,1597,-1,1628,1630,1607,-1,1626,1625,1601,-1,1602,1601,1625,-1,1879,1818,1817,-1,1817,1823,1875,-1,1875,1879,1817,-1,1826,1876,1823,-1,1875,1823,1876,-1,1872,1826,1825,-1,1826,1872,1876,-1,1825,1828,1873,-1,1873,1872,1825,-1,1827,1871,1828,-1,1873,1828,1871,-1,1602,1827,1600,-1,1827,1602,1871,-1,1879,1877,1818,-1,1821,1877,1878,-1,1877,1821,1818,-1,1878,1880,1822,-1,1822,1821,1878,-1,1870,1819,1880,-1,1822,1880,1819,-1,1820,1870,1869,-1,1870,1820,1819,-1,1869,1874,1816,-1,1816,1820,1869,-1,1816,1874,1624,-1,1874,1623,1624,-1,1808,1803,1793,-1,1808,1793,1791,-1,1795,1796,1807,-1,1805,1807,1796,-1,1791,1810,1808,-1,1810,1791,1809,-1,1791,1795,1809,-1,1795,1807,1809,-1,1805,1796,1797,-1,1797,1798,1805,-1,1805,1798,1803,-1,1803,1798,1793,-1,1881,1882,1835,-1,1835,1834,1881,-1,1882,1883,1833,-1,1833,1835,1882,-1,1883,1884,1836,-1,1836,1833,1883,-1,1884,1881,1834,-1,1834,1836,1884,-1,1882,1771,1774,-1,1882,1881,1771,-1,1884,1773,1772,-1,1884,1883,1773,-1,1773,1883,1882,-1,1882,1774,1773,-1,1772,1771,1881,-1,1881,1884,1772,-1,1885,1886,1720,-1,1885,1720,1734,-1,1743,1733,1720,-1,1743,1720,1886,-1,1885,1734,1735,-1,1885,1735,1742,-1,1885,1742,1743,-1,1885,1743,1886,-1,1887,1888,1732,-1,1887,1732,1741,-1,1755,1730,1732,-1,1755,1732,1888,-1,1887,1741,1724,-1,1887,1724,1756,-1,1887,1756,1755,-1,1887,1755,1888,-1,
        ]
    }
}
Shape{
    appearance Appearance {
        material  Material {
            diffuseColor 0.7529411764705882 0.7529411764705882 0.7529411764705882
            specularColor 0.7529411764705882 0.7529411764705882 0.7529411764705882
            ambientIntensity 1.0
            transparency 1.0
            shininess 0.5
        }
    }
    geometry IndexedFaceSet {
        ccw TRUE
        solid FALSE
        coord DEF co Coordinate {
            point [
                0.252 1.3132 -0.0, 1.7638 1.9685 -0.0, 1.2756 1.3132 -0.0, -0.2362 -2.0472 -0.0, -0.2362 1.9685 -0.0, 0.0157 -0.9702 -0.0, 1.2756 -1.2262 -0.0, 1.2756 -0.9702 -0.0, 1.5118 -0.9702 -0.0, 0.0157 1.0573 -0.0, 0.252 1.0573 -0.0, 1.5118 1.0573 -0.0, 1.2756 1.0573 -0.0, 0.0157 -1.2262 -0.0, 1.7638 -2.0472 -0.0, 0.252 -1.2262 -0.0, 0.252 -0.9702 -0.0, 1.5118 -1.2262 -0.0, 1.5118 -1.8012 -0.0, 0.0157 -1.8012 -0.0
            ]
        }
        coordIndex [
            0,1,2,-1,3,4,5,-1,6,7,8,-1,9,5,4,-1,9,0,10,-1,9,4,0,-1,1,0,4,-1,2,11,12,-1,13,3,5,-1,1,8,11,-1,2,1,11,-1,8,1,14,-1,15,13,16,-1,14,17,8,-1,8,17,6,-1,3,18,14,-1,17,14,18,-1,18,3,19,-1,3,13,19,-1,13,5,16,-1,
        ]
    }
}
Shape{
    appearance Appearance {
        material  Material {
            diffuseColor 0.0 0.0 0.0
            specularColor 0.7529411764705882 0.7529411764705882 0.7529411764705882
            ambientIntensity 1.0
            transparency 1.0
            shininess 0.5
        }
    }
    geometry IndexedFaceSet {
        ccw TRUE
        solid FALSE
        coord DEF co Coordinate {
            point [
                3.7638 -0.071 0.7532, 3.7638 -0.071 0.8596, 3.7638 -0.0865 0.8596, 3.7638 -0.0232 0.7395, 3.7638 -0.0865 0.7395, 3.7638 -0.0232 0.7532, 3.7638 0.0384 0.7375, 3.7638 0.0407 0.7513, 3.7642 0.0234 0.7544, 3.7638 0.0717 0.7445, 3.7638 0.0717 0.7593, 3.7642 0.0573 0.7533, 3.7642 0.0567 0.7392, 3.7638 -0.0028 0.7539, 3.7642 0.0152 0.7416, 3.7638 0.0098 0.7639, 3.7642 0.001 0.7789, 3.7638 -0.002 0.7982, 3.7642 -0.0139 0.8234, 3.7638 -0.0183 0.7973, 3.7642 -0.0144 0.7729, 3.7638 -0.0009 0.8439, 3.7642 0.0012 0.8185, 3.7638 0.0106 0.8343, 3.7642 0.0188 0.8572, 3.7642 0.0582 0.8459, 3.7638 0.0717 0.8567, 3.7642 0.0589 0.8604, 3.7642 0.0251 0.8443, 3.7638 0.0432 0.8616, 3.7638 0.0434 0.8476, 3.7638 0.0717 0.8405, 3.7638 0.1112 0.8458, 3.7638 0.1576 0.8458, 3.7638 0.1576 0.8596, 3.7638 0.0957 0.8596, 3.7638 0.1112 0.8073, 3.7638 0.1112 0.7936, 3.7638 0.1542 0.7936, 3.7638 0.1542 0.8073, 3.7638 0.0957 0.7395, 3.7638 0.1603 0.7395, 3.7638 0.1112 0.7532, 3.7638 0.1603 0.7532, 3.7638 0.2612 0.8204, 3.7642 0.2645 0.8006, 3.7642 0.2762 0.8251, 3.7642 0.2513 0.8345, 3.7642 0.2627 0.8437, 3.7638 0.2385 0.8568, 3.7638 0.2169 0.8458, 3.7638 0.2352 0.8432, 3.7638 0.2808 0.8011, 3.7642 0.2762 0.7759, 3.7638 0.2107 0.8596, 3.7642 0.1985 0.8458, 3.7638 0.183 0.8596, 3.7642 0.183 0.7395, 3.7642 0.1985 0.7532, 3.7638 0.2108 0.7395, 3.7638 0.2173 0.7532, 3.7638 0.2613 0.7807, 3.7638 0.2627 0.7563, 3.7638 0.2387 0.7426, 3.7638 0.2357 0.7561, 3.7642 0.2516 0.7657, 3.7642 0.3613 0.7859, 3.7638 0.3955 0.7395, 3.7638 0.3498 0.8596, 3.7638 0.2874 0.7395, 3.7638 0.328 0.8053, 3.7638 0.3332 0.8596, 3.7642 0.341 0.8442, 3.7638 0.335 0.8246, 3.7638 0.3661 0.7723, 3.7638 0.3784 0.7395, 3.7638 0.3161 0.7723, 3.7638 0.3046 0.7395, 3.7642 0.3432 0.8358, 3.7642 0.321 0.7859, 3.7638 -0.071 0.6552, 3.7638 -0.0246 0.6552, 3.7638 -0.0246 0.6691, 3.7638 -0.0865 0.6691, 3.7638 -0.071 0.6168, 3.7638 -0.071 0.6031, 3.7638 -0.028 0.6031, 3.7638 -0.028 0.6168, 3.7638 -0.0865 0.549, 3.7638 -0.0219 0.549, 3.7638 -0.071 0.5626, 3.7638 -0.0219 0.5626, 3.7638 0.0009 0.6287, 3.7638 0.0009 0.6141, 3.7642 0.0143 0.6219, 3.7638 0.0464 0.6035, 3.7642 0.0537 0.6286, 3.7642 0.042 0.6192, 3.7642 0.0146 0.6347, 3.7638 0.029 0.6245, 3.7638 0.0088 0.5676, 3.7642 -0.0057 0.5616, 3.7638 -0.0001 0.5537, 3.7638 0.0304 0.6367, 3.7642 0.0464 0.592, 3.7638 0.0464 0.5829, 3.7638 0.0614 0.6042, 3.7642 0.0121 0.5631, 3.7642 0.0085 0.5486, 3.7638 0.0171 0.5602, 3.7638 0.021 0.5999, 3.7642 -0.0004 0.5909, 3.7642 0.0117 0.584, 3.7638 0.0447 0.574, 3.7642 0.0399 0.5663, 3.7638 0.0464 0.5622, 3.7638 0.0326 0.561, 3.7642 0.035 0.5508, 3.7638 0.0614 0.549, 3.7638 0.0345 0.5904, 3.7638 0.0223 0.5886, 3.7638 0.0464 0.549, 3.7642 0.0077 0.5731, 3.7638 -0.0075 0.5719, 3.7638 0.0197 0.5469, 3.7642 0.0236 0.5593, 3.7638 0.0088 0.5794, 3.7638 0.0915 0.6299, 3.7642 0.0985 0.6176, 3.7638 0.102 0.6213, 3.7642 0.1385 0.5801, 3.7638 0.1243 0.5708, 3.7638 0.1397 0.5723, 3.7642 0.1199 0.5621, 3.7638 0.1301 0.5537, 3.7642 0.0843 0.6219, 3.7638 0.0819 0.6116, 3.7638 0.0974 0.6129, 3.7642 0.1347 0.5865, 3.7642 0.1254 0.6229, 3.7638 0.1153 0.6367, 3.7638 0.1138 0.6245, 3.7638 0.1356 0.6183, 3.7638 0.1356 0.6329, 3.7638 0.0818 0.552, 3.7642 0.0926 0.5482, 3.7642 0.0937 0.5613, 3.7638 0.1051 0.5469, 3.7638 0.0818 0.5675, 3.7642 0.1023 0.635, 3.7642 0.1072 0.6237, 3.7642 0.1259 0.6358, 3.7638 0.1204 0.579, 3.7638 0.1121 0.599, 3.7638 0.1087 0.585, 3.7642 0.1233 0.5753, 3.7638 0.1244 0.5937, 3.7638 0.1007 0.605, 3.7642 0.0982 0.6084, 3.7642 0.0862 0.598, 3.7638 0.0963 0.5905, 3.7642 0.083 0.6042, 3.7642 0.1373 0.5618, 3.7638 0.1065 0.5592, 3.7642 0.119 0.5486, 3.7638 0.2014 0.5991, 3.7642 0.1886 0.5632, 3.7638 0.191 0.536, 3.7638 0.1812 0.5491, 3.7638 0.1727 0.6109, 3.7638 0.1476 0.6347, 3.7638 0.1746 0.5335, 3.7638 0.2299 0.6347, 3.7642 0.2143 0.6347, 3.7642 0.1779 0.5154, 3.7638 0.1644 0.6347, 3.7638 0.1809 0.5872, 3.7638 0.1604 0.5086, 3.7642 0.1682 0.5245, 3.7638 0.1592 0.5214, 3.7642 0.1551 0.5089, 3.7642 0.155 0.5219, 3.7638 0.1507 0.5098, 3.7638 0.1507 0.5232, 3.7638 0.2616 0.6552, 3.7638 0.308 0.6552, 3.7638 0.308 0.6691, 3.7638 0.2461 0.6691, 3.7638 0.2616 0.6168, 3.7638 0.2616 0.6031, 3.7638 0.3046 0.6031, 3.7638 0.3046 0.6168, 3.7638 0.2461 0.549, 3.7638 0.3107 0.549, 3.7638 0.2616 0.5626, 3.7638 0.3107 0.5626, 3.7638 0.4116 0.6298, 3.7642 0.4149 0.6101, 3.7642 0.4267 0.6345, 3.7642 0.4017 0.6439, 3.7638 0.4131 0.6532, 3.7642 0.3889 0.6663, 3.7638 0.3673 0.6552, 3.7638 0.3856 0.6527, 3.7638 0.4312 0.6105, 3.7642 0.4267 0.5854, 3.7642 0.3611 0.6691, 3.7642 0.3489 0.6552, 3.7638 0.3334 0.6691, 3.7642 0.3334 0.549, 3.7642 0.3489 0.5626, 3.7638 0.3613 0.549, 3.7638 0.3677 0.5627, 3.7638 0.4117 0.5901, 3.7638 0.4131 0.5658, 3.7638 0.3891 0.5521, 3.7638 0.3861 0.5656, 3.7642 0.4021 0.5752, 3.7642 0.5117 0.5954, 3.7638 0.5459 0.549, 3.7638 0.5002 0.6691, 3.7638 0.4378 0.549, 3.7638 0.4784 0.6147, 3.7638 0.4836 0.6691, 3.7642 0.4914 0.6537, 3.7638 0.4854 0.6341, 3.7638 0.5165 0.5818, 3.7638 0.5288 0.549, 3.7638 0.4665 0.5818, 3.7638 0.455 0.549, 3.7642 0.4936 0.6453, 3.7642 0.4714 0.5954, 3.7638 -0.3428 0.6015, 3.7642 -0.3615 0.5937, 3.7638 -0.3377 0.6006, 3.7638 -0.2694 0.78, 3.7638 -0.3044 0.7338, 3.7642 -0.2708 0.7247, 3.7642 -0.3621 0.557, 3.7638 -0.3446 0.5485, 3.7638 -0.3693 0.575, 3.7638 -0.2942 0.5485, 3.7638 -0.4803 0.6348, 3.7638 -0.3394 0.6493, 3.7638 -0.3659 0.6946, 3.7638 -0.2993 0.6006, 3.7638 -0.5219 0.6004, 3.7642 -0.5452 0.61, 3.7642 -0.246 0.635, 3.7642 -0.2678 0.6113, 3.7638 -0.2165 0.587, 3.7642 -0.193 0.6246, 3.7638 -0.2378 0.6672, 3.7642 -0.2518 0.5604, 3.7638 -0.1849 0.6681, 3.7638 -0.3155 0.8474, 3.7642 -0.3871 0.8323, 3.7642 -0.3505 0.8096, 3.7642 -0.2469 0.7008, 3.7642 -0.3242 0.7757, 3.7638 -0.3112 0.7338, 3.7638 -0.4317 0.8918, 3.7642 -0.4858 0.8832, 3.7638 -0.4308 0.8406, 3.7642 -0.3697 0.8802, 3.7642 -0.2883 0.8162, 3.7642 -0.4808 0.83, 3.7642 -0.5815 0.8221, 3.7638 -0.5913 0.8226, 3.7638 -0.5905 0.7714, 3.7638 -0.5717 0.8209, 3.7642 -0.5666 0.7679, 3.7642 -0.5203 0.8011, 3.7638 -0.5452 0.7586, 3.7642 -0.6335 0.7597, 3.7642 -0.6443 0.8121, 3.7638 -0.6895 0.7817, 3.7638 -0.6759 0.686, 3.7642 -0.6642 0.729, 3.7642 -0.7192 0.7371, 3.7638 -0.6938 0.5912, 3.7642 -0.6512 0.6261, 3.7642 -0.7204 0.6346, 3.7638 -0.7297 0.6843, 3.7642 -0.6692 0.6531, 3.7642 -0.6067 0.6365, 3.7638 -0.6246 0.6075, 3.7638 -0.5686 0.6004, 3.7642 -0.5788 0.6564, 3.7642 -0.6079 0.52, 3.7642 -0.5796 0.4996, 3.7642 -0.5452 0.5434, 3.7638 -0.5686 0.553, 3.7638 -0.6255 0.5502, 3.7642 -0.5085 0.656, 3.7638 -0.459 0.5861, 3.7638 -0.5119 0.5767, 3.7638 -0.459 0.5776, 3.7638 -0.5785 0.5767, 3.7638 -0.5444 0.4922, 3.7642 -0.6625 0.5656, 3.7642 -0.5014 0.5039, 3.7638 -0.5341 0.8585, 3.7642 -0.5542 0.8413, 3.7642 -0.1963 0.7164, 3.7642 -0.226 0.7555, 3.7642 -0.4707 0.5346, 3.7638 -0.5215 0.5533, 3.7638 -0.5444 0.6638
            ]
        }
        coordIndex [
            0,1,2,-1,3,0,4,-1,2,4,0,-1,0,3,5,-1,6,7,8,-1,9,10,11,-1,12,9,11,-1,11,7,12,-1,13,14,15,-1,12,7,6,-1,13,15,16,-1,17,18,19,-1,17,20,16,-1,21,18,22,-1,21,23,24,-1,21,22,23,-1,25,26,27,-1,28,29,24,-1,25,27,30,-1,31,26,25,-1,27,29,30,-1,28,24,23,-1,30,29,28,-1,17,22,18,-1,20,13,16,-1,19,20,17,-1,6,8,14,-1,8,15,14,-1,32,33,34,-1,34,35,32,-1,35,36,32,-1,37,38,36,-1,36,35,37,-1,36,38,39,-1,35,40,37,-1,41,42,40,-1,40,42,37,-1,41,43,42,-1,44,45,46,-1,47,48,49,-1,49,50,51,-1,47,49,51,-1,52,45,53,-1,54,55,50,-1,50,49,54,-1,54,56,55,-1,56,57,55,-1,58,59,60,-1,61,62,53,-1,60,63,64,-1,47,44,48,-1,48,44,46,-1,46,45,52,-1,53,45,61,-1,62,61,65,-1,63,65,64,-1,62,65,63,-1,63,60,59,-1,55,57,58,-1,59,58,57,-1,66,67,68,-1,69,70,71,-1,72,71,73,-1,67,74,75,-1,76,69,77,-1,67,66,74,-1,71,72,68,-1,68,72,78,-1,73,71,70,-1,76,79,69,-1,79,70,69,-1,74,79,76,-1,74,66,79,-1,78,66,68,-1,80,81,82,-1,82,83,80,-1,83,84,80,-1,85,86,84,-1,84,83,85,-1,84,86,87,-1,83,88,85,-1,89,90,88,-1,88,90,85,-1,89,91,90,-1,92,93,94,-1,95,96,97,-1,92,94,98,-1,94,99,98,-1,100,101,102,-1,103,99,97,-1,98,99,103,-1,104,105,106,-1,97,96,103,-1,107,102,108,-1,109,107,108,-1,110,111,112,-1,113,114,115,-1,114,116,117,-1,118,106,105,-1,119,110,120,-1,115,121,118,-1,95,106,96,-1,101,122,123,-1,109,124,125,-1,110,119,95,-1,110,112,120,-1,95,119,104,-1,106,95,104,-1,115,118,113,-1,113,118,105,-1,116,125,117,-1,115,114,117,-1,124,109,108,-1,117,125,124,-1,100,122,101,-1,107,100,102,-1,122,126,123,-1,112,111,126,-1,123,126,111,-1,127,128,129,-1,130,131,132,-1,131,133,134,-1,135,136,137,-1,130,138,131,-1,139,140,141,-1,142,143,139,-1,144,145,146,-1,137,127,135,-1,137,128,127,-1,146,145,147,-1,148,144,146,-1,149,129,150,-1,140,139,151,-1,139,143,151,-1,152,153,154,-1,155,156,152,-1,138,156,155,-1,153,152,156,-1,141,140,150,-1,154,153,157,-1,158,159,160,-1,149,127,129,-1,140,149,150,-1,137,136,161,-1,159,158,137,-1,161,159,137,-1,160,157,158,-1,160,154,157,-1,138,155,131,-1,162,132,131,-1,134,162,131,-1,163,164,133,-1,134,133,164,-1,163,147,164,-1,147,163,146,-1,165,166,167,-1,168,169,170,-1,167,168,171,-1,172,173,165,-1,174,167,171,-1,170,169,175,-1,168,176,169,-1,176,168,166,-1,177,174,178,-1,166,168,167,-1,177,179,180,-1,180,179,181,-1,182,181,183,-1,177,178,179,-1,181,182,180,-1,178,174,171,-1,167,172,165,-1,184,185,186,-1,186,187,184,-1,187,188,184,-1,189,190,188,-1,188,187,189,-1,188,190,191,-1,187,192,189,-1,193,194,192,-1,192,194,189,-1,193,195,194,-1,196,197,198,-1,199,200,201,-1,201,202,203,-1,199,201,203,-1,204,197,205,-1,206,207,202,-1,202,201,206,-1,206,208,207,-1,208,209,207,-1,210,211,212,-1,213,214,205,-1,212,215,216,-1,199,196,200,-1,200,196,198,-1,198,197,204,-1,205,197,213,-1,214,213,217,-1,215,217,216,-1,214,217,215,-1,215,212,211,-1,207,209,210,-1,211,210,209,-1,218,219,220,-1,221,222,223,-1,224,223,225,-1,219,226,227,-1,228,221,229,-1,219,218,226,-1,223,224,220,-1,220,224,230,-1,225,223,222,-1,228,231,221,-1,231,222,221,-1,226,231,228,-1,226,218,231,-1,230,218,220,-1,232,233,234,-1,235,236,237,-1,238,239,240,-1,240,234,233,-1,240,239,234,-1,241,234,239,-1,242,243,244,-1,241,245,234,-1,246,242,247,-1,248,249,250,-1,248,251,252,-1,241,253,245,-1,253,250,249,-1,245,253,249,-1,250,251,248,-1,254,252,251,-1,255,256,257,-1,254,258,252,-1,236,235,259,-1,236,259,260,-1,261,262,263,-1,264,256,255,-1,265,255,257,-1,263,256,264,-1,266,263,262,-1,267,268,269,-1,270,269,271,-1,272,271,273,-1,274,269,275,-1,276,274,275,-1,277,278,279,-1,276,278,274,-1,280,281,282,-1,283,284,277,-1,285,286,287,-1,288,285,247,-1,289,290,291,-1,289,292,293,-1,294,247,242,-1,246,295,242,-1,295,246,296,-1,296,297,295,-1,242,295,243,-1,293,298,286,-1,299,291,290,-1,293,286,300,-1,291,299,301,-1,281,284,282,-1,280,286,281,-1,280,300,286,-1,282,284,283,-1,279,278,276,-1,283,277,279,-1,269,270,267,-1,275,269,268,-1,266,302,303,-1,272,266,303,-1,272,270,271,-1,272,303,270,-1,263,264,261,-1,302,266,262,-1,257,259,265,-1,235,265,259,-1,304,237,258,-1,305,237,304,-1,235,237,305,-1,258,254,304,-1,301,306,307,-1,307,291,301,-1,306,297,296,-1,307,306,296,-1,288,247,308,-1,294,308,247,-1,285,287,247,-1,286,298,287,-1,289,291,292,-1,293,292,298,-1,
        ]
    }
}