#VRML V2.0 utf8
# 3D model generated by kicad-lcsc-manager
# Based on easyeda2kicad.py v1.0.1

Shape{
    appearance Appearance {
        material  Material {
            diffuseColor 1.0 1.0 1.0
            specularColor 0.8784313725490196 0.8784313725490196 0.8784313725490196
            ambientIntensity 1.0
            transparency 0.0
            shininess 0.5
        }
    }
    geometry IndexedFaceSet {
        ccw TRUE
        solid FALSE
        coord DEF co Coordinate {
            point [
                -2.1969 0.1575 -1.3386, -2.1969 -0.1575 -1.3386, -2.1969 0.1575 3.7008, -2.1969 -0.1575 3.7008, -2.1575 -0.1969 -1.3386, -1.8425 -0.1969 -1.3386, -2.1575 -0.1969 3.7008, -1.8425 -0.1969 3.7008, -1.8031 0.1575 3.7008, -1.8031 -0.1575 3.7008, -1.8031 0.1575 -1.3386, -1.8031 -0.1575 -1.3386, -2.1575 0.1969 3.7008, -1.8425 0.1969 3.7008, -2.1575 0.1969 -1.3386, -1.8425 0.1969 -1.3386, -1.9103 -0.0897 3.937, -1.9103 0.0897 3.937, -2.0897 -0.0897 3.937, -2.0897 0.0897 3.937, -1.9103 -0.0897 -1.5748, -2.0897 -0.0897 -1.5748, -1.9103 0.0897 -1.5748, -2.0897 0.0897 -1.5748, -2.1595 -0.1968 -1.3387, -2.0897 -0.1271 -1.5479, -1.9103 -0.1271 -1.5479, -1.8405 -0.1968 -1.3387, -1.8405 0.1968 -1.3387, -1.9103 0.1271 -1.5479, -2.0897 0.1271 -1.5479, -2.1595 0.1968 -1.3387, -2.1595 0.1968 3.7009, -2.0897 0.1271 3.9101, -1.9103 0.1271 3.9101, -1.8405 0.1968 3.7009, -1.8405 -0.1968 3.7009, -1.9103 -0.1271 3.9101, -2.0897 -0.1271 3.9101, -2.1595 -0.1968 3.7009, -1.8032 -0.1595 -1.3387, -1.8729 -0.0897 -1.5479, -1.8729 0.0897 -1.5479, -1.8032 0.1595 -1.3387, -2.1968 -0.1595 3.7009, -2.1271 -0.0897 3.9101, -2.1271 0.0897 3.9101, -2.1968 0.1595 3.7009, -1.8032 0.1595 3.7009, -1.8729 0.0897 3.9101, -1.8729 -0.0897 3.9101, -1.8032 -0.1595 3.7009, -2.1968 0.1595 -1.3387, -2.1271 0.0897 -1.5479, -2.1271 -0.0897 -1.5479, -2.1968 -0.1595 -1.3387, -2.0897 0.123 -1.5565, -1.9103 0.123 -1.5565, -2.0897 0.1228 -1.5567, -1.9103 0.1228 -1.5567, -2.0897 0.1167 -1.5641, -1.9103 0.1167 -1.5641, -2.0897 0.1165 -1.5642, -1.9103 0.1165 -1.5642, -2.0897 0.1087 -1.5699, -1.9103 0.1087 -1.5699, -2.0897 0.1086 -1.57, -1.9103 0.1086 -1.57, -2.0897 0.0995 -1.5736, -1.9103 0.0995 -1.5736, -2.0897 0.0995 -1.5736, -1.9103 0.0995 -1.5736, -1.9005 0.0897 -1.5736, -1.9008 0.0923 -1.5736, -1.9054 0.1081 -1.5699, -1.9033 0.1158 -1.5641, -1.9017 0.1218 -1.5565, -1.8936 0.1185 -1.5565, -1.8749 0.0988 -1.5502, -1.877 0.0897 -1.5565, -1.8791 0.1074 -1.5517, -1.8751 0.0992 -1.5503, -1.8782 0.0983 -1.5565, -1.9012 0.1251 -1.5502, -1.9009 0.1249 -1.5503, -1.8926 0.1209 -1.5517, -1.8924 0.1207 -1.5517, -1.8851 0.1149 -1.5522, -1.8772 0.0897 -1.5567, -1.8842 0.0967 -1.5641, -1.8968 0.1131 -1.5641, -1.8868 0.1132 -1.5565, -1.8833 0.0897 -1.5641, -1.8835 0.0897 -1.5642, -1.8919 0.0946 -1.5699, -1.8912 0.1088 -1.5641, -1.9008 0.1062 -1.5699, -1.9077 0.0992 -1.5736, -1.8793 0.1076 -1.5517, -1.8815 0.1064 -1.5565, -1.8869 0.1032 -1.5641, -1.8938 0.0992 -1.5699, -1.9018 0.0946 -1.5736, -1.8969 0.1031 -1.5699, -1.9054 0.0982 -1.5736, -1.9033 0.0967 -1.5736, -1.8913 0.0897 -1.5699, -1.8914 0.0897 -1.57, -1.9005 0.0897 -1.5736, -2.0923 0.0992 -1.5736, -2.1086 0.0897 -1.57, -2.1087 0.0897 -1.5699, -2.1081 0.0946 -1.5699, -2.1158 0.0967 -1.5641, -2.1218 0.0983 -1.5565, -2.1185 0.1064 -1.5565, -2.0988 0.1251 -1.5502, -2.1074 0.1209 -1.5517, -2.0991 0.1249 -1.5503, -2.0983 0.1218 -1.5565, -2.1251 0.0988 -1.5502, -2.1249 0.0992 -1.5503, -2.1209 0.1074 -1.5517, -2.1207 0.1076 -1.5517, -2.1149 0.1149 -1.5522, -2.123 0.0897 -1.5565, -2.1228 0.0897 -1.5567, -2.1167 0.0897 -1.5641, -2.1165 0.0897 -1.5642, -2.0967 0.1158 -1.5641, -2.1131 0.1032 -1.5641, -2.1132 0.1132 -1.5565, -2.0946 0.1081 -1.5699, -2.1088 0.1088 -1.5641, -2.1062 0.0992 -1.5699, -2.0992 0.0923 -1.5736, -2.1076 0.1207 -1.5517, -2.1064 0.1185 -1.5565, -2.1032 0.1131 -1.5641, -2.0992 0.1062 -1.5699, -2.0946 0.0982 -1.5736, -2.0995 0.0897 -1.5736, -2.0995 0.0897 -1.5736, -2.1031 0.1031 -1.5699, -2.0982 0.0946 -1.5736, -2.0967 0.0967 -1.5736, -1.8046 0.1676 -1.3398, -1.8088 0.1777 -1.3407, -1.8085 0.1771 -1.3407, -1.8049 0.1689 -1.34, -1.8147 0.1853 -1.341, -1.8223 0.1912 -1.3407, -1.8229 0.1915 -1.3407, -1.8311 0.1951 -1.34, -1.8324 0.1954 -1.3398, -1.877 -0.0897 -1.5565, -1.8772 -0.0897 -1.5567, -1.8833 -0.0897 -1.5641, -1.8835 -0.0897 -1.5642, -1.8913 -0.0897 -1.5699, -1.8914 -0.0897 -1.57, -1.9005 -0.0897 -1.5736, -1.9005 -0.0897 -1.5736, -1.9103 -0.123 -1.5565, -2.0897 -0.123 -1.5565, -1.9103 -0.1228 -1.5567, -2.0897 -0.1228 -1.5567, -1.9103 -0.1167 -1.5641, -2.0897 -0.1167 -1.5641, -1.9103 -0.1165 -1.5642, -2.0897 -0.1165 -1.5642, -1.9103 -0.1087 -1.5699, -2.0897 -0.1087 -1.5699, -1.9103 -0.1086 -1.57, -2.0897 -0.1086 -1.57, -1.9103 -0.0995 -1.5736, -2.0897 -0.0995 -1.5736, -1.9103 -0.0995 -1.5736, -2.0897 -0.0995 -1.5736, -2.0995 -0.0897 -1.5736, -2.123 -0.0897 -1.5565, -2.1228 -0.0897 -1.5567, -2.1167 -0.0897 -1.5641, -2.1165 -0.0897 -1.5642, -2.1087 -0.0897 -1.5699, -2.1086 -0.0897 -1.57, -2.0995 -0.0897 -1.5736, -2.1676 0.1954 -1.3398, -2.1777 0.1912 -1.3407, -2.1771 0.1915 -1.3407, -2.1689 0.1951 -1.34, -2.1853 0.1853 -1.341, -2.1912 0.1777 -1.3407, -2.1915 0.1771 -1.3407, -2.1951 0.1689 -1.34, -2.1954 0.1676 -1.3398, -1.8147 0.1853 3.7032, -1.8223 0.1912 3.7029, -1.8229 0.1915 3.7029, -1.8311 0.1951 3.7022, -1.8324 0.1954 3.702, -1.8046 0.1676 3.702, -1.8049 0.1689 3.7022, -1.8085 0.1771 3.7029, -1.8088 0.1777 3.7029, -1.9077 -0.0992 -1.5736, -1.8919 -0.0946 -1.5699, -1.8842 -0.0967 -1.5641, -1.8782 -0.0983 -1.5565, -1.8815 -0.1064 -1.5565, -1.9012 -0.1251 -1.5502, -1.8926 -0.1209 -1.5517, -1.9009 -0.1249 -1.5503, -1.9017 -0.1218 -1.5565, -1.8749 -0.0988 -1.5502, -1.8751 -0.0992 -1.5503, -1.8791 -0.1074 -1.5517, -1.8793 -0.1076 -1.5517, -1.8851 -0.1149 -1.5522, -1.9033 -0.1158 -1.5641, -1.8869 -0.1032 -1.5641, -1.8868 -0.1132 -1.5565, -1.9054 -0.1081 -1.5699, -1.8912 -0.1088 -1.5641, -1.8938 -0.0992 -1.5699, -1.9008 -0.0923 -1.5736, -1.8924 -0.1207 -1.5517, -1.8936 -0.1185 -1.5565, -1.8968 -0.1131 -1.5641, -1.9008 -0.1062 -1.5699, -1.9054 -0.0982 -1.5736, -1.8969 -0.1031 -1.5699, -1.9018 -0.0946 -1.5736, -1.9033 -0.0967 -1.5736, -2.0992 -0.0923 -1.5736, -2.0946 -0.1081 -1.5699, -2.0967 -0.1158 -1.5641, -2.0983 -0.1218 -1.5565, -2.1064 -0.1185 -1.5565, -2.1251 -0.0988 -1.5502, -2.1209 -0.1074 -1.5517, -2.1249 -0.0992 -1.5503, -2.1218 -0.0983 -1.5565, -2.0988 -0.1251 -1.5502, -2.0991 -0.1249 -1.5503, -2.1074 -0.1209 -1.5517, -2.1076 -0.1207 -1.5517, -2.1149 -0.1149 -1.5522, -2.1158 -0.0967 -1.5641, -2.1032 -0.1131 -1.5641, -2.1132 -0.1132 -1.5565, -2.1081 -0.0946 -1.5699, -2.1088 -0.1088 -1.5641, -2.0992 -0.1062 -1.5699, -2.0923 -0.0992 -1.5736, -2.1207 -0.1076 -1.5517, -2.1185 -0.1064 -1.5565, -2.1131 -0.1032 -1.5641, -2.1062 -0.0992 -1.5699, -2.0982 -0.0946 -1.5736, -2.1031 -0.1031 -1.5699, -2.0946 -0.0982 -1.5736, -2.0967 -0.0967 -1.5736, -2.1954 0.1676 3.702, -2.1951 0.1689 3.7022, -2.1915 0.1771 3.7029, -2.1912 0.1777 3.7029, -2.1853 0.1853 3.7032, -2.1777 0.1912 3.7029, -2.1771 0.1915 3.7029, -2.1676 0.1954 3.702, -2.1689 0.1951 3.7022, -1.9022 0.1253 3.9122, -1.9012 0.1251 3.9124, -1.8947 0.122 3.9136, -1.8926 0.1209 3.9139, -1.8882 0.1174 3.9142, -1.8747 0.0978 3.9122, -1.8749 0.0988 3.9124, -1.878 0.1053 3.9136, -1.8791 0.1074 3.9139, -1.8826 0.1118 3.9142, -1.8851 0.1149 3.9144, -1.8324 -0.1954 -1.3398, -1.8223 -0.1912 -1.3407, -1.8229 -0.1915 -1.3407, -1.8311 -0.1951 -1.34, -1.8147 -0.1853 -1.341, -1.8088 -0.1777 -1.3407, -1.8085 -0.1771 -1.3407, -1.8049 -0.1689 -1.34, -1.8046 -0.1676 -1.3398, -2.1954 -0.1676 -1.3398, -2.1912 -0.1777 -1.3407, -2.1915 -0.1771 -1.3407, -2.1951 -0.1689 -1.34, -2.1853 -0.1853 -1.341, -2.1777 -0.1912 -1.3407, -2.1771 -0.1915 -1.3407, -2.1689 -0.1951 -1.34, -2.1676 -0.1954 -1.3398, -2.1251 0.0988 3.9124, -2.1253 0.0978 3.9122, -2.122 0.1053 3.9136, -2.1209 0.1074 3.9139, -2.1174 0.1118 3.9142, -2.0978 0.1253 3.9122, -2.0988 0.1251 3.9124, -2.1053 0.122 3.9136, -2.1074 0.1209 3.9139, -2.1118 0.1174 3.9142, -2.1149 0.1149 3.9144, -1.9103 0.123 3.9187, -2.0897 0.123 3.9187, -1.9103 0.1228 3.9189, -2.0897 0.1228 3.9189, -1.9103 0.1167 3.9263, -2.0897 0.1167 3.9263, -1.9103 0.1165 3.9264, -2.0897 0.1165 3.9264, -1.9103 0.1087 3.9321, -2.0897 0.1087 3.9321, -1.9103 0.1086 3.9322, -2.0897 0.1086 3.9322, -1.9103 0.0995 3.9358, -2.0897 0.0995 3.9358, -1.9103 0.0995 3.9358, -2.0897 0.0995 3.9358, -1.9026 0.0958 3.9358, -1.9042 0.0974 3.9358, -1.9014 0.094 3.9358, -1.9007 0.0919 3.9358, -1.906 0.0986 3.9358, -1.9081 0.0993 3.9358, -1.9029 0.1221 3.9187, -1.8958 0.1197 3.9187, -1.8895 0.1157 3.9187, -1.8843 0.1105 3.9187, -1.8803 0.1042 3.9187, -1.8779 0.0971 3.9187, -1.877 0.0897 3.9187, -1.906 0.1082 3.9321, -1.9005 0.0897 3.9358, -1.9005 0.0897 3.9358, -1.8914 0.0897 3.9322, -1.8918 0.094 3.9321, -1.8932 0.098 3.9321, -1.8954 0.1016 3.9321, -1.8984 0.1046 3.9321, -1.902 0.1068 3.9321, -1.9043 0.116 3.9263, -1.8986 0.114 3.9263, -1.8935 0.1108 3.9263, -1.8892 0.1065 3.9263, -1.886 0.1014 3.9263, -1.884 0.0957 3.9263, -1.8913 0.0897 3.9321, -1.8835 0.0897 3.9264, -1.8833 0.0897 3.9263, -1.8772 0.0897 3.9189, -1.8046 -0.1676 3.702, -1.8049 -0.1689 3.7022, -1.8147 -0.1853 3.7032, -1.8088 -0.1777 3.7029, -1.8085 -0.1771 3.7029, -1.8324 -0.1954 3.702, -1.8311 -0.1951 3.7022, -1.8229 -0.1915 3.7029, -1.8223 -0.1912 3.7029, -2.1954 -0.1676 3.702, -2.1676 -0.1954 3.702, -2.1689 -0.1951 3.7022, -2.1771 -0.1915 3.7029, -2.1777 -0.1912 3.7029, -2.1853 -0.1853 3.7032, -2.1912 -0.1777 3.7029, -2.1915 -0.1771 3.7029, -2.1951 -0.1689 3.7022, -2.0958 0.0974 3.9358, -2.0974 0.0958 3.9358, -2.094 0.0986 3.9358, -2.0919 0.0993 3.9358, -2.0986 0.094 3.9358, -2.0993 0.0919 3.9358, -2.1221 0.0971 3.9187, -2.1197 0.1042 3.9187, -2.1157 0.1105 3.9187, -2.1105 0.1157 3.9187, -2.1042 0.1197 3.9187, -2.0971 0.1221 3.9187, -2.0995 0.0897 3.9358, -2.0995 0.0897 3.9358, -2.1165 0.0897 3.9264, -2.1087 0.0897 3.9321, -2.1082 0.094 3.9321, -2.1086 0.0897 3.9322, -2.094 0.1082 3.9321, -2.098 0.1068 3.9321, -2.1016 0.1046 3.9321, -2.1046 0.1016 3.9321, -2.1068 0.098 3.9321, -2.1228 0.0897 3.9189, -2.1167 0.0897 3.9263, -2.116 0.0957 3.9263, -2.114 0.1014 3.9263, -2.1108 0.1065 3.9263, -2.1065 0.1108 3.9263, -2.1014 0.114 3.9263, -2.0957 0.116 3.9263, -2.123 0.0897 3.9187, -1.877 -0.0897 3.9187, -1.8772 -0.0897 3.9189, -1.8833 -0.0897 3.9263, -1.8835 -0.0897 3.9264, -1.8913 -0.0897 3.9321, -1.8914 -0.0897 3.9322, -1.9005 -0.0897 3.9358, -1.9005 -0.0897 3.9358, -1.8749 -0.0988 3.9124, -1.8747 -0.0978 3.9122, -1.878 -0.1053 3.9136, -1.8791 -0.1074 3.9139, -1.8826 -0.1118 3.9142, -1.8851 -0.1149 3.9144, -1.8882 -0.1174 3.9142, -1.8926 -0.1209 3.9139, -1.8947 -0.122 3.9136, -1.9012 -0.1251 3.9124, -1.9022 -0.1253 3.9122, -2.0988 -0.1251 3.9124, -2.0978 -0.1253 3.9122, -2.1053 -0.122 3.9136, -2.1074 -0.1209 3.9139, -2.1118 -0.1174 3.9142, -2.1149 -0.1149 3.9144, -2.1174 -0.1118 3.9142, -2.1209 -0.1074 3.9139, -2.122 -0.1053 3.9136, -2.1251 -0.0988 3.9124, -2.1253 -0.0978 3.9122, -2.123 -0.0897 3.9187, -2.1228 -0.0897 3.9189, -2.1167 -0.0897 3.9263, -2.1165 -0.0897 3.9264, -2.1087 -0.0897 3.9321, -2.1086 -0.0897 3.9322, -2.0995 -0.0897 3.9358, -2.0995 -0.0897 3.9358, -1.9042 -0.0974 3.9358, -1.9026 -0.0958 3.9358, -1.906 -0.0986 3.9358, -1.9081 -0.0993 3.9358, -1.9014 -0.094 3.9358, -1.9007 -0.0919 3.9358, -1.8779 -0.0971 3.9187, -1.8803 -0.1042 3.9187, -1.8843 -0.1105 3.9187, -1.8895 -0.1157 3.9187, -1.8958 -0.1197 3.9187, -1.9029 -0.1221 3.9187, -1.9103 -0.123 3.9187, -1.8918 -0.094 3.9321, -1.9103 -0.0995 3.9358, -1.9103 -0.0995 3.9358, -1.9103 -0.1086 3.9322, -1.906 -0.1082 3.9321, -1.902 -0.1068 3.9321, -1.8984 -0.1046 3.9321, -1.8954 -0.1016 3.9321, -1.8932 -0.098 3.9321, -1.884 -0.0957 3.9263, -1.886 -0.1014 3.9263, -1.8892 -0.1065 3.9263, -1.8935 -0.1108 3.9263, -1.8986 -0.114 3.9263, -1.9043 -0.116 3.9263, -1.9103 -0.1087 3.9321, -1.9103 -0.1165 3.9264, -1.9103 -0.1167 3.9263, -1.9103 -0.1228 3.9189, -2.0974 -0.0958 3.9358, -2.0958 -0.0974 3.9358, -2.0986 -0.094 3.9358, -2.0993 -0.0919 3.9358, -2.094 -0.0986 3.9358, -2.0919 -0.0993 3.9358, -2.0971 -0.1221 3.9187, -2.1042 -0.1197 3.9187, -2.1105 -0.1157 3.9187, -2.1157 -0.1105 3.9187, -2.1197 -0.1042 3.9187, -2.1221 -0.0971 3.9187, -2.0897 -0.0995 3.9358, -2.0897 -0.0995 3.9358, -2.0897 -0.1165 3.9264, -2.0897 -0.1087 3.9321, -2.094 -0.1082 3.9321, -2.0897 -0.1086 3.9322, -2.1082 -0.094 3.9321, -2.1068 -0.098 3.9321, -2.1046 -0.1016 3.9321, -2.1016 -0.1046 3.9321, -2.098 -0.1068 3.9321, -2.0897 -0.1228 3.9189, -2.0897 -0.1167 3.9263, -2.0957 -0.116 3.9263, -2.1014 -0.114 3.9263, -2.1065 -0.1108 3.9263, -2.1108 -0.1065 3.9263, -2.114 -0.1014 3.9263, -2.116 -0.0957 3.9263, -2.0897 -0.123 3.9187, -0.1969 0.1575 -1.3386, -0.1969 -0.1575 -1.3386, -0.1969 0.1575 3.7008, -0.1969 -0.1575 3.7008, -0.1575 -0.1969 -1.3386, 0.1575 -0.1969 -1.3386, -0.1575 -0.1969 3.7008, 0.1575 -0.1969 3.7008, 0.1969 0.1575 3.7008, 0.1969 -0.1575 3.7008, 0.1969 0.1575 -1.3386, 0.1969 -0.1575 -1.3386, -0.1575 0.1969 3.7008, 0.1575 0.1969 3.7008, -0.1575 0.1969 -1.3386, 0.1575 0.1969 -1.3386, 0.0897 -0.0897 3.937, 0.0897 0.0897 3.937, -0.0897 -0.0897 3.937, -0.0897 0.0897 3.937, 0.0897 -0.0897 -1.5748, -0.0897 -0.0897 -1.5748, 0.0897 0.0897 -1.5748, -0.0897 0.0897 -1.5748, -0.1595 -0.1968 -1.3387, -0.0897 -0.1271 -1.5479, 0.0897 -0.1271 -1.5479, 0.1595 -0.1968 -1.3387, 0.1595 0.1968 -1.3387, 0.0897 0.1271 -1.5479, -0.0897 0.1271 -1.5479, -0.1595 0.1968 -1.3387, -0.1595 0.1968 3.7009, -0.0897 0.1271 3.9101, 0.0897 0.1271 3.9101, 0.1595 0.1968 3.7009, 0.1595 -0.1968 3.7009, 0.0897 -0.1271 3.9101, -0.0897 -0.1271 3.9101, -0.1595 -0.1968 3.7009, 0.1968 -0.1595 -1.3387, 0.1271 -0.0897 -1.5479, 0.1271 0.0897 -1.5479, 0.1968 0.1595 -1.3387, -0.1968 -0.1595 3.7009, -0.1271 -0.0897 3.9101, -0.1271 0.0897 3.9101, -0.1968 0.1595 3.7009, 0.1968 0.1595 3.7009, 0.1271 0.0897 3.9101, 0.1271 -0.0897 3.9101, 0.1968 -0.1595 3.7009, -0.1968 0.1595 -1.3387, -0.1271 0.0897 -1.5479, -0.1271 -0.0897 -1.5479, -0.1968 -0.1595 -1.3387, -0.0897 0.123 -1.5565, 0.0897 0.123 -1.5565, -0.0897 0.1228 -1.5567, 0.0897 0.1228 -1.5567, -0.0897 0.1167 -1.5641, 0.0897 0.1167 -1.5641, -0.0897 0.1165 -1.5642, 0.0897 0.1165 -1.5642, -0.0897 0.1087 -1.5699, 0.0897 0.1087 -1.5699, -0.0897 0.1086 -1.57, 0.0897 0.1086 -1.57, -0.0897 0.0995 -1.5736, 0.0897 0.0995 -1.5736, -0.0897 0.0995 -1.5736, 0.0897 0.0995 -1.5736, 0.0995 0.0897 -1.5736, 0.0992 0.0923 -1.5736, 0.0946 0.1081 -1.5699, 0.0967 0.1158 -1.5641, 0.0983 0.1218 -1.5565, 0.1064 0.1185 -1.5565, 0.1251 0.0988 -1.5502, 0.123 0.0897 -1.5565, 0.1209 0.1074 -1.5517, 0.1249 0.0992 -1.5503, 0.1218 0.0983 -1.5565, 0.0988 0.1251 -1.5502, 0.0991 0.1249 -1.5503, 0.1074 0.1209 -1.5517, 0.1076 0.1207 -1.5517, 0.1149 0.1149 -1.5522, 0.1228 0.0897 -1.5567, 0.1158 0.0967 -1.5641, 0.1032 0.1131 -1.5641, 0.1132 0.1132 -1.5565, 0.1167 0.0897 -1.5641, 0.1165 0.0897 -1.5642, 0.1081 0.0946 -1.5699, 0.1088 0.1088 -1.5641, 0.0992 0.1062 -1.5699, 0.0923 0.0992 -1.5736, 0.1207 0.1076 -1.5517, 0.1185 0.1064 -1.5565, 0.1131 0.1032 -1.5641, 0.1062 0.0992 -1.5699, 0.0982 0.0946 -1.5736, 0.1031 0.1031 -1.5699, 0.0946 0.0982 -1.5736, 0.0967 0.0967 -1.5736, 0.1087 0.0897 -1.5699, 0.1086 0.0897 -1.57, 0.0995 0.0897 -1.5736, -0.0923 0.0992 -1.5736, -0.1086 0.0897 -1.57, -0.1087 0.0897 -1.5699, -0.1081 0.0946 -1.5699, -0.1158 0.0967 -1.5641, -0.1218 0.0983 -1.5565, -0.1185 0.1064 -1.5565, -0.0988 0.1251 -1.5502, -0.1074 0.1209 -1.5517, -0.0991 0.1249 -1.5503, -0.0983 0.1218 -1.5565, -0.1251 0.0988 -1.5502, -0.1249 0.0992 -1.5503, -0.1209 0.1074 -1.5517, -0.1207 0.1076 -1.5517, -0.1149 0.1149 -1.5522, -0.123 0.0897 -1.5565, -0.1228 0.0897 -1.5567, -0.1167 0.0897 -1.5641, -0.1165 0.0897 -1.5642, -0.0967 0.1158 -1.5641, -0.1131 0.1032 -1.5641, -0.1132 0.1132 -1.5565, -0.0946 0.1081 -1.5699, -0.1088 0.1088 -1.5641, -0.1062 0.0992 -1.5699, -0.0992 0.0923 -1.5736, -0.1076 0.1207 -1.5517, -0.1064 0.1185 -1.5565, -0.1032 0.1131 -1.5641, -0.0992 0.1062 -1.5699, -0.0946 0.0982 -1.5736, -0.0995 0.0897 -1.5736, -0.0995 0.0897 -1.5736, -0.1031 0.1031 -1.5699, -0.0982 0.0946 -1.5736, -0.0967 0.0967 -1.5736, 0.1954 0.1676 -1.3398, 0.1912 0.1777 -1.3407, 0.1915 0.1771 -1.3407, 0.1951 0.1689 -1.34, 0.1853 0.1853 -1.341, 0.1777 0.1912 -1.3407, 0.1771 0.1915 -1.3407, 0.1689 0.1951 -1.34, 0.1676 0.1954 -1.3398, 0.123 -0.0897 -1.5565, 0.1228 -0.0897 -1.5567, 0.1167 -0.0897 -1.5641, 0.1165 -0.0897 -1.5642, 0.1087 -0.0897 -1.5699, 0.1086 -0.0897 -1.57, 0.0995 -0.0897 -1.5736, 0.0995 -0.0897 -1.5736, 0.0897 -0.123 -1.5565, -0.0897 -0.123 -1.5565, 0.0897 -0.1228 -1.5567, -0.0897 -0.1228 -1.5567, 0.0897 -0.1167 -1.5641, -0.0897 -0.1167 -1.5641, 0.0897 -0.1165 -1.5642, -0.0897 -0.1165 -1.5642, 0.0897 -0.1087 -1.5699, -0.0897 -0.1087 -1.5699, 0.0897 -0.1086 -1.57, -0.0897 -0.1086 -1.57, 0.0897 -0.0995 -1.5736, -0.0897 -0.0995 -1.5736, 0.0897 -0.0995 -1.5736, -0.0897 -0.0995 -1.5736, -0.0995 -0.0897 -1.5736, -0.123 -0.0897 -1.5565, -0.1228 -0.0897 -1.5567, -0.1167 -0.0897 -1.5641, -0.1165 -0.0897 -1.5642, -0.1087 -0.0897 -1.5699, -0.1086 -0.0897 -1.57, -0.0995 -0.0897 -1.5736, -0.1676 0.1954 -1.3398, -0.1777 0.1912 -1.3407, -0.1771 0.1915 -1.3407, -0.1689 0.1951 -1.34, -0.1853 0.1853 -1.341, -0.1912 0.1777 -1.3407, -0.1915 0.1771 -1.3407, -0.1951 0.1689 -1.34, -0.1954 0.1676 -1.3398, 0.1853 0.1853 3.7032, 0.1777 0.1912 3.7029, 0.1771 0.1915 3.7029, 0.1689 0.1951 3.7022, 0.1676 0.1954 3.702, 0.1954 0.1676 3.702, 0.1951 0.1689 3.7022, 0.1915 0.1771 3.7029, 0.1912 0.1777 3.7029, 0.0923 -0.0992 -1.5736, 0.1081 -0.0946 -1.5699, 0.1158 -0.0967 -1.5641, 0.1218 -0.0983 -1.5565, 0.1185 -0.1064 -1.5565, 0.0988 -0.1251 -1.5502, 0.1074 -0.1209 -1.5517, 0.0991 -0.1249 -1.5503, 0.0983 -0.1218 -1.5565, 0.1251 -0.0988 -1.5502, 0.1249 -0.0992 -1.5503, 0.1209 -0.1074 -1.5517, 0.1207 -0.1076 -1.5517, 0.1149 -0.1149 -1.5522, 0.0967 -0.1158 -1.5641, 0.1131 -0.1032 -1.5641, 0.1132 -0.1132 -1.5565, 0.0946 -0.1081 -1.5699, 0.1088 -0.1088 -1.5641, 0.1062 -0.0992 -1.5699, 0.0992 -0.0923 -1.5736, 0.1076 -0.1207 -1.5517, 0.1064 -0.1185 -1.5565, 0.1032 -0.1131 -1.5641, 0.0992 -0.1062 -1.5699, 0.0946 -0.0982 -1.5736, 0.1031 -0.1031 -1.5699, 0.0982 -0.0946 -1.5736, 0.0967 -0.0967 -1.5736, -0.0992 -0.0923 -1.5736, -0.0946 -0.1081 -1.5699, -0.0967 -0.1158 -1.5641, -0.0983 -0.1218 -1.5565, -0.1064 -0.1185 -1.5565, -0.1251 -0.0988 -1.5502, -0.1209 -0.1074 -1.5517, -0.1249 -0.0992 -1.5503, -0.1218 -0.0983 -1.5565, -0.0988 -0.1251 -1.5502, -0.0991 -0.1249 -1.5503, -0.1074 -0.1209 -1.5517, -0.1076 -0.1207 -1.5517, -0.1149 -0.1149 -1.5522, -0.1158 -0.0967 -1.5641, -0.1032 -0.1131 -1.5641, -0.1132 -0.1132 -1.5565, -0.1081 -0.0946 -1.5699, -0.1088 -0.1088 -1.5641, -0.0992 -0.1062 -1.5699, -0.0923 -0.0992 -1.5736, -0.1207 -0.1076 -1.5517, -0.1185 -0.1064 -1.5565, -0.1131 -0.1032 -1.5641, -0.1062 -0.0992 -1.5699, -0.0982 -0.0946 -1.5736, -0.1031 -0.1031 -1.5699, -0.0946 -0.0982 -1.5736, -0.0967 -0.0967 -1.5736, -0.1954 0.1676 3.702, -0.1951 0.1689 3.7022, -0.1915 0.1771 3.7029, -0.1912 0.1777 3.7029, -0.1853 0.1853 3.7032, -0.1777 0.1912 3.7029, -0.1771 0.1915 3.7029, -0.1676 0.1954 3.702, -0.1689 0.1951 3.7022, 0.0978 0.1253 3.9122, 0.0988 0.1251 3.9124, 0.1053 0.122 3.9136, 0.1074 0.1209 3.9139, 0.1118 0.1174 3.9142, 0.1253 0.0978 3.9122, 0.1251 0.0988 3.9124, 0.122 0.1053 3.9136, 0.1209 0.1074 3.9139, 0.1174 0.1118 3.9142, 0.1149 0.1149 3.9144, 0.1676 -0.1954 -1.3398, 0.1777 -0.1912 -1.3407, 0.1771 -0.1915 -1.3407, 0.1689 -0.1951 -1.34, 0.1853 -0.1853 -1.341, 0.1912 -0.1777 -1.3407, 0.1915 -0.1771 -1.3407, 0.1951 -0.1689 -1.34, 0.1954 -0.1676 -1.3398, -0.1954 -0.1676 -1.3398, -0.1912 -0.1777 -1.3407, -0.1915 -0.1771 -1.3407, -0.1951 -0.1689 -1.34, -0.1853 -0.1853 -1.341, -0.1777 -0.1912 -1.3407, -0.1771 -0.1915 -1.3407, -0.1689 -0.1951 -1.34, -0.1676 -0.1954 -1.3398, -0.1251 0.0988 3.9124, -0.1253 0.0978 3.9122, -0.122 0.1053 3.9136, -0.1209 0.1074 3.9139, -0.1174 0.1118 3.9142, -0.1149 0.1149 3.9144, -0.1118 0.1174 3.9142, -0.1074 0.1209 3.9139, -0.1053 0.122 3.9136, -0.0988 0.1251 3.9124, -0.0978 0.1253 3.9122, 0.0897 0.123 3.9187, -0.0897 0.123 3.9187, 0.0897 0.1228 3.9189, -0.0897 0.1228 3.9189, 0.0897 0.1167 3.9263, -0.0897 0.1167 3.9263, 0.0897 0.1165 3.9264, -0.0897 0.1165 3.9264, 0.0897 0.1087 3.9321, -0.0897 0.1087 3.9321, 0.0897 0.1086 3.9322, -0.0897 0.1086 3.9322, 0.0897 0.0995 3.9358, -0.0897 0.0995 3.9358, 0.0897 0.0995 3.9358, -0.0897 0.0995 3.9358, 0.0974 0.0958 3.9358, 0.0958 0.0974 3.9358, 0.0986 0.094 3.9358, 0.0993 0.0919 3.9358, 0.094 0.0986 3.9358, 0.0919 0.0993 3.9358, 0.0971 0.1221 3.9187, 0.1042 0.1197 3.9187, 0.1105 0.1157 3.9187, 0.1157 0.1105 3.9187, 0.1197 0.1042 3.9187, 0.1221 0.0971 3.9187, 0.123 0.0897 3.9187, 0.094 0.1082 3.9321, 0.0995 0.0897 3.9358, 0.0995 0.0897 3.9358, 0.1086 0.0897 3.9322, 0.1082 0.094 3.9321, 0.1068 0.098 3.9321, 0.1046 0.1016 3.9321, 0.1016 0.1046 3.9321, 0.098 0.1068 3.9321, 0.0957 0.116 3.9263, 0.1014 0.114 3.9263, 0.1065 0.1108 3.9263, 0.1108 0.1065 3.9263, 0.114 0.1014 3.9263, 0.116 0.0957 3.9263, 0.1087 0.0897 3.9321, 0.1165 0.0897 3.9264, 0.1167 0.0897 3.9263, 0.1228 0.0897 3.9189, 0.1954 -0.1676 3.702, 0.1951 -0.1689 3.7022, 0.1853 -0.1853 3.7032, 0.1912 -0.1777 3.7029, 0.1915 -0.1771 3.7029, 0.1676 -0.1954 3.702, 0.1689 -0.1951 3.7022, 0.1771 -0.1915 3.7029, 0.1777 -0.1912 3.7029, -0.1954 -0.1676 3.702, -0.1676 -0.1954 3.702, -0.1689 -0.1951 3.7022, -0.1771 -0.1915 3.7029, -0.1777 -0.1912 3.7029, -0.1853 -0.1853 3.7032, -0.1912 -0.1777 3.7029, -0.1915 -0.1771 3.7029, -0.1951 -0.1689 3.7022, -0.0958 0.0974 3.9358, -0.0974 0.0958 3.9358, -0.094 0.0986 3.9358, -0.0919 0.0993 3.9358, -0.0986 0.094 3.9358, -0.0993 0.0919 3.9358, -0.1221 0.0971 3.9187, -0.1197 0.1042 3.9187, -0.1157 0.1105 3.9187, -0.1105 0.1157 3.9187, -0.1042 0.1197 3.9187, -0.0971 0.1221 3.9187, -0.0995 0.0897 3.9358, -0.0995 0.0897 3.9358, -0.1165 0.0897 3.9264, -0.1087 0.0897 3.9321, -0.1082 0.094 3.9321, -0.1086 0.0897 3.9322, -0.094 0.1082 3.9321, -0.098 0.1068 3.9321, -0.1016 0.1046 3.9321, -0.1046 0.1016 3.9321, -0.1068 0.098 3.9321, -0.1228 0.0897 3.9189, -0.1167 0.0897 3.9263, -0.116 0.0957 3.9263, -0.114 0.1014 3.9263, -0.1108 0.1065 3.9263, -0.1065 0.1108 3.9263, -0.1014 0.114 3.9263, -0.0957 0.116 3.9263, -0.123 0.0897 3.9187, 0.123 -0.0897 3.9187, 0.1228 -0.0897 3.9189, 0.1167 -0.0897 3.9263, 0.1165 -0.0897 3.9264, 0.1087 -0.0897 3.9321, 0.1086 -0.0897 3.9322, 0.0995 -0.0897 3.9358, 0.0995 -0.0897 3.9358, 0.1251 -0.0988 3.9124, 0.1253 -0.0978 3.9122, 0.122 -0.1053 3.9136, 0.1209 -0.1074 3.9139, 0.1174 -0.1118 3.9142, 0.0978 -0.1253 3.9122, 0.0988 -0.1251 3.9124, 0.1053 -0.122 3.9136, 0.1074 -0.1209 3.9139, 0.1118 -0.1174 3.9142, 0.1149 -0.1149 3.9144, -0.0988 -0.1251 3.9124, -0.0978 -0.1253 3.9122, -0.1053 -0.122 3.9136, -0.1074 -0.1209 3.9139, -0.1118 -0.1174 3.9142, -0.1149 -0.1149 3.9144, -0.1174 -0.1118 3.9142, -0.1209 -0.1074 3.9139, -0.122 -0.1053 3.9136, -0.1251 -0.0988 3.9124, -0.1253 -0.0978 3.9122, -0.123 -0.0897 3.9187, -0.1228 -0.0897 3.9189, -0.1167 -0.0897 3.9263, -0.1165 -0.0897 3.9264, -0.1087 -0.0897 3.9321, -0.1086 -0.0897 3.9322, -0.0995 -0.0897 3.9358, -0.0995 -0.0897 3.9358, 0.0958 -0.0974 3.9358, 0.0974 -0.0958 3.9358, 0.094 -0.0986 3.9358, 0.0919 -0.0993 3.9358, 0.0986 -0.094 3.9358, 0.0993 -0.0919 3.9358, 0.1221 -0.0971 3.9187, 0.1197 -0.1042 3.9187, 0.1157 -0.1105 3.9187, 0.1105 -0.1157 3.9187, 0.1042 -0.1197 3.9187, 0.0971 -0.1221 3.9187, 0.0897 -0.123 3.9187, 0.1082 -0.094 3.9321, 0.0897 -0.0995 3.9358, 0.0897 -0.0995 3.9358, 0.0897 -0.1086 3.9322, 0.094 -0.1082 3.9321, 0.098 -0.1068 3.9321, 0.1016 -0.1046 3.9321, 0.1046 -0.1016 3.9321, 0.1068 -0.098 3.9321, 0.116 -0.0957 3.9263, 0.114 -0.1014 3.9263, 0.1108 -0.1065 3.9263, 0.1065 -0.1108 3.9263, 0.1014 -0.114 3.9263, 0.0957 -0.116 3.9263, 0.0897 -0.1087 3.9321, 0.0897 -0.1165 3.9264, 0.0897 -0.1167 3.9263, 0.0897 -0.1228 3.9189, -0.0974 -0.0958 3.9358, -0.0958 -0.0974 3.9358, -0.0986 -0.094 3.9358, -0.0993 -0.0919 3.9358, -0.094 -0.0986 3.9358, -0.0919 -0.0993 3.9358, -0.0971 -0.1221 3.9187, -0.1042 -0.1197 3.9187, -0.1105 -0.1157 3.9187, -0.1157 -0.1105 3.9187, -0.1197 -0.1042 3.9187, -0.1221 -0.0971 3.9187, -0.0897 -0.0995 3.9358, -0.0897 -0.0995 3.9358, -0.0897 -0.1165 3.9264, -0.0897 -0.1087 3.9321, -0.094 -0.1082 3.9321, -0.0897 -0.1086 3.9322, -0.1082 -0.094 3.9321, -0.1068 -0.098 3.9321, -0.1046 -0.1016 3.9321, -0.1016 -0.1046 3.9321, -0.098 -0.1068 3.9321, -0.0897 -0.1228 3.9189, -0.0897 -0.1167 3.9263, -0.0957 -0.116 3.9263, -0.1014 -0.114 3.9263, -0.1065 -0.1108 3.9263, -0.1108 -0.1065 3.9263, -0.114 -0.1014 3.9263, -0.116 -0.0957 3.9263, -0.0897 -0.123 3.9187
            ]
        }
        coordIndex [
            0,1,2,-1,2,1,3,-1,4,5,6,-1,6,5,7,-1,8,9,10,-1,10,9,11,-1,12,13,14,-1,14,13,15,-1,16,17,18,-1,18,17,19,-1,20,21,22,-1,22,21,23,-1,4,24,25,-1,4,25,5,-1,5,25,26,-1,5,26,27,-1,15,28,29,-1,15,29,14,-1,14,29,30,-1,14,30,31,-1,12,32,33,-1,12,33,13,-1,13,33,34,-1,13,34,35,-1,7,36,37,-1,7,37,6,-1,6,37,38,-1,6,38,39,-1,11,40,41,-1,11,41,10,-1,10,41,42,-1,10,42,43,-1,3,44,45,-1,3,45,2,-1,2,45,46,-1,2,46,47,-1,8,48,49,-1,8,49,9,-1,9,49,50,-1,9,50,51,-1,0,52,53,-1,0,53,1,-1,1,53,54,-1,1,54,55,-1,30,29,56,-1,56,29,57,-1,56,57,58,-1,58,57,59,-1,58,59,60,-1,60,59,61,-1,60,61,62,-1,62,61,63,-1,62,63,64,-1,64,63,65,-1,64,65,66,-1,66,65,67,-1,66,67,68,-1,68,67,69,-1,68,69,70,-1,69,71,70,-1,70,71,22,-1,70,22,23,-1,72,22,73,-1,67,65,74,-1,75,76,77,-1,78,42,79,-1,80,81,82,-1,82,81,78,-1,83,84,76,-1,76,84,85,-1,76,85,77,-1,77,85,86,-1,77,86,87,-1,29,83,57,-1,57,83,76,-1,57,76,59,-1,59,76,75,-1,59,75,61,-1,61,75,63,-1,78,79,82,-1,82,79,88,-1,82,88,89,-1,65,63,74,-1,74,63,75,-1,74,75,90,-1,90,75,77,-1,90,77,91,-1,91,77,87,-1,88,92,89,-1,89,92,93,-1,89,93,94,-1,91,95,90,-1,90,95,96,-1,90,96,74,-1,74,96,97,-1,74,97,67,-1,98,80,99,-1,99,80,82,-1,99,82,100,-1,100,82,89,-1,100,89,101,-1,101,89,94,-1,101,94,102,-1,102,94,73,-1,102,73,22,-1,22,71,97,-1,97,71,69,-1,97,69,67,-1,95,103,96,-1,96,103,104,-1,96,104,97,-1,97,104,22,-1,103,105,104,-1,104,105,22,-1,93,106,94,-1,94,106,107,-1,94,107,73,-1,73,107,108,-1,73,108,72,-1,87,98,91,-1,91,98,99,-1,91,99,95,-1,95,99,100,-1,95,100,103,-1,103,100,101,-1,103,101,105,-1,105,101,102,-1,105,102,22,-1,70,23,109,-1,110,111,112,-1,113,114,115,-1,116,30,56,-1,117,118,119,-1,119,118,116,-1,120,121,114,-1,114,121,122,-1,114,122,115,-1,115,122,123,-1,115,123,124,-1,53,120,125,-1,125,120,114,-1,125,114,126,-1,126,114,113,-1,126,113,127,-1,127,113,128,-1,116,56,119,-1,119,56,58,-1,119,58,129,-1,111,128,112,-1,112,128,113,-1,112,113,130,-1,130,113,115,-1,130,115,131,-1,131,115,124,-1,58,60,129,-1,129,60,62,-1,129,62,132,-1,131,133,130,-1,130,133,134,-1,130,134,112,-1,112,134,135,-1,112,135,110,-1,136,117,137,-1,137,117,119,-1,137,119,138,-1,138,119,129,-1,138,129,139,-1,139,129,132,-1,139,132,140,-1,140,132,109,-1,140,109,23,-1,23,141,135,-1,135,141,142,-1,135,142,110,-1,133,143,134,-1,134,143,144,-1,134,144,135,-1,135,144,23,-1,143,145,144,-1,144,145,23,-1,62,64,132,-1,132,64,66,-1,132,66,109,-1,109,66,68,-1,109,68,70,-1,124,136,131,-1,131,136,137,-1,131,137,133,-1,133,137,138,-1,133,138,143,-1,143,138,139,-1,143,139,145,-1,145,139,140,-1,145,140,23,-1,43,42,146,-1,146,42,78,-1,147,148,78,-1,78,148,149,-1,78,149,146,-1,78,81,147,-1,147,81,80,-1,147,80,150,-1,150,80,98,-1,98,87,150,-1,150,87,86,-1,150,86,151,-1,151,86,85,-1,151,85,152,-1,152,85,84,-1,152,84,153,-1,153,84,83,-1,153,83,154,-1,154,83,29,-1,154,29,28,-1,42,41,79,-1,79,41,155,-1,79,155,88,-1,88,155,156,-1,88,156,92,-1,92,156,157,-1,92,157,93,-1,93,157,158,-1,93,158,106,-1,106,158,159,-1,106,159,107,-1,107,159,160,-1,107,160,108,-1,108,160,161,-1,108,161,72,-1,161,162,72,-1,72,162,20,-1,72,20,22,-1,26,25,163,-1,163,25,164,-1,163,164,165,-1,165,164,166,-1,165,166,167,-1,167,166,168,-1,167,168,169,-1,169,168,170,-1,169,170,171,-1,171,170,172,-1,171,172,173,-1,173,172,174,-1,173,174,175,-1,175,174,176,-1,175,176,177,-1,176,178,177,-1,177,178,21,-1,177,21,20,-1,23,21,179,-1,54,53,180,-1,180,53,125,-1,180,125,181,-1,181,125,126,-1,181,126,182,-1,182,126,127,-1,182,127,183,-1,183,127,128,-1,183,128,184,-1,184,128,111,-1,184,111,185,-1,185,111,110,-1,185,110,186,-1,186,110,142,-1,186,142,179,-1,179,142,141,-1,179,141,23,-1,31,30,187,-1,187,30,116,-1,188,189,116,-1,116,189,190,-1,116,190,187,-1,116,118,188,-1,188,118,117,-1,188,117,191,-1,191,117,136,-1,136,124,191,-1,191,124,123,-1,191,123,192,-1,192,123,122,-1,192,122,193,-1,193,122,121,-1,193,121,194,-1,194,121,120,-1,194,120,195,-1,195,120,53,-1,195,53,52,-1,35,154,13,-1,13,154,28,-1,13,28,15,-1,196,151,197,-1,197,151,152,-1,197,152,198,-1,198,152,153,-1,198,153,199,-1,199,153,154,-1,199,154,200,-1,200,154,35,-1,48,8,10,-1,48,10,201,-1,10,43,201,-1,201,43,146,-1,201,146,202,-1,202,146,149,-1,202,149,203,-1,203,149,148,-1,203,148,204,-1,204,148,147,-1,204,147,196,-1,196,147,150,-1,196,150,151,-1,177,20,205,-1,160,159,206,-1,207,208,209,-1,210,26,163,-1,211,212,213,-1,213,212,210,-1,214,215,208,-1,208,215,216,-1,208,216,209,-1,209,216,217,-1,209,217,218,-1,41,214,155,-1,155,214,208,-1,155,208,156,-1,156,208,207,-1,156,207,157,-1,157,207,158,-1,210,163,213,-1,213,163,165,-1,213,165,219,-1,159,158,206,-1,206,158,207,-1,206,207,220,-1,220,207,209,-1,220,209,221,-1,221,209,218,-1,165,167,219,-1,219,167,169,-1,219,169,222,-1,221,223,220,-1,220,223,224,-1,220,224,206,-1,206,224,225,-1,206,225,160,-1,226,211,227,-1,227,211,213,-1,227,213,228,-1,228,213,219,-1,228,219,229,-1,229,219,222,-1,229,222,230,-1,230,222,205,-1,230,205,20,-1,20,162,225,-1,225,162,161,-1,225,161,160,-1,223,231,224,-1,224,231,232,-1,224,232,225,-1,225,232,20,-1,231,233,232,-1,232,233,20,-1,169,171,222,-1,222,171,173,-1,222,173,205,-1,205,173,175,-1,205,175,177,-1,218,226,221,-1,221,226,227,-1,221,227,223,-1,223,227,228,-1,223,228,231,-1,231,228,229,-1,231,229,233,-1,233,229,230,-1,233,230,20,-1,179,21,234,-1,174,172,235,-1,236,237,238,-1,239,54,180,-1,240,241,242,-1,242,241,239,-1,243,244,237,-1,237,244,245,-1,237,245,238,-1,238,245,246,-1,238,246,247,-1,25,243,164,-1,164,243,237,-1,164,237,166,-1,166,237,236,-1,166,236,168,-1,168,236,170,-1,239,180,242,-1,242,180,181,-1,242,181,248,-1,172,170,235,-1,235,170,236,-1,235,236,249,-1,249,236,238,-1,249,238,250,-1,250,238,247,-1,181,182,248,-1,248,182,183,-1,248,183,251,-1,250,252,249,-1,249,252,253,-1,249,253,235,-1,235,253,254,-1,235,254,174,-1,255,240,256,-1,256,240,242,-1,256,242,257,-1,257,242,248,-1,257,248,258,-1,258,248,251,-1,258,251,259,-1,259,251,234,-1,259,234,21,-1,21,178,254,-1,254,178,176,-1,254,176,174,-1,252,260,253,-1,253,260,261,-1,253,261,254,-1,254,261,21,-1,260,262,261,-1,261,262,21,-1,183,184,251,-1,251,184,185,-1,251,185,234,-1,234,185,186,-1,234,186,179,-1,247,255,250,-1,250,255,256,-1,250,256,252,-1,252,256,257,-1,252,257,260,-1,260,257,258,-1,260,258,262,-1,262,258,259,-1,262,259,21,-1,52,0,2,-1,52,2,195,-1,2,47,195,-1,195,47,263,-1,195,263,194,-1,194,263,264,-1,194,264,193,-1,264,265,193,-1,193,265,266,-1,193,266,192,-1,192,266,267,-1,192,267,191,-1,191,267,268,-1,191,268,188,-1,188,268,269,-1,32,12,14,-1,32,14,270,-1,14,31,270,-1,270,31,187,-1,270,187,271,-1,271,187,190,-1,271,190,269,-1,269,190,189,-1,269,189,188,-1,35,34,200,-1,200,34,272,-1,200,272,199,-1,199,272,273,-1,199,273,198,-1,198,273,274,-1,198,274,197,-1,274,275,197,-1,197,275,276,-1,197,276,196,-1,49,48,277,-1,277,48,201,-1,277,201,278,-1,278,201,202,-1,278,202,279,-1,279,202,203,-1,279,203,280,-1,280,203,204,-1,280,204,281,-1,281,204,196,-1,281,196,282,-1,282,196,276,-1,27,26,283,-1,283,26,210,-1,284,285,210,-1,210,285,286,-1,210,286,283,-1,210,212,284,-1,284,212,211,-1,284,211,287,-1,287,211,226,-1,226,218,287,-1,287,218,217,-1,287,217,288,-1,288,217,216,-1,288,216,289,-1,289,216,215,-1,289,215,290,-1,290,215,214,-1,290,214,291,-1,291,214,41,-1,291,41,40,-1,55,54,292,-1,292,54,239,-1,293,294,239,-1,239,294,295,-1,239,295,292,-1,239,241,293,-1,293,241,240,-1,293,240,296,-1,296,240,255,-1,255,247,296,-1,296,247,246,-1,296,246,297,-1,297,246,245,-1,297,245,298,-1,298,245,244,-1,298,244,299,-1,299,244,243,-1,299,243,300,-1,300,243,25,-1,300,25,24,-1,301,264,263,-1,301,263,302,-1,302,263,47,-1,302,47,46,-1,264,301,265,-1,265,301,303,-1,265,303,266,-1,303,304,266,-1,266,304,305,-1,266,305,267,-1,33,32,306,-1,306,32,270,-1,306,270,307,-1,307,270,271,-1,307,271,308,-1,308,271,269,-1,308,269,309,-1,309,269,268,-1,309,268,310,-1,310,268,267,-1,310,267,311,-1,311,267,305,-1,34,33,312,-1,312,33,313,-1,312,313,314,-1,314,313,315,-1,314,315,316,-1,316,315,317,-1,316,317,318,-1,318,317,319,-1,318,319,320,-1,320,319,321,-1,320,321,322,-1,322,321,323,-1,322,323,324,-1,324,323,325,-1,324,325,326,-1,325,327,326,-1,326,327,19,-1,326,19,17,-1,17,328,329,-1,330,328,17,-1,331,330,17,-1,17,332,333,-1,272,334,273,-1,273,334,335,-1,282,276,336,-1,336,276,275,-1,336,275,335,-1,335,275,274,-1,335,274,273,-1,282,336,281,-1,281,336,337,-1,281,337,280,-1,280,337,338,-1,280,338,279,-1,279,338,278,-1,278,338,339,-1,278,339,277,-1,277,339,340,-1,277,340,49,-1,324,326,333,-1,333,326,17,-1,329,332,17,-1,318,320,341,-1,341,320,322,-1,17,342,331,-1,331,342,343,-1,331,343,344,-1,344,345,331,-1,331,345,346,-1,331,346,330,-1,330,346,347,-1,330,347,328,-1,328,347,348,-1,328,348,329,-1,329,348,349,-1,329,349,332,-1,332,349,341,-1,332,341,333,-1,333,341,322,-1,333,322,324,-1,314,316,350,-1,350,316,318,-1,318,341,350,-1,350,341,349,-1,350,349,351,-1,351,349,348,-1,351,348,352,-1,352,348,347,-1,352,347,353,-1,353,347,346,-1,353,346,354,-1,354,346,345,-1,354,345,355,-1,272,34,334,-1,334,34,312,-1,334,312,314,-1,344,356,345,-1,345,356,357,-1,345,357,355,-1,355,357,358,-1,355,358,359,-1,314,350,334,-1,334,350,351,-1,334,351,335,-1,335,351,352,-1,335,352,336,-1,336,352,353,-1,336,353,337,-1,337,353,354,-1,337,354,338,-1,338,354,355,-1,338,355,339,-1,339,355,359,-1,339,359,340,-1,40,11,9,-1,40,9,291,-1,9,51,291,-1,291,51,360,-1,291,360,290,-1,290,360,361,-1,290,361,289,-1,362,288,363,-1,363,288,289,-1,363,289,364,-1,364,289,361,-1,36,7,5,-1,36,5,365,-1,5,27,365,-1,365,27,283,-1,365,283,366,-1,366,283,286,-1,366,286,367,-1,367,286,285,-1,367,285,368,-1,368,285,284,-1,368,284,362,-1,362,284,287,-1,362,287,288,-1,24,4,6,-1,24,6,300,-1,44,3,1,-1,44,1,369,-1,6,39,300,-1,300,39,370,-1,300,370,299,-1,299,370,371,-1,299,371,298,-1,298,371,372,-1,298,372,297,-1,297,372,373,-1,297,373,296,-1,296,373,374,-1,296,374,293,-1,293,374,375,-1,293,375,294,-1,294,375,376,-1,294,376,295,-1,295,376,377,-1,295,377,292,-1,292,377,369,-1,292,369,55,-1,55,369,1,-1,19,378,379,-1,380,378,19,-1,381,380,19,-1,19,382,383,-1,302,384,301,-1,301,384,385,-1,301,385,303,-1,303,385,304,-1,304,385,386,-1,304,386,305,-1,305,386,311,-1,311,386,387,-1,311,387,310,-1,310,387,309,-1,309,387,388,-1,309,388,308,-1,308,388,307,-1,307,388,389,-1,307,389,306,-1,306,389,313,-1,306,313,33,-1,390,391,383,-1,383,391,19,-1,379,382,19,-1,392,393,394,-1,394,393,395,-1,19,327,381,-1,381,327,325,-1,381,325,323,-1,323,396,381,-1,381,396,397,-1,381,397,380,-1,380,397,398,-1,380,398,378,-1,378,398,399,-1,378,399,379,-1,379,399,400,-1,379,400,382,-1,382,400,394,-1,382,394,383,-1,383,394,395,-1,383,395,390,-1,401,402,403,-1,403,402,392,-1,392,394,403,-1,403,394,400,-1,403,400,404,-1,404,400,399,-1,404,399,405,-1,405,399,398,-1,405,398,406,-1,406,398,397,-1,406,397,407,-1,407,397,396,-1,407,396,408,-1,302,46,384,-1,384,46,409,-1,384,409,401,-1,323,321,396,-1,396,321,319,-1,396,319,408,-1,408,319,317,-1,408,317,315,-1,401,403,384,-1,384,403,404,-1,384,404,385,-1,385,404,405,-1,385,405,386,-1,386,405,406,-1,386,406,387,-1,387,406,407,-1,387,407,388,-1,388,407,408,-1,388,408,389,-1,389,408,315,-1,389,315,313,-1,50,49,410,-1,410,49,340,-1,410,340,411,-1,411,340,359,-1,411,359,412,-1,412,359,358,-1,412,358,413,-1,413,358,357,-1,413,357,414,-1,414,357,356,-1,414,356,415,-1,415,356,344,-1,415,344,416,-1,416,344,343,-1,416,343,417,-1,343,342,417,-1,417,342,17,-1,417,17,16,-1,418,361,360,-1,418,360,419,-1,419,360,51,-1,419,51,50,-1,361,418,364,-1,364,418,420,-1,364,420,363,-1,420,421,363,-1,363,421,422,-1,363,422,362,-1,422,423,362,-1,362,423,424,-1,362,424,368,-1,368,424,425,-1,368,425,367,-1,367,425,426,-1,367,426,366,-1,366,426,427,-1,366,427,365,-1,365,427,36,-1,36,427,428,-1,36,428,37,-1,429,371,370,-1,429,370,430,-1,430,370,39,-1,430,39,38,-1,371,429,372,-1,372,429,431,-1,372,431,373,-1,431,432,373,-1,373,432,433,-1,373,433,374,-1,433,434,374,-1,374,434,435,-1,374,435,375,-1,375,435,436,-1,375,436,376,-1,376,436,437,-1,376,437,377,-1,377,437,438,-1,377,438,369,-1,369,438,44,-1,44,438,439,-1,44,439,45,-1,18,19,391,-1,46,45,409,-1,409,45,440,-1,409,440,401,-1,401,440,441,-1,401,441,402,-1,402,441,442,-1,402,442,392,-1,392,442,443,-1,392,443,393,-1,393,443,444,-1,393,444,395,-1,395,444,445,-1,395,445,390,-1,390,445,446,-1,390,446,391,-1,391,446,447,-1,391,447,18,-1,16,448,449,-1,450,448,16,-1,451,450,16,-1,16,452,453,-1,419,454,418,-1,418,454,455,-1,418,455,420,-1,420,455,421,-1,421,455,456,-1,421,456,422,-1,422,456,423,-1,423,456,457,-1,423,457,424,-1,424,457,425,-1,425,457,458,-1,425,458,426,-1,426,458,427,-1,427,458,459,-1,427,459,428,-1,428,459,460,-1,428,460,37,-1,416,417,453,-1,453,417,16,-1,449,452,16,-1,413,414,461,-1,461,414,415,-1,16,462,451,-1,451,462,463,-1,451,463,464,-1,464,465,451,-1,451,465,466,-1,451,466,450,-1,450,466,467,-1,450,467,448,-1,448,467,468,-1,448,468,449,-1,449,468,469,-1,449,469,452,-1,452,469,461,-1,452,461,453,-1,453,461,415,-1,453,415,416,-1,411,412,470,-1,470,412,413,-1,413,461,470,-1,470,461,469,-1,470,469,471,-1,471,469,468,-1,471,468,472,-1,472,468,467,-1,472,467,473,-1,473,467,466,-1,473,466,474,-1,474,466,465,-1,474,465,475,-1,419,50,454,-1,454,50,410,-1,454,410,411,-1,464,476,465,-1,465,476,477,-1,465,477,475,-1,475,477,478,-1,475,478,479,-1,411,470,454,-1,454,470,471,-1,454,471,455,-1,455,471,472,-1,455,472,456,-1,456,472,473,-1,456,473,457,-1,457,473,474,-1,457,474,458,-1,458,474,475,-1,458,475,459,-1,459,475,479,-1,459,479,460,-1,18,480,481,-1,482,480,18,-1,483,482,18,-1,18,484,485,-1,430,486,429,-1,429,486,487,-1,434,433,488,-1,488,433,432,-1,488,432,487,-1,487,432,431,-1,487,431,429,-1,434,488,435,-1,435,488,489,-1,435,489,436,-1,436,489,490,-1,436,490,437,-1,437,490,438,-1,438,490,491,-1,438,491,439,-1,439,491,440,-1,439,440,45,-1,492,493,485,-1,485,493,18,-1,481,484,18,-1,494,495,496,-1,496,495,497,-1,18,447,483,-1,483,447,446,-1,483,446,445,-1,445,498,483,-1,483,498,499,-1,483,499,482,-1,482,499,500,-1,482,500,480,-1,480,500,501,-1,480,501,481,-1,481,501,502,-1,481,502,484,-1,484,502,496,-1,484,496,485,-1,485,496,497,-1,485,497,492,-1,503,504,505,-1,505,504,494,-1,494,496,505,-1,505,496,502,-1,505,502,506,-1,506,502,501,-1,506,501,507,-1,507,501,500,-1,507,500,508,-1,508,500,499,-1,508,499,509,-1,509,499,498,-1,509,498,510,-1,430,38,486,-1,486,38,511,-1,486,511,503,-1,445,444,498,-1,498,444,443,-1,498,443,510,-1,510,443,442,-1,510,442,441,-1,503,505,486,-1,486,505,506,-1,486,506,487,-1,487,506,507,-1,487,507,488,-1,488,507,508,-1,488,508,489,-1,489,508,509,-1,489,509,490,-1,490,509,510,-1,490,510,491,-1,491,510,441,-1,491,441,440,-1,38,37,511,-1,511,37,460,-1,511,460,503,-1,503,460,479,-1,503,479,504,-1,504,479,478,-1,504,478,494,-1,494,478,477,-1,494,477,495,-1,495,477,476,-1,495,476,497,-1,497,476,464,-1,497,464,492,-1,492,464,463,-1,492,463,493,-1,463,462,493,-1,493,462,16,-1,493,16,18,-1,512,513,514,-1,514,513,515,-1,516,517,518,-1,518,517,519,-1,520,521,522,-1,522,521,523,-1,524,525,526,-1,526,525,527,-1,528,529,530,-1,530,529,531,-1,532,533,534,-1,534,533,535,-1,516,536,537,-1,516,537,517,-1,517,537,538,-1,517,538,539,-1,527,540,541,-1,527,541,526,-1,526,541,542,-1,526,542,543,-1,524,544,545,-1,524,545,525,-1,525,545,546,-1,525,546,547,-1,519,548,549,-1,519,549,518,-1,518,549,550,-1,518,550,551,-1,523,552,553,-1,523,553,522,-1,522,553,554,-1,522,554,555,-1,515,556,557,-1,515,557,514,-1,514,557,558,-1,514,558,559,-1,520,560,561,-1,520,561,521,-1,521,561,562,-1,521,562,563,-1,512,564,565,-1,512,565,513,-1,513,565,566,-1,513,566,567,-1,542,541,568,-1,568,541,569,-1,568,569,570,-1,570,569,571,-1,570,571,572,-1,572,571,573,-1,572,573,574,-1,574,573,575,-1,574,575,576,-1,576,575,577,-1,576,577,578,-1,578,577,579,-1,578,579,580,-1,580,579,581,-1,580,581,582,-1,581,583,582,-1,582,583,534,-1,582,534,535,-1,584,534,585,-1,579,577,586,-1,587,588,589,-1,590,554,591,-1,592,593,594,-1,594,593,590,-1,595,596,588,-1,588,596,597,-1,588,597,589,-1,589,597,598,-1,589,598,599,-1,541,595,569,-1,569,595,588,-1,569,588,571,-1,571,588,587,-1,571,587,573,-1,573,587,575,-1,590,591,594,-1,594,591,600,-1,594,600,601,-1,577,575,586,-1,586,575,587,-1,586,587,602,-1,602,587,589,-1,602,589,603,-1,603,589,599,-1,600,604,601,-1,601,604,605,-1,601,605,606,-1,603,607,602,-1,602,607,608,-1,602,608,586,-1,586,608,609,-1,586,609,579,-1,610,592,611,-1,611,592,594,-1,611,594,612,-1,612,594,601,-1,612,601,613,-1,613,601,606,-1,613,606,614,-1,614,606,585,-1,614,585,534,-1,534,583,609,-1,609,583,581,-1,609,581,579,-1,607,615,608,-1,608,615,616,-1,608,616,609,-1,609,616,534,-1,615,617,616,-1,616,617,534,-1,605,618,606,-1,606,618,619,-1,606,619,585,-1,585,619,620,-1,585,620,584,-1,599,610,603,-1,603,610,611,-1,603,611,607,-1,607,611,612,-1,607,612,615,-1,615,612,613,-1,615,613,617,-1,617,613,614,-1,617,614,534,-1,582,535,621,-1,622,623,624,-1,625,626,627,-1,628,542,568,-1,629,630,631,-1,631,630,628,-1,632,633,626,-1,626,633,634,-1,626,634,627,-1,627,634,635,-1,627,635,636,-1,565,632,637,-1,637,632,626,-1,637,626,638,-1,638,626,625,-1,638,625,639,-1,639,625,640,-1,628,568,631,-1,631,568,570,-1,631,570,641,-1,623,640,624,-1,624,640,625,-1,624,625,642,-1,642,625,627,-1,642,627,643,-1,643,627,636,-1,570,572,641,-1,641,572,574,-1,641,574,644,-1,643,645,642,-1,642,645,646,-1,642,646,624,-1,624,646,647,-1,624,647,622,-1,648,629,649,-1,649,629,631,-1,649,631,650,-1,650,631,641,-1,650,641,651,-1,651,641,644,-1,651,644,652,-1,652,644,621,-1,652,621,535,-1,535,653,647,-1,647,653,654,-1,647,654,622,-1,645,655,646,-1,646,655,656,-1,646,656,647,-1,647,656,535,-1,655,657,656,-1,656,657,535,-1,574,576,644,-1,644,576,578,-1,644,578,621,-1,621,578,580,-1,621,580,582,-1,636,648,643,-1,643,648,649,-1,643,649,645,-1,645,649,650,-1,645,650,655,-1,655,650,651,-1,655,651,657,-1,657,651,652,-1,657,652,535,-1,555,554,658,-1,658,554,590,-1,659,660,590,-1,590,660,661,-1,590,661,658,-1,590,593,659,-1,659,593,592,-1,659,592,662,-1,662,592,610,-1,610,599,662,-1,662,599,598,-1,662,598,663,-1,663,598,597,-1,663,597,664,-1,664,597,596,-1,664,596,665,-1,665,596,595,-1,665,595,666,-1,666,595,541,-1,666,541,540,-1,554,553,591,-1,591,553,667,-1,591,667,600,-1,600,667,668,-1,600,668,604,-1,604,668,669,-1,604,669,605,-1,605,669,670,-1,605,670,618,-1,618,670,671,-1,618,671,619,-1,619,671,672,-1,619,672,620,-1,620,672,673,-1,620,673,584,-1,673,674,584,-1,584,674,532,-1,584,532,534,-1,538,537,675,-1,675,537,676,-1,675,676,677,-1,677,676,678,-1,677,678,679,-1,679,678,680,-1,679,680,681,-1,681,680,682,-1,681,682,683,-1,683,682,684,-1,683,684,685,-1,685,684,686,-1,685,686,687,-1,687,686,688,-1,687,688,689,-1,688,690,689,-1,689,690,533,-1,689,533,532,-1,535,533,691,-1,566,565,692,-1,692,565,637,-1,692,637,693,-1,693,637,638,-1,693,638,694,-1,694,638,639,-1,694,639,695,-1,695,639,640,-1,695,640,696,-1,696,640,623,-1,696,623,697,-1,697,623,622,-1,697,622,698,-1,698,622,654,-1,698,654,691,-1,691,654,653,-1,691,653,535,-1,543,542,699,-1,699,542,628,-1,700,701,628,-1,628,701,702,-1,628,702,699,-1,628,630,700,-1,700,630,629,-1,700,629,703,-1,703,629,648,-1,648,636,703,-1,703,636,635,-1,703,635,704,-1,704,635,634,-1,704,634,705,-1,705,634,633,-1,705,633,706,-1,706,633,632,-1,706,632,707,-1,707,632,565,-1,707,565,564,-1,547,666,525,-1,525,666,540,-1,525,540,527,-1,708,663,709,-1,709,663,664,-1,709,664,710,-1,710,664,665,-1,710,665,711,-1,711,665,666,-1,711,666,712,-1,712,666,547,-1,560,520,522,-1,560,522,713,-1,522,555,713,-1,713,555,658,-1,713,658,714,-1,714,658,661,-1,714,661,715,-1,715,661,660,-1,715,660,716,-1,716,660,659,-1,716,659,708,-1,708,659,662,-1,708,662,663,-1,689,532,717,-1,672,671,718,-1,719,720,721,-1,722,538,675,-1,723,724,725,-1,725,724,722,-1,726,727,720,-1,720,727,728,-1,720,728,721,-1,721,728,729,-1,721,729,730,-1,553,726,667,-1,667,726,720,-1,667,720,668,-1,668,720,719,-1,668,719,669,-1,669,719,670,-1,722,675,725,-1,725,675,677,-1,725,677,731,-1,671,670,718,-1,718,670,719,-1,718,719,732,-1,732,719,721,-1,732,721,733,-1,733,721,730,-1,677,679,731,-1,731,679,681,-1,731,681,734,-1,733,735,732,-1,732,735,736,-1,732,736,718,-1,718,736,737,-1,718,737,672,-1,738,723,739,-1,739,723,725,-1,739,725,740,-1,740,725,731,-1,740,731,741,-1,741,731,734,-1,741,734,742,-1,742,734,717,-1,742,717,532,-1,532,674,737,-1,737,674,673,-1,737,673,672,-1,735,743,736,-1,736,743,744,-1,736,744,737,-1,737,744,532,-1,743,745,744,-1,744,745,532,-1,681,683,734,-1,734,683,685,-1,734,685,717,-1,717,685,687,-1,717,687,689,-1,730,738,733,-1,733,738,739,-1,733,739,735,-1,735,739,740,-1,735,740,743,-1,743,740,741,-1,743,741,745,-1,745,741,742,-1,745,742,532,-1,691,533,746,-1,686,684,747,-1,748,749,750,-1,751,566,692,-1,752,753,754,-1,754,753,751,-1,755,756,749,-1,749,756,757,-1,749,757,750,-1,750,757,758,-1,750,758,759,-1,537,755,676,-1,676,755,749,-1,676,749,678,-1,678,749,748,-1,678,748,680,-1,680,748,682,-1,751,692,754,-1,754,692,693,-1,754,693,760,-1,684,682,747,-1,747,682,748,-1,747,748,761,-1,761,748,750,-1,761,750,762,-1,762,750,759,-1,693,694,760,-1,760,694,695,-1,760,695,763,-1,762,764,761,-1,761,764,765,-1,761,765,747,-1,747,765,766,-1,747,766,686,-1,767,752,768,-1,768,752,754,-1,768,754,769,-1,769,754,760,-1,769,760,770,-1,770,760,763,-1,770,763,771,-1,771,763,746,-1,771,746,533,-1,533,690,766,-1,766,690,688,-1,766,688,686,-1,764,772,765,-1,765,772,773,-1,765,773,766,-1,766,773,533,-1,772,774,773,-1,773,774,533,-1,695,696,763,-1,763,696,697,-1,763,697,746,-1,746,697,698,-1,746,698,691,-1,759,767,762,-1,762,767,768,-1,762,768,764,-1,764,768,769,-1,764,769,772,-1,772,769,770,-1,772,770,774,-1,774,770,771,-1,774,771,533,-1,564,512,514,-1,564,514,707,-1,514,559,707,-1,707,559,775,-1,707,775,706,-1,706,775,776,-1,706,776,705,-1,776,777,705,-1,705,777,778,-1,705,778,704,-1,704,778,779,-1,704,779,703,-1,703,779,780,-1,703,780,700,-1,700,780,781,-1,544,524,526,-1,544,526,782,-1,526,543,782,-1,782,543,699,-1,782,699,783,-1,783,699,702,-1,783,702,781,-1,781,702,701,-1,781,701,700,-1,547,546,712,-1,712,546,784,-1,712,784,711,-1,711,784,785,-1,711,785,710,-1,710,785,786,-1,710,786,709,-1,786,787,709,-1,709,787,788,-1,709,788,708,-1,561,560,789,-1,789,560,713,-1,789,713,790,-1,790,713,714,-1,790,714,791,-1,791,714,715,-1,791,715,792,-1,792,715,716,-1,792,716,793,-1,793,716,708,-1,793,708,794,-1,794,708,788,-1,539,538,795,-1,795,538,722,-1,796,797,722,-1,722,797,798,-1,722,798,795,-1,722,724,796,-1,796,724,723,-1,796,723,799,-1,799,723,738,-1,738,730,799,-1,799,730,729,-1,799,729,800,-1,800,729,728,-1,800,728,801,-1,801,728,727,-1,801,727,802,-1,802,727,726,-1,802,726,803,-1,803,726,553,-1,803,553,552,-1,567,566,804,-1,804,566,751,-1,805,806,751,-1,751,806,807,-1,751,807,804,-1,751,753,805,-1,805,753,752,-1,805,752,808,-1,808,752,767,-1,767,759,808,-1,808,759,758,-1,808,758,809,-1,809,758,757,-1,809,757,810,-1,810,757,756,-1,810,756,811,-1,811,756,755,-1,811,755,812,-1,812,755,537,-1,812,537,536,-1,813,776,775,-1,813,775,814,-1,814,775,559,-1,814,559,558,-1,776,813,777,-1,777,813,815,-1,777,815,778,-1,815,816,778,-1,778,816,817,-1,778,817,779,-1,817,818,779,-1,779,818,819,-1,779,819,780,-1,780,819,820,-1,780,820,781,-1,781,820,821,-1,781,821,783,-1,783,821,822,-1,783,822,782,-1,782,822,544,-1,544,822,823,-1,544,823,545,-1,546,545,824,-1,824,545,825,-1,824,825,826,-1,826,825,827,-1,826,827,828,-1,828,827,829,-1,828,829,830,-1,830,829,831,-1,830,831,832,-1,832,831,833,-1,832,833,834,-1,834,833,835,-1,834,835,836,-1,836,835,837,-1,836,837,838,-1,837,839,838,-1,838,839,531,-1,838,531,529,-1,529,840,841,-1,842,840,529,-1,843,842,529,-1,529,844,845,-1,784,846,785,-1,785,846,847,-1,794,788,848,-1,848,788,787,-1,848,787,847,-1,847,787,786,-1,847,786,785,-1,794,848,793,-1,793,848,849,-1,793,849,792,-1,792,849,850,-1,792,850,791,-1,791,850,790,-1,790,850,851,-1,790,851,789,-1,789,851,852,-1,789,852,561,-1,836,838,845,-1,845,838,529,-1,841,844,529,-1,830,832,853,-1,853,832,834,-1,529,854,843,-1,843,854,855,-1,843,855,856,-1,856,857,843,-1,843,857,858,-1,843,858,842,-1,842,858,859,-1,842,859,840,-1,840,859,860,-1,840,860,841,-1,841,860,861,-1,841,861,844,-1,844,861,853,-1,844,853,845,-1,845,853,834,-1,845,834,836,-1,826,828,862,-1,862,828,830,-1,830,853,862,-1,862,853,861,-1,862,861,863,-1,863,861,860,-1,863,860,864,-1,864,860,859,-1,864,859,865,-1,865,859,858,-1,865,858,866,-1,866,858,857,-1,866,857,867,-1,784,546,846,-1,846,546,824,-1,846,824,826,-1,856,868,857,-1,857,868,869,-1,857,869,867,-1,867,869,870,-1,867,870,871,-1,826,862,846,-1,846,862,863,-1,846,863,847,-1,847,863,864,-1,847,864,848,-1,848,864,865,-1,848,865,849,-1,849,865,866,-1,849,866,850,-1,850,866,867,-1,850,867,851,-1,851,867,871,-1,851,871,852,-1,552,523,521,-1,552,521,803,-1,521,563,803,-1,803,563,872,-1,803,872,802,-1,802,872,873,-1,802,873,801,-1,874,800,875,-1,875,800,801,-1,875,801,876,-1,876,801,873,-1,548,519,517,-1,548,517,877,-1,517,539,877,-1,877,539,795,-1,877,795,878,-1,878,795,798,-1,878,798,879,-1,879,798,797,-1,879,797,880,-1,880,797,796,-1,880,796,874,-1,874,796,799,-1,874,799,800,-1,536,516,518,-1,536,518,812,-1,556,515,513,-1,556,513,881,-1,518,551,812,-1,812,551,882,-1,812,882,811,-1,811,882,883,-1,811,883,810,-1,810,883,884,-1,810,884,809,-1,809,884,885,-1,809,885,808,-1,808,885,886,-1,808,886,805,-1,805,886,887,-1,805,887,806,-1,806,887,888,-1,806,888,807,-1,807,888,889,-1,807,889,804,-1,804,889,881,-1,804,881,567,-1,567,881,513,-1,531,890,891,-1,892,890,531,-1,893,892,531,-1,531,894,895,-1,814,896,813,-1,813,896,897,-1,818,817,898,-1,898,817,816,-1,898,816,897,-1,897,816,815,-1,897,815,813,-1,818,898,819,-1,819,898,899,-1,819,899,820,-1,820,899,900,-1,820,900,821,-1,821,900,822,-1,822,900,901,-1,822,901,823,-1,823,901,825,-1,823,825,545,-1,902,903,895,-1,895,903,531,-1,891,894,531,-1,904,905,906,-1,906,905,907,-1,531,839,893,-1,893,839,837,-1,893,837,835,-1,835,908,893,-1,893,908,909,-1,893,909,892,-1,892,909,910,-1,892,910,890,-1,890,910,911,-1,890,911,891,-1,891,911,912,-1,891,912,894,-1,894,912,906,-1,894,906,895,-1,895,906,907,-1,895,907,902,-1,913,914,915,-1,915,914,904,-1,904,906,915,-1,915,906,912,-1,915,912,916,-1,916,912,911,-1,916,911,917,-1,917,911,910,-1,917,910,918,-1,918,910,909,-1,918,909,919,-1,919,909,908,-1,919,908,920,-1,814,558,896,-1,896,558,921,-1,896,921,913,-1,835,833,908,-1,908,833,831,-1,908,831,920,-1,920,831,829,-1,920,829,827,-1,913,915,896,-1,896,915,916,-1,896,916,897,-1,897,916,917,-1,897,917,898,-1,898,917,918,-1,898,918,899,-1,899,918,919,-1,899,919,900,-1,900,919,920,-1,900,920,901,-1,901,920,827,-1,901,827,825,-1,562,561,922,-1,922,561,852,-1,922,852,923,-1,923,852,871,-1,923,871,924,-1,924,871,870,-1,924,870,925,-1,925,870,869,-1,925,869,926,-1,926,869,868,-1,926,868,927,-1,927,868,856,-1,927,856,928,-1,928,856,855,-1,928,855,929,-1,855,854,929,-1,929,854,529,-1,929,529,528,-1,930,873,872,-1,930,872,931,-1,931,872,563,-1,931,563,562,-1,873,930,876,-1,876,930,932,-1,876,932,875,-1,932,933,875,-1,875,933,934,-1,875,934,874,-1,549,548,935,-1,935,548,877,-1,935,877,936,-1,936,877,878,-1,936,878,937,-1,937,878,879,-1,937,879,938,-1,938,879,880,-1,938,880,939,-1,939,880,874,-1,939,874,940,-1,940,874,934,-1,941,883,882,-1,941,882,942,-1,942,882,551,-1,942,551,550,-1,883,941,884,-1,884,941,943,-1,884,943,885,-1,943,944,885,-1,885,944,945,-1,885,945,886,-1,945,946,886,-1,886,946,947,-1,886,947,887,-1,887,947,948,-1,887,948,888,-1,888,948,949,-1,888,949,889,-1,889,949,950,-1,889,950,881,-1,881,950,556,-1,556,950,951,-1,556,951,557,-1,530,531,903,-1,558,557,921,-1,921,557,952,-1,921,952,913,-1,913,952,953,-1,913,953,914,-1,914,953,954,-1,914,954,904,-1,904,954,955,-1,904,955,905,-1,905,955,956,-1,905,956,907,-1,907,956,957,-1,907,957,902,-1,902,957,958,-1,902,958,903,-1,903,958,959,-1,903,959,530,-1,528,960,961,-1,962,960,528,-1,963,962,528,-1,528,964,965,-1,931,966,930,-1,930,966,967,-1,930,967,932,-1,932,967,933,-1,933,967,968,-1,933,968,934,-1,934,968,940,-1,940,968,969,-1,940,969,939,-1,939,969,938,-1,938,969,970,-1,938,970,937,-1,937,970,936,-1,936,970,971,-1,936,971,935,-1,935,971,972,-1,935,972,549,-1,928,929,965,-1,965,929,528,-1,961,964,528,-1,925,926,973,-1,973,926,927,-1,528,974,963,-1,963,974,975,-1,963,975,976,-1,976,977,963,-1,963,977,978,-1,963,978,962,-1,962,978,979,-1,962,979,960,-1,960,979,980,-1,960,980,961,-1,961,980,981,-1,961,981,964,-1,964,981,973,-1,964,973,965,-1,965,973,927,-1,965,927,928,-1,923,924,982,-1,982,924,925,-1,925,973,982,-1,982,973,981,-1,982,981,983,-1,983,981,980,-1,983,980,984,-1,984,980,979,-1,984,979,985,-1,985,979,978,-1,985,978,986,-1,986,978,977,-1,986,977,987,-1,931,562,966,-1,966,562,922,-1,966,922,923,-1,976,988,977,-1,977,988,989,-1,977,989,987,-1,987,989,990,-1,987,990,991,-1,923,982,966,-1,966,982,983,-1,966,983,967,-1,967,983,984,-1,967,984,968,-1,968,984,985,-1,968,985,969,-1,969,985,986,-1,969,986,970,-1,970,986,987,-1,970,987,971,-1,971,987,991,-1,971,991,972,-1,530,992,993,-1,994,992,530,-1,995,994,530,-1,530,996,997,-1,942,998,941,-1,941,998,999,-1,946,945,1000,-1,1000,945,944,-1,1000,944,999,-1,999,944,943,-1,999,943,941,-1,946,1000,947,-1,947,1000,1001,-1,947,1001,948,-1,948,1001,1002,-1,948,1002,949,-1,949,1002,950,-1,950,1002,1003,-1,950,1003,951,-1,951,1003,952,-1,951,952,557,-1,1004,1005,997,-1,997,1005,530,-1,993,996,530,-1,1006,1007,1008,-1,1008,1007,1009,-1,530,959,995,-1,995,959,958,-1,995,958,957,-1,957,1010,995,-1,995,1010,1011,-1,995,1011,994,-1,994,1011,1012,-1,994,1012,992,-1,992,1012,1013,-1,992,1013,993,-1,993,1013,1014,-1,993,1014,996,-1,996,1014,1008,-1,996,1008,997,-1,997,1008,1009,-1,997,1009,1004,-1,1015,1016,1017,-1,1017,1016,1006,-1,1006,1008,1017,-1,1017,1008,1014,-1,1017,1014,1018,-1,1018,1014,1013,-1,1018,1013,1019,-1,1019,1013,1012,-1,1019,1012,1020,-1,1020,1012,1011,-1,1020,1011,1021,-1,1021,1011,1010,-1,1021,1010,1022,-1,942,550,998,-1,998,550,1023,-1,998,1023,1015,-1,957,956,1010,-1,1010,956,955,-1,1010,955,1022,-1,1022,955,954,-1,1022,954,953,-1,1015,1017,998,-1,998,1017,1018,-1,998,1018,999,-1,999,1018,1019,-1,999,1019,1000,-1,1000,1019,1020,-1,1000,1020,1001,-1,1001,1020,1021,-1,1001,1021,1002,-1,1002,1021,1022,-1,1002,1022,1003,-1,1003,1022,953,-1,1003,953,952,-1,550,549,1023,-1,1023,549,972,-1,1023,972,1015,-1,1015,972,991,-1,1015,991,1016,-1,1016,991,990,-1,1016,990,1006,-1,1006,990,989,-1,1006,989,1007,-1,1007,989,988,-1,1007,988,1009,-1,1009,988,976,-1,1009,976,1004,-1,1004,976,975,-1,1004,975,1005,-1,975,974,1005,-1,1005,974,528,-1,1005,528,530,-1,
        ]
    }
}
Shape{
    appearance Appearance {
        material  Material {
            diffuseColor 0.5019607843137255 1.0 0.5019607843137255
            specularColor 0.25098039215686274 0.5019607843137255 0.25098039215686274
            ambientIntensity 0.7943
            transparency 0.0
            shininess 0.5
        }
    }
    geometry IndexedFaceSet {
        ccw TRUE
        solid FALSE
        coord DEF co Coordinate {
            point [
                -1.0 -1.5157 2.223, -1.0 -1.5551 2.223, -1.0 -1.5551 2.0305, -1.0 -1.5748 3.538, -1.0 -1.5666 3.5318, -1.0 -1.2795 4.4818, -1.0 -1.5604 3.5236, -1.0 -1.5565 3.5141, -1.0 -1.5551 3.5039, -1.0 -1.5551 2.2849, -1.0 -1.5157 2.2849, -1.0 -1.5157 2.0305, -1.0 -1.5157 1.9686, -1.0 -1.2795 1.0236, -1.0 -1.5843 3.542, -1.0 -1.2815 4.4943, -1.0 -1.5945 3.5433, -1.0 -1.3583 4.7244, -1.0 1.4764 0.0394, -1.0 1.4764 4.685, -1.0 1.0827 4.7244, -1.0 -1.2598 0.9895, -1.0 -1.268 0.9958, -1.0 -1.5551 0.0394, -1.0 -1.2743 1.0039, -1.0 -1.2782 1.0134, -1.0 -1.7913 4.7244, -1.0 -1.8681 4.4943, -1.0 -1.28 4.4881, -1.0 1.0827 1.0236, -1.0 1.0813 1.0134, -1.0 1.0774 1.0039, -1.0 0.1982 1.0134, -1.0 -0.1189 0.9895, -1.0 -0.1288 0.9856, -1.0 -0.1394 0.9843, -1.0 -1.2402 0.9843, -1.0 -1.5354 0.0053, -1.0 -1.2503 0.9856, -1.0 -1.5436 0.0115, -1.0 -1.5498 0.0197, -1.0 -1.8696 4.4881, -1.0 -1.8701 4.4818, -1.0 -1.8701 3.5827, -1.0 -1.8307 3.5433, -1.0 -1.5551 1.9686, -1.0 -1.5551 1.7829, -1.0 -1.5157 1.7829, -1.0 -1.5157 1.721, -1.0 -1.5551 1.721, -1.0 0.226 0.9856, -1.0 -1.5157 0.0, -1.0 0.2362 0.9843, -1.0 1.437 0.0, -1.0 1.0433 0.9843, -1.0 1.0535 0.9856, -1.0 0.2021 1.0039, -1.0 -1.5259 0.0013, -1.0 0.2084 0.9958, -1.0 0.2165 0.9895, -1.0 -1.5538 0.0292, -1.0 1.475 4.6952, -1.0 1.4472 4.7231, -1.0 1.437 4.7244, -1.0 1.4711 4.7047, -1.0 1.4648 4.7129, -1.0 1.4567 4.7191, -1.0 1.4472 0.0013, -1.0 1.4567 0.0053, -1.0 1.4648 0.0115, -1.0 1.0711 0.9958, -1.0 1.063 0.9895, -1.0 1.475 0.0292, -1.0 1.4711 0.0197, -1.0 -0.0988 1.0185, -1.0 0.1969 1.0236, -1.0 -1.8648 3.563, -1.0 -1.8585 3.5548, -1.0 -1.8504 3.5486, -1.0 -1.8687 3.5725, -1.0 -1.8409 3.5446, -1.0 0.1969 1.1811, -1.0 -0.0984 1.1811, -1.0 -0.0984 1.0236, -1.0 -0.0998 1.0134, -1.0 -0.1015 1.0086, -1.0 -0.1039 1.0039, -1.0 -0.1069 0.9997, -1.0 -0.1104 0.9958, -1.0704 -1.5551 2.2849, -2.1019 -1.5551 2.2849, -2.0448 -1.5551 2.1268, -1.8119 -1.5551 2.1268, -1.6274 -1.5551 2.0666, -1.6079 -1.5551 2.1267, -1.6755 -1.5551 2.2849, -2.9606 -1.5551 0.0394, -1.0566 -1.5551 1.721, -1.0566 -1.5551 1.7829, -1.7581 -1.5551 2.2849, -2.9606 -1.5551 3.5039, -1.6343 -1.5551 1.9959, -1.1804 -1.5551 1.721, -1.0429 -1.5551 1.9686, -1.0429 -1.5551 2.0305, -1.0704 -1.5551 2.223, -1.1804 -1.5551 2.2849, -1.5764 -1.5551 2.1776, -1.5307 -1.5551 2.2227, -1.4731 -1.5551 2.2575, -1.4083 -1.5551 2.2779, -1.3337 -1.5551 2.2849, -1.8887 -1.5551 1.721, -1.9644 -1.5551 1.721, -2.1844 -1.5551 2.2849, -1.6271 -1.5551 1.9268, -1.6082 -1.5551 1.8716, -1.4806 -1.5551 1.7498, -1.5375 -1.5551 1.785, -1.5783 -1.5551 1.8249, -1.3395 -1.5551 1.721, -1.4137 -1.5551 1.7281, -1.4331 -1.5157 0.0, -1.4127 -1.5131 0.0, -1.3937 -1.5052 0.0, -1.3774 -1.4927 0.0, -1.3649 -1.4764 0.0, -1.3543 1.437 0.0, -1.3543 -1.437 0.0, -1.357 -1.4574 0.0, -2.4331 -1.8701 4.3701, -2.4331 -1.8701 4.4818, -2.9606 -1.8701 4.4818, -1.59 -1.8701 4.3144, -1.6063 -1.8701 4.3019, -1.5669 -1.8701 4.4818, -1.5669 -1.8701 4.3701, -1.5696 -1.8701 4.3497, -1.5775 -1.8701 4.3307, -2.9606 -1.8701 3.5827, -2.3747 -1.8701 4.294, -2.3937 -1.8701 4.3019, -2.41 -1.8701 4.3144, -2.4225 -1.8701 4.3307, -2.4304 -1.8701 4.3497, -1.6253 -1.8701 4.294, -1.6457 -1.8701 4.2913, -2.3543 -1.8701 4.2913, -1.8425 1.122 0.7874, -1.8425 0.2362 0.7874, -2.1575 1.122 0.7874, -2.1575 0.2362 0.7874, -2.9606 -1.7913 4.7244, -2.4331 -1.7913 4.7244, -2.9606 -1.3583 4.7244, -2.4331 -1.3583 4.7244, -2.9606 -1.2815 4.4943, -2.4331 -1.2815 4.4943, -2.9606 -1.8681 4.4943, -2.4331 -1.8681 4.4943, -1.5669 -1.2795 1.2205, -1.5669 -1.2795 1.0236, -2.4331 -1.2795 1.0236, -2.9606 -1.2795 1.0236, -2.4331 -1.2795 1.2205, -2.9606 -1.2795 4.4818, -2.4331 -1.2795 4.4818, -2.4331 -1.2795 4.3701, -2.4304 -1.2795 4.3497, -2.4225 -1.2795 4.3307, -2.41 -1.2795 4.3144, -2.3937 -1.2795 4.3019, -2.3747 -1.2795 4.294, -2.3543 -1.2795 4.2913, -1.6457 -1.2795 4.2913, -1.6253 -1.2795 4.294, -1.5669 -1.2795 4.4818, -1.5669 -1.2795 4.3701, -1.5696 -1.2795 4.3497, -1.6063 -1.2795 4.3019, -1.59 -1.2795 4.3144, -1.5775 -1.2795 4.3307, -1.2065 0.2362 0.9843, -1.4828 1.0455 0.9843, -1.5001 1.0518 0.9843, -1.5669 0.6603 0.9843, -1.5155 1.0621 0.9843, -1.5669 1.102 0.9843, -1.5532 0.596 0.9843, -1.5366 0.5674 0.9843, -1.4645 1.0433 0.9843, -1.5144 0.5429 0.9843, -1.4497 0.4771 0.9843, -1.3937 0.4036 0.9843, -1.5635 0.6274 0.9843, -1.3475 0.3237 0.9843, -1.3287 0.2944 0.9843, -1.3038 0.2699 0.9843, -1.2741 0.2515 0.9843, -1.2412 0.2401 0.9843, -2.4331 0.6603 0.9843, -2.4331 1.102 0.9843, -2.4845 1.0621 0.9843, -2.6713 0.2944 0.9843, -2.6525 0.3237 0.9843, -2.9606 1.0433 0.9843, -2.4999 1.0518 0.9843, -2.5172 1.0455 0.9843, -2.4365 0.6274 0.9843, -2.5355 1.0433 0.9843, -2.4468 0.596 0.9843, -2.4634 0.5674 0.9843, -2.6063 0.4036 0.9843, -2.5503 0.4771 0.9843, -2.4856 0.5429 0.9843, -2.9606 0.2362 0.9843, -2.7935 0.2362 0.9843, -2.7588 0.2401 0.9843, -2.7259 0.2515 0.9843, -2.6962 0.2699 0.9843, -2.4634 -0.5674 0.9843, -2.4856 -0.5429 0.9843, -2.9606 -1.2402 0.9843, -2.5573 -0.469 0.9843, -2.6179 -0.3857 0.9843, -2.4331 -1.2402 0.9843, -2.4331 -0.6603 0.9843, -2.4365 -0.6274 0.9843, -2.4468 -0.596 0.9843, -2.6661 -0.2947 0.9843, -2.6833 -0.265 0.9843, -2.7065 -0.2398 0.9843, -2.7346 -0.2202 0.9843, -2.7663 -0.2071 0.9843, -2.9606 -0.1508 0.9843, -1.5669 -0.6603 0.9843, -1.5669 -1.2402 0.9843, -1.3339 -0.2947 0.9843, -1.3821 -0.3857 0.9843, -1.3167 -0.265 0.9843, -1.2337 -0.2071 0.9843, -1.2654 -0.2202 0.9843, -1.2935 -0.2398 0.9843, -1.4427 -0.469 0.9843, -1.5144 -0.5429 0.9843, -1.5366 -0.5674 0.9843, -1.5532 -0.596 0.9843, -1.5635 -0.6274 0.9843, -1.5441 1.1341 1.0236, -1.49 1.0921 1.0236, -1.5441 1.1341 1.2205, -1.49 1.0921 4.685, -1.5172 1.1142 4.685, -1.5979 1.1691 4.685, -1.6036 1.1713 1.2205, -1.6032 1.1718 4.685, -1.6226 1.1832 1.2205, -1.6848 1.2137 4.685, -1.7117 1.2248 1.2205, -1.7286 1.2303 1.2205, -1.7288 1.2298 4.685, -1.8052 1.2551 1.2205, -1.7765 1.2471 4.685, -1.8623 1.2659 1.2205, -1.8621 1.2668 4.685, -1.9019 1.2734 1.2205, -1.8716 1.269 4.685, -2.0 1.2795 1.2205, -1.9687 1.2789 4.685, -2.0 1.2782 4.685, -2.0981 1.2734 1.2205, -2.0663 1.2767 4.685, -2.1377 1.2659 1.2205, -2.1378 1.2662 4.685, -2.1629 1.2625 4.685, -2.1948 1.2551 1.2205, -2.2569 1.2364 4.685, -2.2714 1.2303 1.2205, -2.2714 1.2304 4.685, -2.2883 1.2248 1.2205, -2.3471 1.1989 4.685, -2.3774 1.1832 1.2205, -2.3964 1.1713 1.2205, -2.51 1.0921 1.0236, -2.4559 1.1341 1.0236, -2.4559 1.1341 1.2205, -2.3962 1.1709 4.685, -2.4318 1.1505 4.685, -2.51 1.0921 4.685, -2.9606 1.0827 1.0236, -2.5355 1.0827 1.0236, -2.9606 1.0827 4.685, -2.5355 1.0827 4.685, -2.6351 -1.4764 0.0, -2.6226 -1.4927 0.0, -2.9606 -1.5157 0.0, -2.643 -1.4574 0.0, -2.6063 -1.5052 0.0, -2.5873 -1.5131 0.0, -2.5669 -1.5157 0.0, -2.9606 1.437 0.0, -2.6457 1.437 0.0, -2.6457 -1.437 0.0, -1.5669 -1.7913 4.7244, -1.5669 -1.3583 4.7244, -1.4214 1.0827 4.7244, -1.4339 1.0827 4.723, -1.4398 1.0827 4.7223, -1.4478 1.0827 4.7199, -1.4645 1.0827 4.711, -1.4645 1.0827 1.0236, -1.4609 1.0827 4.7136, -1.4568 1.0827 4.7156, -2.9606 1.122 4.7244, -2.5355 1.122 4.7244, -2.9606 1.437 4.7244, -2.4534 1.1835 4.7244, -1.7653 1.2849 4.7244, -1.669 1.2497 4.7244, -2.3644 1.2343 4.7244, -2.2698 1.2736 4.7244, -2.171 1.301 4.7244, -1.4931 1.1453 4.7244, -1.5778 1.203 4.7244, -2.0696 1.316 4.7244, -1.9671 1.3182 4.7244, -1.8652 1.3078 4.7244, -1.3774 1.4764 1.0006, -1.3937 1.4764 1.0131, -1.3543 1.4764 0.0394, -1.3543 1.4764 0.9449, -1.357 1.4764 0.9653, -1.3649 1.4764 0.9843, -2.9606 1.4764 4.685, -2.6351 1.4764 0.9843, -2.643 1.4764 0.9653, -2.9606 1.4764 0.0394, -2.6457 1.4764 0.9449, -2.6457 1.4764 0.0394, -2.5873 1.4764 1.0209, -2.6063 1.4764 1.0131, -2.6226 1.4764 1.0006, -1.4127 1.4764 1.0209, -1.4331 1.4764 1.0236, -2.5669 1.4764 1.0236, -3.0 -1.8307 4.4818, -3.0 -1.763 4.685, -3.0 -1.3866 4.685, -3.0 1.099 0.9679, -3.0 1.1115 0.9843, -3.0 1.437 0.0394, -3.0 -0.0688 1.0236, -3.0 -0.0688 1.1417, -3.0 0.1575 1.1417, -3.0 1.0433 0.9449, -3.0 1.0637 0.9476, -3.0 1.0827 0.9554, -3.0 1.122 4.685, -3.0 1.437 4.685, -3.0 1.122 1.0236, -3.0 1.1194 1.0032, -3.0 0.1575 1.0236, -3.0 0.1602 1.0032, -3.0 -0.0714 1.004, -3.0 0.168 0.9843, -3.0 0.1805 0.9679, -3.0 -1.5388 3.5596, -3.0 -1.3189 4.4818, -3.0 -1.5263 3.5433, -3.0 -1.5184 3.5243, -3.0 -1.8307 3.5827, -3.0 -1.5945 3.5827, -3.0 -1.5741 3.58, -3.0 -1.5551 3.5721, -3.0 -0.1288 0.9478, -3.0 -0.1086 0.9561, -3.0 -1.3083 0.9843, -3.0 -1.2958 0.9679, -3.0 -1.5157 0.0394, -3.0 -1.2795 0.9554, -3.0 -0.0917 0.9691, -3.0 -0.0791 0.9854, -3.0 -1.5157 3.5039, -3.0 -1.3189 1.0236, -3.0 -1.3162 1.0032, -3.0 0.1969 0.9554, -3.0 0.2158 0.9476, -3.0 0.2362 0.9449, -3.0 -1.2605 0.9476, -3.0 -1.2402 0.9449, -3.0 -0.1508 0.9449, -1.2065 0.1969 1.0236, -1.2065 0.1969 1.1811, -1.2498 0.2017 1.1811, -1.2498 0.2017 1.0236, -1.291 0.2159 1.1811, -1.291 0.2159 1.0236, -1.3281 0.2389 1.1811, -1.3281 0.2389 1.0236, -1.3592 0.2695 1.1811, -1.3592 0.2695 1.0236, -1.3828 0.3062 1.1811, -1.3828 0.3062 1.0236, -1.4265 0.3818 1.0236, -1.4519 0.4174 1.1811, -1.5407 0.5135 1.0236, -1.5407 0.5135 1.1811, -1.4794 0.4513 1.0236, -1.453 0.4166 1.0236, -1.5684 0.5442 1.1811, -1.5684 0.5442 1.0236, -1.5891 0.5799 1.1811, -1.5891 0.5799 1.0236, -1.602 0.6192 1.1811, -1.602 0.6192 1.0236, -1.6063 0.6603 1.1811, -1.6063 0.6603 1.0236, -1.6063 1.102 1.1811, -1.6063 1.102 1.0236, -2.3937 1.102 1.0236, -2.3937 0.6603 1.0236, -2.3937 1.102 1.1811, -2.3937 0.6603 1.1811, -2.398 0.6192 1.1811, -2.398 0.6192 1.0236, -2.4109 0.5799 1.1811, -2.4109 0.5799 1.0236, -2.4316 0.5442 1.1811, -2.4316 0.5442 1.0236, -2.4593 0.5135 1.1811, -2.4593 0.5135 1.0236, -2.5206 0.4513 1.0236, -2.5481 0.4174 1.1811, -2.6172 0.3062 1.0236, -2.6172 0.3062 1.1811, -2.5735 0.3818 1.0236, -2.547 0.4166 1.0236, -2.6408 0.2695 1.1811, -2.6408 0.2695 1.0236, -2.6719 0.2389 1.1811, -2.6719 0.2389 1.0236, -2.709 0.2159 1.1811, -2.709 0.2159 1.0236, -2.7502 0.2017 1.1811, -2.7502 0.2017 1.0236, -2.7935 0.1969 1.1811, -2.7935 0.1969 1.0236, -2.9606 0.1969 1.1811, -2.9606 0.1969 1.0236, -2.9716 -0.1067 1.0236, -2.7553 -0.1693 1.0236, -2.7553 -0.1693 1.1811, -2.9606 -0.1098 1.1811, -2.9694 -0.1073 1.1801, -2.9716 -0.1067 1.1795, -2.7157 -0.1856 1.1811, -2.7157 -0.1856 1.0236, -2.6806 -0.2102 1.1811, -2.6806 -0.2102 1.0236, -2.6516 -0.2417 1.1811, -2.6516 -0.2417 1.0236, -2.6301 -0.2787 1.1811, -2.6301 -0.2787 1.0236, -2.5845 -0.3648 1.0236, -2.5845 -0.3648 1.1811, -2.5272 -0.4436 1.0236, -2.5272 -0.4436 1.1811, -2.4593 -0.5135 1.0236, -2.4593 -0.5135 1.1811, -2.4316 -0.5442 1.1811, -2.4316 -0.5442 1.0236, -2.4109 -0.5799 1.1811, -2.4109 -0.5799 1.0236, -2.398 -0.6192 1.1811, -2.398 -0.6192 1.0236, -2.3937 -0.6603 1.1811, -2.3937 -0.6603 1.0236, -2.3937 -1.2402 1.1811, -2.3937 -1.2402 1.0236, -1.6063 -1.2402 1.0236, -1.6063 -0.6603 1.0236, -1.6063 -1.2402 1.1811, -1.6063 -0.6603 1.1811, -1.602 -0.6192 1.1811, -1.602 -0.6192 1.0236, -1.5891 -0.5799 1.1811, -1.5891 -0.5799 1.0236, -1.5684 -0.5442 1.1811, -1.5684 -0.5442 1.0236, -1.5407 -0.5135 1.1811, -1.5407 -0.5135 1.0236, -1.4728 -0.4436 1.0236, -1.4728 -0.4436 1.1811, -1.4155 -0.3648 1.0236, -1.4155 -0.3648 1.1811, -1.3699 -0.2787 1.0236, -1.3699 -0.2787 1.1811, -1.3484 -0.2417 1.1811, -1.3484 -0.2417 1.0236, -1.3194 -0.2102 1.1811, -1.3194 -0.2102 1.0236, -1.2843 -0.1856 1.1811, -1.2843 -0.1856 1.0236, -1.2447 -0.1693 1.1811, -1.2447 -0.1693 1.0236, -2.0 1.2402 1.1811, -2.0932 1.2343 1.1811, -1.6051 1.1115 1.1811, -2.3585 1.1486 1.1811, -2.4004 1.124 1.1811, -2.3983 1.1204 1.1811, -1.6017 1.1204 1.1811, -1.5996 1.124 1.1811, -1.6415 1.1486 1.1811, -2.3949 1.1115 1.1811, -2.185 1.2169 1.1811, -2.2739 1.1882 1.1811, -2.5027 -0.1726 1.1811, -1.7261 1.1882 1.1811, -1.815 1.2169 1.1811, -1.9068 1.2343 1.1811, -1.4758 0.0875 1.1811, -1.4685 0.0 1.1811, -1.4973 0.1726 1.1811, -1.5326 0.253 1.1811, -1.7865 0.4867 1.1811, -1.5806 0.3265 1.1811, -1.64 0.391 1.1811, -1.7093 0.445 1.1811, -2.5242 -0.0875 1.1811, -2.5315 0.0 1.1811, -1.4973 -0.1726 1.1811, -1.4758 -0.0875 1.1811, -1.8695 0.5152 1.1811, -1.9561 0.5297 1.1811, -2.0439 0.5297 1.1811, -2.5242 0.0875 1.1811, -2.5027 0.1726 1.1811, -2.4674 0.253 1.1811, -2.4194 0.3265 1.1811, -2.36 0.391 1.1811, -2.2907 0.445 1.1811, -2.2135 0.4867 1.1811, -2.1305 0.5152 1.1811, -1.9561 -0.5297 1.1811, -1.8695 -0.5152 1.1811, -1.7865 -0.4867 1.1811, -1.7093 -0.445 1.1811, -1.64 -0.391 1.1811, -1.5806 -0.3265 1.1811, -1.5326 -0.253 1.1811, -2.4674 -0.253 1.1811, -2.4194 -0.3265 1.1811, -2.36 -0.391 1.1811, -2.2907 -0.445 1.1811, -2.2135 -0.4867 1.1811, -2.1305 -0.5152 1.1811, -2.0439 -0.5297 1.1811, -2.1549 -0.4255 1.5748, -2.1575 -0.1969 1.5748, -2.2264 -0.3921 1.5748, -2.1677 -0.1955 1.5748, -2.291 -0.3468 1.5748, -2.1772 -0.1916 1.5748, -2.3468 -0.291 1.5748, -1.8425 -0.1969 1.5748, -1.8451 -0.4255 1.5748, -1.8338 -0.1959 1.5748, -1.7736 -0.3921 1.5748, -1.8254 -0.193 1.5748, -1.818 -0.1883 1.5748, -1.709 -0.3468 1.5748, -1.8117 -0.182 1.5748, -1.6532 -0.291 1.5748, -1.807 -0.1746 1.5748, -1.6079 -0.2264 1.5748, -1.8041 -0.1662 1.5748, -2.0786 -0.4459 1.5748, -2.0 -0.4528 1.5748, -1.9214 -0.4459 1.5748, -2.1853 -0.1853 1.5748, -2.1916 -0.1772 1.5748, -2.3921 -0.2264 1.5748, -2.1955 -0.1677 1.5748, -2.4255 -0.1549 1.5748, -2.1969 -0.1575 1.5748, -2.3921 0.2264 1.5748, -2.193 0.1746 1.5748, -2.3468 0.291 1.5748, -2.1883 0.182 1.5748, -2.291 0.3468 1.5748, -2.182 0.1883 1.5748, -2.2264 0.3921 1.5748, -1.8031 -0.1575 1.5748, -1.5745 -0.1549 1.5748, -1.5541 -0.0786 1.5748, -1.6079 0.2264 1.5748, -1.8041 0.1662 1.5748, -1.5745 0.1549 1.5748, -1.8031 0.1575 1.5748, -1.5541 0.0786 1.5748, -1.5472 0.0 1.5748, -2.4255 0.1549 1.5748, -2.1969 0.1575 1.5748, -2.1959 0.1662 1.5748, -1.7736 0.3921 1.5748, -1.8451 0.4255 1.5748, -1.8425 0.1969 1.5748, -1.8338 0.1959 1.5748, -1.8254 0.193 1.5748, -1.709 0.3468 1.5748, -1.818 0.1883 1.5748, -1.6532 0.291 1.5748, -1.8117 0.182 1.5748, -1.807 0.1746 1.5748, -2.1746 0.193 1.5748, -2.1662 0.1959 1.5748, -2.1549 0.4255 1.5748, -2.1575 0.1969 1.5748, -2.4459 0.0786 1.5748, -2.4528 0.0 1.5748, -2.4459 -0.0786 1.5748, -1.9214 0.4459 1.5748, -2.0 0.4528 1.5748, -2.0786 0.4459 1.5748, -1.5738 0.2461 1.5354, -1.6116 0.3023 1.2205, -1.623 0.3163 1.5354, -1.6328 0.3253 1.2205, -1.6323 0.3257 1.5354, -1.6837 0.377 1.5354, -1.6667 0.3621 1.2205, -1.7215 0.4035 1.5354, -1.721 0.4043 1.2205, -1.7539 0.4262 1.5354, -2.0 0.4921 1.5354, -1.9408 0.4869 1.5354, -1.9409 0.4874 1.2205, -1.9145 0.4846 1.5354, -1.8792 0.4771 1.2205, -1.8317 0.4624 1.5354, -1.826 0.4588 1.2205, -1.8257 0.4597 1.5354, -1.8023 0.4507 1.2205, -1.7308 0.412 1.2205, -2.4262 -0.2461 1.5354, -2.3884 -0.3023 1.2205, -2.377 -0.3163 1.5354, -2.3672 -0.3253 1.2205, -2.3677 -0.3257 1.5354, -1.9594 0.4904 1.2205, -2.0406 0.4904 1.2205, -2.0592 0.4869 1.5354, -2.0591 0.4874 1.2205, -2.0855 0.4846 1.5354, -2.1208 0.4771 1.2205, -2.1683 0.4624 1.5354, -2.174 0.4588 1.2205, -2.1743 0.4597 1.5354, -2.1977 0.4507 1.2205, -2.2461 0.4262 1.5354, -2.2692 0.412 1.2205, -2.2785 0.4035 1.5354, -2.279 0.4043 1.2205, -2.3163 0.377 1.5354, -2.3333 0.3621 1.2205, -2.3677 0.3257 1.5354, -2.3672 0.3253 1.2205, -2.377 0.3163 1.5354, -2.3884 0.3023 1.2205, -2.4262 0.2461 1.5354, -2.4328 0.2342 1.2205, -2.4346 0.2281 1.5354, -2.4353 0.2285 1.2205, -2.4624 0.1683 1.5354, -2.4655 0.1598 1.2205, -2.4761 0.1173 1.5354, -2.4762 0.1174 1.2205, -2.4846 0.0855 1.5354, -2.4854 0.081 1.2205, -2.4921 0.0 1.5354, -2.4921 0.0 1.2205, -2.4846 -0.0855 1.5354, -2.4854 -0.081 1.2205, -2.4761 -0.1173 1.5354, -2.4762 -0.1174 1.2205, -2.4624 -0.1683 1.5354, -2.4655 -0.1598 1.2205, -2.4346 -0.2281 1.5354, -2.4353 -0.2285 1.2205, -2.4328 -0.2342 1.2205, -2.3163 -0.377 1.5354, -2.3333 -0.3621 1.2205, -2.2785 -0.4035 1.5354, -2.279 -0.4043 1.2205, -2.2461 -0.4262 1.5354, -2.0 -0.4921 1.5354, -2.0592 -0.4869 1.5354, -2.0591 -0.4874 1.2205, -2.0855 -0.4846 1.5354, -2.1208 -0.4771 1.2205, -2.1683 -0.4624 1.5354, -2.174 -0.4588 1.2205, -2.1743 -0.4597 1.5354, -2.1977 -0.4507 1.2205, -2.2692 -0.412 1.2205, -2.0406 -0.4904 1.2205, -1.9594 -0.4904 1.2205, -1.9408 -0.4869 1.5354, -1.9409 -0.4874 1.2205, -1.9145 -0.4846 1.5354, -1.8792 -0.4771 1.2205, -1.8317 -0.4624 1.5354, -1.826 -0.4588 1.2205, -1.8257 -0.4597 1.5354, -1.8023 -0.4507 1.2205, -1.7539 -0.4262 1.5354, -1.7308 -0.412 1.2205, -1.7215 -0.4035 1.5354, -1.721 -0.4043 1.2205, -1.6837 -0.377 1.5354, -1.6667 -0.3621 1.2205, -1.6323 -0.3257 1.5354, -1.6328 -0.3253 1.2205, -1.623 -0.3163 1.5354, -1.6116 -0.3023 1.2205, -1.5738 -0.2461 1.5354, -1.5672 -0.2342 1.2205, -1.5654 -0.2281 1.5354, -1.5647 -0.2285 1.2205, -1.5376 -0.1683 1.5354, -1.5345 -0.1598 1.2205, -1.5239 -0.1173 1.5354, -1.5238 -0.1174 1.2205, -1.5154 -0.0855 1.5354, -1.5146 -0.081 1.2205, -1.5079 0.0 1.5354, -1.5079 0.0 1.2205, -1.5154 0.0855 1.5354, -1.5146 0.081 1.2205, -1.5239 0.1173 1.5354, -1.5238 0.1174 1.2205, -1.5376 0.1683 1.5354, -1.5345 0.1598 1.2205, -1.5654 0.2281 1.5354, -1.5647 0.2285 1.2205, -1.5672 0.2342 1.2205, -1.5669 -1.2815 4.4943, -1.5669 -1.8681 4.4943, -2.3543 -1.8307 4.3307, -1.6457 -1.8307 4.3307, -2.3543 -1.3189 4.3307, -1.6457 -1.3189 4.3307, -2.3937 -1.3866 4.685, -2.3937 -1.763 4.685, -2.3937 -1.3189 4.4818, -2.3937 -1.8307 4.4818, -2.3937 -1.3189 4.3701, -2.3937 -1.8307 4.3701, -1.6063 -1.763 4.685, -1.6063 -1.3866 4.685, -1.6063 -1.8307 4.4818, -1.6063 -1.3189 4.4818, -1.6063 -1.8307 4.3701, -1.6063 -1.3189 4.3701, -1.3937 -1.437 0.0394, -1.3937 -1.437 0.1575, -1.3937 1.437 0.0394, -1.3937 1.122 0.1575, -1.3937 1.1424 0.1602, -1.3937 1.1614 0.168, -1.3937 1.1777 0.1805, -1.3937 1.1902 0.1969, -1.3937 1.2008 0.9449, -1.3937 1.437 0.9449, -1.3937 1.2008 0.2362, -1.3937 1.1981 0.2158, -2.6063 1.1981 0.2158, -2.6063 1.1902 0.1969, -2.6063 1.437 0.0394, -2.6063 1.1777 0.1805, -2.6063 1.1614 0.168, -2.6063 1.437 0.9449, -2.6063 1.2008 0.9449, -2.6063 1.2008 0.2362, -2.6063 -1.437 0.1575, -2.6063 -1.437 0.0394, -2.6063 1.122 0.1575, -2.6063 1.1424 0.1602, -2.4304 -0.7881 0.1969, -2.4225 -0.8071 0.1969, -2.5669 -1.437 0.1969, -2.41 -0.8234 0.1969, -2.3937 -0.8359 0.1969, -2.4331 -0.7677 0.1969, -2.5669 1.122 0.1969, -2.4331 1.122 0.1969, -1.6281 -0.8445 0.1969, -1.6115 -0.8387 0.1969, -1.4331 -1.437 0.1969, -1.5966 -0.8293 0.1969, -1.5841 -0.8168 0.1969, -1.5747 -0.8019 0.1969, -1.5669 1.122 0.1969, -1.4331 1.122 0.1969, -1.5669 -0.7677 0.1969, -1.5689 -0.7852 0.1969, -2.3747 -0.8438 0.1969, -2.3543 -0.8465 0.1969, -1.6457 -0.8465 0.1969, -2.5669 -1.4764 0.0394, -2.5669 -1.4764 0.1575, -1.4331 -1.4764 0.0394, -1.4331 -1.4764 0.1575, -1.4331 1.2008 0.9843, -2.5669 1.2008 0.9843, -1.4331 1.437 0.9843, -2.5669 1.437 0.9843, -2.2132 1.1614 0.8037, -2.2257 1.1614 0.7874, -2.5669 1.1614 0.9449, -1.59 1.1614 0.6069, -1.4331 1.1614 0.9449, -1.5775 1.1614 0.5906, -1.5696 1.1614 0.5716, -1.6063 1.1614 0.6194, -1.6253 1.1614 0.6272, -1.6457 1.1614 0.6299, -2.3543 1.1614 0.6299, -2.3747 1.1614 0.6272, -1.4331 1.1614 0.2362, -1.5669 1.1614 0.2362, -1.5669 1.1614 0.5512, -1.7665 1.1614 0.7684, -1.7743 1.1614 0.7874, -1.7868 1.1614 0.8037, -1.8031 1.1614 0.8162, -1.8221 1.1614 0.8241, -2.1969 1.1614 0.8162, -1.7638 1.1614 0.6299, -1.7638 1.1614 0.748, -2.3937 1.1614 0.6194, -2.41 1.1614 0.6069, -2.4225 1.1614 0.5906, -2.4331 1.1614 0.2362, -2.5669 1.1614 0.2362, -2.4331 1.1614 0.5512, -2.4304 1.1614 0.5716, -1.8425 1.1614 0.8268, -2.1575 1.1614 0.8268, -2.1779 1.1614 0.8241, -2.2362 1.1614 0.6299, -2.2362 1.1614 0.748, -2.2335 1.1614 0.7684, -2.1969 0.168 0.7874, -2.1969 0.1602 0.8064, -2.1969 -0.7677 0.6299, -2.1969 0.2158 0.7507, -2.1969 0.1969 0.7586, -2.1969 0.1805 0.7711, -2.1969 0.1575 0.8268, -2.1969 0.2362 0.748, -2.1969 1.122 0.6299, -2.1969 1.122 0.748, -2.1969 -0.1805 0.7711, -2.1969 -0.1969 0.7586, -2.1969 -0.2158 0.7507, -2.1969 -0.2362 0.748, -2.1969 -0.7677 0.748, -2.1969 -0.1575 0.8268, -2.1969 -0.1602 0.8064, -2.1969 -0.168 0.7874, -2.2362 1.122 0.5906, -2.2362 -0.7677 0.5906, -2.3543 1.122 0.5906, -2.3543 -0.7677 0.5906, -2.3937 1.122 0.5512, -2.3937 -0.7677 0.5512, -2.3937 1.122 0.2362, -2.3937 -0.7677 0.2362, -1.6063 1.122 0.2362, -1.6063 -0.7677 0.2362, -1.6063 1.122 0.5512, -1.6063 -0.7677 0.5512, -1.6457 1.122 0.5906, -1.6457 -0.7677 0.5906, -1.7638 1.122 0.5906, -1.7638 -0.7677 0.5906, -1.8031 0.1969 0.7586, -1.8031 -0.7677 0.6299, -1.8031 0.1805 0.7711, -1.8031 0.168 0.7874, -1.8031 -0.1805 0.7711, -1.8031 -0.168 0.7874, -1.8031 -0.1602 0.8064, -1.8031 -0.7677 0.748, -1.8031 -0.2362 0.748, -1.8031 -0.2158 0.7507, -1.8031 -0.1969 0.7586, -1.8031 1.122 0.748, -1.8031 1.122 0.6299, -1.8031 0.2362 0.748, -1.8031 0.2158 0.7507, -1.8031 -0.1575 0.8268, -1.8031 0.1575 0.8268, -1.8031 0.1602 0.8064, -1.8425 -0.7677 0.7874, -2.1575 -0.7677 0.7874, -1.8425 -0.2362 0.7874, -2.1575 -0.2362 0.7874, -2.1805 -0.8071 0.5742, -2.168 -0.8071 0.5906, -1.8398 -0.8071 0.6095, -1.6457 -0.8071 0.5512, -1.6457 -0.8071 0.2362, -1.7638 -0.8071 0.5512, -1.7842 -0.8071 0.5539, -1.8031 -0.8071 0.5617, -2.3543 -0.8071 0.2362, -1.8195 -0.8071 0.5742, -2.1575 -0.8071 0.6299, -2.1575 -0.8071 0.748, -1.8425 -0.8071 0.748, -2.1602 -0.8071 0.6095, -1.8425 -0.8071 0.6299, -2.3543 -0.8071 0.5512, -2.2362 -0.8071 0.5512, -2.2158 -0.8071 0.5539, -1.832 -0.8071 0.5906, -2.1969 -0.8071 0.5617
            ]
        }
        coordIndex [
            0,1,2,-1,3,4,5,-1,5,4,6,-1,5,6,7,-1,8,9,10,-1,11,12,13,-1,14,15,16,-1,16,15,17,-1,2,11,0,-1,0,11,13,-1,0,13,10,-1,10,13,5,-1,10,5,8,-1,8,5,7,-1,18,19,20,-1,21,22,23,-1,23,22,24,-1,23,24,25,-1,17,26,27,-1,3,5,14,-1,14,5,28,-1,14,28,15,-1,20,29,18,-1,18,29,30,-1,18,30,31,-1,32,33,34,-1,35,36,37,-1,37,36,38,-1,37,38,39,-1,39,38,40,-1,27,41,17,-1,17,41,42,-1,17,42,16,-1,16,42,43,-1,16,43,44,-1,45,46,12,-1,12,46,47,-1,12,47,13,-1,13,47,48,-1,13,48,25,-1,25,48,49,-1,25,49,23,-1,50,51,52,-1,52,51,53,-1,52,53,54,-1,54,53,55,-1,34,35,32,-1,32,35,37,-1,32,37,56,-1,56,37,57,-1,56,57,58,-1,58,57,51,-1,58,51,59,-1,59,51,50,-1,21,23,38,-1,38,23,60,-1,38,60,40,-1,61,62,19,-1,19,62,63,-1,19,63,20,-1,61,64,62,-1,62,64,65,-1,62,65,66,-1,53,67,55,-1,55,67,68,-1,55,68,69,-1,31,70,18,-1,18,70,71,-1,18,71,72,-1,72,71,55,-1,72,55,73,-1,73,55,69,-1,74,32,75,-1,76,77,78,-1,43,79,44,-1,44,79,76,-1,44,76,80,-1,80,76,78,-1,81,82,75,-1,75,82,83,-1,75,83,74,-1,74,84,32,-1,32,84,85,-1,32,85,86,-1,86,87,32,-1,32,87,88,-1,32,88,33,-1,89,9,8,-1,90,91,92,-1,93,94,95,-1,23,49,96,-1,96,49,97,-1,96,97,98,-1,95,8,99,-1,99,8,100,-1,93,95,101,-1,102,103,104,-1,2,1,104,-1,104,1,105,-1,104,105,102,-1,102,105,106,-1,94,107,95,-1,95,107,108,-1,95,108,8,-1,8,108,109,-1,8,109,110,-1,105,89,106,-1,106,89,8,-1,106,8,111,-1,111,8,110,-1,98,46,45,-1,112,113,96,-1,96,113,114,-1,96,114,100,-1,100,114,90,-1,100,90,99,-1,99,90,92,-1,101,95,115,-1,115,95,112,-1,115,112,116,-1,117,118,112,-1,112,118,119,-1,112,119,116,-1,45,103,98,-1,98,103,102,-1,98,102,96,-1,96,102,120,-1,96,120,112,-1,112,120,121,-1,112,121,117,-1,51,122,123,-1,123,124,51,-1,51,124,125,-1,51,125,126,-1,127,53,128,-1,128,53,51,-1,128,51,129,-1,129,51,126,-1,130,131,132,-1,43,133,134,-1,135,136,42,-1,42,136,137,-1,42,137,43,-1,43,137,138,-1,43,138,133,-1,139,140,141,-1,141,142,139,-1,139,142,143,-1,139,143,132,-1,132,143,144,-1,132,144,130,-1,134,145,43,-1,43,145,146,-1,43,146,139,-1,139,146,147,-1,139,147,140,-1,148,149,150,-1,150,149,151,-1,152,153,154,-1,154,153,155,-1,154,155,156,-1,156,155,157,-1,158,159,152,-1,152,159,153,-1,5,13,160,-1,160,13,161,-1,162,163,164,-1,164,163,165,-1,165,166,167,-1,167,168,165,-1,165,168,169,-1,165,169,164,-1,164,169,170,-1,164,170,171,-1,171,172,164,-1,164,172,173,-1,164,173,160,-1,160,173,174,-1,160,174,175,-1,176,5,177,-1,177,5,178,-1,175,179,160,-1,160,179,180,-1,160,180,5,-1,5,180,181,-1,5,181,178,-1,182,52,54,-1,183,184,185,-1,185,184,186,-1,185,186,187,-1,188,189,190,-1,190,189,191,-1,190,191,54,-1,54,191,192,-1,54,192,193,-1,183,185,190,-1,190,185,194,-1,190,194,188,-1,193,195,54,-1,54,195,196,-1,54,196,197,-1,197,198,54,-1,54,198,199,-1,54,199,182,-1,200,201,202,-1,203,204,205,-1,202,206,200,-1,200,206,207,-1,200,207,208,-1,208,207,209,-1,208,209,210,-1,210,209,211,-1,204,212,205,-1,205,212,213,-1,205,213,209,-1,209,213,214,-1,209,214,211,-1,215,216,205,-1,205,216,217,-1,217,218,205,-1,205,218,219,-1,205,219,203,-1,220,221,222,-1,222,221,223,-1,222,223,224,-1,222,225,226,-1,226,227,222,-1,222,227,228,-1,222,228,220,-1,224,229,222,-1,222,229,230,-1,222,230,231,-1,231,232,222,-1,222,232,233,-1,222,233,234,-1,235,236,36,-1,237,238,36,-1,237,36,239,-1,36,35,240,-1,240,241,36,-1,36,241,242,-1,36,242,239,-1,238,243,36,-1,36,243,244,-1,36,244,245,-1,245,246,36,-1,36,246,247,-1,36,247,235,-1,248,249,250,-1,250,249,251,-1,251,252,250,-1,250,252,253,-1,250,253,254,-1,254,253,255,-1,254,255,256,-1,256,255,257,-1,256,257,258,-1,258,257,259,-1,259,257,260,-1,259,260,261,-1,261,260,262,-1,261,262,263,-1,263,262,264,-1,263,264,265,-1,265,264,266,-1,265,266,267,-1,266,268,267,-1,267,268,269,-1,267,269,270,-1,270,269,271,-1,270,271,272,-1,271,273,272,-1,272,273,274,-1,272,274,275,-1,275,274,276,-1,275,276,277,-1,277,276,278,-1,277,278,279,-1,279,278,280,-1,279,280,281,-1,281,280,282,-1,283,284,285,-1,280,286,282,-1,282,286,287,-1,282,287,285,-1,285,287,288,-1,285,288,283,-1,289,290,291,-1,291,290,292,-1,293,294,295,-1,293,295,296,-1,294,297,295,-1,295,297,298,-1,295,298,299,-1,300,301,295,-1,295,301,302,-1,295,302,296,-1,303,26,304,-1,304,26,17,-1,29,20,305,-1,305,306,29,-1,29,306,307,-1,29,307,308,-1,309,310,311,-1,311,310,29,-1,311,29,312,-1,312,29,308,-1,313,314,315,-1,315,314,316,-1,317,318,63,-1,316,319,315,-1,315,319,320,-1,315,320,321,-1,305,20,322,-1,322,20,63,-1,322,63,323,-1,323,63,318,-1,321,324,315,-1,315,324,325,-1,315,325,63,-1,63,325,326,-1,63,326,317,-1,327,328,19,-1,329,330,18,-1,18,330,331,-1,18,331,19,-1,19,331,332,-1,19,332,327,-1,333,334,335,-1,333,335,336,-1,336,335,337,-1,336,337,338,-1,339,340,333,-1,333,340,341,-1,333,341,334,-1,328,342,19,-1,19,342,343,-1,19,343,333,-1,333,343,344,-1,333,344,339,-1,345,346,347,-1,348,349,350,-1,351,352,353,-1,354,355,350,-1,350,355,356,-1,350,356,348,-1,357,358,359,-1,359,358,350,-1,359,350,360,-1,360,350,349,-1,353,361,351,-1,351,361,362,-1,351,362,363,-1,363,362,364,-1,363,364,365,-1,366,367,368,-1,368,367,369,-1,370,345,371,-1,371,345,347,-1,371,347,372,-1,372,347,367,-1,372,367,373,-1,373,367,366,-1,374,375,350,-1,376,377,378,-1,378,377,379,-1,375,380,350,-1,350,380,381,-1,350,381,363,-1,369,367,382,-1,382,367,383,-1,382,383,378,-1,378,383,384,-1,378,384,376,-1,365,385,363,-1,363,385,386,-1,363,386,350,-1,350,386,387,-1,350,387,354,-1,379,388,378,-1,378,388,389,-1,378,389,350,-1,350,389,390,-1,350,390,374,-1,391,392,75,-1,75,392,81,-1,392,391,393,-1,393,391,394,-1,393,394,395,-1,395,394,396,-1,395,396,397,-1,397,396,398,-1,397,398,399,-1,399,398,400,-1,399,400,401,-1,401,400,402,-1,402,403,401,-1,401,403,404,-1,405,406,407,-1,407,406,404,-1,407,404,408,-1,408,404,403,-1,406,405,409,-1,409,405,410,-1,409,410,411,-1,411,410,412,-1,411,412,413,-1,413,412,414,-1,413,414,415,-1,415,414,416,-1,417,415,418,-1,418,415,416,-1,419,420,421,-1,421,420,422,-1,422,420,423,-1,423,420,424,-1,423,424,425,-1,425,424,426,-1,425,426,427,-1,427,426,428,-1,427,428,429,-1,429,428,430,-1,430,431,429,-1,429,431,432,-1,433,434,435,-1,435,434,432,-1,435,432,436,-1,436,432,431,-1,434,433,437,-1,437,433,438,-1,437,438,439,-1,439,438,440,-1,439,440,441,-1,441,440,442,-1,441,442,443,-1,443,442,444,-1,443,444,445,-1,445,444,446,-1,447,445,448,-1,448,445,446,-1,449,450,451,-1,451,452,449,-1,449,452,453,-1,449,453,454,-1,451,450,455,-1,455,450,456,-1,455,456,457,-1,457,456,458,-1,457,458,459,-1,459,458,460,-1,459,460,461,-1,461,460,462,-1,461,462,463,-1,461,463,464,-1,464,463,465,-1,464,465,466,-1,466,465,467,-1,466,467,468,-1,468,467,469,-1,469,467,470,-1,469,470,471,-1,471,470,472,-1,471,472,473,-1,473,472,474,-1,473,474,475,-1,475,474,476,-1,477,475,478,-1,478,475,476,-1,479,480,481,-1,481,480,482,-1,482,480,483,-1,483,480,484,-1,483,484,485,-1,485,484,486,-1,485,486,487,-1,487,486,488,-1,487,488,489,-1,489,488,490,-1,489,490,491,-1,489,491,492,-1,492,491,493,-1,492,493,494,-1,494,493,495,-1,494,495,496,-1,496,495,497,-1,497,495,498,-1,497,498,499,-1,499,498,500,-1,499,500,501,-1,501,500,502,-1,501,502,503,-1,503,502,504,-1,83,82,504,-1,504,82,503,-1,505,506,507,-1,508,509,510,-1,511,512,513,-1,514,506,515,-1,514,515,510,-1,510,515,516,-1,510,516,508,-1,517,439,441,-1,513,518,511,-1,511,518,519,-1,511,519,507,-1,507,519,520,-1,507,520,505,-1,81,521,82,-1,82,521,522,-1,82,522,503,-1,81,392,521,-1,521,392,393,-1,521,393,523,-1,523,393,524,-1,404,406,525,-1,447,452,445,-1,445,452,451,-1,445,451,443,-1,443,451,455,-1,393,395,524,-1,524,395,397,-1,524,397,526,-1,526,397,399,-1,526,399,527,-1,527,399,528,-1,528,399,525,-1,525,399,401,-1,525,401,404,-1,439,517,437,-1,437,517,529,-1,437,529,530,-1,506,514,507,-1,507,514,421,-1,507,421,417,-1,531,497,532,-1,532,497,499,-1,532,499,522,-1,522,499,501,-1,522,501,503,-1,406,409,525,-1,525,409,411,-1,525,411,533,-1,533,411,413,-1,533,413,534,-1,534,413,535,-1,530,536,437,-1,437,536,537,-1,437,537,434,-1,434,537,538,-1,434,538,432,-1,432,538,539,-1,432,539,429,-1,429,539,540,-1,429,540,427,-1,427,540,541,-1,427,541,425,-1,425,541,542,-1,425,542,423,-1,423,542,543,-1,423,543,422,-1,417,421,415,-1,415,421,422,-1,415,422,413,-1,413,422,543,-1,413,543,535,-1,544,473,475,-1,545,483,546,-1,546,483,485,-1,546,485,547,-1,547,485,487,-1,547,487,548,-1,548,487,489,-1,548,489,549,-1,549,489,492,-1,549,492,550,-1,550,492,494,-1,550,494,531,-1,531,494,496,-1,531,496,497,-1,475,477,481,-1,455,457,443,-1,443,457,459,-1,443,459,441,-1,441,459,551,-1,441,551,517,-1,459,461,551,-1,551,461,464,-1,551,464,552,-1,552,464,466,-1,552,466,553,-1,553,466,468,-1,553,468,554,-1,554,468,469,-1,554,469,555,-1,555,469,471,-1,555,471,556,-1,556,471,473,-1,556,473,557,-1,557,473,544,-1,545,544,483,-1,483,544,475,-1,483,475,482,-1,482,475,481,-1,558,559,560,-1,560,559,561,-1,560,561,562,-1,562,561,563,-1,562,563,564,-1,565,566,567,-1,567,566,568,-1,567,568,569,-1,569,568,570,-1,570,568,571,-1,570,571,572,-1,572,571,573,-1,572,573,574,-1,574,573,575,-1,574,575,576,-1,558,577,559,-1,559,577,578,-1,559,578,565,-1,565,578,579,-1,565,579,566,-1,563,580,564,-1,564,580,581,-1,564,581,582,-1,582,581,583,-1,582,583,584,-1,584,583,585,-1,586,587,588,-1,588,587,589,-1,588,589,590,-1,590,589,591,-1,590,591,592,-1,576,575,593,-1,593,575,594,-1,593,594,595,-1,596,597,598,-1,598,597,599,-1,598,599,600,-1,600,599,593,-1,600,593,601,-1,601,593,595,-1,602,603,586,-1,586,603,604,-1,586,604,587,-1,605,606,607,-1,607,608,605,-1,605,608,609,-1,605,609,610,-1,610,609,611,-1,610,611,612,-1,612,611,613,-1,612,613,596,-1,596,613,614,-1,596,614,597,-1,591,615,592,-1,592,615,616,-1,592,616,617,-1,617,616,618,-1,602,619,603,-1,603,619,620,-1,603,620,585,-1,585,620,621,-1,585,621,584,-1,606,622,607,-1,607,622,623,-1,607,623,618,-1,618,623,624,-1,618,624,617,-1,625,626,627,-1,627,626,628,-1,627,628,629,-1,629,628,630,-1,630,628,631,-1,630,631,632,-1,632,631,633,-1,632,633,634,-1,635,636,637,-1,637,636,638,-1,637,638,639,-1,639,638,640,-1,639,640,641,-1,641,640,642,-1,641,642,643,-1,643,642,634,-1,643,634,644,-1,644,634,633,-1,645,646,647,-1,647,646,648,-1,647,648,649,-1,637,650,635,-1,635,650,651,-1,635,651,652,-1,652,651,653,-1,652,653,654,-1,654,653,655,-1,654,655,656,-1,656,655,657,-1,656,657,658,-1,658,657,659,-1,658,659,660,-1,660,659,661,-1,660,661,662,-1,662,661,663,-1,662,663,664,-1,664,663,665,-1,664,665,666,-1,666,665,667,-1,666,667,668,-1,668,667,669,-1,668,669,670,-1,670,669,671,-1,670,671,672,-1,672,671,673,-1,672,673,674,-1,674,673,675,-1,674,675,676,-1,676,675,677,-1,676,677,678,-1,678,677,679,-1,678,679,680,-1,680,679,681,-1,680,681,682,-1,682,681,683,-1,682,683,684,-1,684,683,685,-1,684,685,686,-1,686,685,687,-1,686,687,688,-1,688,687,689,-1,688,689,645,-1,645,689,690,-1,645,690,646,-1,649,648,691,-1,691,648,692,-1,691,692,693,-1,693,692,694,-1,693,694,695,-1,696,697,698,-1,698,697,699,-1,698,699,700,-1,700,699,701,-1,700,701,702,-1,702,701,703,-1,702,703,704,-1,704,703,695,-1,704,695,705,-1,705,695,694,-1,698,706,696,-1,696,706,707,-1,696,707,708,-1,708,707,709,-1,708,709,710,-1,710,709,711,-1,710,711,712,-1,712,711,713,-1,712,713,714,-1,714,713,715,-1,714,715,716,-1,716,715,717,-1,716,717,718,-1,718,717,719,-1,718,719,720,-1,720,719,721,-1,720,721,722,-1,722,721,723,-1,722,723,724,-1,724,723,725,-1,724,725,726,-1,726,725,727,-1,726,727,728,-1,728,727,729,-1,728,729,730,-1,730,729,731,-1,730,731,732,-1,732,731,733,-1,732,733,734,-1,734,733,735,-1,734,735,736,-1,736,735,737,-1,736,737,738,-1,738,737,739,-1,738,739,740,-1,740,739,741,-1,740,741,742,-1,742,741,743,-1,742,743,744,-1,744,743,745,-1,744,745,625,-1,625,745,746,-1,625,746,626,-1,304,17,747,-1,747,17,15,-1,748,27,303,-1,303,27,26,-1,749,750,751,-1,751,750,752,-1,753,754,755,-1,755,754,756,-1,755,756,757,-1,757,756,758,-1,759,760,761,-1,761,760,762,-1,761,762,763,-1,763,762,764,-1,765,766,767,-1,767,766,768,-1,767,768,769,-1,769,770,767,-1,767,770,771,-1,767,771,772,-1,773,774,775,-1,775,774,767,-1,775,767,776,-1,776,767,772,-1,777,778,779,-1,779,778,780,-1,779,780,781,-1,782,783,779,-1,779,783,784,-1,779,784,777,-1,785,786,787,-1,787,786,779,-1,787,779,788,-1,788,779,781,-1,789,790,791,-1,791,790,792,-1,791,792,793,-1,789,791,794,-1,794,791,795,-1,794,795,796,-1,797,798,799,-1,798,800,799,-1,799,800,801,-1,799,801,802,-1,803,804,805,-1,805,804,799,-1,805,799,806,-1,806,799,802,-1,793,807,791,-1,791,807,808,-1,791,808,799,-1,799,808,809,-1,799,809,797,-1,810,811,812,-1,812,811,813,-1,814,815,816,-1,816,815,817,-1,818,819,820,-1,821,822,823,-1,823,822,824,-1,821,825,822,-1,822,825,826,-1,822,826,827,-1,828,829,820,-1,830,831,822,-1,822,831,832,-1,822,832,824,-1,822,833,834,-1,834,835,822,-1,822,835,836,-1,822,836,837,-1,818,820,838,-1,827,839,822,-1,822,839,840,-1,822,840,833,-1,829,841,820,-1,820,841,842,-1,820,842,843,-1,844,845,846,-1,846,845,820,-1,846,820,847,-1,847,820,843,-1,837,848,822,-1,822,848,849,-1,822,849,820,-1,820,849,850,-1,820,850,838,-1,851,828,852,-1,852,828,820,-1,852,820,853,-1,853,820,819,-1,854,855,856,-1,857,858,856,-1,856,858,859,-1,856,859,854,-1,860,603,585,-1,857,856,861,-1,861,856,862,-1,861,862,863,-1,864,865,855,-1,855,865,866,-1,855,866,856,-1,856,866,867,-1,856,867,868,-1,585,869,860,-1,860,869,870,-1,860,870,855,-1,855,870,871,-1,855,871,864,-1,872,873,874,-1,874,873,875,-1,876,877,878,-1,878,877,879,-1,880,881,882,-1,882,881,883,-1,884,885,886,-1,886,885,887,-1,888,889,890,-1,890,889,891,-1,892,893,891,-1,891,893,894,-1,895,896,889,-1,889,896,897,-1,889,897,891,-1,891,897,898,-1,891,898,892,-1,899,900,901,-1,901,900,889,-1,901,889,902,-1,902,889,888,-1,593,599,903,-1,903,599,904,-1,903,904,894,-1,894,904,905,-1,894,905,891,-1,906,907,908,-1,908,907,909,-1,910,911,912,-1,913,914,915,-1,915,914,916,-1,916,914,917,-1,917,914,918,-1,917,918,919,-1,920,921,922,-1,911,923,912,-1,912,923,920,-1,912,920,924,-1,924,920,922,-1,925,926,918,-1,918,926,927,-1,919,918,928,-1,928,918,927,-1,928,927,912,-1,912,927,929,-1,912,929,910,-1,
        ]
    }
}
Shape{
    appearance Appearance {
        material  Material {
            diffuseColor 1.0 1.0 1.0
            specularColor 0.8784313725490196 0.8784313725490196 0.8784313725490196
            ambientIntensity 1.0
            transparency 0.0
            shininess 0.5
        }
    }
    geometry IndexedFaceSet {
        ccw TRUE
        solid FALSE
        coord DEF co Coordinate {
            point [
                -2.1575 0.1969 0.8268, -1.8425 0.1969 0.8268, -2.1575 0.1969 1.5748, -1.8425 0.1969 1.5748, -1.8425 -0.1969 0.8268, -2.1575 -0.1969 0.8268, -1.8425 -0.1969 1.5748, -2.1575 -0.1969 1.5748
            ]
        }
        coordIndex [
            0,1,2,-1,2,1,3,-1,4,5,6,-1,6,5,7,-1,
        ]
    }
}
Shape{
    appearance Appearance {
        material  Material {
            diffuseColor 0.5019607843137255 1.0 0.5019607843137255
            specularColor 0.25098039215686274 0.5019607843137255 0.25098039215686274
            ambientIntensity 0.7943
            transparency 0.0
            shininess 0.5
        }
    }
    geometry IndexedFaceSet {
        ccw TRUE
        solid FALSE
        coord DEF co Coordinate {
            point [
                -2.9606 -1.5945 3.5433, -1.0 -1.5945 3.5433, -2.9606 -1.8307 3.5433, -1.0 -1.8307 3.5433, -1.5669 -1.2795 4.4818, -1.5669 -1.28 4.4881, -1.0 -1.2795 4.4818, -1.0 -1.28 4.4881, -1.0 -1.2815 4.4943, -1.5669 -1.28 4.4881, -1.5669 -1.2815 4.4943, -1.5669 -1.3583 4.7244, -1.5721 -1.3585 4.7241, -1.5753 -1.2826 4.4939, -1.5771 -1.3592 4.7231, -1.5771 -1.2828 4.4938, -1.582 -1.3604 4.7214, -1.5833 -1.2852 4.493, -1.5866 -1.3621 4.7191, -1.5866 -1.2866 4.4926, -1.5909 -1.3641 4.7163, -1.5906 -1.2895 4.4916, -1.5948 -1.3666 4.7129, -1.6007 -1.2999 4.4881, -1.601 -1.3725 4.7047, -1.597 -1.2952 4.4897, -1.5948 -1.2925 4.4906, -1.601 -1.3002 4.488, -1.6019 -1.3023 4.4873, -1.605 -1.3793 4.6952, -1.6063 -1.3189 4.4818, -1.6063 -1.3866 4.685, -1.6051 -1.3105 4.4846, -1.605 -1.3092 4.485, -2.395 -1.3793 4.6952, -2.3937 -1.3866 4.685, -2.3937 -1.3189 4.4818, -2.3949 -1.3105 4.4846, -2.395 -1.3092 4.485, -2.399 -1.3725 4.7047, -2.3981 -1.3023 4.4873, -2.399 -1.3002 4.488, -2.4052 -1.3666 4.7129, -2.3993 -1.2999 4.4881, -2.403 -1.2952 4.4897, -2.4052 -1.2925 4.4906, -2.4091 -1.3641 4.7163, -2.4094 -1.2895 4.4916, -2.4134 -1.3621 4.7191, -2.4134 -1.2866 4.4926, -2.418 -1.3604 4.7214, -2.4167 -1.2852 4.493, -2.4229 -1.3592 4.7231, -2.4229 -1.2828 4.4938, -2.4247 -1.2826 4.4939, -2.4279 -1.3585 4.7241, -2.4331 -1.2815 4.4943, -2.4331 -1.3583 4.7244, -2.9606 -1.2795 4.4818, -2.9606 -1.28 4.4881, -2.4331 -1.2795 4.4818, -2.4331 -1.28 4.4881, -2.4331 -1.28 4.4881, -2.9606 -1.2815 4.4943, -1.6054 -1.3104 4.4818, -1.5974 -1.2948 4.4881, -1.5756 -1.281 4.4881, -1.5839 -1.2839 4.4881, -1.5913 -1.2886 4.4881, -1.6048 -1.3088 4.4818, -1.6025 -1.3021 4.4818, -1.6008 -1.2993 4.4818, -1.5978 -1.2945 4.4818, -1.5946 -1.2912 4.4818, -1.5916 -1.2882 4.4818, -1.5865 -1.285 4.4818, -1.5841 -1.2835 4.4818, -1.5757 -1.2805 4.4818, -1.5771 -1.281 4.4818, -1.5771 -1.7904 4.7231, -1.5757 -1.7906 4.7233, -1.5713 -1.7912 4.7242, -1.5669 -1.7913 4.7244, -1.584 -1.7885 4.7205, -1.5865 -1.7874 4.7189, -1.5915 -1.7851 4.7158, -1.5946 -1.7829 4.7127, -1.6008 -1.7771 4.7046, -1.5977 -1.7807 4.7096, -1.6063 -1.763 4.685, -1.6053 -1.7693 4.6938, -1.6048 -1.7703 4.6952, -1.6024 -1.7753 4.7021, -2.3937 -1.763 4.685, -2.395 -1.7703 4.6952, -2.399 -1.7772 4.7047, -2.4052 -1.783 4.7129, -2.4091 -1.7855 4.7163, -2.4134 -1.7875 4.7191, -2.418 -1.7892 4.7214, -2.4229 -1.7904 4.7231, -2.4279 -1.7911 4.7241, -2.4331 -1.7913 4.7244, -2.4244 -1.281 4.4881, -2.3946 -1.3104 4.4818, -2.3952 -1.3088 4.4818, -2.3975 -1.3021 4.4818, -2.3992 -1.2993 4.4818, -2.4087 -1.2886 4.4881, -2.4026 -1.2948 4.4881, -2.4161 -1.2839 4.4881, -2.4243 -1.2805 4.4818, -2.4229 -1.281 4.4818, -2.4159 -1.2835 4.4818, -2.4135 -1.285 4.4818, -2.4084 -1.2882 4.4818, -2.4022 -1.2945 4.4818, -2.4054 -1.2912 4.4818, -1.5669 -1.2795 4.3701, -1.5771 -1.2809 4.3701, -1.5866 -1.2848 4.3701, -1.5948 -1.2911 4.3701, -1.601 -1.2992 4.3701, -1.605 -1.3087 4.3701, -1.6063 -1.3189 4.3701, -1.6063 -1.8307 4.4818, -1.6053 -1.839 4.4846, -1.6047 -1.8408 4.4852, -1.6024 -1.8469 4.4872, -1.6004 -1.85 4.4882, -1.6005 -1.8497 4.4881, -1.5977 -1.854 4.4896, -1.5939 -1.8576 4.4908, -1.5915 -1.8599 4.4915, -1.5858 -1.8633 4.4927, -1.584 -1.8644 4.493, -1.5766 -1.8668 4.4938, -1.5757 -1.8671 4.4939, -1.5669 -1.8681 4.4943, -1.5669 -1.8696 4.4881, -1.0 -1.8681 4.4943, -1.0 -1.8696 4.4881, -1.5669 -1.8696 4.4881, -1.5669 -1.8701 4.4818, -1.0 -1.8701 4.4818, -2.4331 -1.8696 4.4881, -2.4331 -1.8681 4.4943, -2.9606 -1.8681 4.4943, -2.4331 -1.8696 4.4881, -2.9606 -1.8696 4.4881, -2.9606 -1.8701 4.4818, -2.4331 -1.8701 4.4818, -2.4247 -1.867 4.4939, -2.4229 -1.8668 4.4938, -2.4167 -1.8644 4.493, -2.4134 -1.8631 4.4926, -2.4094 -1.8601 4.4916, -2.3993 -1.8497 4.4881, -2.403 -1.8544 4.4897, -2.4052 -1.8571 4.4906, -2.399 -1.8494 4.488, -2.3981 -1.8473 4.4873, -2.3937 -1.8307 4.4818, -2.3949 -1.8391 4.4846, -2.395 -1.8404 4.485, -2.4331 -1.2795 4.3701, -2.4243 -1.2805 4.3701, -2.4229 -1.281 4.3701, -2.416 -1.2834 4.3701, -2.4135 -1.285 4.3701, -2.4085 -1.2881 4.3701, -2.4054 -1.2912 4.3701, -2.4023 -1.2944 4.3701, -2.3992 -1.2993 4.3701, -2.3976 -1.3018 4.3701, -2.3952 -1.3088 4.3701, -2.3947 -1.3101 4.3701, -2.3937 -1.3189 4.3701, -2.3543 -1.2795 4.2913, -2.3543 -1.2805 4.3001, -1.6457 -1.2795 4.2913, -1.6457 -1.2809 4.3015, -2.3543 -1.281 4.3015, -2.3543 -1.2834 4.3084, -1.6457 -1.2848 4.311, -2.3543 -1.285 4.3109, -2.3543 -1.2881 4.3159, -1.6457 -1.2911 4.3192, -2.3543 -1.2912 4.319, -2.3543 -1.2944 4.3221, -1.6457 -1.2992 4.3254, -2.3543 -1.2993 4.3252, -1.6457 -1.3087 4.3294, -2.3543 -1.3018 4.3268, -2.3543 -1.3088 4.3292, -1.6457 -1.3189 4.3307, -2.3543 -1.3101 4.3297, -2.3543 -1.3189 4.3307, -1.5696 -1.2795 4.3497, -1.5795 -1.2809 4.3523, -1.5886 -1.2848 4.3548, -1.5965 -1.2911 4.3569, -1.6025 -1.2992 4.3585, -1.6063 -1.3087 4.3595, -1.6076 -1.3189 4.3599, -1.5775 -1.2795 4.3307, -1.5863 -1.2809 4.3358, -1.5945 -1.2848 4.3406, -1.6016 -1.2911 4.3446, -1.607 -1.2992 4.3478, -1.6104 -1.3087 4.3497, -1.6116 -1.3189 4.3504, -1.59 -1.2795 4.3144, -1.5972 -1.2809 4.3216, -1.6039 -1.2848 4.3283, -1.6097 -1.2911 4.3341, -1.6141 -1.2992 4.3385, -1.6169 -1.3087 4.3413, -1.6178 -1.3189 4.3422, -1.6063 -1.2795 4.3019, -1.6114 -1.2809 4.3107, -1.6161 -1.2848 4.3189, -1.6202 -1.2911 4.326, -1.6233 -1.2992 4.3314, -1.6253 -1.3087 4.3348, -1.626 -1.3189 4.336, -1.6253 -1.2795 4.294, -1.6279 -1.2809 4.3039, -1.6304 -1.2848 4.313, -1.6325 -1.2911 4.3209, -1.6341 -1.2992 4.327, -1.6351 -1.3087 4.3308, -1.6355 -1.3189 4.332, -1.577 -1.8682 4.4881, -1.601 -1.8504 4.4818, -1.6021 -1.8477 4.4818, -1.605 -1.8409 4.4818, -1.6051 -1.8394 4.4818, -1.6004 -1.85 4.488, -1.5944 -1.8582 4.4881, -1.5864 -1.8644 4.4881, -1.5771 -1.8687 4.4818, -1.5757 -1.8689 4.4818, -1.5839 -1.8659 4.4818, -1.5866 -1.8648 4.4818, -1.5913 -1.8612 4.4818, -1.5948 -1.8585 4.4818, -1.5974 -1.8551 4.4818, -2.3946 -1.8392 4.4818, -2.4026 -1.8548 4.4881, -2.4244 -1.8686 4.4881, -2.4161 -1.8657 4.4881, -2.4087 -1.861 4.4881, -2.3952 -1.8408 4.4818, -2.3975 -1.8476 4.4818, -2.3992 -1.8503 4.4818, -2.4022 -1.8551 4.4818, -2.4054 -1.8584 4.4818, -2.4084 -1.8614 4.4818, -2.4135 -1.8646 4.4818, -2.4159 -1.8661 4.4818, -2.4243 -1.8691 4.4818, -2.4229 -1.8686 4.4818, -2.4219 -1.2805 4.352, -2.4304 -1.2795 4.3497, -2.3747 -1.2795 4.294, -2.3724 -1.2805 4.3025, -2.3703 -1.2834 4.3105, -2.4139 -1.2834 4.3541, -2.3684 -1.2881 4.3177, -2.4067 -1.2881 4.3561, -2.3667 -1.2944 4.3238, -2.4007 -1.2944 4.3577, -2.3655 -1.3018 4.3283, -2.3937 -1.2795 4.3019, -2.3893 -1.2805 4.3095, -2.3852 -1.2834 4.3167, -2.3814 -1.2881 4.3231, -2.3783 -1.2944 4.3285, -2.376 -1.3018 4.3326, -2.41 -1.2795 4.3144, -2.4038 -1.2805 4.3206, -2.3979 -1.2834 4.3265, -2.3927 -1.2881 4.3318, -2.3882 -1.2944 4.3362, -2.3849 -1.3018 4.3395, -2.4225 -1.2795 4.3307, -2.4149 -1.2805 4.3351, -2.4077 -1.2834 4.3392, -2.4013 -1.2881 4.343, -2.3959 -1.2944 4.3461, -2.3918 -1.3018 4.3484, -2.3961 -1.3018 4.3589, -2.3648 -1.3101 4.3311, -2.3745 -1.3101 4.3351, -2.3829 -1.3101 4.3415, -2.3893 -1.3101 4.3499, -2.3933 -1.3101 4.3596, -2.3645 -1.3189 4.332, -2.374 -1.3189 4.336, -2.3822 -1.3189 4.3422, -2.3884 -1.3189 4.3504, -2.3924 -1.3189 4.3599, -1.6457 -1.8307 4.3307, -1.6355 -1.8307 4.332, -1.626 -1.8307 4.336, -1.6178 -1.8307 4.3422, -1.6116 -1.8307 4.3504, -1.6076 -1.8307 4.3599, -1.6063 -1.8307 4.3701, -1.6053 -1.8395 4.3701, -1.6024 -1.8478 4.3701, -1.5977 -1.8553 4.3701, -1.5915 -1.8615 4.3701, -1.584 -1.8662 4.3701, -1.5757 -1.8691 4.3701, -1.5669 -1.8701 4.3701, -2.3937 -1.8307 4.3701, -2.395 -1.8409 4.3701, -2.399 -1.8504 4.3701, -2.4052 -1.8585 4.3701, -2.4134 -1.8648 4.3701, -2.4229 -1.8687 4.3701, -2.4331 -1.8701 4.3701, -2.3924 -1.8307 4.3599, -2.3884 -1.8307 4.3504, -2.3822 -1.8307 4.3422, -2.374 -1.8307 4.336, -2.3645 -1.8307 4.332, -2.3543 -1.8307 4.3307, -1.6457 -1.8701 4.2913, -1.6253 -1.8701 4.294, -1.6457 -1.8691 4.3001, -1.6276 -1.8691 4.3025, -1.6457 -1.8686 4.3015, -1.6297 -1.8662 4.3105, -1.6316 -1.8615 4.3177, -1.6457 -1.8646 4.3109, -1.6457 -1.8662 4.3084, -1.6333 -1.8553 4.3238, -1.6457 -1.8584 4.319, -1.6457 -1.8615 4.3159, -1.6345 -1.8478 4.3283, -1.6457 -1.8503 4.3252, -1.6457 -1.8553 4.3221, -1.6352 -1.8395 4.3311, -1.6457 -1.8409 4.3292, -1.6457 -1.8478 4.3268, -1.6457 -1.8395 4.3297, -1.6063 -1.8701 4.3019, -1.6107 -1.8691 4.3095, -1.6148 -1.8662 4.3167, -1.6186 -1.8615 4.3231, -1.6217 -1.8553 4.3285, -1.624 -1.8478 4.3326, -1.6255 -1.8395 4.3351, -1.59 -1.8701 4.3144, -1.5962 -1.8691 4.3206, -1.6021 -1.8662 4.3265, -1.6073 -1.8615 4.3318, -1.6118 -1.8553 4.3362, -1.6151 -1.8478 4.3395, -1.6171 -1.8395 4.3415, -1.5775 -1.8701 4.3307, -1.5851 -1.8691 4.3351, -1.5923 -1.8662 4.3392, -1.5987 -1.8615 4.343, -1.6041 -1.8553 4.3461, -1.6082 -1.8478 4.3484, -1.6107 -1.8395 4.3499, -1.5696 -1.8701 4.3497, -1.5781 -1.8691 4.352, -1.5861 -1.8662 4.3541, -1.5933 -1.8615 4.3561, -1.5993 -1.8553 4.3577, -1.6039 -1.8478 4.3589, -1.6067 -1.8395 4.3596, -2.4304 -1.8701 4.3497, -2.4205 -1.8687 4.3523, -2.4114 -1.8648 4.3548, -2.4035 -1.8585 4.3569, -2.3975 -1.8504 4.3585, -2.3937 -1.8409 4.3595, -2.4225 -1.8701 4.3307, -2.4137 -1.8687 4.3358, -2.4055 -1.8648 4.3406, -2.3984 -1.8585 4.3446, -2.393 -1.8504 4.3478, -2.3896 -1.8409 4.3497, -2.41 -1.8701 4.3144, -2.4028 -1.8687 4.3216, -2.3961 -1.8648 4.3283, -2.3903 -1.8585 4.3341, -2.3859 -1.8504 4.3385, -2.3831 -1.8409 4.3413, -2.3937 -1.8701 4.3019, -2.3886 -1.8687 4.3107, -2.3839 -1.8648 4.3189, -2.3798 -1.8585 4.326, -2.3767 -1.8504 4.3314, -2.3747 -1.8409 4.3348, -2.3747 -1.8701 4.294, -2.3721 -1.8687 4.3039, -2.3696 -1.8648 4.313, -2.3675 -1.8585 4.3209, -2.3659 -1.8504 4.327, -2.3649 -1.8409 4.3308, -2.3543 -1.8701 4.2913, -2.3543 -1.8687 4.3015, -2.3543 -1.8648 4.311, -2.3543 -1.8585 4.3192, -2.3543 -1.8504 4.3254, -2.3543 -1.8409 4.3294, -1.3543 -1.437 0.0, -1.3631 -1.437 0.0012, -1.3543 1.437 0.0, -1.3631 1.437 0.0012, -1.3645 1.437 0.0013, -1.3645 -1.437 0.0013, -1.3713 1.437 0.0042, -1.3713 -1.437 0.0042, -1.374 1.437 0.0053, -1.374 -1.437 0.0053, -1.3787 1.437 0.0089, -1.3787 -1.437 0.0089, -1.3822 1.437 0.0115, -1.3822 -1.437 0.0115, -1.3848 1.437 0.015, -1.3848 -1.437 0.015, -1.3884 1.437 0.0197, -1.3884 -1.437 0.0197, -1.3895 1.437 0.0224, -1.3895 -1.437 0.0224, -1.3924 1.437 0.0292, -1.3924 -1.437 0.0292, -1.3926 1.437 0.0306, -1.3926 -1.437 0.0306, -1.3937 -1.437 0.0394, -1.3937 1.437 0.0394, -1.4331 -1.5157 0.0, -1.0 -1.5157 0.0, -1.0 -1.5259 0.0013, -2.9606 -1.5157 0.0, -2.5669 -1.5157 0.0, -2.9606 -1.5259 0.0013, -1.0 -1.5354 0.0053, -2.9606 -1.5354 0.0053, -1.0 -1.5436 0.0115, -2.9606 -1.5436 0.0115, -1.0 -1.5498 0.0197, -2.9606 -1.5498 0.0197, -1.0 -1.5538 0.0292, -2.9606 -1.5538 0.0292, -1.0 -1.5551 0.0394, -2.9606 -1.5551 0.0394, -1.357 -1.4574 0.0, -1.3669 -1.4547 0.0013, -1.376 -1.4523 0.0053, -1.3839 -1.4502 0.0115, -1.3899 -1.4486 0.0197, -1.3937 -1.4475 0.0292, -1.395 -1.4472 0.0394, -1.3649 -1.4764 0.0, -1.3737 -1.4713 0.0013, -1.3819 -1.4665 0.0053, -1.389 -1.4625 0.0115, -1.3944 -1.4593 0.0197, -1.3978 -1.4574 0.0292, -1.399 -1.4567 0.0394, -1.3774 -1.4927 0.0, -1.3846 -1.4855 0.0013, -1.3913 -1.4788 0.0053, -1.3971 -1.473 0.0115, -1.4015 -1.4686 0.0197, -1.4043 -1.4658 0.0292, -1.4052 -1.4648 0.0394, -1.3937 -1.5052 0.0, -1.3988 -1.4964 0.0013, -1.4035 -1.4882 0.0053, -1.4076 -1.4811 0.0115, -1.4107 -1.4757 0.0197, -1.4127 -1.4723 0.0292, -1.4134 -1.4711 0.0394, -1.4127 -1.5131 0.0, -1.4153 -1.5032 0.0013, -1.4178 -1.4941 0.0053, -1.4199 -1.4862 0.0115, -1.4215 -1.4801 0.0197, -1.4225 -1.4763 0.0292, -1.4229 -1.475 0.0394, -1.4331 -1.5056 0.0013, -1.4331 -1.4961 0.0053, -1.4331 -1.4879 0.0115, -1.4331 -1.4817 0.0197, -1.4331 -1.4777 0.0292, -1.4331 -1.4764 0.0394, -2.6457 1.437 0.0, -2.6369 1.437 0.001, -2.6457 -1.437 0.0, -2.6355 -1.437 0.0013, -2.6355 1.437 0.0015, -2.6286 1.437 0.0039, -2.626 -1.437 0.0053, -2.6261 1.437 0.0055, -2.6211 1.437 0.0086, -2.6178 -1.437 0.0115, -2.618 1.437 0.0117, -2.6116 -1.437 0.0197, -2.6149 1.437 0.0148, -2.6118 1.437 0.0198, -2.6076 -1.437 0.0292, -2.6102 1.437 0.0223, -2.6078 1.437 0.0292, -2.6063 -1.437 0.0394, -2.6073 1.437 0.0306, -2.6063 1.437 0.0394, -2.5669 -1.5056 0.0013, -2.5669 -1.4961 0.0053, -2.5669 -1.4879 0.0115, -2.5669 -1.4817 0.0197, -2.5669 -1.4777 0.0292, -2.5669 -1.4764 0.0394, -1.4331 -1.4764 0.1575, -1.4229 -1.475 0.1575, -1.4134 -1.4711 0.1575, -1.4052 -1.4648 0.1575, -1.399 -1.4567 0.1575, -1.395 -1.4472 0.1575, -1.3937 -1.437 0.1575, -1.4331 -1.437 0.1969, -1.4331 1.122 0.1969, -1.4243 -1.437 0.1957, -1.4243 1.122 0.1957, -1.4229 -1.437 0.1955, -1.4229 1.122 0.1955, -1.4161 -1.437 0.1927, -1.4161 1.122 0.1927, -1.4134 -1.437 0.1916, -1.4134 1.122 0.1916, -1.4087 -1.437 0.188, -1.4087 1.122 0.188, -1.4052 -1.437 0.1853, -1.4052 1.122 0.1853, -1.4026 -1.437 0.1818, -1.4026 1.122 0.1818, -1.399 -1.437 0.1772, -1.399 1.122 0.1772, -1.3979 -1.437 0.1745, -1.3979 1.122 0.1745, -1.395 -1.437 0.1677, -1.395 1.122 0.1677, -1.3949 -1.437 0.1662, -1.3949 1.122 0.1662, -1.3937 1.122 0.1575, -1.4331 1.1614 0.2362, -1.4331 1.1614 0.9449, -1.4243 1.1626 0.2362, -1.4243 1.1624 0.9449, -1.4229 1.1628 0.2362, -1.416 1.1653 0.9449, -1.4161 1.1656 0.2362, -1.4134 1.1667 0.2362, -1.4085 1.17 0.9449, -1.4087 1.1703 0.2362, -1.4052 1.1729 0.2362, -1.4023 1.1762 0.9449, -1.4026 1.1764 0.2362, -1.3976 1.1837 0.9449, -1.3979 1.1838 0.2362, -1.399 1.1811 0.2362, -1.3937 1.2008 0.9449, -1.3937 1.2008 0.2362, -1.3947 1.192 0.9449, -1.3949 1.192 0.2362, -1.395 1.1906 0.2362, -2.5873 -1.5131 0.0, -2.5847 -1.5032 0.0013, -2.5822 -1.4941 0.0053, -2.5801 -1.4862 0.0115, -2.5785 -1.4801 0.0197, -2.5775 -1.4763 0.0292, -2.5771 -1.475 0.0394, -2.6063 -1.5052 0.0, -2.6012 -1.4964 0.0013, -2.5965 -1.4882 0.0053, -2.5924 -1.4811 0.0115, -2.5893 -1.4757 0.0197, -2.5873 -1.4723 0.0292, -2.5866 -1.4711 0.0394, -2.6226 -1.4927 0.0, -2.6154 -1.4855 0.0013, -2.6087 -1.4788 0.0053, -2.6029 -1.473 0.0115, -2.5985 -1.4686 0.0197, -2.5957 -1.4658 0.0292, -2.5948 -1.4648 0.0394, -2.6351 -1.4764 0.0, -2.6263 -1.4713 0.0013, -2.6181 -1.4665 0.0053, -2.611 -1.4625 0.0115, -2.6056 -1.4593 0.0197, -2.6022 -1.4574 0.0292, -2.601 -1.4567 0.0394, -2.643 -1.4574 0.0, -2.6331 -1.4547 0.0013, -2.624 -1.4523 0.0053, -2.6161 -1.4502 0.0115, -2.6101 -1.4486 0.0197, -2.6063 -1.4475 0.0292, -2.605 -1.4472 0.0394, -1.4141 -1.4699 0.1677, -1.4062 -1.4639 0.1677, -1.4001 -1.456 0.1677, -1.3963 -1.4469 0.1677, -1.4001 -1.4458 0.1772, -1.4141 -1.4421 0.1916, -1.4062 -1.4442 0.1853, -1.4232 -1.4396 0.1955, -1.416 -1.4665 0.1772, -1.409 -1.4611 0.1772, -1.4192 -1.4611 0.1853, -1.4134 -1.4567 0.1853, -1.4232 -1.4541 0.1916, -1.4192 -1.4509 0.1916, -1.428 -1.4458 0.1955, -1.4259 -1.4442 0.1955, -1.4304 -1.4469 0.1955, -1.428 -1.456 0.1916, -1.4259 -1.4639 0.1853, -1.4242 -1.4699 0.1772, -1.4232 -1.4737 0.1677, -1.4331 -1.4472 0.1955, -1.4331 -1.4567 0.1916, -1.4331 -1.4648 0.1853, -1.4331 -1.4711 0.1772, -1.4331 -1.475 0.1677, -1.4035 -1.4541 0.1772, -1.409 -1.4509 0.1853, -1.416 -1.4469 0.1916, -1.4242 -1.4421 0.1955, -1.3937 1.1777 0.1805, -1.3937 1.1614 0.168, -1.395 1.1563 0.1769, -1.3937 1.1902 0.1969, -1.395 1.1705 0.1877, -1.3937 1.1981 0.2158, -1.395 1.1814 0.2019, -1.395 1.1883 0.2185, -1.3937 1.1424 0.1602, -1.395 1.1398 0.17, -1.399 1.1791 0.2209, -1.399 1.1373 0.1792, -1.4052 1.1712 0.223, -1.4052 1.1352 0.1871, -1.4134 1.1652 0.2247, -1.4134 1.1336 0.1931, -1.4229 1.1614 0.2257, -1.4229 1.1326 0.1969, -1.4331 1.1601 0.226, -1.4331 1.1603 0.2275, -1.4229 1.1573 0.2159, -1.4331 1.1561 0.2165, -1.4331 1.1573 0.2192, -1.399 1.1732 0.2067, -1.4052 1.1661 0.2108, -1.4134 1.1607 0.2139, -1.4229 1.1508 0.2074, -1.4331 1.1499 0.2084, -1.4331 1.1526 0.2119, -1.399 1.1638 0.1945, -1.4052 1.158 0.2002, -1.4134 1.1536 0.2047, -1.4229 1.1424 0.201, -1.4331 1.1417 0.2021, -1.4331 1.1464 0.2057, -1.399 1.1516 0.1851, -1.4052 1.1475 0.1921, -1.4134 1.1444 0.1976, -1.4331 1.1308 0.198, -1.4331 1.1322 0.1982, -1.4331 1.139 0.201, -2.6063 -1.437 0.1575, -2.6053 -1.4458 0.1575, -2.6048 -1.4472 0.1575, -2.6024 -1.4541 0.1575, -2.6008 -1.4566 0.1575, -2.5977 -1.4616 0.1575, -2.5946 -1.4647 0.1575, -2.5915 -1.4678 0.1575, -2.5865 -1.4709 0.1575, -2.584 -1.4725 0.1575, -2.5669 -1.4764 0.1575, -2.5757 -1.4754 0.1575, -2.5771 -1.4749 0.1575, -1.6063 -0.7677 0.5512, -1.6063 -0.7677 0.2362, -1.6074 -0.7765 0.5512, -1.6073 -0.7765 0.2362, -1.6076 -0.7779 0.5512, -1.6102 -0.7848 0.2362, -1.6105 -0.7847 0.5512, -1.6116 -0.7874 0.5512, -1.6149 -0.7923 0.2362, -1.6152 -0.7921 0.5512, -1.6178 -0.7956 0.5512, -1.6211 -0.7985 0.2362, -1.6213 -0.7982 0.5512, -1.626 -0.8018 0.5512, -1.6286 -0.8032 0.2362, -1.6287 -0.8029 0.5512, -1.6457 -0.8071 0.2362, -1.6457 -0.8071 0.5512, -1.6369 -0.8061 0.2362, -1.6369 -0.8059 0.5512, -1.6355 -0.8057 0.5512, -2.5669 -1.437 0.1969, -2.5669 -1.4472 0.1955, -2.5669 -1.4567 0.1916, -2.5669 -1.4648 0.1853, -2.5669 -1.4711 0.1772, -2.5669 -1.475 0.1677, -1.6063 1.122 0.2362, -1.605 1.122 0.226, -1.605 -0.7677 0.226, -1.601 1.122 0.2165, -1.601 -0.7677 0.2165, -1.5948 1.122 0.2084, -1.5948 -0.7677 0.2084, -1.5866 1.122 0.2021, -1.5866 -0.7677 0.2021, -1.5771 1.122 0.1982, -1.5771 -0.7677 0.1982, -1.5669 1.122 0.1969, -1.5669 -0.7677 0.1969, -1.5669 1.1308 0.198, -1.5669 1.1322 0.1982, -1.5669 1.139 0.201, -1.5669 1.1417 0.2021, -1.5669 1.1464 0.2057, -1.5669 1.1499 0.2084, -1.5669 1.1526 0.2119, -1.5669 1.1561 0.2165, -1.5669 1.1573 0.2192, -1.5669 1.1601 0.226, -1.5669 1.1603 0.2275, -1.5669 1.1614 0.2362, -2.5754 -1.4741 0.1677, -2.5834 -1.4713 0.1677, -2.5817 -1.4677 0.1772, -2.5906 -1.4667 0.1677, -2.5967 -1.4607 0.1677, -2.6012 -1.4535 0.1677, -2.5745 -1.4702 0.1772, -2.5843 -1.4588 0.1853, -2.5882 -1.4637 0.1772, -2.5731 -1.4641 0.1853, -2.5823 -1.4493 0.1916, -2.5887 -1.4544 0.1853, -2.5936 -1.4583 0.1772, -2.5713 -1.4562 0.1916, -2.5761 -1.4414 0.1955, -2.5847 -1.4455 0.1916, -2.592 -1.4491 0.1853, -2.5976 -1.4518 0.1772, -2.5692 -1.4469 0.1955, -2.5713 -1.4462 0.1955, -2.5755 -1.4547 0.1916, -2.5733 -1.445 0.1955, -2.579 -1.4621 0.1853, -2.5792 -1.4524 0.1916, -2.5749 -1.4434 0.1955, -2.5769 -1.4393 0.1955, -2.5861 -1.4414 0.1916, -2.5941 -1.4432 0.1853, -2.6002 -1.4446 0.1772, -2.604 -1.4455 0.1677, -2.5771 -1.437 0.1955, -2.5866 -1.437 0.1916, -2.5948 -1.437 0.1853, -2.601 -1.437 0.1772, -2.605 -1.437 0.1677, -1.8031 -0.1575 1.5748, -1.8031 -0.1575 0.8268, -1.8041 -0.1662 1.5748, -1.8043 -0.1662 0.8268, -1.807 -0.1746 1.5748, -1.8045 -0.1677 0.8268, -1.8073 -0.1745 0.8268, -1.8117 -0.182 1.5748, -1.8084 -0.1772 0.8268, -1.812 -0.1818 0.8268, -1.8147 -0.1853 0.8268, -1.818 -0.1883 1.5748, -1.8182 -0.188 0.8268, -1.8228 -0.1916 0.8268, -1.8254 -0.193 1.5748, -1.8255 -0.1927 0.8268, -1.8323 -0.1955 0.8268, -1.8338 -0.1959 1.5748, -1.8338 -0.1957 0.8268, -1.8425 -0.1969 1.5748, -1.8425 -0.1969 0.8268, -1.606 -0.7768 0.226, -1.6021 -0.7777 0.2165, -1.596 -0.779 0.2084, -1.5881 -0.7809 0.2021, -1.5788 -0.783 0.1982, -1.5689 -0.7852 0.1969, -1.5747 -0.8019 0.1969, -1.5839 -0.7975 0.1982, -1.5841 -0.8168 0.1969, -1.5921 -0.8105 0.1982, -1.5966 -0.8293 0.1969, -1.6029 -0.8213 0.1982, -1.6115 -0.8387 0.1969, -1.6159 -0.8295 0.1982, -1.6281 -0.8445 0.1969, -1.6304 -0.8345 0.1982, -1.6457 -0.8465 0.1969, -1.6457 -0.8363 0.1982, -1.5925 -0.7933 0.2021, -1.5995 -0.8045 0.2021, -1.6088 -0.8139 0.2021, -1.62 -0.8209 0.2021, -1.6325 -0.8253 0.2021, -1.6457 -0.8268 0.2021, -1.5998 -0.7898 0.2084, -1.6059 -0.7995 0.2084, -1.6139 -0.8075 0.2084, -1.6236 -0.8136 0.2084, -1.6343 -0.8173 0.2084, -1.6457 -0.8186 0.2084, -1.6054 -0.7871 0.2165, -1.6108 -0.7956 0.2165, -1.6178 -0.8026 0.2165, -1.6263 -0.8079 0.2165, -1.6357 -0.8112 0.2165, -1.6457 -0.8124 0.2165, -1.609 -0.7854 0.226, -1.6138 -0.7931 0.226, -1.6203 -0.7995 0.226, -1.628 -0.8044 0.226, -1.6366 -0.8074 0.226, -1.6457 -0.8084 0.226, -1.6076 -0.7677 0.5614, -1.6089 -0.7776 0.5614, -1.6127 -0.7867 0.5614, -1.6188 -0.7946 0.5614, -1.6267 -0.8007 0.5614, -1.6358 -0.8044 0.5614, -1.6127 -0.7765 0.5709, -1.6116 -0.7677 0.5709, -1.6216 -0.7816 0.579, -1.6161 -0.7848 0.5709, -1.6188 -0.7749 0.579, -1.6178 -0.7677 0.579, -1.6317 -0.7816 0.5853, -1.626 -0.7874 0.579, -1.6216 -0.7918 0.5709, -1.6267 -0.7728 0.5853, -1.626 -0.7677 0.5853, -1.6406 -0.7765 0.5892, -1.6358 -0.7848 0.5853, -1.6317 -0.7918 0.579, -1.6286 -0.7972 0.5709, -1.6457 -0.7677 0.5906, -1.6355 -0.7677 0.5892, -1.6358 -0.7704 0.5892, -1.6368 -0.7728 0.5892, -1.6286 -0.7776 0.5853, -1.6385 -0.7749 0.5892, -1.643 -0.7776 0.5892, -1.6406 -0.7867 0.5853, -1.6385 -0.7946 0.579, -1.6368 -0.8007 0.5709, -1.6457 -0.7779 0.5892, -1.6457 -0.7874 0.5853, -1.6457 -0.7956 0.579, -1.6457 -0.8018 0.5709, -1.6457 -0.8057 0.5614, -1.5696 1.1319 0.1982, -1.5913 1.1526 0.2362, -1.5866 1.1561 0.2362, -1.5859 1.155 0.226, -1.5974 1.1464 0.2362, -1.5948 1.1499 0.2362, -1.5938 1.1489 0.226, -1.6021 1.139 0.2362, -1.601 1.1417 0.2362, -1.5999 1.1411 0.226, -1.6051 1.1308 0.2362, -1.605 1.1322 0.2362, -1.6037 1.1319 0.226, -1.5757 1.1603 0.2362, -1.5768 1.1588 0.226, -1.5771 1.1601 0.2362, -1.5839 1.1573 0.2362, -1.5758 1.155 0.2165, -1.5741 1.1489 0.2084, -1.572 1.1411 0.2021, -1.5999 1.1309 0.2165, -1.5965 1.1391 0.2165, -1.5938 1.1293 0.2084, -1.591 1.136 0.2084, -1.5859 1.1271 0.2021, -1.584 1.1319 0.2021, -1.5768 1.1247 0.1982, -1.5758 1.1271 0.1982, -1.591 1.1462 0.2165, -1.5866 1.1417 0.2084, -1.5808 1.136 0.2021, -1.5741 1.1293 0.1982, -1.584 1.1516 0.2165, -1.5808 1.1462 0.2084, -1.5768 1.1391 0.2021, -1.572 1.1309 0.1982, -2.6063 1.2008 0.2362, -2.6063 1.2008 0.9449, -2.605 1.1906 0.2362, -2.605 1.1906 0.9449, -2.601 1.1811 0.2362, -2.601 1.1811 0.9449, -2.5948 1.1729 0.2362, -2.5948 1.1729 0.9449, -2.5866 1.1667 0.2362, -2.5866 1.1667 0.9449, -2.5771 1.1628 0.2362, -2.5771 1.1628 0.9449, -2.5669 1.1614 0.2362, -2.5669 1.1614 0.9449, -2.5669 1.122 0.1969, -2.5771 1.122 0.1955, -2.5866 1.122 0.1916, -2.5948 1.122 0.1853, -2.601 1.122 0.1772, -2.605 1.122 0.1677, -2.6063 1.122 0.1575, -1.8323 -0.1969 0.8162, -1.8228 -0.1931 0.8152, -1.8147 -0.1871 0.8136, -1.8084 -0.1792 0.8115, -1.8045 -0.17 0.809, -1.8031 -0.1602 0.8064, -1.8031 -0.2362 0.748, -1.8045 -0.2362 0.7582, -1.8031 -0.2158 0.7507, -1.8045 -0.2185 0.7606, -1.8031 -0.1969 0.7586, -1.8045 -0.2019 0.7674, -1.8031 -0.1805 0.7711, -1.8045 -0.1877 0.7783, -1.8031 -0.168 0.7874, -1.8045 -0.1769 0.7925, -1.8084 -0.2362 0.7677, -1.8084 -0.2209 0.7697, -1.8084 -0.2067 0.7756, -1.8084 -0.1945 0.785, -1.8084 -0.1851 0.7972, -1.8147 -0.2362 0.7759, -1.8147 -0.223 0.7776, -1.8147 -0.2108 0.7827, -1.8147 -0.2002 0.7908, -1.8147 -0.1921 0.8013, -1.8228 -0.2362 0.7821, -1.8228 -0.2247 0.7836, -1.8228 -0.2139 0.7881, -1.8228 -0.2047 0.7952, -1.8228 -0.1976 0.8044, -1.8323 -0.2362 0.7861, -1.8323 -0.2257 0.7874, -1.8323 -0.2159 0.7915, -1.8323 -0.2074 0.798, -1.8323 -0.201 0.8064, -1.8425 -0.2362 0.7874, -1.8425 -0.226 0.7887, -1.8425 -0.2165 0.7927, -1.8425 -0.2084 0.7989, -1.8425 -0.2021 0.8071, -1.8425 -0.1982 0.8166, -1.8031 -0.7677 0.748, -1.8045 -0.7677 0.7582, -1.8084 -0.7677 0.7677, -1.8147 -0.7677 0.7759, -1.8228 -0.7677 0.7821, -1.8323 -0.7677 0.7861, -1.8425 -0.7677 0.7874, -2.1575 -0.1969 0.8268, -2.1575 -0.1982 0.8166, -2.1575 -0.2021 0.8071, -2.1575 -0.2084 0.7989, -2.1575 -0.2165 0.7927, -2.1575 -0.226 0.7887, -2.1575 -0.2362 0.7874, -2.1575 -0.1969 1.5748, -2.1677 -0.1955 1.5748, -2.1677 -0.1955 0.8268, -2.1772 -0.1916 1.5748, -2.1772 -0.1916 0.8268, -2.1853 -0.1853 1.5748, -2.1853 -0.1853 0.8268, -2.1916 -0.1772 1.5748, -2.1916 -0.1772 0.8268, -2.1955 -0.1677 1.5748, -2.1955 -0.1677 0.8268, -2.1969 -0.1575 1.5748, -2.1969 -0.1575 0.8268, -2.3543 -0.8071 0.2362, -2.3543 -0.8084 0.226, -2.3543 -0.8124 0.2165, -2.3543 -0.8186 0.2084, -2.3543 -0.8268 0.2021, -2.3543 -0.8363 0.1982, -2.3543 -0.8465 0.1969, -1.8031 -0.7677 0.6299, -1.8043 -0.7765 0.748, -1.8041 -0.7765 0.6299, -1.8045 -0.7779 0.748, -1.807 -0.7848 0.6299, -1.8117 -0.7923 0.6299, -1.8084 -0.7874 0.748, -1.8073 -0.7847 0.748, -1.818 -0.7985 0.6299, -1.8147 -0.7956 0.748, -1.812 -0.7921 0.748, -1.8254 -0.8032 0.6299, -1.8228 -0.8018 0.748, -1.8182 -0.7982 0.748, -1.8338 -0.8061 0.6299, -1.8323 -0.8057 0.748, -1.8255 -0.8029 0.748, -1.8425 -0.8071 0.6299, -1.8425 -0.8071 0.748, -1.8338 -0.8059 0.748, -1.7638 -0.7677 0.5906, -1.7638 -0.7765 0.5896, -1.7638 -0.7779 0.5891, -1.7638 -0.7848 0.5867, -1.7638 -0.7873 0.5851, -1.7638 -0.7923 0.582, -1.7638 -0.7954 0.5788, -1.7638 -0.7985 0.5757, -1.7638 -0.8016 0.5707, -1.7638 -0.8032 0.5683, -1.7638 -0.8056 0.5613, -1.7638 -0.8061 0.5599, -1.7638 -0.8071 0.5512, -1.6063 1.122 0.5512, -1.6076 1.122 0.5614, -1.6116 1.122 0.5709, -1.6178 1.122 0.579, -1.626 1.122 0.5853, -1.6355 1.122 0.5892, -1.6457 1.122 0.5906, -1.5669 1.1614 0.5512, -1.5757 1.1603 0.5512, -1.5771 1.1601 0.5512, -1.5839 1.1573 0.5512, -1.5866 1.1561 0.5512, -1.5913 1.1526 0.5512, -1.5948 1.1499 0.5512, -1.5974 1.1464 0.5512, -1.601 1.1417 0.5512, -1.6021 1.139 0.5512, -1.605 1.1322 0.5512, -1.6051 1.1308 0.5512, -2.6063 1.1981 0.2158, -2.605 1.1883 0.2185, -2.6063 1.1902 0.1969, -2.605 1.1814 0.2019, -2.6063 1.1777 0.1805, -2.605 1.1705 0.1877, -2.6063 1.1614 0.168, -2.605 1.1563 0.1769, -2.6063 1.1424 0.1602, -2.605 1.1398 0.17, -2.601 1.1791 0.2209, -2.601 1.1732 0.2067, -2.601 1.1638 0.1945, -2.601 1.1516 0.1851, -2.601 1.1373 0.1792, -2.5948 1.1712 0.223, -2.5948 1.1661 0.2108, -2.5948 1.158 0.2002, -2.5948 1.1475 0.1921, -2.5948 1.1352 0.1871, -2.5866 1.1652 0.2247, -2.5866 1.1607 0.2139, -2.5866 1.1536 0.2047, -2.5866 1.1444 0.1976, -2.5866 1.1336 0.1931, -2.5771 1.1614 0.2257, -2.5771 1.1573 0.2159, -2.5771 1.1508 0.2074, -2.5771 1.1424 0.201, -2.5771 1.1326 0.1969, -2.5669 1.1601 0.226, -2.5669 1.1561 0.2165, -2.5669 1.1499 0.2084, -2.5669 1.1417 0.2021, -2.5669 1.1322 0.1982, -2.3747 -0.8438 0.1969, -2.3721 -0.8339 0.1982, -2.3696 -0.8248 0.2021, -2.3675 -0.8169 0.2084, -2.3659 -0.8108 0.2165, -2.3649 -0.807 0.226, -2.3645 -0.8057 0.2362, -2.3937 -0.8359 0.1969, -2.3886 -0.8271 0.1982, -2.3839 -0.8189 0.2021, -2.3798 -0.8118 0.2084, -2.3767 -0.8064 0.2165, -2.3747 -0.803 0.226, -2.374 -0.8018 0.2362, -2.41 -0.8234 0.1969, -2.4028 -0.8162 0.1982, -2.3961 -0.8095 0.2021, -2.3903 -0.8037 0.2084, -2.3859 -0.7993 0.2165, -2.3831 -0.7965 0.226, -2.3822 -0.7956 0.2362, -2.4225 -0.8071 0.1969, -2.4137 -0.802 0.1982, -2.4055 -0.7972 0.2021, -2.3984 -0.7932 0.2084, -2.393 -0.79 0.2165, -2.3896 -0.7881 0.226, -2.3884 -0.7874 0.2362, -2.4304 -0.7881 0.1969, -2.4205 -0.7855 0.1982, -2.4114 -0.783 0.2021, -2.4035 -0.7809 0.2084, -2.3975 -0.7793 0.2165, -2.3937 -0.7783 0.226, -2.3924 -0.7779 0.2362, -2.4331 -0.7677 0.1969, -2.4229 -0.7677 0.1982, -2.4134 -0.7677 0.2021, -2.4052 -0.7677 0.2084, -2.399 -0.7677 0.2165, -2.395 -0.7677 0.226, -2.3937 -0.7677 0.2362, -1.8058 -0.7776 0.7582, -1.8096 -0.7867 0.7582, -1.8156 -0.7946 0.7582, -1.8235 -0.8007 0.7582, -1.8327 -0.8044 0.7582, -1.8096 -0.7765 0.7677, -1.8184 -0.7816 0.7759, -1.813 -0.7848 0.7677, -1.8156 -0.7749 0.7759, -1.8286 -0.7816 0.7821, -1.8228 -0.7874 0.7759, -1.8184 -0.7918 0.7677, -1.8235 -0.7728 0.7821, -1.8374 -0.7765 0.7861, -1.8327 -0.7848 0.7821, -1.8286 -0.7918 0.7759, -1.8255 -0.7972 0.7677, -1.8327 -0.7704 0.7861, -1.8337 -0.7728 0.7861, -1.8255 -0.7776 0.7821, -1.8353 -0.7749 0.7861, -1.8399 -0.7776 0.7861, -1.8374 -0.7867 0.7821, -1.8353 -0.7946 0.7759, -1.8337 -0.8007 0.7677, -1.8425 -0.7779 0.7861, -1.8425 -0.7874 0.7821, -1.8425 -0.7956 0.7759, -1.8425 -0.8018 0.7677, -1.8425 -0.8057 0.7582, -2.1969 -0.1602 0.8064, -2.1955 -0.17 0.809, -2.1969 -0.168 0.7874, -2.1955 -0.1769 0.7925, -2.1969 -0.1805 0.7711, -2.1955 -0.1877 0.7783, -2.1969 -0.1969 0.7586, -2.1955 -0.2019 0.7674, -2.1969 -0.2158 0.7507, -2.1955 -0.2185 0.7606, -2.1969 -0.2362 0.748, -2.1955 -0.2362 0.7582, -2.1916 -0.1792 0.8115, -2.1916 -0.1851 0.7972, -2.1916 -0.1945 0.785, -2.1916 -0.2067 0.7756, -2.1916 -0.2209 0.7697, -2.1916 -0.2362 0.7677, -2.1853 -0.1871 0.8136, -2.1853 -0.1921 0.8013, -2.1853 -0.2002 0.7908, -2.1853 -0.2108 0.7827, -2.1853 -0.223 0.7776, -2.1853 -0.2362 0.7759, -2.1772 -0.1931 0.8152, -2.1772 -0.1976 0.8044, -2.1772 -0.2047 0.7952, -2.1772 -0.2139 0.7881, -2.1772 -0.2247 0.7836, -2.1772 -0.2362 0.7821, -2.1677 -0.1969 0.8162, -2.1677 -0.201 0.8064, -2.1677 -0.2074 0.798, -2.1677 -0.2159 0.7915, -2.1677 -0.2257 0.7874, -2.1677 -0.2362 0.7861, -1.7819 -0.8061 0.5623, -1.7797 -0.8032 0.5704, -1.7778 -0.7985 0.5776, -1.7762 -0.7923 0.5836, -1.775 -0.7848 0.5881, -1.774 -0.7677 0.5919, -1.7742 -0.7765 0.5909, -1.7835 -0.7677 0.5958, -1.784 -0.7765 0.595, -1.7916 -0.7677 0.6021, -1.7923 -0.7765 0.6014, -1.7979 -0.7677 0.6102, -1.7987 -0.7765 0.6097, -1.8018 -0.7677 0.6197, -1.8028 -0.7765 0.6195, -1.7854 -0.7848 0.5924, -1.7944 -0.7848 0.5993, -1.8013 -0.7848 0.6083, -1.8056 -0.7848 0.6187, -1.7878 -0.7923 0.5884, -1.7977 -0.7923 0.596, -1.8053 -0.7923 0.6059, -1.8101 -0.7923 0.6175, -1.7909 -0.7985 0.583, -1.8021 -0.7985 0.5916, -1.8107 -0.7985 0.6028, -1.8161 -0.7985 0.6159, -1.7946 -0.8032 0.5765, -1.8074 -0.8032 0.5863, -1.8172 -0.8032 0.5991, -1.8233 -0.8032 0.614, -1.7988 -0.8061 0.5693, -1.8133 -0.8061 0.5804, -1.8244 -0.8061 0.5949, -1.8314 -0.8061 0.6118, -1.7842 -0.8071 0.5539, -1.8031 -0.8071 0.5617, -1.8195 -0.8071 0.5742, -1.832 -0.8071 0.5906, -1.8398 -0.8071 0.6095, -1.5696 1.1614 0.5716, -1.5795 1.1601 0.5689, -1.5886 1.1561 0.5665, -1.5965 1.1499 0.5644, -1.6025 1.1417 0.5627, -1.6457 1.1614 0.6299, -1.6253 1.1614 0.6272, -1.6457 1.1601 0.6197, -1.6279 1.1601 0.6174, -1.6457 1.1561 0.6102, -1.6304 1.1561 0.6082, -1.6457 1.1499 0.6021, -1.6325 1.1499 0.6003, -1.6457 1.1417 0.5958, -1.6341 1.1417 0.5943, -1.6457 1.1322 0.5919, -1.6351 1.1322 0.5905, -1.6063 1.1614 0.6194, -1.6114 1.1601 0.6105, -1.6161 1.1561 0.6023, -1.6202 1.1499 0.5953, -1.6233 1.1417 0.5898, -1.6253 1.1322 0.5864, -1.59 1.1614 0.6069, -1.5972 1.1601 0.5997, -1.6039 1.1561 0.5929, -1.6097 1.1499 0.5872, -1.6141 1.1417 0.5827, -1.6169 1.1322 0.58, -1.5775 1.1614 0.5906, -1.5863 1.1601 0.5855, -1.5945 1.1561 0.5807, -1.6016 1.1499 0.5766, -1.607 1.1417 0.5735, -1.6104 1.1322 0.5715, -1.6063 1.1322 0.5617, -2.4331 1.122 0.1969, -2.4331 1.1322 0.1982, -2.4331 1.1417 0.2021, -2.4331 1.1499 0.2084, -2.4331 1.1561 0.2165, -2.4331 1.1601 0.226, -2.4331 1.1614 0.2362, -2.4229 1.122 0.1982, -2.4134 1.122 0.2021, -2.4052 1.122 0.2084, -2.399 1.122 0.2165, -2.395 1.122 0.226, -2.3937 1.122 0.2362, -2.3937 -0.7677 0.5512, -2.3927 -0.7765 0.5512, -2.3922 -0.7779 0.5512, -2.3898 -0.7848 0.5512, -2.3882 -0.7873 0.5512, -2.3851 -0.7923 0.5512, -2.382 -0.7954 0.5512, -2.3789 -0.7985 0.5512, -2.3739 -0.8016 0.5512, -2.3714 -0.8032 0.5512, -2.3645 -0.8056 0.5512, -2.3631 -0.8061 0.5512, -2.3543 -0.8071 0.5512, -2.1575 -0.7677 0.7874, -2.1575 -0.7779 0.7861, -2.1575 -0.7874 0.7821, -2.1575 -0.7956 0.7759, -2.1575 -0.8018 0.7677, -2.1575 -0.8057 0.7582, -2.1575 -0.8071 0.748, -2.1677 -0.7677 0.7861, -2.1772 -0.7677 0.7821, -2.1853 -0.7677 0.7759, -2.1916 -0.7677 0.7677, -2.1955 -0.7677 0.7582, -2.1969 -0.7677 0.748, -1.8425 0.1969 1.5748, -1.8425 0.1969 0.8268, -1.8338 0.1959 1.5748, -1.8338 0.1957 0.8268, -1.8254 0.193 1.5748, -1.8323 0.1955 0.8268, -1.8255 0.1927 0.8268, -1.818 0.1883 1.5748, -1.8228 0.1916 0.8268, -1.8182 0.188 0.8268, -1.8147 0.1853 0.8268, -1.8117 0.182 1.5748, -1.812 0.1818 0.8268, -1.8084 0.1772 0.8268, -1.807 0.1746 1.5748, -1.8073 0.1745 0.8268, -1.8045 0.1677 0.8268, -1.8041 0.1662 1.5748, -1.8043 0.1662 0.8268, -1.8031 0.1575 1.5748, -1.8031 0.1575 0.8268, -1.8031 1.122 0.6299, -1.8018 1.122 0.6197, -1.7979 1.122 0.6102, -1.7916 1.122 0.6021, -1.7835 1.122 0.5958, -1.774 1.122 0.5919, -1.7638 1.122 0.5906, -1.7638 1.1614 0.6299, -1.7638 1.1601 0.6197, -1.7638 1.1561 0.6102, -1.7638 1.1499 0.6021, -1.7638 1.1417 0.5958, -1.7638 1.1322 0.5919, -2.4229 1.1601 0.2362, -2.4134 1.1561 0.2362, -2.4232 1.1588 0.226, -2.4141 1.155 0.226, -2.4242 1.155 0.2165, -2.416 1.1516 0.2165, -2.4259 1.1489 0.2084, -2.4192 1.1462 0.2084, -2.428 1.1411 0.2021, -2.4232 1.1391 0.2021, -2.4304 1.1319 0.1982, -2.428 1.1309 0.1982, -2.4052 1.1499 0.2362, -2.4062 1.1489 0.226, -2.409 1.1462 0.2165, -2.4134 1.1417 0.2084, -2.4192 1.136 0.2021, -2.4259 1.1293 0.1982, -2.399 1.1417 0.2362, -2.395 1.1322 0.2362, -2.4001 1.1411 0.226, -2.3963 1.1319 0.226, -2.4035 1.1391 0.2165, -2.4001 1.1309 0.2165, -2.409 1.136 0.2084, -2.4062 1.1293 0.2084, -2.416 1.1319 0.2021, -2.4141 1.1271 0.2021, -2.4242 1.1271 0.1982, -2.4232 1.1247 0.1982, -2.3628 -0.8048 0.5614, -2.3708 -0.802 0.5614, -2.3691 -0.7984 0.5709, -2.3543 -0.8057 0.5614, -2.378 -0.7974 0.5614, -2.3841 -0.7914 0.5614, -2.3886 -0.7842 0.5614, -2.3619 -0.801 0.5709, -2.3543 -0.8018 0.5709, -2.3717 -0.7895 0.579, -2.3756 -0.7944 0.5709, -2.3605 -0.7949 0.579, -2.3543 -0.7956 0.579, -2.3697 -0.78 0.5853, -2.3761 -0.7851 0.579, -2.381 -0.789 0.5709, -2.3587 -0.7869 0.5853, -2.3543 -0.7874 0.5853, -2.3635 -0.7721 0.5892, -2.3721 -0.7763 0.5853, -2.3794 -0.7798 0.579, -2.385 -0.7825 0.5709, -2.3543 -0.7677 0.5906, -2.3543 -0.7779 0.5892, -2.3566 -0.7777 0.5892, -2.3588 -0.7769 0.5892, -2.3629 -0.7855 0.5853, -2.3607 -0.7757 0.5892, -2.3664 -0.7928 0.579, -2.3666 -0.7831 0.5853, -2.3623 -0.7741 0.5892, -2.3643 -0.77 0.5892, -2.3735 -0.7721 0.5853, -2.3815 -0.7739 0.579, -2.3876 -0.7753 0.5709, -2.3914 -0.7762 0.5614, -2.3645 -0.7677 0.5892, -2.374 -0.7677 0.5853, -2.3822 -0.7677 0.579, -2.3884 -0.7677 0.5709, -2.3924 -0.7677 0.5614, -2.1659 -0.8048 0.7582, -2.174 -0.802 0.7582, -2.1723 -0.7984 0.7677, -2.1662 -0.8061 0.748, -2.1676 -0.8056 0.748, -2.1746 -0.8032 0.748, -2.177 -0.8016 0.748, -2.1812 -0.7974 0.7582, -2.182 -0.7985 0.748, -2.1851 -0.7954 0.748, -2.1872 -0.7914 0.7582, -2.1883 -0.7923 0.748, -2.1914 -0.7873 0.748, -2.1917 -0.7842 0.7582, -2.193 -0.7848 0.748, -2.1954 -0.7779 0.748, -2.1651 -0.801 0.7677, -2.1748 -0.7895 0.7759, -2.1787 -0.7944 0.7677, -2.1637 -0.7949 0.7759, -2.1729 -0.78 0.7821, -2.1792 -0.7851 0.7759, -2.1841 -0.789 0.7677, -2.1619 -0.7869 0.7821, -2.1667 -0.7721 0.7861, -2.1752 -0.7763 0.7821, -2.1826 -0.7798 0.7759, -2.1882 -0.7825 0.7677, -2.1597 -0.7777 0.7861, -2.1619 -0.7769 0.7861, -2.166 -0.7855 0.7821, -2.1638 -0.7757 0.7861, -2.1696 -0.7928 0.7759, -2.1698 -0.7831 0.7821, -2.1654 -0.7741 0.7861, -2.1674 -0.77 0.7861, -2.1767 -0.7721 0.7821, -2.1846 -0.7739 0.7759, -2.1907 -0.7753 0.7677, -2.1946 -0.7762 0.7582, -2.1959 -0.7765 0.748, -1.8338 0.2362 0.7863, -1.8323 0.2362 0.7861, -1.8323 0.2257 0.7874, -1.8255 0.2362 0.7832, -1.8228 0.2362 0.7821, -1.8228 0.2247 0.7836, -1.8182 0.2362 0.7786, -1.8147 0.2362 0.7759, -1.8147 0.223 0.7776, -1.8084 0.1851 0.7972, -1.8084 0.1792 0.8115, -1.8147 0.1871 0.8136, -1.8045 0.17 0.809, -1.8043 0.2362 0.7568, -1.8031 0.2362 0.748, -1.8031 0.2158 0.7507, -1.8073 0.2362 0.765, -1.8045 0.2362 0.7582, -1.8045 0.2185 0.7606, -1.8031 0.1602 0.8064, -1.8031 0.168 0.7874, -1.8045 0.1769 0.7925, -1.8031 0.1805 0.7711, -1.8045 0.1877 0.7783, -1.8031 0.1969 0.7586, -1.812 0.2362 0.7724, -1.8084 0.2362 0.7677, -1.8084 0.2209 0.7697, -1.8147 0.2108 0.7827, -1.8228 0.2139 0.7881, -1.8228 0.2047 0.7952, -1.8045 0.2019 0.7674, -1.8084 0.2067 0.7756, -1.8084 0.1945 0.785, -1.8147 0.2002 0.7908, -1.8147 0.1921 0.8013, -1.8228 0.1976 0.8044, -1.8228 0.1931 0.8152, -1.8323 0.1969 0.8162, -1.8323 0.2159 0.7915, -1.8323 0.2074 0.798, -1.8323 0.201 0.8064, -1.8425 0.2362 0.7874, -1.8425 0.226 0.7887, -1.8425 0.2165 0.7927, -1.8425 0.2084 0.7989, -1.8425 0.2021 0.8071, -1.8425 0.1982 0.8166, -1.8018 1.1322 0.6299, -1.7979 1.1417 0.6299, -1.8005 1.1319 0.6197, -1.7967 1.1411 0.6197, -1.7967 1.1309 0.6102, -1.7933 1.1391 0.6102, -1.7907 1.1293 0.6021, -1.7879 1.136 0.6021, -1.7828 1.1271 0.5958, -1.7808 1.1319 0.5958, -1.7736 1.1247 0.5919, -1.7726 1.1271 0.5919, -1.7916 1.1499 0.6299, -1.7907 1.1489 0.6197, -1.7879 1.1462 0.6102, -1.7835 1.1417 0.6021, -1.7777 1.136 0.5958, -1.771 1.1293 0.5919, -1.7835 1.1561 0.6299, -1.774 1.1601 0.6299, -1.7828 1.155 0.6197, -1.7736 1.1588 0.6197, -1.7808 1.1516 0.6102, -1.7726 1.155 0.6102, -1.7777 1.1462 0.6021, -1.771 1.1489 0.6021, -1.7736 1.1391 0.5958, -1.7689 1.1411 0.5958, -1.7689 1.1309 0.5919, -1.7664 1.1319 0.5919, -2.4331 1.1614 0.5512, -2.4229 1.1601 0.5512, -2.4134 1.1561 0.5512, -2.4052 1.1499 0.5512, -2.399 1.1417 0.5512, -2.395 1.1322 0.5512, -2.3937 1.122 0.5512, -2.3543 1.122 0.5906, -2.3645 1.122 0.5892, -2.374 1.122 0.5853, -2.3822 1.122 0.579, -2.3884 1.122 0.5709, -2.3924 1.122 0.5614, -2.2362 -0.7677 0.5906, -2.2362 -0.7765 0.5896, -2.2362 -0.7779 0.5891, -2.2362 -0.7848 0.5867, -2.2362 -0.7873 0.5851, -2.2362 -0.7923 0.582, -2.2362 -0.7954 0.5788, -2.2362 -0.7985 0.5757, -2.2362 -0.8016 0.5707, -2.2362 -0.8032 0.5683, -2.2362 -0.8071 0.5512, -2.2362 -0.8061 0.5599, -2.2362 -0.8056 0.5613, -2.1969 -0.7677 0.6299, -2.1959 -0.7765 0.6299, -2.1954 -0.7779 0.6299, -2.193 -0.7848 0.6299, -2.1914 -0.7873 0.6299, -2.1883 -0.7923 0.6299, -2.1851 -0.7954 0.6299, -2.182 -0.7985 0.6299, -2.177 -0.8016 0.6299, -2.1746 -0.8032 0.6299, -2.1676 -0.8056 0.6299, -2.1662 -0.8061 0.6299, -2.1575 -0.8071 0.6299, -2.1969 0.1575 1.5748, -2.1969 0.1575 0.8268, -2.1959 0.1662 1.5748, -2.1957 0.1662 0.8268, -2.193 0.1746 1.5748, -2.1955 0.1677 0.8268, -2.1927 0.1745 0.8268, -2.1883 0.182 1.5748, -2.1916 0.1772 0.8268, -2.188 0.1818 0.8268, -2.1853 0.1853 0.8268, -2.182 0.1883 1.5748, -2.1818 0.188 0.8268, -2.1772 0.1916 0.8268, -2.1746 0.193 1.5748, -2.1745 0.1927 0.8268, -2.1677 0.1955 0.8268, -2.1662 0.1959 1.5748, -2.1662 0.1957 0.8268, -2.1575 0.1969 1.5748, -2.1575 0.1969 0.8268, -2.1575 0.1982 0.8166, -2.1575 0.2021 0.8071, -2.1575 0.2084 0.7989, -2.1575 0.2165 0.7927, -2.1575 0.226 0.7887, -2.1575 0.2362 0.7874, -1.8031 1.122 0.748, -1.8043 1.122 0.7568, -1.8045 1.122 0.7582, -1.8073 1.122 0.765, -1.8084 1.122 0.7677, -1.812 1.122 0.7724, -1.8147 1.122 0.7759, -1.8182 1.122 0.7786, -1.8228 1.122 0.7821, -1.8255 1.122 0.7832, -1.8323 1.122 0.7861, -1.8338 1.122 0.7863, -1.8425 1.122 0.7874, -1.7638 1.1614 0.748, -1.7725 1.1604 0.748, -1.7739 1.1599 0.748, -1.7809 1.1575 0.748, -1.7833 1.156 0.748, -1.7883 1.1528 0.748, -1.7914 1.1497 0.748, -1.7946 1.1466 0.748, -1.7977 1.1416 0.748, -1.7993 1.1391 0.748, -1.8017 1.1322 0.748, -1.8022 1.1308 0.748, -2.4304 1.1614 0.5716, -2.4205 1.1601 0.5689, -2.4114 1.1561 0.5665, -2.4035 1.1499 0.5644, -2.3975 1.1417 0.5627, -2.3937 1.1322 0.5617, -2.4225 1.1614 0.5906, -2.4137 1.1601 0.5855, -2.4055 1.1561 0.5807, -2.3984 1.1499 0.5766, -2.393 1.1417 0.5735, -2.3896 1.1322 0.5715, -2.41 1.1614 0.6069, -2.4028 1.1601 0.5997, -2.3961 1.1561 0.5929, -2.3903 1.1499 0.5872, -2.3859 1.1417 0.5827, -2.3831 1.1322 0.58, -2.3937 1.1614 0.6194, -2.3886 1.1601 0.6105, -2.3839 1.1561 0.6023, -2.3798 1.1499 0.5953, -2.3767 1.1417 0.5898, -2.3747 1.1322 0.5864, -2.3747 1.1614 0.6272, -2.3721 1.1601 0.6174, -2.3696 1.1561 0.6082, -2.3675 1.1499 0.6003, -2.3659 1.1417 0.5943, -2.3649 1.1322 0.5905, -2.3543 1.1614 0.6299, -2.3543 1.1601 0.6197, -2.3543 1.1561 0.6102, -2.3543 1.1499 0.6021, -2.3543 1.1417 0.5958, -2.3543 1.1322 0.5919, -2.1686 -0.8061 0.6118, -2.2203 -0.8032 0.5704, -2.1767 -0.8032 0.614, -2.2222 -0.7985 0.5776, -2.1839 -0.7985 0.6159, -2.2238 -0.7923 0.5836, -2.1899 -0.7923 0.6175, -2.225 -0.7848 0.5881, -2.1944 -0.7848 0.6187, -2.2258 -0.7765 0.5909, -2.1982 -0.7677 0.6197, -2.1972 -0.7765 0.6195, -2.2021 -0.7677 0.6102, -2.2013 -0.7765 0.6097, -2.2084 -0.7677 0.6021, -2.2077 -0.7765 0.6014, -2.2165 -0.7677 0.5958, -2.216 -0.7765 0.595, -2.226 -0.7677 0.5919, -2.1987 -0.7848 0.6083, -2.2056 -0.7848 0.5993, -2.2146 -0.7848 0.5924, -2.1947 -0.7923 0.6059, -2.2023 -0.7923 0.596, -2.2122 -0.7923 0.5884, -2.1893 -0.7985 0.6028, -2.1979 -0.7985 0.5916, -2.2091 -0.7985 0.583, -2.1828 -0.8032 0.5991, -2.1926 -0.8032 0.5863, -2.2054 -0.8032 0.5765, -2.1756 -0.8061 0.5949, -2.1867 -0.8061 0.5804, -2.2012 -0.8061 0.5693, -2.2181 -0.8061 0.5623, -2.1602 -0.8071 0.6095, -2.168 -0.8071 0.5906, -2.1805 -0.8071 0.5742, -2.1969 -0.8071 0.5617, -2.2158 -0.8071 0.5539, -2.1677 0.1969 0.8162, -2.1772 0.1931 0.8152, -2.1853 0.1871 0.8136, -2.1916 0.1792 0.8115, -2.1955 0.17 0.809, -2.1969 0.1602 0.8064, -2.1969 0.2362 0.748, -2.1955 0.2362 0.7582, -2.1969 0.2158 0.7507, -2.1955 0.2185 0.7606, -2.1969 0.1969 0.7586, -2.1955 0.2019 0.7674, -2.1969 0.1805 0.7711, -2.1955 0.1877 0.7783, -2.1969 0.168 0.7874, -2.1955 0.1769 0.7925, -2.1916 0.2362 0.7677, -2.1916 0.2209 0.7697, -2.1916 0.2067 0.7756, -2.1916 0.1945 0.785, -2.1916 0.1851 0.7972, -2.1853 0.2362 0.7759, -2.1853 0.223 0.7776, -2.1853 0.2108 0.7827, -2.1853 0.2002 0.7908, -2.1853 0.1921 0.8013, -2.1772 0.2362 0.7821, -2.1772 0.2247 0.7836, -2.1772 0.2139 0.7881, -2.1772 0.2047 0.7952, -2.1772 0.1976 0.8044, -2.1677 0.2362 0.7861, -2.1677 0.2257 0.7874, -2.1677 0.2159 0.7915, -2.1677 0.2074 0.798, -2.1677 0.201 0.8064, -1.8035 1.1308 0.7585, -1.8076 1.1308 0.7682, -1.814 1.1308 0.7766, -1.8223 1.1308 0.783, -1.7749 1.1604 0.7661, -1.7665 1.1614 0.7684, -1.8425 1.1614 0.8268, -1.8221 1.1614 0.8241, -1.8425 1.1604 0.818, -1.8244 1.1604 0.8156, -1.8425 1.1599 0.8166, -1.8266 1.1575 0.8076, -1.8425 1.1575 0.8097, -1.783 1.1575 0.764, -1.8425 1.156 0.8072, -1.8285 1.1528 0.8004, -1.8425 1.1528 0.8022, -1.7902 1.1528 0.7621, -1.8425 1.1497 0.7991, -1.8301 1.1466 0.7944, -1.8425 1.1466 0.796, -1.7962 1.1466 0.7604, -1.8425 1.1416 0.7929, -1.8313 1.1391 0.7898, -1.8425 1.1391 0.7913, -1.8007 1.1391 0.7592, -1.8321 1.1308 0.787, -1.8425 1.1322 0.7889, -1.8425 1.1308 0.7884, -1.8209 1.1391 0.7855, -1.8185 1.1466 0.7896, -1.8154 1.1528 0.795, -1.8117 1.1575 0.8014, -1.8075 1.1604 0.8086, -1.8031 1.1614 0.8162, -1.8119 1.1391 0.7786, -1.8086 1.1466 0.7819, -1.8042 1.1528 0.7864, -1.7989 1.1575 0.7916, -1.793 1.1604 0.7975, -1.7868 1.1614 0.8037, -1.805 1.1391 0.7697, -1.801 1.1466 0.772, -1.7956 1.1528 0.7751, -1.7891 1.1575 0.7789, -1.7819 1.1604 0.783, -1.7743 1.1614 0.7874, -2.2362 1.1614 0.6299, -2.2362 1.1601 0.6197, -2.2362 1.1561 0.6102, -2.2362 1.1499 0.6021, -2.2362 1.1417 0.5958, -2.2362 1.1322 0.5919, -2.2362 1.122 0.5906, -2.226 1.122 0.5919, -2.2165 1.122 0.5958, -2.2084 1.122 0.6021, -2.2021 1.122 0.6102, -2.1982 1.122 0.6197, -2.1969 1.122 0.6299, -2.1575 1.122 0.7874, -2.1677 1.122 0.7861, -2.1772 1.122 0.7821, -2.1853 1.122 0.7759, -2.1916 1.122 0.7677, -2.1955 1.122 0.7582, -2.1969 1.122 0.748, -2.1575 1.1308 0.7884, -2.1575 1.1322 0.7889, -2.1575 1.1391 0.7913, -2.1575 1.1416 0.7929, -2.1575 1.1466 0.796, -2.1575 1.1497 0.7991, -2.1575 1.1528 0.8022, -2.1575 1.156 0.8072, -2.1575 1.1575 0.8097, -2.1575 1.1599 0.8166, -2.1575 1.1604 0.818, -2.1575 1.1614 0.8268, -2.226 1.1601 0.6299, -2.2165 1.1561 0.6299, -2.2264 1.1588 0.6197, -2.2172 1.155 0.6197, -2.2274 1.155 0.6102, -2.2192 1.1516 0.6102, -2.229 1.1489 0.6021, -2.2223 1.1462 0.6021, -2.2311 1.1411 0.5958, -2.2264 1.1391 0.5958, -2.2336 1.1319 0.5919, -2.2311 1.1309 0.5919, -2.2084 1.1499 0.6299, -2.2093 1.1489 0.6197, -2.2121 1.1462 0.6102, -2.2165 1.1417 0.6021, -2.2223 1.136 0.5958, -2.229 1.1293 0.5919, -2.2021 1.1417 0.6299, -2.1982 1.1322 0.6299, -2.2033 1.1411 0.6197, -2.1995 1.1319 0.6197, -2.2067 1.1391 0.6102, -2.2033 1.1309 0.6102, -2.2121 1.136 0.6021, -2.2093 1.1293 0.6021, -2.2192 1.1319 0.5958, -2.2172 1.1271 0.5958, -2.2274 1.1271 0.5919, -2.2264 1.1247 0.5919, -2.1756 1.1604 0.8156, -2.1779 1.1614 0.8241, -2.2362 1.1614 0.748, -2.2335 1.1614 0.7684, -2.2275 1.1604 0.748, -2.2251 1.1604 0.7661, -2.2261 1.1599 0.748, -2.217 1.1575 0.764, -2.1734 1.1575 0.8076, -2.2098 1.1528 0.7621, -2.2167 1.156 0.748, -2.2191 1.1575 0.748, -2.1715 1.1528 0.8004, -2.2038 1.1466 0.7604, -2.2086 1.1497 0.748, -2.2117 1.1528 0.748, -2.1699 1.1466 0.7944, -2.1983 1.1322 0.748, -2.2007 1.1391 0.748, -2.1993 1.1391 0.7592, -2.2023 1.1416 0.748, -2.2054 1.1466 0.748, -2.2257 1.1614 0.7874, -2.2181 1.1604 0.783, -2.2109 1.1575 0.7789, -2.2044 1.1528 0.7751, -2.199 1.1466 0.772, -2.195 1.1391 0.7697, -2.2132 1.1614 0.8037, -2.207 1.1604 0.7975, -2.2011 1.1575 0.7916, -2.1958 1.1528 0.7864, -2.1914 1.1466 0.7819, -2.1881 1.1391 0.7786, -2.1969 1.1614 0.8162, -2.1925 1.1604 0.8086, -2.1883 1.1575 0.8014, -2.1846 1.1528 0.795, -2.1815 1.1466 0.7896, -2.1791 1.1391 0.7855, -2.1687 1.1391 0.7898, -2.1978 1.1308 0.748, -2.1965 1.1308 0.7585, -2.1924 1.1308 0.7682, -2.186 1.1308 0.7766, -2.1777 1.1308 0.783, -2.1679 1.1308 0.787, -2.9606 0.1969 1.0236, -2.7935 0.1969 1.0236, -2.9606 0.198 1.0149, -2.7935 0.198 1.0149, -2.9606 0.1982 1.0134, -2.7935 0.1982 1.0134, -2.9606 0.201 1.0066, -2.7935 0.201 1.0066, -2.9606 0.2021 1.0039, -2.7935 0.2021 1.0039, -2.9606 0.2057 0.9993, -2.7935 0.2057 0.9993, -2.9606 0.2084 0.9958, -2.7935 0.2084 0.9958, -2.9606 0.2119 0.9931, -2.7935 0.2119 0.9931, -2.9606 0.2165 0.9895, -2.7935 0.2165 0.9895, -2.9606 0.2192 0.9884, -2.7935 0.2192 0.9884, -2.9606 0.226 0.9856, -2.7935 0.226 0.9856, -2.9606 0.2275 0.9854, -2.7935 0.2275 0.9854, -2.9606 0.2362 0.9843, -2.7935 0.2362 0.9843, -2.6408 0.2695 1.0236, -2.6172 0.3062 1.0236, -2.6184 0.3068 1.0134, -2.6719 0.2389 1.0236, -2.6418 0.2704 1.0134, -2.709 0.2159 1.0236, -2.6727 0.24 1.0134, -2.7502 0.2017 1.0236, -2.7095 0.2172 1.0134, -2.7505 0.203 1.0134, -2.7513 0.2068 1.0039, -2.7527 0.2129 0.9958, -2.7545 0.2209 0.9895, -2.7566 0.2301 0.9856, -2.7588 0.2401 0.9843, -2.7112 0.2207 1.0039, -2.7139 0.2264 0.9958, -2.7174 0.2337 0.9895, -2.7215 0.2423 0.9856, -2.7259 0.2515 0.9843, -2.6751 0.2431 1.0039, -2.679 0.248 0.9958, -2.684 0.2544 0.9895, -2.6899 0.2619 0.9856, -2.6962 0.2699 0.9843, -2.6449 0.2729 1.0039, -2.6497 0.2768 0.9958, -2.6561 0.2819 0.9895, -2.6634 0.2879 0.9856, -2.6713 0.2944 0.9843, -2.6219 0.3086 1.0039, -2.6275 0.3113 0.9958, -2.6348 0.315 0.9895, -2.6433 0.3192 0.9856, -2.6525 0.3237 0.9843, -2.6063 0.4036 0.9843, -2.5503 0.4771 0.9843, -2.5978 0.398 0.9856, -2.4856 0.5429 0.9843, -2.5426 0.4704 0.9856, -2.4788 0.5353 0.9856, -2.5355 0.4642 0.9895, -2.4724 0.5282 0.9895, -2.5293 0.4589 0.9958, -2.467 0.5221 0.9958, -2.5246 0.4548 1.0039, -2.4628 0.5175 1.0039, -2.5216 0.4522 1.0134, -2.4602 0.5145 1.0134, -2.5206 0.4513 1.0236, -2.4593 0.5135 1.0236, -2.5746 0.3826 1.0134, -2.5735 0.3818 1.0236, -2.547 0.4166 1.0236, -2.5899 0.3927 0.9895, -2.5831 0.3882 0.9958, -2.5779 0.3847 1.0039, -2.5355 1.0827 1.0236, -2.9606 1.0827 1.0236, -2.5355 1.0813 1.0134, -2.9606 1.0813 1.0134, -2.5355 1.0774 1.0039, -2.9606 1.0774 1.0039, -2.5355 1.0711 0.9958, -2.9606 1.0711 0.9958, -2.5355 1.063 0.9895, -2.9606 1.063 0.9895, -2.5355 1.0535 0.9856, -2.9606 1.0535 0.9856, -2.5355 1.0433 0.9843, -2.9606 1.0433 0.9843, -2.51 1.0921 1.0236, -2.51 1.0921 4.685, -2.5177 1.0869 4.685, -2.5177 1.0869 1.0236, -2.5263 1.0838 4.685, -2.5263 1.0838 1.0236, -2.5355 1.0827 4.685, -2.9606 1.0827 4.685, -2.5355 1.084 4.6952, -2.9606 1.084 4.6952, -2.5355 1.088 4.7047, -2.9606 1.088 4.7047, -2.5355 1.0942 4.7129, -2.9606 1.0942 4.7129, -2.5355 1.1024 4.7191, -2.9606 1.1024 4.7191, -2.5355 1.1119 4.7231, -2.9606 1.1119 4.7231, -2.5355 1.122 4.7244, -2.9606 1.122 4.7244, -2.398 0.6192 1.0236, -2.3937 0.6603 1.0236, -2.395 0.6603 1.0134, -2.4109 0.5799 1.0236, -2.3993 0.6194 1.0134, -2.4316 0.5442 1.0236, -2.4121 0.5804 1.0134, -2.4327 0.5449 1.0134, -2.4358 0.5473 1.0039, -2.4409 0.551 0.9958, -2.4475 0.5558 0.9895, -2.4551 0.5614 0.9856, -2.4634 0.5674 0.9843, -2.4157 0.582 1.0039, -2.4214 0.5846 0.9958, -2.4288 0.5879 0.9895, -2.4375 0.5918 0.9856, -2.4468 0.596 0.9843, -2.4032 0.6203 1.0039, -2.4093 0.6216 0.9958, -2.4173 0.6233 0.9895, -2.4266 0.6253 0.9856, -2.4365 0.6274 0.9843, -2.399 0.6603 1.0039, -2.4052 0.6603 0.9958, -2.4134 0.6603 0.9895, -2.4229 0.6603 0.9856, -2.4331 0.6603 0.9843, -2.4999 1.0518 0.9843, -2.4845 1.0621 0.9843, -2.4911 1.0698 0.9856, -2.5172 1.0455 0.9843, -2.5045 1.0609 0.9856, -2.5195 1.0554 0.9856, -2.5217 1.0646 0.9895, -2.5236 1.0725 0.9958, -2.5251 1.0786 1.0039, -2.526 1.0825 1.0134, -2.5088 1.0694 0.9895, -2.5125 1.0767 0.9958, -2.5153 1.0822 1.0039, -2.5171 1.0857 1.0134, -2.4972 1.0771 0.9895, -2.5025 1.0833 0.9958, -2.5066 1.088 1.0039, -2.5091 1.091 1.0134, -2.5289 1.1143 4.7229, -2.5309 1.113 4.7231, -2.5244 1.109 4.7205, -2.5266 1.1045 4.7191, -2.5228 1.1071 4.7189, -2.5196 1.1033 4.7158, -2.5229 1.0972 4.7129, -2.5176 1.101 4.7127, -2.5156 1.0986 4.7096, -2.5201 1.0916 4.7047, -2.5135 1.0962 4.7046, -2.5125 1.095 4.7021, -2.5183 1.0881 4.6952, -2.5109 1.0932 4.6952, -2.5106 1.0928 4.6938, -2.5331 1.1121 4.7231, -2.5309 1.1029 4.7191, -2.529 1.095 4.7129, -2.5276 1.0889 4.7047, -2.5266 1.0851 4.6952, -2.5298 1.1154 4.7234, -2.3991 1.1216 1.004, -2.4037 1.1283 0.9974, -2.4054 1.1297 0.9959, -2.4109 1.1346 0.9911, -2.4134 1.1361 0.9896, -2.3937 1.102 1.0236, -2.3949 1.1115 1.0141, -2.3951 1.1122 1.0135, -2.3983 1.1204 1.0052, -2.4327 1.1028 0.9843, -2.4331 1.102 0.9843, -2.4146 1.1368 0.9889, -2.4186 1.1294 0.987, -2.423 1.1211 0.9861, -2.423 1.1211 0.9861, -2.4559 1.1341 1.0236, -2.4554 1.1345 1.0231, -2.4473 1.1383 1.0144, -2.4378 1.1411 1.0053, -2.4382 1.141 1.0056, -2.4442 1.1398 1.0111, -2.4464 1.1388 1.0135, -2.4258 1.1407 0.9958, -2.4274 1.141 0.9969, -2.4287 1.141 0.998, -2.4363 1.1411 1.004, -2.4233 1.1402 0.9941, -2.4195 1.1387 0.9918, -2.4159 1.1373 0.9896, -2.2714 1.2304 4.685, -2.2569 1.2364 4.685, -2.2573 1.2374 4.6938, -2.1378 1.2662 4.685, -2.0663 1.2767 4.685, -2.0664 1.2777 4.6938, -2.0 1.2782 4.685, -1.9687 1.2789 4.685, -1.9687 1.2799 4.6938, -1.8621 1.2668 4.685, -1.7765 1.2471 4.685, -1.7762 1.2481 4.6938, -1.7288 1.2298 4.685, -1.6848 1.2137 4.685, -1.6844 1.2146 4.6938, -2.4486 1.1761 4.7234, -2.4534 1.1835 4.7244, -1.4792 1.0855 4.6978, -1.4759 1.0844 4.7011, -1.5148 1.1172 4.7021, -1.4214 1.0827 4.7244, -1.4931 1.1453 4.7244, -1.4985 1.1383 4.7234, -1.4478 1.0827 4.7199, -1.4398 1.0827 4.7223, -1.4339 1.0827 4.723, -1.4609 1.0827 4.7136, -1.4568 1.0827 4.7156, -1.5081 1.1259 4.7158, -1.5036 1.1318 4.7205, -1.512 1.1209 4.7096, -1.4736 1.084 4.7031, -1.4663 1.0829 4.7095, -1.4645 1.0827 4.711, -1.5166 1.1149 4.6938, -1.5172 1.1142 4.685, -1.49 1.0921 4.685, -1.4896 1.0917 4.6856, -1.4827 1.0876 4.6937, -1.4821 1.0873 4.6943, -2.4441 1.1692 4.7205, -2.44 1.1629 4.7158, -2.4366 1.1577 4.7096, -2.2698 1.2736 4.7244, -2.3644 1.2343 4.7244, -2.2669 1.2654 4.7234, -2.3605 1.2264 4.7234, -2.2642 1.2575 4.7205, -2.3569 1.2189 4.7205, -2.2618 1.2504 4.7158, -2.3536 1.2122 4.7158, -2.2597 1.2445 4.7096, -2.3508 1.2066 4.7096, -2.2582 1.2401 4.7021, -2.3488 1.2024 4.7021, -2.434 1.1538 4.7021, -1.5778 1.203 4.7244, -1.669 1.2497 4.7244, -1.5823 1.1954 4.7234, -1.6725 1.2417 4.7234, -1.5865 1.1883 4.7205, -1.6758 1.2341 4.7205, -1.5903 1.1819 4.7158, -1.6788 1.2272 4.7158, -1.5935 1.1765 4.7096, -1.6813 1.2215 4.7096, -1.5959 1.1725 4.7021, -1.6832 1.2172 4.7021, -1.5974 1.17 4.6938, -2.3475 1.1998 4.6938, -2.4324 1.1514 4.6938, -1.5979 1.1691 4.685, -1.6032 1.1718 4.685, -1.7653 1.2849 4.7244, -1.7678 1.2765 4.7234, -1.7701 1.2685 4.7205, -1.7722 1.2613 4.7158, -1.774 1.2554 4.7096, -1.7753 1.2509 4.7021, -1.8716 1.269 4.685, -1.8714 1.27 4.6938, -1.871 1.2728 4.7021, -1.8702 1.2775 4.7096, -1.8692 1.2836 4.7158, -1.868 1.291 4.7205, -1.8666 1.2992 4.7234, -1.8652 1.3078 4.7244, -1.9671 1.3182 4.7244, -1.9675 1.3095 4.7234, -1.9678 1.3012 4.7205, -1.9681 1.2937 4.7158, -1.9684 1.2875 4.7096, -1.9685 1.2828 4.7021, -2.0696 1.316 4.7244, -2.0689 1.3072 4.7234, -2.0682 1.2989 4.7205, -2.0675 1.2915 4.7158, -2.067 1.2853 4.7096, -2.0666 1.2806 4.7021, -2.1629 1.2625 4.685, -2.1631 1.2635 4.6938, -2.1637 1.2663 4.7021, -2.1646 1.2709 4.7096, -2.1659 1.277 4.7158, -2.1675 1.2843 4.7205, -2.1692 1.2924 4.7234, -2.171 1.301 4.7244, -2.3471 1.1989 4.685, -2.3962 1.1709 4.685, -2.4318 1.1505 4.685, -2.4554 1.1345 1.2199, -2.4559 1.1341 1.2205, -2.4463 1.1386 1.2104, -2.4472 1.1382 1.2113, -2.3937 1.102 1.1811, -2.3949 1.1115 1.1811, -2.3983 1.1204 1.1811, -2.4004 1.124 1.1811, -2.4073 1.1318 1.1825, -2.4026 1.127 1.1813, -2.4038 1.1282 1.1816, -2.4072 1.1317 1.1825, -2.411 1.1344 1.184, -2.4091 1.1333 1.1831, -2.4155 1.1373 1.1862, -2.4159 1.1374 1.1864, -2.4258 1.1406 1.1928, -2.4194 1.1389 1.1885, -2.4188 1.1387 1.1881, -2.4275 1.141 1.1939, -2.4287 1.1411 1.1948, -2.4319 1.1414 1.1973, -2.4362 1.1409 1.201, -2.4382 1.1407 1.2027, -2.443 1.1401 1.2068, -1.49 1.0921 1.0236, -1.4737 1.0838 1.0236, -1.4823 1.0869 1.0236, -1.4645 1.0827 1.0236, -1.0 1.0827 1.0236, -1.0 1.0813 1.0134, -1.4645 1.0813 1.0134, -1.0 1.0774 1.0039, -1.4645 1.0774 1.0039, -1.0 1.0711 0.9958, -1.4645 1.0711 0.9958, -1.0 1.063 0.9895, -1.4645 1.063 0.9895, -1.0 1.0535 0.9856, -1.4645 1.0535 0.9856, -1.0 1.0433 0.9843, -1.4645 1.0433 0.9843, -1.5446 1.1345 1.2199, -1.5441 1.1341 1.2205, -1.6036 1.1713 1.2205, -2.368 1.1659 1.1864, -2.3585 1.1486 1.1811, -2.3634 1.1576 1.1824, -2.3719 1.1731 1.1926, -2.3749 1.1786 1.2008, -2.3964 1.1713 1.2205, -2.3768 1.182 1.2103, -1.5528 1.1382 1.2113, -1.6232 1.182 1.2103, -1.5537 1.1386 1.2104, -1.5638 1.1409 1.201, -1.5618 1.1407 1.2027, -1.557 1.1401 1.2068, -1.5742 1.1406 1.1928, -1.5725 1.141 1.1939, -1.6251 1.1786 1.2008, -1.5713 1.1411 1.1948, -1.5681 1.1414 1.1973, -1.5845 1.1373 1.1862, -1.5812 1.1387 1.1881, -1.6281 1.1731 1.1926, -1.5806 1.1389 1.1885, -1.5928 1.1317 1.1825, -1.5927 1.1318 1.1825, -1.632 1.1659 1.1864, -1.5909 1.1333 1.1831, -1.589 1.1344 1.184, -1.5996 1.124 1.1811, -1.5974 1.127 1.1813, -1.6366 1.1576 1.1824, -1.5962 1.1282 1.1816, -1.6226 1.1832 1.2205, -1.7122 1.2236 1.2103, -1.7117 1.2248 1.2205, -1.7286 1.2303 1.2205, -1.8056 1.2538 1.2103, -1.8052 1.2551 1.2205, -1.8623 1.2659 1.2205, -1.902 1.2721 1.2103, -1.9019 1.2734 1.2205, -2.0 1.2782 1.2103, -2.0 1.2795 1.2205, -2.098 1.2721 1.2103, -2.0981 1.2734 1.2205, -2.1377 1.2659 1.2205, -2.1944 1.2538 1.2103, -2.1948 1.2551 1.2205, -2.2878 1.2236 1.2103, -2.2714 1.2303 1.2205, -2.2883 1.2248 1.2205, -2.3774 1.1832 1.2205, -2.2864 1.2199 1.2008, -2.1935 1.25 1.2008, -2.0975 1.2682 1.2008, -2.0 1.2743 1.2008, -1.9025 1.2682 1.2008, -1.8065 1.25 1.2008, -1.7136 1.2199 1.2008, -2.2841 1.2141 1.1926, -2.1919 1.2439 1.1926, -2.0967 1.2619 1.1926, -2.0 1.268 1.1926, -1.9033 1.2619 1.1926, -1.8081 1.2439 1.1926, -1.7159 1.2141 1.1926, -2.2811 1.2065 1.1864, -2.1899 1.236 1.1864, -2.0957 1.2539 1.1864, -2.0 1.2598 1.1864, -1.9043 1.2539 1.1864, -1.8101 1.236 1.1864, -1.7189 1.2065 1.1864, -2.2777 1.1977 1.1824, -2.1875 1.2268 1.1824, -2.0945 1.2444 1.1824, -2.0 1.2503 1.1824, -1.9055 1.2444 1.1824, -1.8125 1.2268 1.1824, -1.7223 1.1977 1.1824, -2.2739 1.1882 1.1811, -2.185 1.2169 1.1811, -2.0932 1.2343 1.1811, -2.0 1.2402 1.1811, -1.9068 1.2343 1.1811, -1.815 1.2169 1.1811, -1.7261 1.1882 1.1811, -1.6415 1.1486 1.1811, -1.4828 1.0455 0.9843, -1.5001 1.0518 0.9843, -1.4805 1.0554 0.9856, -1.5155 1.0621 0.9843, -1.4955 1.0609 0.9856, -1.5089 1.0698 0.9856, -1.4912 1.0694 0.9895, -1.5028 1.0771 0.9895, -1.4875 1.0767 0.9958, -1.4975 1.0833 0.9958, -1.4847 1.0822 1.0039, -1.4934 1.088 1.0039, -1.4829 1.0857 1.0134, -1.4909 1.091 1.0134, -1.4783 1.0646 0.9895, -1.4764 1.0725 0.9958, -1.4749 1.0786 1.0039, -1.474 1.0825 1.0134, -1.5854 1.1368 0.9889, -1.5845 1.1373 0.9893, -1.5806 1.1389 0.9916, -1.5812 1.1387 0.9912, -1.5841 1.1374 0.9895, -1.5891 1.1346 0.9911, -1.5866 1.1361 0.9896, -1.5963 1.1283 0.9974, -1.5946 1.1297 0.9959, -1.6051 1.1115 1.0141, -1.6049 1.1122 1.0135, -1.6017 1.1204 1.1811, -1.6017 1.1204 1.0052, -1.6009 1.1216 1.004, -1.6051 1.1115 1.1811, -1.6063 1.102 1.1811, -1.6063 1.102 1.0236, -1.5713 1.1411 0.9979, -1.5725 1.141 0.997, -1.5742 1.1406 0.9959, -1.5618 1.1407 1.0058, -1.5638 1.1409 1.0041, -1.5681 1.1414 1.0004, -1.557 1.1401 1.01, -1.5537 1.1386 1.0135, -1.5528 1.1382 1.0145, -1.5441 1.1341 1.0236, -1.5446 1.1345 1.0231, -1.5669 1.102 0.9843, -1.5673 1.1028 0.9843, -1.577 1.1211 0.9861, -1.5814 1.1294 0.987, -1.577 1.1211 0.9861, -1.5866 0.6603 0.9895, -1.5771 0.6603 0.9856, -1.5669 0.6603 0.9843, -1.6063 0.6603 1.0236, -1.605 0.6603 1.0134, -1.601 0.6603 1.0039, -1.5948 0.6603 0.9958, -1.5684 0.5442 1.0236, -1.5407 0.5135 1.0236, -1.5398 0.5145 1.0134, -1.5891 0.5799 1.0236, -1.5673 0.5449 1.0134, -1.602 0.6192 1.0236, -1.5879 0.5804 1.0134, -1.6007 0.6194 1.0134, -1.5968 0.6203 1.0039, -1.5907 0.6216 0.9958, -1.5827 0.6233 0.9895, -1.5734 0.6253 0.9856, -1.5635 0.6274 0.9843, -1.5843 0.582 1.0039, -1.5786 0.5846 0.9958, -1.5712 0.5879 0.9895, -1.5625 0.5918 0.9856, -1.5532 0.596 0.9843, -1.5642 0.5473 1.0039, -1.5591 0.551 0.9958, -1.5525 0.5558 0.9895, -1.5449 0.5614 0.9856, -1.5366 0.5674 0.9843, -1.5372 0.5175 1.0039, -1.533 0.5221 0.9958, -1.5276 0.5282 0.9895, -1.5212 0.5353 0.9856, -1.5144 0.5429 0.9843, -1.4497 0.4771 0.9843, -1.3937 0.4036 0.9843, -1.4574 0.4704 0.9856, -1.3475 0.3237 0.9843, -1.4022 0.398 0.9856, -1.3567 0.3192 0.9856, -1.4101 0.3927 0.9895, -1.3652 0.315 0.9895, -1.4169 0.3882 0.9958, -1.3725 0.3113 0.9958, -1.4221 0.3847 1.0039, -1.3781 0.3086 1.0039, -1.4254 0.3826 1.0134, -1.3816 0.3068 1.0134, -1.4265 0.3818 1.0236, -1.3828 0.3062 1.0236, -1.4784 0.4522 1.0134, -1.4794 0.4513 1.0236, -1.453 0.4166 1.0236, -1.4645 0.4642 0.9895, -1.4707 0.4589 0.9958, -1.4754 0.4548 1.0039, -1.2498 0.2017 1.0236, -1.2065 0.1969 1.0236, -1.2065 0.1982 1.0134, -1.291 0.2159 1.0236, -1.2495 0.203 1.0134, -1.3281 0.2389 1.0236, -1.2905 0.2172 1.0134, -1.3592 0.2695 1.0236, -1.3273 0.24 1.0134, -1.3582 0.2704 1.0134, -1.3551 0.2729 1.0039, -1.3503 0.2768 0.9958, -1.3439 0.2819 0.9895, -1.3366 0.2879 0.9856, -1.3287 0.2944 0.9843, -1.3249 0.2431 1.0039, -1.321 0.248 0.9958, -1.316 0.2544 0.9895, -1.3101 0.2619 0.9856, -1.3038 0.2699 0.9843, -1.2888 0.2207 1.0039, -1.2861 0.2264 0.9958, -1.2826 0.2337 0.9895, -1.2785 0.2423 0.9856, -1.2741 0.2515 0.9843, -1.2487 0.2068 1.0039, -1.2473 0.2129 0.9958, -1.2455 0.2209 0.9895, -1.2434 0.2301 0.9856, -1.2412 0.2401 0.9843, -1.2065 0.2021 1.0039, -1.2065 0.2084 0.9958, -1.2065 0.2165 0.9895, -1.2065 0.226 0.9856, -1.2065 0.2362 0.9843, -1.0 0.1969 1.0236, -1.0 0.1982 1.0134, -1.0 0.2021 1.0039, -1.0 0.2084 0.9958, -1.0 0.2165 0.9895, -1.0 0.226 0.9856, -1.0 0.2362 0.9843, -2.7663 -0.2071 0.9843, -2.7634 -0.1973 0.9856, -2.9606 -0.1508 0.9843, -2.9635 -0.1394 0.9856, -2.9636 -0.139 0.9857, -2.7608 -0.1882 0.9895, -2.9661 -0.1288 0.9896, -2.9663 -0.1281 0.9899, -2.7585 -0.1804 0.9958, -2.9684 -0.1197 0.9959, -2.9685 -0.119 0.9963, -2.7568 -0.1744 1.0039, -2.9701 -0.1126 1.004, -2.9702 -0.1122 1.0045, -2.7557 -0.1706 1.0134, -2.9712 -0.1082 1.0134, -2.9712 -0.1081 1.0138, -2.7553 -0.1693 1.0236, -2.9716 -0.1067 1.0236, -2.7157 -0.1856 1.0236, -2.6806 -0.2102 1.0236, -2.7163 -0.1868 1.0134, -2.6516 -0.2417 1.0236, -2.6815 -0.2112 1.0134, -2.6301 -0.2787 1.0236, -2.6526 -0.2425 1.0134, -2.6313 -0.2793 1.0134, -2.6558 -0.2448 1.0039, -2.6349 -0.2809 1.0039, -2.6609 -0.2485 0.9958, -2.6406 -0.2834 0.9958, -2.6674 -0.2534 0.9895, -2.6481 -0.2867 0.9895, -2.6751 -0.259 0.9856, -2.6568 -0.2906 0.9856, -2.6833 -0.265 0.9843, -2.6661 -0.2947 0.9843, -2.684 -0.2141 1.0039, -2.6882 -0.2188 0.9958, -2.6935 -0.225 0.9895, -2.6998 -0.2321 0.9856, -2.7065 -0.2398 0.9843, -2.7182 -0.1903 1.0039, -2.7212 -0.1958 0.9958, -2.7251 -0.2029 0.9895, -2.7297 -0.2112 0.9856, -2.7346 -0.2202 0.9843, -2.5573 -0.469 0.9843, -2.4856 -0.5429 0.9843, -2.4788 -0.5353 0.9856, -2.6179 -0.3857 0.9843, -2.5495 -0.4624 0.9856, -2.6092 -0.3803 0.9856, -2.6012 -0.3753 0.9895, -2.5942 -0.3709 0.9958, -2.5889 -0.3676 1.0039, -2.5856 -0.3655 1.0134, -2.5845 -0.3648 1.0236, -2.5422 -0.4563 0.9895, -2.536 -0.451 0.9958, -2.5312 -0.447 1.0039, -2.5282 -0.4445 1.0134, -2.5272 -0.4436 1.0236, -2.4724 -0.5282 0.9895, -2.467 -0.5221 0.9958, -2.4628 -0.5175 1.0039, -2.4602 -0.5145 1.0134, -2.4593 -0.5135 1.0236, -2.4316 -0.5442 1.0236, -2.4109 -0.5799 1.0236, -2.4327 -0.5449 1.0134, -2.398 -0.6192 1.0236, -2.4121 -0.5804 1.0134, -2.3937 -0.6603 1.0236, -2.3949 -0.6603 1.0149, -2.3993 -0.6194 1.0134, -2.395 -0.6603 1.0134, -2.3979 -0.6603 1.0066, -2.4032 -0.6203 1.0039, -2.399 -0.6603 1.0039, -2.4026 -0.6603 0.9993, -2.4093 -0.6216 0.9958, -2.4052 -0.6603 0.9958, -2.4087 -0.6603 0.9931, -2.4173 -0.6233 0.9895, -2.4134 -0.6603 0.9895, -2.4161 -0.6603 0.9884, -2.4266 -0.6253 0.9856, -2.4229 -0.6603 0.9856, -2.4243 -0.6603 0.9854, -2.4365 -0.6274 0.9843, -2.4331 -0.6603 0.9843, -2.4157 -0.582 1.0039, -2.4214 -0.5846 0.9958, -2.4288 -0.5879 0.9895, -2.4375 -0.5918 0.9856, -2.4468 -0.596 0.9843, -2.4358 -0.5473 1.0039, -2.4409 -0.551 0.9958, -2.4475 -0.5558 0.9895, -2.4551 -0.5614 0.9856, -2.4634 -0.5674 0.9843, -2.4331 -1.2402 0.9843, -2.9606 -1.2402 0.9843, -2.4331 -1.2503 0.9856, -2.9606 -1.2503 0.9856, -2.4331 -1.2598 0.9895, -2.9606 -1.2598 0.9895, -2.4331 -1.268 0.9958, -2.9606 -1.268 0.9958, -2.4331 -1.2743 1.0039, -2.9606 -1.2743 1.0039, -2.4331 -1.2782 1.0134, -2.9606 -1.2782 1.0134, -2.4331 -1.2795 1.0236, -2.9606 -1.2795 1.0236, -2.3937 -1.2402 1.0236, -2.3949 -1.2402 1.0149, -2.395 -1.2402 1.0134, -2.3979 -1.2402 1.0066, -2.399 -1.2402 1.0039, -2.4026 -1.2402 0.9993, -2.4052 -1.2402 0.9958, -2.4087 -1.2402 0.9931, -2.4134 -1.2402 0.9895, -2.4161 -1.2402 0.9884, -2.4229 -1.2402 0.9856, -2.4243 -1.2402 0.9854, -2.3963 -1.25 1.0134, -2.4001 -1.249 1.0039, -2.4062 -1.2474 0.9958, -2.4141 -1.2453 0.9895, -2.4232 -1.2428 0.9856, -2.428 -1.249 0.9856, -2.4259 -1.2474 0.9856, -2.4304 -1.25 0.9856, -2.4242 -1.2453 0.9856, -2.428 -1.2592 0.9895, -2.4232 -1.2572 0.9895, -2.4192 -1.2541 0.9895, -2.416 -1.25 0.9895, -2.4259 -1.267 0.9958, -2.4192 -1.2643 0.9958, -2.4134 -1.2598 0.9958, -2.409 -1.2541 0.9958, -2.4242 -1.2731 1.0039, -2.416 -1.2697 1.0039, -2.409 -1.2643 1.0039, -2.4035 -1.2572 1.0039, -2.4232 -1.2769 1.0134, -2.4141 -1.2731 1.0134, -2.4062 -1.267 1.0134, -2.4001 -1.2592 1.0134, -2.4229 -1.2782 1.0236, -2.4134 -1.2743 1.0236, -2.4052 -1.268 1.0236, -2.399 -1.2598 1.0236, -2.395 -1.2503 1.0236, -2.3937 -1.2402 1.1811, -2.394 -1.2453 1.1814, -2.395 -1.2503 1.1824, -2.3967 -1.2552 1.1841, -2.399 -1.2598 1.1864, -2.4018 -1.2641 1.1892, -2.4052 -1.268 1.1926, -2.4134 -1.2743 1.2008, -2.4229 -1.2782 1.2103, -2.4331 -1.2795 1.2205, -1.605 -1.2503 1.1824, -1.606 -1.2453 1.1814, -1.6063 -1.2402 1.1811, -1.601 -1.2598 1.1864, -1.6033 -1.2552 1.1841, -1.5982 -1.2641 1.1892, -1.5948 -1.268 1.1926, -1.5866 -1.2743 1.2008, -1.5771 -1.2782 1.2103, -1.5669 -1.2795 1.2205, -1.0 -1.2402 0.9843, -1.5669 -1.2402 0.9843, -1.0 -1.2503 0.9856, -1.5669 -1.2503 0.9856, -1.0 -1.2598 0.9895, -1.5669 -1.2598 0.9895, -1.0 -1.268 0.9958, -1.5669 -1.268 0.9958, -1.0 -1.2743 1.0039, -1.5669 -1.2743 1.0039, -1.0 -1.2782 1.0134, -1.5669 -1.2782 1.0134, -1.0 -1.2795 1.0236, -1.5669 -1.2795 1.0236, -1.5757 -1.2785 1.0236, -1.5771 -1.2781 1.0236, -1.584 -1.2756 1.0236, -1.5865 -1.2741 1.0236, -1.6063 -1.2402 1.0236, -1.6053 -1.2489 1.0236, -1.6048 -1.2503 1.0236, -1.6024 -1.2572 1.0236, -1.6008 -1.2597 1.0236, -1.5977 -1.2647 1.0236, -1.5946 -1.2678 1.0236, -1.5915 -1.2709 1.0236, -1.5757 -1.2402 0.9854, -1.5771 -1.2402 0.9856, -1.5769 -1.2424 0.9856, -1.5839 -1.2402 0.9884, -1.5861 -1.2445 0.9895, -1.5866 -1.2402 0.9895, -1.5941 -1.2464 0.9958, -1.5913 -1.2402 0.9931, -1.5948 -1.2402 0.9958, -1.6002 -1.2477 1.0039, -1.5974 -1.2402 0.9993, -1.5761 -1.2446 0.9856, -1.5847 -1.2487 0.9895, -1.592 -1.2522 0.9958, -1.5976 -1.255 1.0039, -1.604 -1.2486 1.0134, -1.6012 -1.2567 1.0134, -1.5692 -1.2501 0.9856, -1.5713 -1.2593 0.9895, -1.5731 -1.2673 0.9958, -1.5745 -1.2734 1.0039, -1.5754 -1.2772 1.0134, -1.5834 -1.2744 1.0134, -1.5714 -1.2493 0.9856, -1.5755 -1.2579 0.9895, -1.579 -1.2652 0.9958, -1.5817 -1.2709 1.0039, -1.5906 -1.2699 1.0134, -1.5733 -1.2481 0.9856, -1.5792 -1.2555 0.9895, -1.5843 -1.2619 0.9958, -1.5882 -1.2668 1.0039, -1.5967 -1.2639 1.0134, -1.5749 -1.2465 0.9856, -1.5823 -1.2524 0.9895, -1.5887 -1.2575 0.9958, -1.5936 -1.2614 1.0039, -1.601 -1.2402 1.0039, -1.6021 -1.2402 1.0066, -1.605 -1.2402 1.0134, -1.6051 -1.2402 1.0149, -1.6063 -0.6603 1.0236, -1.6051 -0.6603 1.0149, -1.605 -0.6603 1.0134, -1.6021 -0.6603 1.0066, -1.601 -0.6603 1.0039, -1.5974 -0.6603 0.9993, -1.5948 -0.6603 0.9958, -1.5913 -0.6603 0.9931, -1.5866 -0.6603 0.9895, -1.5839 -0.6603 0.9884, -1.5771 -0.6603 0.9856, -1.5757 -0.6603 0.9854, -1.5669 -0.6603 0.9843, -1.5843 -0.582 1.0039, -1.5968 -0.6203 1.0039, -1.5907 -0.6216 0.9958, -1.6007 -0.6194 1.0134, -1.602 -0.6192 1.0236, -1.5891 -0.5799 1.0236, -1.5879 -0.5804 1.0134, -1.5684 -0.5442 1.0236, -1.5673 -0.5449 1.0134, -1.5407 -0.5135 1.0236, -1.5642 -0.5473 1.0039, -1.5372 -0.5175 1.0039, -1.5398 -0.5145 1.0134, -1.5591 -0.551 0.9958, -1.533 -0.5221 0.9958, -1.5525 -0.5558 0.9895, -1.5276 -0.5282 0.9895, -1.5786 -0.5846 0.9958, -1.5712 -0.5879 0.9895, -1.5827 -0.6233 0.9895, -1.5734 -0.6253 0.9856, -1.5212 -0.5353 0.9856, -1.5449 -0.5614 0.9856, -1.5625 -0.5918 0.9856, -1.5144 -0.5429 0.9843, -1.5366 -0.5674 0.9843, -1.5532 -0.596 0.9843, -1.5635 -0.6274 0.9843, -1.3821 -0.3857 0.9843, -1.3339 -0.2947 0.9843, -1.3432 -0.2906 0.9856, -1.4427 -0.469 0.9843, -1.3908 -0.3803 0.9856, -1.4505 -0.4624 0.9856, -1.4578 -0.4563 0.9895, -1.464 -0.451 0.9958, -1.4688 -0.447 1.0039, -1.4718 -0.4445 1.0134, -1.4728 -0.4436 1.0236, -1.3988 -0.3753 0.9895, -1.4058 -0.3709 0.9958, -1.4111 -0.3676 1.0039, -1.4144 -0.3655 1.0134, -1.4155 -0.3648 1.0236, -1.3519 -0.2867 0.9895, -1.3594 -0.2834 0.9958, -1.3651 -0.2809 1.0039, -1.3687 -0.2793 1.0134, -1.3699 -0.2787 1.0236, -1.3484 -0.2417 1.0236, -1.3194 -0.2102 1.0236, -1.3474 -0.2425 1.0134, -1.2843 -0.1856 1.0236, -1.3185 -0.2112 1.0134, -1.2447 -0.1693 1.0236, -1.2837 -0.1868 1.0134, -1.2443 -0.1706 1.0134, -1.2818 -0.1903 1.0039, -1.2432 -0.1744 1.0039, -1.2788 -0.1958 0.9958, -1.2415 -0.1804 0.9958, -1.2749 -0.2029 0.9895, -1.2392 -0.1882 0.9895, -1.2703 -0.2112 0.9856, -1.2366 -0.1973 0.9856, -1.2654 -0.2202 0.9843, -1.2337 -0.2071 0.9843, -1.316 -0.2141 1.0039, -1.3118 -0.2188 0.9958, -1.3065 -0.225 0.9895, -1.3002 -0.2321 0.9856, -1.2935 -0.2398 0.9843, -1.3442 -0.2448 1.0039, -1.3391 -0.2485 0.9958, -1.3326 -0.2534 0.9895, -1.3249 -0.259 0.9856, -1.3167 -0.265 0.9843, -1.0 -0.0984 1.0236, -1.0 -0.0988 1.0185, -1.0 -0.0998 1.0134, -1.0 -0.1015 1.0086, -1.0 -0.1039 1.0039, -1.0 -0.1069 0.9997, -1.0 -0.1104 0.9958, -1.0 -0.1189 0.9895, -1.0 -0.1288 0.9856, -1.0 -0.1394 0.9843, -1.0 -1.8409 3.5446, -2.9606 -1.8409 3.5446, -1.0 -1.8504 3.5486, -2.9606 -1.8504 3.5486, -1.0 -1.8585 3.5548, -2.9606 -1.8585 3.5548, -1.0 -1.8648 3.563, -2.9606 -1.8648 3.563, -1.0 -1.8687 3.5725, -2.9606 -1.8687 3.5725, -1.0 -1.8701 3.5827, -2.9606 -1.8701 3.5827, -2.9606 -1.5551 3.5039, -1.0 -1.5551 3.5039, -2.9606 -1.5565 3.5141, -1.0 -1.5565 3.5141, -2.9606 -1.5604 3.5236, -1.0 -1.5604 3.5236, -2.9606 -1.5666 3.5318, -1.0 -1.5666 3.5318, -2.9606 -1.5748 3.538, -1.0 -1.5748 3.538, -2.9606 -1.5843 3.542, -1.0 -1.5843 3.542, -2.9606 1.437 4.7244, -1.0 1.437 4.7244, -1.0 1.4472 4.7231, -2.9606 1.4472 4.7231, -1.0 1.4567 4.7191, -2.9606 1.4567 4.7191, -1.0 1.4648 4.7129, -2.9606 1.4648 4.7129, -1.0 1.4711 4.7047, -2.9606 1.4711 4.7047, -1.0 1.475 4.6952, -2.9606 1.475 4.6952, -1.0 1.4764 4.685, -2.9606 1.4764 4.685, -2.9606 1.4764 0.0394, -2.6457 1.4764 0.0394, -2.6457 1.475 0.0292, -2.9606 1.475 0.0292, -2.6457 1.4711 0.0197, -2.9606 1.4711 0.0197, -2.6457 1.4648 0.0115, -2.9606 1.4648 0.0115, -2.6457 1.4567 0.0053, -2.9606 1.4567 0.0053, -2.6457 1.4472 0.0013, -2.9606 1.4472 0.0013, -2.9606 1.437 0.0, -2.6377 1.475 0.033, -2.6393 1.475 0.0314, -2.615 1.4567 0.0246, -2.6114 1.4472 0.0229, -2.6159 1.4472 0.0157, -2.6372 1.4472 0.0023, -2.6074 1.4457 0.0394, -2.6086 1.4472 0.0309, -2.6076 1.4472 0.0394, -2.622 1.4472 0.0096, -2.6292 1.4472 0.0051, -2.6105 1.454 0.0394, -2.6124 1.4567 0.0318, -2.6116 1.4567 0.0394, -2.6185 1.4648 0.0332, -2.6381 1.4567 0.0061, -2.6395 1.4648 0.0122, -2.6336 1.4648 0.0143, -2.6287 1.4722 0.0394, -2.626 1.4711 0.0394, -2.6265 1.4711 0.035, -2.6206 1.4648 0.0273, -2.619 1.4567 0.0181, -2.6213 1.4675 0.0394, -2.6178 1.4648 0.0394, -2.6152 1.4614 0.0394, -2.6371 1.4711 0.0216, -2.6334 1.4711 0.024, -2.6244 1.4567 0.0127, -2.6239 1.4648 0.022, -2.6279 1.4711 0.0308, -2.6357 1.475 0.0371, -2.6412 1.475 0.0302, -2.6413 1.4711 0.0202, -2.6434 1.475 0.0294, -2.6369 1.4752 0.0394, -2.6355 1.475 0.0394, -2.6309 1.4567 0.0087, -2.6283 1.4648 0.0176, -2.6303 1.4711 0.0271, -2.6365 1.475 0.0349, -2.5768 1.1641 0.9551, -2.5669 1.1628 0.9551, -2.5758 1.1679 0.9646, -2.5669 1.1667 0.9646, -2.5808 1.1767 0.9727, -2.584 1.1713 0.9646, -2.5859 1.1679 0.9551, -2.5741 1.1739 0.9727, -2.5669 1.1729 0.9727, -2.5808 1.1869 0.979, -2.5866 1.1811 0.9727, -2.591 1.1767 0.9646, -2.5938 1.1739 0.9551, -2.572 1.1818 0.979, -2.5669 1.1811 0.979, -2.5758 1.1957 0.9829, -2.584 1.1909 0.979, -2.591 1.1869 0.9727, -2.5965 1.1837 0.9646, -2.5999 1.1818 0.9551, -2.5669 1.2008 0.9843, -2.5669 1.1906 0.9829, -2.5696 1.1909 0.9829, -2.572 1.192 0.9829, -2.5768 1.1837 0.979, -2.5741 1.1936 0.9829, -2.5768 1.1982 0.9829, -2.5859 1.1957 0.979, -2.5938 1.1936 0.9727, -2.5999 1.192 0.9646, -2.6037 1.1909 0.9551, -2.5771 1.2008 0.9829, -2.5866 1.2008 0.979, -2.5948 1.2008 0.9727, -2.601 1.2008 0.9646, -2.605 1.2008 0.9551, -2.6102 1.4541 0.9449, -2.6073 1.4458 0.9449, -2.6063 1.437 0.9449, -2.6149 1.4616 0.9449, -2.6211 1.4678 0.9449, -2.6286 1.4725 0.9449, -2.6369 1.4754 0.9449, -2.6457 1.4764 0.9449, -2.5669 1.437 0.9843, -2.5771 1.437 0.9829, -2.5866 1.437 0.979, -2.5948 1.437 0.9727, -2.601 1.437 0.9646, -2.605 1.437 0.9551, -1.4331 1.2008 0.9843, -1.4331 1.1906 0.9829, -1.4331 1.1811 0.979, -1.4331 1.1729 0.9727, -1.4331 1.1667 0.9646, -1.4331 1.1628 0.9551, -2.6059 1.4458 0.9553, -2.585 1.4754 1.0125, -2.5873 1.4764 1.0209, -2.5669 1.4764 1.0236, -2.5669 1.4754 1.0149, -2.5669 1.4749 1.0135, -2.5829 1.4725 1.0044, -2.5669 1.4725 1.0065, -2.5669 1.4709 1.0041, -2.581 1.4678 0.9972, -2.5669 1.4678 0.9991, -2.5669 1.4647 0.996, -2.5793 1.4616 0.9912, -2.643 1.4764 0.9653, -2.6345 1.4754 0.963, -2.6265 1.4725 0.9608, -2.6193 1.4678 0.9589, -2.6133 1.4616 0.9573, -2.6087 1.4541 0.9561, -2.6351 1.4764 0.9843, -2.6275 1.4754 0.9799, -2.6203 1.4725 0.9757, -2.6139 1.4678 0.972, -2.6085 1.4616 0.9689, -2.6044 1.4541 0.9665, -2.6226 1.4764 1.0006, -2.6164 1.4754 0.9944, -2.6105 1.4725 0.9885, -2.6052 1.4678 0.9832, -2.6008 1.4616 0.9788, -2.5975 1.4541 0.9755, -2.6063 1.4764 1.0131, -2.6019 1.4754 1.0055, -2.5978 1.4725 0.9983, -2.594 1.4678 0.9918, -2.5909 1.4616 0.9864, -2.5886 1.4541 0.9824, -2.5781 1.4541 0.9867, -2.5669 1.4616 0.9928, -2.5669 1.4566 0.9897, -2.5669 1.4541 0.9882, -2.5669 1.4472 0.9857, -2.6019 1.4458 0.9651, -2.5955 1.4458 0.9734, -2.5871 1.4458 0.9798, -2.5774 1.4458 0.9839, -2.5669 1.4458 0.9852, -1.396 1.1923 0.9551, -1.3988 1.1843 0.9551, -1.4024 1.186 0.9646, -1.395 1.2008 0.9551, -1.3998 1.1932 0.9646, -1.399 1.2008 0.9646, -1.4113 1.1834 0.9727, -1.4064 1.1795 0.9646, -1.4033 1.1771 0.9551, -1.4059 1.1946 0.9727, -1.4052 1.2008 0.9727, -1.4208 1.1854 0.979, -1.4157 1.179 0.9727, -1.4118 1.1741 0.9646, -1.4094 1.1711 0.9551, -1.4139 1.1964 0.979, -1.4134 1.2008 0.979, -1.4286 1.1916 0.9829, -1.4245 1.1831 0.979, -1.421 1.1757 0.9727, -1.4183 1.1701 0.9646, -1.4166 1.1665 0.9551, -1.4229 1.2008 0.9829, -1.4231 1.1985 0.9829, -1.4239 1.1964 0.9829, -1.4153 1.1922 0.979, -1.4251 1.1944 0.9829, -1.408 1.1887 0.9727, -1.4177 1.1885 0.979, -1.4267 1.1928 0.9829, -1.4308 1.1909 0.9829, -1.4287 1.1816 0.979, -1.4269 1.1736 0.9727, -1.4255 1.1675 0.9646, -1.4246 1.1637 0.9551, -1.4331 1.4764 1.0236, -1.4331 1.4754 1.0149, -1.4331 1.4749 1.0135, -1.4331 1.4725 1.0065, -1.4331 1.4709 1.0041, -1.4331 1.4678 0.9991, -1.4331 1.4647 0.996, -1.4331 1.4616 0.9928, -1.4331 1.4566 0.9897, -1.4331 1.4541 0.9882, -1.4331 1.4472 0.9857, -1.4331 1.4458 0.9852, -1.4331 1.437 0.9843, -1.4229 1.437 0.9829, -1.4134 1.437 0.979, -1.4052 1.437 0.9727, -1.399 1.437 0.9646, -1.395 1.437 0.9551, -1.3937 1.437 0.9449, -1.3655 1.4754 0.963, -1.357 1.4764 0.9653, -1.3543 1.4764 0.9449, -1.4127 1.4764 1.0209, -1.415 1.4754 1.0125, -1.4171 1.4725 1.0044, -1.3631 1.4754 0.9449, -1.3645 1.4749 0.9449, -1.3735 1.4725 0.9608, -1.419 1.4678 0.9972, -1.3714 1.4725 0.9449, -1.3739 1.4709 0.9449, -1.3807 1.4678 0.9589, -1.4207 1.4616 0.9912, -1.3789 1.4678 0.9449, -1.382 1.4647 0.9449, -1.3867 1.4616 0.9573, -1.4219 1.4541 0.9867, -1.3937 1.4764 1.0131, -1.3981 1.4754 1.0055, -1.4022 1.4725 0.9983, -1.406 1.4678 0.9918, -1.4091 1.4616 0.9864, -1.4114 1.4541 0.9824, -1.3774 1.4764 1.0006, -1.3836 1.4754 0.9944, -1.3895 1.4725 0.9885, -1.3948 1.4678 0.9832, -1.3992 1.4616 0.9788, -1.4025 1.4541 0.9755, -1.3649 1.4764 0.9843, -1.3725 1.4754 0.9799, -1.3797 1.4725 0.9757, -1.3861 1.4678 0.972, -1.3915 1.4616 0.9689, -1.3956 1.4541 0.9665, -1.3913 1.4541 0.9561, -1.4226 1.4458 0.9839, -1.3851 1.4616 0.9449, -1.3882 1.4566 0.9449, -1.3898 1.4541 0.9449, -1.3922 1.4472 0.9449, -1.4129 1.4458 0.9798, -1.4045 1.4458 0.9734, -1.3981 1.4458 0.9651, -1.3941 1.4458 0.9553, -1.3927 1.4458 0.9449, -1.3924 1.4472 0.0394, -1.3884 1.4567 0.0394, -1.3822 1.4648 0.0394, -1.374 1.4711 0.0394, -1.3645 1.475 0.0394, -1.3543 1.4764 0.0394, -1.3911 1.4472 0.0295, -1.3873 1.4472 0.0204, -1.3812 1.4472 0.0125, -1.3733 1.4472 0.0064, -1.3642 1.4472 0.0026, -1.3632 1.4567 0.0064, -1.3714 1.4567 0.0098, -1.3615 1.4648 0.0125, -1.3682 1.4648 0.0153, -1.3594 1.4711 0.0204, -1.3642 1.4711 0.0223, -1.357 1.475 0.0295, -1.3594 1.475 0.0305, -1.3784 1.4567 0.0153, -1.374 1.4648 0.0197, -1.3682 1.4711 0.0255, -1.3615 1.475 0.0322, -1.3543 1.4472 0.0013, -1.3543 1.4567 0.0053, -1.3543 1.4648 0.0115, -1.3543 1.4711 0.0197, -1.3543 1.475 0.0292, -1.3839 1.4567 0.0223, -1.3873 1.4567 0.0305, -1.3784 1.4648 0.0255, -1.3812 1.4648 0.0322, -1.3714 1.4711 0.0295, -1.3733 1.4711 0.0343, -1.3632 1.475 0.0343, -1.3642 1.475 0.0367, -1.0 1.4764 0.0394, -1.0 1.475 0.0292, -1.0 1.4711 0.0197, -1.0 1.4648 0.0115, -1.0 1.4567 0.0053, -1.0 1.4472 0.0013, -1.0 1.437 0.0, -1.5647 -0.2285 1.2205, -1.5672 -0.2342 1.2205, -1.5663 -0.2347 1.2117, -1.721 -0.4043 1.2205, -1.7308 -0.412 1.2205, -1.7303 -0.4128 1.2117, -1.9409 -0.4874 1.2205, -1.9594 -0.4904 1.2205, -1.9593 -0.4914 1.2117, -2.174 -0.4588 1.2205, -2.1977 -0.4507 1.2205, -2.1981 -0.4516 1.2117, -1.721 0.4043 1.2205, -1.6667 0.3621 1.2205, -1.666 0.3628 1.2117, -2.5227 0.0 1.1821, -2.5156 -0.086 1.1821, -2.5074 -0.0847 1.185, -1.4973 -0.1726 1.1811, -1.4758 -0.0875 1.1811, -1.4844 -0.086 1.1821, -1.5326 -0.253 1.1811, -1.5056 -0.1697 1.1821, -1.5806 -0.3265 1.1811, -1.5403 -0.2488 1.1821, -1.64 -0.391 1.1811, -1.5875 -0.3211 1.1821, -1.7093 -0.445 1.1811, -1.646 -0.3846 1.1821, -1.7865 -0.4867 1.1811, -1.7141 -0.4376 1.1821, -1.8695 -0.5152 1.1811, -1.79 -0.4787 1.1821, -1.9561 -0.5297 1.1811, -1.8717 -0.5067 1.1821, -2.0439 -0.5297 1.1811, -1.9568 -0.5209 1.1821, -2.1305 -0.5152 1.1811, -2.0432 -0.5209 1.1821, -2.2135 -0.4867 1.1811, -2.1283 -0.5067 1.1821, -2.2907 -0.445 1.1811, -2.21 -0.4787 1.1821, -2.36 -0.391 1.1811, -2.2859 -0.4376 1.1821, -2.5242 -0.0875 1.1811, -2.5315 0.0 1.1811, -2.5242 0.0875 1.1811, -2.4795 -0.1646 1.1897, -2.4865 -0.167 1.185, -2.4944 -0.1697 1.1821, -2.5027 -0.1726 1.1811, -2.1305 0.5152 1.1811, -2.2135 0.4867 1.1811, -2.21 0.4787 1.1821, -2.2859 0.4376 1.1821, -2.2814 0.4307 1.185, -2.3484 0.3785 1.185, -2.3433 0.373 1.1897, -2.4001 0.3114 1.1897, -2.3951 0.3075 1.1959, -2.4404 -0.2383 1.1959, -2.4458 -0.2413 1.1897, -2.4524 -0.2448 1.185, -2.4597 -0.2488 1.1821, -2.4674 -0.253 1.1811, -2.0439 0.5297 1.1811, -2.1283 0.5067 1.1821, -2.2066 0.4711 1.185, -2.2773 0.4244 1.1897, -2.3391 0.3684 1.1959, -2.3914 0.3047 1.2034, -2.3914 -0.3047 1.2034, -2.3951 -0.3075 1.1959, -2.4001 -0.3114 1.1897, -2.4059 -0.316 1.185, -2.4125 -0.3211 1.1821, -2.4194 -0.3265 1.1811, -1.9561 0.5297 1.1811, -2.0432 0.521 1.1821, -2.1263 0.4987 1.185, -2.2036 0.4643 1.1897, -2.2739 0.4192 1.1959, -2.3359 0.3649 1.2034, -2.3891 0.3029 1.2117, -2.4691 0.1611 1.2034, -2.4362 0.2361 1.2034, -2.4404 0.2383 1.1959, -2.334 -0.3628 1.2117, -2.3359 -0.3649 1.2034, -2.3391 -0.3684 1.1959, -2.3433 -0.373 1.1897, -2.3484 -0.3785 1.185, -2.354 -0.3846 1.1821, -1.5663 0.2347 1.2117, -1.5336 0.1601 1.2117, -1.5309 0.1611 1.2034, -1.6328 0.3253 1.2205, -1.6116 0.3023 1.2205, -1.6109 0.3029 1.2117, -1.5638 0.2361 1.2034, -1.5264 0.1626 1.1959, -1.4685 0.0 1.1811, -1.4758 0.0875 1.1811, -1.4844 0.086 1.1821, -1.5056 0.1697 1.1821, -1.5135 0.167 1.185, -1.5476 0.2448 1.185, -1.5542 0.2413 1.1897, -1.5999 0.3114 1.1897, -1.6049 0.3075 1.1959, -1.6609 0.3684 1.1959, -1.6641 0.3649 1.2034, -1.7287 0.4153 1.2034, -1.7303 0.4128 1.2117, -1.8019 0.4516 1.2117, -1.5326 0.253 1.1811, -1.5806 0.3265 1.1811, -1.5875 0.3211 1.1821, -1.646 0.3846 1.1821, -1.6516 0.3785 1.185, -1.7186 0.4307 1.185, -1.7227 0.4244 1.1897, -1.7964 0.4643 1.1897, -1.7989 0.4585 1.1959, -1.8771 0.4854 1.1959, -1.8782 0.4808 1.2034, -1.959 0.4943 1.2034, -1.9593 0.4914 1.2117, -2.0407 0.4914 1.2117, -1.7093 0.445 1.1811, -1.7865 0.4867 1.1811, -1.79 0.4787 1.1821, -1.8717 0.5067 1.1821, -1.8737 0.4987 1.185, -1.9575 0.5127 1.185, -1.9581 0.5052 1.1897, -2.0419 0.5052 1.1897, -2.0413 0.499 1.1959, -2.1229 0.4854 1.1959, -2.1218 0.4808 1.2034, -2.1993 0.4542 1.2034, -2.1981 0.4516 1.2117, -2.2697 0.4128 1.2117, -2.4337 0.2347 1.2117, -2.4664 0.1601 1.2117, -2.4864 0.0812 1.2117, -2.2907 0.445 1.1811, -2.36 0.391 1.1811, -2.354 0.3846 1.1821, -2.4125 0.3211 1.1821, -2.4059 0.316 1.185, -2.4524 0.2448 1.185, -2.4458 0.2413 1.1897, -2.4795 0.1646 1.1897, -2.4736 0.1626 1.1959, -2.4939 0.0824 1.1959, -2.4893 0.0816 1.2034, -2.496 0.0 1.2034, -2.4931 0.0 1.2117, -2.4864 -0.0812 1.2117, -2.4854 -0.081 1.2205, -2.4762 -0.1174 1.2205, -2.4194 0.3265 1.1811, -2.4674 0.253 1.1811, -2.4597 0.2488 1.1821, -2.4944 0.1697 1.1821, -2.4865 0.167 1.185, -2.5074 0.0847 1.185, -2.5 0.0834 1.1897, -2.5069 0.0 1.1897, -2.5007 0.0 1.1959, -2.4939 -0.0824 1.1959, -2.4893 -0.0816 1.2034, -2.4691 -0.1611 1.2034, -2.4664 -0.1601 1.2117, -2.4337 -0.2347 1.2117, -2.5027 0.1726 1.1811, -2.5156 0.086 1.1821, -2.5144 0.0 1.185, -2.5 -0.0834 1.1897, -2.4736 -0.1626 1.1959, -2.4362 -0.2361 1.2034, -2.3891 -0.3029 1.2117, -2.3884 -0.3023 1.2205, -2.3672 -0.3253 1.2205, -1.4856 0.0 1.185, -1.5 0.0834 1.1897, -1.4931 0.0 1.1897, -1.5061 0.0824 1.1959, -1.4993 0.0 1.1959, -1.5107 0.0816 1.2034, -1.504 0.0 1.2034, -1.5136 0.0812 1.2117, -1.5069 0.0 1.2117, -1.5146 0.081 1.2205, -1.5079 0.0 1.2205, -1.5238 0.1174 1.2205, -1.5672 0.2342 1.2205, -1.5647 0.2285 1.2205, -1.5345 0.1598 1.2205, -1.6086 0.3047 1.2034, -1.5596 0.2383 1.1959, -1.5205 0.1646 1.1897, -1.4926 0.0847 1.185, -1.4773 0.0 1.1821, -1.9409 0.4874 1.2205, -1.8792 0.4771 1.2205, -1.8789 0.478 1.2117, -1.8007 0.4542 1.2034, -1.7261 0.4192 1.1959, -1.6567 0.373 1.1897, -1.5941 0.316 1.185, -1.5403 0.2488 1.1821, -1.4973 0.1726 1.1811, -1.826 0.4588 1.2205, -1.8023 0.4507 1.2205, -1.7308 0.412 1.2205, -2.174 0.4588 1.2205, -2.1208 0.4771 1.2205, -2.1211 0.478 1.2117, -2.041 0.4943 1.2034, -1.9587 0.499 1.1959, -1.8756 0.4914 1.1897, -1.7934 0.4711 1.185, -1.7141 0.4376 1.1821, -1.64 0.391 1.1811, -2.0591 0.4874 1.2205, -2.0406 0.4904 1.2205, -1.9594 0.4904 1.2205, -2.3672 0.3253 1.2205, -2.3333 0.3621 1.2205, -2.334 0.3628 1.2117, -2.2713 0.4153 1.2034, -2.2011 0.4585 1.1959, -2.1244 0.4914 1.1897, -2.0425 0.5127 1.185, -1.9568 0.521 1.1821, -1.8695 0.5152 1.1811, -2.279 0.4043 1.2205, -2.2692 0.412 1.2205, -2.1977 0.4507 1.2205, -2.3884 0.3023 1.2205, -2.4328 0.2342 1.2205, -2.4921 0.0 1.2205, -2.4854 0.081 1.2205, -2.4762 0.1174 1.2205, -2.4655 0.1598 1.2205, -2.4353 0.2285 1.2205, -2.4328 -0.2342 1.2205, -2.4353 -0.2285 1.2205, -2.4655 -0.1598 1.2205, -2.3333 -0.3621 1.2205, -2.2697 -0.4128 1.2117, -2.2692 -0.412 1.2205, -2.279 -0.4043 1.2205, -2.2814 -0.4306 1.185, -2.2773 -0.4244 1.1897, -2.2739 -0.4192 1.1959, -2.2713 -0.4153 1.2034, -2.2066 -0.4711 1.185, -2.2036 -0.4643 1.1897, -2.2011 -0.4585 1.1959, -2.1993 -0.4542 1.2034, -2.1263 -0.4987 1.185, -2.1244 -0.4914 1.1897, -2.1229 -0.4854 1.1959, -2.1218 -0.4808 1.2034, -2.1211 -0.478 1.2117, -2.1208 -0.4771 1.2205, -2.0407 -0.4914 1.2117, -2.0406 -0.4904 1.2205, -2.0591 -0.4874 1.2205, -2.0425 -0.5127 1.185, -2.0419 -0.5052 1.1897, -2.0413 -0.499 1.1959, -2.041 -0.4943 1.2034, -1.9575 -0.5127 1.185, -1.9581 -0.5052 1.1897, -1.9587 -0.499 1.1959, -1.959 -0.4943 1.2034, -1.8737 -0.4987 1.185, -1.8756 -0.4914 1.1897, -1.8771 -0.4854 1.1959, -1.8782 -0.4808 1.2034, -1.8789 -0.478 1.2117, -1.8792 -0.4771 1.2205, -1.8019 -0.4516 1.2117, -1.8023 -0.4507 1.2205, -1.826 -0.4588 1.2205, -1.7934 -0.4711 1.185, -1.7964 -0.4643 1.1897, -1.7989 -0.4585 1.1959, -1.8007 -0.4542 1.2034, -1.7186 -0.4306 1.185, -1.7227 -0.4244 1.1897, -1.7261 -0.4192 1.1959, -1.7287 -0.4153 1.2034, -1.6516 -0.3785 1.185, -1.6567 -0.373 1.1897, -1.6609 -0.3684 1.1959, -1.6641 -0.3649 1.2034, -1.666 -0.3628 1.2117, -1.6667 -0.3621 1.2205, -1.6109 -0.3029 1.2117, -1.6116 -0.3023 1.2205, -1.6328 -0.3253 1.2205, -1.5941 -0.316 1.185, -1.5999 -0.3114 1.1897, -1.6049 -0.3075 1.1959, -1.6086 -0.3047 1.2034, -1.5476 -0.2448 1.185, -1.5542 -0.2413 1.1897, -1.5596 -0.2383 1.1959, -1.5638 -0.2361 1.2034, -1.5135 -0.167 1.185, -1.5205 -0.1646 1.1897, -1.5264 -0.1626 1.1959, -1.5309 -0.1611 1.2034, -1.5336 -0.1601 1.2117, -1.5345 -0.1598 1.2205, -1.5136 -0.0812 1.2117, -1.5146 -0.081 1.2205, -1.5238 -0.1174 1.2205, -1.4926 -0.0847 1.185, -1.5 -0.0834 1.1897, -1.5061 -0.0824 1.1959, -1.5107 -0.0816 1.2034, -2.4761 -0.1173 1.5354, -2.4624 -0.1683 1.5354, -2.4612 -0.1679 1.5456, -2.3677 -0.3257 1.5354, -2.3163 -0.377 1.5354, -2.3155 -0.376 1.5456, -2.2785 -0.4035 1.5354, -2.2461 -0.4262 1.5354, -2.2454 -0.425 1.5456, -2.0592 -0.4869 1.5354, -2.0 -0.4921 1.5354, -2.0 -0.4908 1.5456, -1.8257 -0.4597 1.5354, -1.7539 -0.4262 1.5354, -1.7546 -0.425 1.5456, -1.7215 -0.4035 1.5354, -1.6837 -0.377 1.5354, -1.6845 -0.376 1.5456, -1.5654 -0.2281 1.5354, -1.5376 -0.1683 1.5354, -1.5388 -0.1679 1.5456, -1.5239 -0.1173 1.5354, -1.5154 -0.0855 1.5354, -1.5167 -0.0852 1.5456, -1.5239 0.1173 1.5354, -1.5376 0.1683 1.5354, -1.5388 0.1679 1.5456, -1.6323 0.3257 1.5354, -1.6837 0.377 1.5354, -1.6845 0.376 1.5456, -1.7215 0.4035 1.5354, -1.7539 0.4262 1.5354, -1.7546 0.425 1.5456, -1.9408 0.4869 1.5354, -2.0 0.4921 1.5354, -2.0 0.4908 1.5456, -2.1743 0.4597 1.5354, -2.2461 0.4262 1.5354, -2.2454 0.425 1.5456, -2.2785 0.4035 1.5354, -2.3163 0.377 1.5354, -2.3155 0.376 1.5456, -2.4346 0.2281 1.5354, -2.4624 0.1683 1.5354, -2.4612 0.1679 1.5456, -2.4761 0.1173 1.5354, -2.4846 0.0855 1.5354, -2.4833 0.0852 1.5456, -2.3468 0.291 1.5748, -2.291 0.3468 1.5748, -2.3546 0.2976 1.5735, -2.2976 0.3546 1.5735, -2.3619 0.3037 1.5695, -2.3037 0.3619 1.5695, -2.3682 0.3089 1.5633, -2.3089 0.3682 1.5633, -2.3729 0.3129 1.5551, -2.3129 0.373 1.5551, -2.376 0.3155 1.5456, -2.0786 0.4459 1.5748, -2.0 0.4528 1.5748, -2.0804 0.4559 1.5735, -2.0 0.4629 1.5735, -2.082 0.4653 1.5695, -2.0 0.4724 1.5695, -2.0835 0.4733 1.5633, -2.0 0.4806 1.5633, -2.0845 0.4795 1.5551, -2.0 0.4869 1.5551, -2.0852 0.4833 1.5456, -1.8451 0.4255 1.5748, -1.7736 0.3921 1.5748, -1.8417 0.435 1.5735, -1.7685 0.4009 1.5735, -1.8384 0.4439 1.5695, -1.7638 0.4091 1.5695, -1.8356 0.4516 1.5633, -1.7597 0.4162 1.5633, -1.8335 0.4575 1.5551, -1.7566 0.4216 1.5551, -1.8321 0.4612 1.5456, -1.6079 0.2264 1.5748, -1.5745 0.1549 1.5748, -1.5991 0.2315 1.5735, -1.565 0.1583 1.5735, -1.5909 0.2362 1.5695, -1.5561 0.1616 1.5695, -1.5838 0.2403 1.5633, -1.5484 0.1644 1.5633, -1.5784 0.2434 1.5551, -1.5425 0.1665 1.5551, -1.575 0.2454 1.5456, -1.6532 -0.291 1.5748, -1.709 -0.3468 1.5748, -1.6454 -0.2976 1.5735, -1.7024 -0.3546 1.5735, -1.6381 -0.3037 1.5695, -1.6963 -0.3619 1.5695, -1.6318 -0.3089 1.5633, -1.6911 -0.3682 1.5633, -1.6271 -0.3129 1.5551, -1.6871 -0.3729 1.5551, -1.624 -0.3155 1.5456, -1.9214 -0.4459 1.5748, -2.0 -0.4528 1.5748, -1.9196 -0.4559 1.5735, -2.0 -0.4629 1.5735, -1.918 -0.4653 1.5695, -2.0 -0.4724 1.5695, -1.9165 -0.4733 1.5633, -2.0 -0.4806 1.5633, -1.9155 -0.4795 1.5551, -2.0 -0.4869 1.5551, -1.9148 -0.4833 1.5456, -2.1549 -0.4255 1.5748, -2.2264 -0.3921 1.5748, -2.1583 -0.435 1.5735, -2.2315 -0.4009 1.5735, -2.1616 -0.4439 1.5695, -2.2362 -0.4091 1.5695, -2.1644 -0.4516 1.5633, -2.2403 -0.4162 1.5633, -2.1665 -0.4575 1.5551, -2.2434 -0.4216 1.5551, -2.1679 -0.4612 1.5456, -2.3921 -0.2264 1.5748, -2.4255 -0.1549 1.5748, -2.4009 -0.2315 1.5735, -2.435 -0.1583 1.5735, -2.4091 -0.2362 1.5695, -2.4439 -0.1616 1.5695, -2.4162 -0.2403 1.5633, -2.4516 -0.1644 1.5633, -2.4216 -0.2434 1.5551, -2.4575 -0.1665 1.5551, -2.425 -0.2454 1.5456, -2.4528 0.0 1.5748, -2.4459 0.0786 1.5748, -2.4629 0.0 1.5735, -2.4559 0.0804 1.5735, -2.4724 0.0 1.5695, -2.4653 0.082 1.5695, -2.4806 0.0 1.5633, -2.4733 0.0835 1.5633, -2.4869 0.0 1.5551, -2.4795 0.0845 1.5551, -2.4908 0.0 1.5456, -2.4921 0.0 1.5354, -2.4255 0.1549 1.5748, -2.435 0.1583 1.5735, -2.4439 0.1616 1.5695, -2.4516 0.1644 1.5633, -2.4575 0.1665 1.5551, -2.4262 0.2461 1.5354, -2.425 0.2454 1.5456, -2.4216 0.2434 1.5551, -2.4162 0.2403 1.5633, -2.4091 0.2362 1.5695, -2.4009 0.2315 1.5735, -2.3921 0.2264 1.5748, -2.377 0.3163 1.5354, -2.3677 0.3257 1.5354, -2.2434 0.4216 1.5551, -2.2403 0.4162 1.5633, -2.2362 0.4091 1.5695, -2.2315 0.4009 1.5735, -2.2264 0.3921 1.5748, -2.1683 0.4624 1.5354, -2.1679 0.4612 1.5456, -2.1665 0.4575 1.5551, -2.1644 0.4516 1.5633, -2.1616 0.4439 1.5695, -2.1583 0.435 1.5735, -2.1549 0.4255 1.5748, -2.0855 0.4846 1.5354, -2.0592 0.4869 1.5354, -1.9145 0.4846 1.5354, -1.9148 0.4833 1.5456, -1.9155 0.4795 1.5551, -1.9165 0.4733 1.5633, -1.918 0.4653 1.5695, -1.9196 0.4559 1.5735, -1.9214 0.4459 1.5748, -1.8317 0.4624 1.5354, -1.8257 0.4597 1.5354, -1.709 0.3468 1.5748, -1.7024 0.3546 1.5735, -1.6963 0.3619 1.5695, -1.6911 0.3682 1.5633, -1.6871 0.373 1.5551, -1.623 0.3163 1.5354, -1.624 0.3155 1.5456, -1.6271 0.3129 1.5551, -1.6318 0.3089 1.5633, -1.6381 0.3037 1.5695, -1.6454 0.2976 1.5735, -1.6532 0.291 1.5748, -1.5738 0.2461 1.5354, -1.5654 0.2281 1.5354, -1.5154 0.0855 1.5354, -1.5167 0.0852 1.5456, -1.5205 0.0845 1.5551, -1.5267 0.0835 1.5633, -1.5347 0.082 1.5695, -1.5441 0.0804 1.5735, -1.5541 0.0786 1.5748, -1.5472 0.0 1.5748, -1.5371 0.0 1.5735, -1.5276 0.0 1.5695, -1.5194 0.0 1.5633, -1.5131 0.0 1.5551, -1.5092 0.0 1.5456, -1.5079 0.0 1.5354, -1.5541 -0.0786 1.5748, -1.5441 -0.0804 1.5735, -1.5347 -0.082 1.5695, -1.5267 -0.0835 1.5633, -1.5205 -0.0845 1.5551, -1.5745 -0.1549 1.5748, -1.565 -0.1583 1.5735, -1.5561 -0.1616 1.5695, -1.5484 -0.1644 1.5633, -1.5425 -0.1665 1.5551, -1.5738 -0.2461 1.5354, -1.575 -0.2454 1.5456, -1.5784 -0.2434 1.5551, -1.5838 -0.2403 1.5633, -1.5909 -0.2362 1.5695, -1.5991 -0.2315 1.5735, -1.6079 -0.2264 1.5748, -1.623 -0.3163 1.5354, -1.6323 -0.3257 1.5354, -1.7566 -0.4216 1.5551, -1.7597 -0.4162 1.5633, -1.7638 -0.4091 1.5695, -1.7685 -0.4009 1.5735, -1.7736 -0.3921 1.5748, -1.8317 -0.4624 1.5354, -1.8321 -0.4612 1.5456, -1.8335 -0.4575 1.5551, -1.8356 -0.4516 1.5633, -1.8384 -0.4439 1.5695, -1.8417 -0.435 1.5735, -1.8451 -0.4255 1.5748, -1.9145 -0.4846 1.5354, -1.9408 -0.4869 1.5354, -2.0855 -0.4846 1.5354, -2.0852 -0.4833 1.5456, -2.0845 -0.4795 1.5551, -2.0835 -0.4733 1.5633, -2.082 -0.4653 1.5695, -2.0804 -0.4559 1.5735, -2.0786 -0.4459 1.5748, -2.1683 -0.4624 1.5354, -2.1743 -0.4597 1.5354, -2.291 -0.3468 1.5748, -2.2976 -0.3546 1.5735, -2.3037 -0.3619 1.5695, -2.3089 -0.3682 1.5633, -2.3129 -0.3729 1.5551, -2.377 -0.3163 1.5354, -2.376 -0.3155 1.5456, -2.3729 -0.3129 1.5551, -2.3682 -0.3089 1.5633, -2.3619 -0.3037 1.5695, -2.3546 -0.2976 1.5735, -2.3468 -0.291 1.5748, -2.4262 -0.2461 1.5354, -2.4346 -0.2281 1.5354, -2.4846 -0.0855 1.5354, -2.4833 -0.0852 1.5456, -2.4795 -0.0845 1.5551, -2.4733 -0.0835 1.5633, -2.4653 -0.082 1.5695, -2.4559 -0.0804 1.5735, -2.4459 -0.0786 1.5748, -2.9708 -1.2828 4.4938, -2.9708 -1.2814 4.4879, -2.9803 -1.2866 4.4926, -2.9803 -1.2852 4.4873, -2.9885 -1.2925 4.4906, -2.9885 -1.2914 4.4863, -2.9947 -1.3002 4.488, -2.9947 -1.2995 4.485, -2.9987 -1.3092 4.485, -2.9987 -1.3088 4.4834, -3.0 -1.3189 4.4818, -2.9708 -1.2809 4.4818, -2.9803 -1.2848 4.4818, -2.9885 -1.2911 4.4818, -2.9947 -1.2992 4.4818, -2.9987 -1.3087 4.4818, -2.9708 -1.2809 1.0236, -2.9803 -1.2848 1.0236, -2.9885 -1.2911 1.0236, -2.9947 -1.2992 1.0236, -2.9987 -1.3087 1.0236, -3.0 -1.3189 1.0236, -2.9606 -1.3583 4.7244, -2.965 -1.3584 4.7242, -2.9694 -1.359 4.7233, -2.9708 -1.3592 4.7231, -2.9777 -1.3611 4.7205, -2.9802 -1.3622 4.7189, -2.9852 -1.3645 4.7158, -2.9883 -1.3667 4.7127, -2.9945 -1.3725 4.7046, -2.9914 -1.369 4.7096, -3.0 -1.3866 4.685, -2.999 -1.3803 4.6938, -2.9985 -1.3793 4.6952, -2.9961 -1.3743 4.7021, -3.0 -1.2402 0.9449, -3.0 -1.2605 0.9476, -2.9988 -1.2402 0.9536, -2.9987 -1.2579 0.9574, -2.9987 -1.2402 0.9551, -2.9958 -1.2402 0.9619, -2.9947 -1.2554 0.9666, -2.9947 -1.2402 0.9646, -2.9911 -1.2402 0.9692, -2.9885 -1.2533 0.9745, -2.9885 -1.2402 0.9727, -2.985 -1.2402 0.9754, -2.9803 -1.2517 0.9805, -2.9803 -1.2402 0.979, -2.9776 -1.2402 0.9801, -2.9708 -1.2507 0.9843, -2.9708 -1.2402 0.9829, -2.9694 -1.2402 0.9831, -3.0 -1.2795 0.9554, -2.9987 -1.2744 0.9643, -2.9947 -1.2697 0.9725, -2.9885 -1.2656 0.9795, -2.9803 -1.2625 0.985, -2.9708 -1.2605 0.9884, -3.0 -1.2958 0.9679, -2.9987 -1.2886 0.9751, -2.9947 -1.2819 0.9819, -2.9885 -1.2761 0.9876, -2.9803 -1.2717 0.9921, -2.9708 -1.2689 0.9948, -3.0 -1.3083 0.9843, -2.9987 -1.2995 0.9893, -2.9947 -1.2913 0.9941, -2.9885 -1.2842 0.9982, -2.9803 -1.2788 1.0013, -2.9708 -1.2754 1.0033, -3.0 -1.3162 1.0032, -2.9987 -1.3064 1.0059, -2.9947 -1.2972 1.0083, -2.9885 -1.2893 1.0104, -2.9803 -1.2833 1.0121, -2.9708 -1.2795 1.0131, -2.9606 -1.7913 4.7244, -2.965 -1.7912 4.7242, -2.9694 -1.7906 4.7233, -2.9708 -1.7904 4.7231, -2.9777 -1.7885 4.7205, -2.9802 -1.7874 4.7189, -2.9852 -1.7851 4.7158, -2.9883 -1.7829 4.7127, -2.9914 -1.7807 4.7096, -2.9945 -1.7771 4.7046, -2.9961 -1.7753 4.7021, -2.9985 -1.7703 4.6952, -2.999 -1.7693 4.6938, -3.0 -1.763 4.685, -2.9694 -0.1508 0.9831, -2.9708 -0.1508 0.9829, -2.9776 -0.1508 0.9801, -2.9803 -0.1508 0.979, -2.985 -0.1508 0.9754, -2.9885 -0.1508 0.9727, -2.9911 -0.1508 0.9692, -2.9947 -0.1508 0.9646, -2.9958 -0.1508 0.9619, -2.9987 -0.1508 0.9551, -2.9988 -0.1508 0.9536, -3.0 -0.1508 0.9449, -3.0 -1.8307 4.4818, -2.9987 -1.8404 4.485, -2.9947 -1.8494 4.488, -2.9885 -1.8571 4.4906, -2.9803 -1.8631 4.4926, -2.9708 -1.8668 4.4938, -2.9986 -0.0788 1.0236, -2.9991 -0.0772 1.0236, -2.9991 -0.0796 1.0062, -2.9964 -0.0874 1.0083, -2.9964 -0.0852 1.0236, -2.9886 -0.0962 1.0236, -2.9921 -0.0925 1.0236, -2.992 -0.0944 1.0102, -2.9947 -0.0881 1.0236, -2.9862 -0.1004 1.0118, -2.9863 -0.0987 1.0236, -2.9791 -0.105 1.013, -2.9794 -0.1035 1.0236, -2.9808 -0.1025 1.0236, -2.9783 -0.1096 1.003, -2.977 -0.117 0.9944, -2.9753 -0.1269 0.9878, -2.999 -0.0866 0.9897, -2.9962 -0.0937 0.9938, -2.999 -0.098 0.9754, -2.996 -0.104 0.9813, -2.9989 -0.1132 0.9642, -2.9956 -0.1176 0.9717, -2.9988 -0.1313 0.9572, -2.9952 -0.1337 0.966, -2.9917 -0.1001 0.9975, -2.9856 -0.1055 1.0006, -2.9911 -0.1093 0.9867, -2.9847 -0.1137 0.9911, -2.9904 -0.1215 0.9784, -2.9835 -0.1246 0.9839, -2.9895 -0.1357 0.9736, -2.982 -0.1374 0.9797, -2.9732 -0.1385 0.9838, -3.0 -0.1288 0.9478, -3.0 -0.1086 0.9561, -3.0 -0.0917 0.9691, -3.0 -0.0791 0.9854, -3.0 -0.0714 1.004, -3.0 -0.0688 1.0236, -2.9694 -1.8689 4.4818, -2.9708 -1.8682 4.4879, -2.9708 -1.8687 4.4818, -2.9776 -1.8659 4.4818, -2.9803 -1.8644 4.4873, -2.9803 -1.8648 4.4818, -2.9885 -1.8582 4.4863, -2.9947 -1.8501 4.485, -2.9947 -1.8504 4.4818, -2.9911 -1.8551 4.4818, -2.9885 -1.8585 4.4818, -2.985 -1.8612 4.4818, -2.9987 -1.8408 4.4834, -2.9988 -1.8394 4.4818, -2.9987 -1.8409 4.4818, -2.9958 -1.8477 4.4818, -2.9987 -0.0789 1.1518, -2.9989 -0.0776 1.1505, -3.0 -0.0688 1.1417, -2.9888 -0.0963 1.1692, -2.9912 -0.0932 1.1661, -2.9959 -0.0858 1.1587, -2.9949 -0.0883 1.1611, -2.9852 -0.0996 1.1725, -2.9807 -0.1024 1.1753, -2.9777 -0.1043 1.1772, -2.9716 -0.1067 1.1795, -2.9694 -1.8689 3.5827, -2.9708 -1.8687 3.5827, -2.9776 -1.8659 3.5827, -2.9803 -1.8648 3.5827, -2.985 -1.8612 3.5827, -2.9885 -1.8585 3.5827, -2.9911 -1.8551 3.5827, -2.9947 -1.8504 3.5827, -2.9958 -1.8477 3.5827, -2.9987 -1.8409 3.5827, -2.9988 -1.8394 3.5827, -3.0 -1.8307 3.5827, -2.9885 0.1853 1.1696, -2.9852 0.1883 1.1725, -2.9911 0.1818 1.1661, -2.9947 0.1772 1.1614, -2.9958 0.1745 1.1587, -2.9987 0.1677 1.1519, -2.9989 0.1662 1.1505, -3.0 0.1575 1.1417, -2.9802 0.1914 1.1756, -2.9777 0.193 1.1772, -2.9708 0.1955 1.1798, -2.9694 0.1959 1.1801, -2.9694 -0.1073 1.1801, -2.965 0.1966 1.1809, -2.9606 -0.1098 1.1811, -2.9606 0.1969 1.1811, -2.9987 -1.8406 3.58, -2.9708 -1.8674 3.5728, -2.9803 -1.8636 3.5739, -2.9885 -1.8576 3.5755, -2.9947 -1.8497 3.5776, -2.9708 -1.8406 3.5459, -2.9708 -1.8497 3.5497, -2.9803 -1.8395 3.5497, -2.9803 -1.8478 3.5531, -2.9885 -1.8379 3.5558, -2.9885 -1.8446 3.5586, -2.9947 -1.8358 3.5637, -2.9947 -1.8406 3.5656, -2.9987 -1.8333 3.5728, -2.9987 -1.8358 3.5739, -2.9708 -1.8576 3.5558, -2.9803 -1.8548 3.5586, -2.9885 -1.8504 3.563, -2.9947 -1.8446 3.5688, -2.9987 -1.8379 3.5755, -2.9708 -1.8307 3.5446, -2.9803 -1.8307 3.5486, -2.9885 -1.8307 3.5548, -2.9947 -1.8307 3.563, -2.9987 -1.8307 3.5725, -2.9708 -1.8636 3.5637, -2.9803 -1.8602 3.5656, -2.9885 -1.8548 3.5688, -2.9947 -1.8478 3.5728, -2.9987 -1.8395 3.5776, -2.9694 0.1959 1.0236, -3.0 0.1575 1.0236, -2.999 0.1662 1.0236, -2.9985 0.1676 1.0236, -2.9961 0.1746 1.0236, -2.9945 0.177 1.0236, -2.9914 0.182 1.0236, -2.9883 0.1851 1.0236, -2.9852 0.1883 1.0236, -2.9802 0.1914 1.0236, -2.9777 0.193 1.0236, -2.9708 0.1954 1.0236, -2.9694 -1.5945 3.5443, -2.9708 -1.5945 3.5448, -2.9777 -1.5945 3.5472, -2.9802 -1.5945 3.5488, -2.9852 -1.5945 3.5519, -2.9883 -1.5945 3.555, -2.9914 -1.5945 3.5581, -2.9945 -1.5945 3.5631, -2.9961 -1.5945 3.5656, -2.9985 -1.5945 3.5725, -2.999 -1.5945 3.5739, -3.0 -1.5945 3.5827, -2.9694 0.1972 1.0132, -2.9694 0.2013 1.0034, -2.9694 0.2077 0.9951, -2.9694 0.216 0.9887, -2.9694 0.2258 0.9846, -2.9694 0.2362 0.9833, -2.999 0.1686 1.0055, -3.0 0.1602 1.0032, -2.9961 0.1767 1.0077, -2.9914 0.1839 1.0096, -2.9852 0.1899 1.0112, -2.9777 0.1944 1.0124, -2.9777 0.225 0.9818, -2.9777 0.2362 0.9804, -2.9852 0.2238 0.9773, -2.9852 0.2362 0.9757, -2.9914 0.2222 0.9713, -2.9914 0.2362 0.9694, -2.9961 0.2203 0.9641, -2.9961 0.2362 0.962, -2.999 0.2181 0.956, -2.999 0.2362 0.9536, -3.0 0.2158 0.9476, -3.0 0.2362 0.9449, -2.9777 0.2146 0.9862, -2.9852 0.2122 0.9821, -2.9914 0.2091 0.9767, -2.9961 0.2054 0.9702, -2.999 0.2012 0.963, -3.0 0.1969 0.9554, -2.9777 0.2056 0.993, -2.9852 0.2023 0.9897, -2.9914 0.1979 0.9853, -2.9961 0.1926 0.98, -2.999 0.1867 0.9741, -3.0 0.1805 0.9679, -2.9777 0.1987 1.002, -2.9852 0.1947 0.9996, -2.9914 0.1893 0.9965, -2.9961 0.1828 0.9928, -2.999 0.1756 0.9886, -3.0 0.168 0.9843, -3.0 -1.5741 3.58, -2.999 -1.5764 3.5715, -2.9961 -1.5785 3.5635, -2.9914 -1.5805 3.5563, -2.9852 -1.5821 3.5503, -2.9777 -1.5833 3.5457, -2.9694 -1.584 3.5429, -3.0 -1.5551 3.5721, -2.999 -1.5595 3.5645, -2.9961 -1.5637 3.5573, -2.9914 -1.5674 3.5509, -2.9852 -1.5705 3.5455, -2.9777 -1.5729 3.5414, -2.9694 -1.5743 3.5389, -3.0 -1.5388 3.5596, -2.999 -1.545 3.5534, -2.9961 -1.5509 3.5475, -2.9914 -1.5562 3.5423, -2.9852 -1.5606 3.5378, -2.9777 -1.5639 3.5345, -2.9694 -1.566 3.5325, -3.0 -1.5263 3.5433, -2.999 -1.5339 3.5389, -2.9961 -1.5411 3.5348, -2.9914 -1.5476 3.531, -2.9852 -1.553 3.5279, -2.9777 -1.557 3.5256, -2.9694 -1.5595 3.5241, -3.0 -1.5184 3.5243, -2.999 -1.5269 3.522, -2.9961 -1.5349 3.5199, -2.9914 -1.5421 3.518, -2.9852 -1.5482 3.5163, -2.9777 -1.5527 3.5151, -2.9694 -1.5555 3.5144, -3.0 -1.5157 3.5039, -2.999 -1.5245 3.5039, -2.9961 -1.5328 3.5039, -2.9914 -1.5403 3.5039, -2.9852 -1.5465 3.5039, -2.9777 -1.5512 3.5039, -2.9694 -1.5541 3.5039, -2.9694 1.0433 0.9831, -2.9708 1.0433 0.9829, -2.9776 1.0433 0.9801, -2.9803 1.0433 0.979, -2.985 1.0433 0.9754, -2.9885 1.0433 0.9727, -2.9911 1.0433 0.9692, -2.9947 1.0433 0.9646, -2.9958 1.0433 0.9619, -2.9987 1.0433 0.9551, -2.9988 1.0433 0.9536, -3.0 1.0433 0.9449, -2.9988 -1.5245 0.0394, -3.0 -1.5157 0.0394, -2.9987 -1.5259 0.0394, -2.9958 -1.5327 0.0394, -2.9947 -1.5354 0.0394, -2.9911 -1.5401 0.0394, -2.9885 -1.5436 0.0394, -2.985 -1.5463 0.0394, -2.9803 -1.5498 0.0394, -2.9776 -1.551 0.0394, -2.9708 -1.5538 0.0394, -2.9694 -1.554 0.0394, -3.0 1.0637 0.9476, -2.9987 1.061 0.9574, -2.9947 1.0586 0.9666, -2.9885 1.0565 0.9745, -2.9803 1.0549 0.9805, -3.0 1.122 1.0236, -3.0 1.1194 1.0032, -2.9987 1.1119 1.0236, -2.9987 1.1095 1.0059, -2.9947 1.1024 1.0236, -2.9947 1.1004 1.0083, -2.9885 1.0942 1.0236, -2.9885 1.0925 1.0104, -2.9803 1.088 1.0236, -2.9803 1.0864 1.0121, -2.9708 1.084 1.0236, -2.9708 1.0826 1.0131, -3.0 1.1115 0.9843, -2.9987 1.1027 0.9893, -2.9947 1.0945 0.9941, -2.9885 1.0874 0.9982, -2.9803 1.082 1.0013, -2.9708 1.0786 1.0033, -3.0 1.099 0.9679, -2.9987 1.0918 0.9751, -2.9947 1.0851 0.9819, -2.9885 1.0793 0.9876, -2.9803 1.0749 0.9921, -2.9708 1.0721 0.9948, -3.0 1.0827 0.9554, -2.9987 1.0776 0.9643, -2.9947 1.0728 0.9725, -2.9885 1.0688 0.9795, -2.9803 1.0656 0.985, -2.9708 1.0637 0.9884, -2.9708 1.0538 0.9843, -2.9987 -1.5256 0.0367, -2.9694 -1.5157 0.0012, -2.9708 -1.5256 0.0026, -2.9708 -1.5157 0.0013, -2.9708 -1.5525 0.0295, -2.9776 -1.5157 0.0042, -2.9803 -1.5246 0.0064, -2.9803 -1.5157 0.0053, -2.9708 -1.5348 0.0064, -2.9708 -1.5426 0.0125, -2.9803 -1.5328 0.0098, -2.9803 -1.5399 0.0153, -2.9885 -1.5297 0.0153, -2.9803 -1.5487 0.0305, -2.9885 -1.523 0.0125, -2.9947 -1.5208 0.0204, -2.9885 -1.5426 0.0322, -2.9958 -1.5157 0.0224, -2.9947 -1.5157 0.0197, -2.9911 -1.5157 0.015, -2.9885 -1.5157 0.0115, -2.985 -1.5157 0.0089, -2.9947 -1.5348 0.0343, -2.9885 -1.5354 0.0197, -2.9947 -1.5256 0.0223, -2.9987 -1.5184 0.0295, -2.9708 -1.5487 0.0204, -2.9803 -1.5453 0.0223, -2.9885 -1.5399 0.0255, -2.9947 -1.5328 0.0295, -2.9987 -1.5246 0.0343, -2.9988 -1.5157 0.0306, -2.9987 -1.5157 0.0292, -2.9947 -1.5297 0.0255, -2.9987 -1.5208 0.0305, -2.9987 -1.523 0.0322, -2.9708 1.084 4.685, -2.9803 1.088 4.685, -2.9885 1.0942 4.685, -2.9947 1.1024 4.685, -2.9987 1.1119 4.685, -3.0 1.122 4.685, -2.9694 1.437 0.0012, -2.9708 1.437 0.0013, -2.9776 1.437 0.0042, -2.9803 1.437 0.0053, -2.985 1.437 0.0089, -2.9885 1.437 0.0115, -2.9911 1.437 0.015, -2.9947 1.437 0.0197, -2.9958 1.437 0.0224, -2.9987 1.437 0.0292, -2.9988 1.437 0.0306, -3.0 1.437 0.0394, -2.9708 1.0853 4.6949, -2.9708 1.0891 4.7041, -2.9803 1.0891 4.6939, -2.9803 1.0925 4.7021, -2.9885 1.0952 4.6922, -2.9885 1.0979 4.699, -2.9947 1.103 4.6901, -2.9947 1.105 4.6949, -2.9987 1.1122 4.6877, -2.9987 1.1132 4.6901, -2.9708 1.0952 4.7119, -2.9803 1.0979 4.7091, -2.9885 1.1024 4.7047, -2.9947 1.1081 4.699, -2.9987 1.1148 4.6922, -2.9708 1.103 4.718, -2.9708 1.1122 4.7218, -2.9803 1.105 4.7146, -2.9803 1.1132 4.718, -2.9885 1.1081 4.7091, -2.9885 1.1148 4.7119, -2.9947 1.1122 4.7021, -2.9947 1.117 4.7041, -2.9987 1.117 4.6939, -2.9987 1.1194 4.6949, -2.9708 1.122 4.7231, -2.9803 1.122 4.7191, -2.9885 1.122 4.7129, -2.9947 1.122 4.7047, -2.9987 1.122 4.6952, -2.9987 1.4396 0.0295, -2.9694 1.4752 0.0394, -2.9708 1.4737 0.0295, -2.9708 1.475 0.0394, -2.9708 1.4469 0.0026, -2.9776 1.4722 0.0394, -2.9803 1.4699 0.0305, -2.9803 1.4711 0.0394, -2.9708 1.4699 0.0204, -2.9708 1.4639 0.0125, -2.9803 1.4665 0.0223, -2.9803 1.4611 0.0153, -2.9885 1.4611 0.0255, -2.9803 1.4458 0.0064, -2.9885 1.4639 0.0322, -2.9947 1.456 0.0343, -2.9885 1.4442 0.0125, -2.9958 1.454 0.0394, -2.9947 1.4567 0.0394, -2.9911 1.4614 0.0394, -2.9885 1.4648 0.0394, -2.985 1.4675 0.0394, -2.9947 1.4421 0.0204, -2.9885 1.4567 0.0197, -2.9947 1.4541 0.0295, -2.9987 1.4469 0.0367, -2.9708 1.456 0.0064, -2.9803 1.4541 0.0098, -2.9885 1.4509 0.0153, -2.9947 1.4469 0.0223, -2.9987 1.4421 0.0305, -2.9988 1.4457 0.0394, -2.9987 1.4472 0.0394, -2.9947 1.4509 0.0255, -2.9987 1.4458 0.0343, -2.9987 1.4442 0.0322, -2.9708 1.437 4.7231, -2.9803 1.437 4.7191, -2.9885 1.437 4.7129, -2.9947 1.437 4.7047, -2.9987 1.437 4.6952, -3.0 1.437 4.685, -2.9694 1.4752 4.685, -2.9708 1.475 4.685, -2.9776 1.4722 4.685, -2.9803 1.4711 4.685, -2.985 1.4675 4.685, -2.9885 1.4648 4.685, -2.9911 1.4614 4.685, -2.9947 1.4567 4.685, -2.9958 1.454 4.685, -2.9987 1.4472 4.685, -2.9988 1.4457 4.685, -2.9987 1.4469 4.6877, -2.9708 1.4737 4.6949, -2.9803 1.4699 4.6939, -2.9885 1.4639 4.6922, -2.9947 1.456 4.6901, -2.9708 1.4469 4.7218, -2.9708 1.456 4.718, -2.9803 1.4458 4.718, -2.9803 1.4541 4.7146, -2.9885 1.4442 4.7119, -2.9885 1.4509 4.7091, -2.9947 1.4421 4.7041, -2.9947 1.4469 4.7021, -2.9987 1.4396 4.6949, -2.9987 1.4421 4.6939, -2.9708 1.4639 4.7119, -2.9803 1.4611 4.7091, -2.9885 1.4567 4.7047, -2.9947 1.4509 4.699, -2.9987 1.4442 4.6922, -2.9708 1.4699 4.7041, -2.9803 1.4665 4.7021, -2.9885 1.4611 4.699, -2.9947 1.4541 4.6949, -2.9987 1.4458 4.6901, -1.9644 -1.5157 1.721, -2.1844 -1.5157 2.2849, -1.9644 -1.5551 1.721, -2.1844 -1.5551 2.2849, -2.1019 -1.5157 2.2849, -2.1019 -1.5551 2.2849, -2.0448 -1.5157 2.1268, -2.0448 -1.5551 2.1268, -1.8119 -1.5157 2.1268, -1.8119 -1.5551 2.1268, -1.7581 -1.5157 2.2849, -1.7581 -1.5551 2.2849, -1.6755 -1.5157 2.2849, -1.6755 -1.5551 2.2849, -1.8887 -1.5157 1.721, -1.8887 -1.5551 1.721, -1.8309 -1.5157 2.0649, -1.915 -1.5157 1.8293, -1.9205 -1.5157 1.8098, -1.9241 -1.5157 1.7898, -1.9259 -1.5157 1.7898, -1.9296 -1.5157 1.8097, -2.0195 -1.5157 2.0649, -1.9346 -1.5157 1.8293, -1.8309 -1.5551 2.0649, -2.0195 -1.5551 2.0649, -1.915 -1.5551 1.8293, -1.9205 -1.5551 1.8098, -1.9241 -1.5551 1.7898, -1.9259 -1.5551 1.7898, -1.9296 -1.5551 1.8097, -1.9346 -1.5551 1.8293, -1.3337 -1.5157 2.2849, -1.1804 -1.5157 2.2849, -1.3337 -1.5551 2.2849, -1.1804 -1.5551 2.2849, -1.1804 -1.5157 1.721, -1.1804 -1.5551 1.721, -1.3395 -1.5157 1.721, -1.3395 -1.5551 1.721, -1.6343 -1.5157 1.9959, -1.6343 -1.5551 1.9959, -1.6271 -1.5551 1.9268, -1.6271 -1.5157 1.9268, -1.6082 -1.5551 1.8716, -1.6082 -1.5157 1.8716, -1.5783 -1.5551 1.8249, -1.5783 -1.5157 1.8249, -1.5375 -1.5551 1.785, -1.5375 -1.5157 1.785, -1.4806 -1.5551 1.7498, -1.4806 -1.5157 1.7498, -1.4137 -1.5551 1.7281, -1.4137 -1.5157 1.7281, -1.4083 -1.5551 2.2779, -1.4083 -1.5157 2.2779, -1.4731 -1.5551 2.2575, -1.4731 -1.5157 2.2575, -1.5307 -1.5551 2.2227, -1.5307 -1.5157 2.2227, -1.5764 -1.5551 2.1776, -1.5764 -1.5157 2.1776, -1.6079 -1.5551 2.1267, -1.6079 -1.5157 2.1267, -1.6274 -1.5551 2.0666, -1.6274 -1.5157 2.0666, -1.5586 -1.5157 1.9975, -1.5538 -1.5157 1.9414, -1.5405 -1.5157 1.8963, -1.5208 -1.5157 1.8616, -1.4933 -1.5157 1.8326, -1.4521 -1.5157 1.8061, -1.4054 -1.5157 1.7899, -1.3392 -1.5157 1.7829, -1.2561 -1.5157 1.7829, -1.2561 -1.5157 2.223, -1.3361 -1.5157 2.223, -1.3956 -1.5157 2.2175, -1.4435 -1.5157 2.2025, -1.4819 -1.5157 2.1796, -1.5134 -1.5157 2.1483, -1.5371 -1.5157 2.1093, -1.5536 -1.5157 2.0562, -1.3392 -1.5551 1.7829, -1.2561 -1.5551 1.7829, -1.4054 -1.5551 1.7899, -1.4521 -1.5551 1.8061, -1.4933 -1.5551 1.8326, -1.5208 -1.5551 1.8616, -1.5405 -1.5551 1.8963, -1.5538 -1.5551 1.9414, -1.5586 -1.5551 1.9975, -1.5536 -1.5551 2.0562, -1.5371 -1.5551 2.1093, -1.5134 -1.5551 2.1483, -1.4819 -1.5551 2.1796, -1.4435 -1.5551 2.2025, -1.3956 -1.5551 2.2175, -1.3361 -1.5551 2.223, -1.2561 -1.5551 2.223, -1.0704 -1.5551 2.223, -1.0 -1.5551 2.223, -1.0704 -1.5157 2.223, -1.0 -1.5157 2.223, -1.0704 -1.5157 2.2849, -1.0 -1.5157 2.2849, -1.0704 -1.5551 2.2849, -1.0 -1.5551 2.2849, -1.0429 -1.5157 2.0305, -1.0 -1.5157 2.0305, -1.0429 -1.5551 2.0305, -1.0 -1.5551 2.0305, -1.0429 -1.5157 1.9686, -1.0429 -1.5551 1.9686, -1.0 -1.5551 1.9686, -1.0 -1.5157 1.9686, -1.0566 -1.5157 1.7829, -1.0566 -1.5157 1.721, -1.0 -1.5157 1.7829, -1.0 -1.5157 1.721, -1.0566 -1.5551 1.721, -1.0 -1.5551 1.721, -1.0566 -1.5551 1.7829, -1.0 -1.5551 1.7829, -1.0 -1.7913 4.7244, -1.0 -1.3583 4.7244, -1.0 1.088 4.7047, -1.0 1.0942 4.7129, -1.0 1.1024 4.7191, -1.0 -0.1139 0.9928, -1.0 -0.1074 0.9991, -1.0 -1.2785 1.0149, -1.0 -1.2756 1.0065, -1.0 -1.2709 0.9991, -1.0 1.1119 4.7231, -1.0 1.122 4.7244, -1.0 -0.1216 0.9882, -1.0 -0.0984 1.1811, -1.0 0.1969 1.1811, -1.0 -0.0995 1.0149, -1.0 -0.1025 1.0065, -1.0 -1.5157 0.0, -1.0 1.084 4.6952, -1.0 -1.2489 0.9852, -1.0 1.0827 4.685, -1.0 -1.2647 0.9928, -1.0 -1.2572 0.9882, -1.0 -0.1303 0.9852, -0.7678 -1.5551 1.721, -0.5257 -1.5551 1.776, -0.4702 -1.5551 1.7823, -0.6477 -1.5551 2.1994, 1.0 -1.5551 3.5039, -0.7678 -1.5551 2.2849, -0.5943 -1.5551 1.7849, -0.6578 -1.5551 2.1938, -0.6578 -1.5551 1.8121, -0.3338 -1.5551 2.2374, -0.2913 -1.5551 2.1929, -0.1902 -1.5551 2.223, -0.261 -1.5551 2.1394, 0.023 -1.5551 2.223, -0.2658 -1.5551 1.8745, -0.2978 -1.5551 1.821, 0.023 -1.5551 1.721, -0.428 -1.5551 1.7975, -0.389 -1.5551 1.8236, -0.3549 -1.5551 1.8612, -0.3139 -1.5551 2.009, -0.3196 -1.5551 2.07, -0.3351 -1.5551 2.1189, -0.4595 -1.5551 2.2238, -0.513 -1.5551 2.2299, -0.4184 -1.5551 2.2084, -0.3839 -1.5551 2.1848, -0.3585 -1.5551 2.1579, -0.5879 -1.5551 2.2216, -0.6578 -1.5551 1.7365, -0.6578 -1.5551 2.2557, -0.5977 -1.5551 2.2804, -0.518 -1.5551 2.2915, -0.2439 -1.5551 2.0798, -0.2383 -1.5551 2.0136, -0.2449 -1.5551 1.9408, -0.3473 -1.5551 1.7714, -0.4005 -1.5551 1.7393, -0.4633 -1.5551 1.7197, -0.3317 -1.5551 1.9048, -0.3166 -1.5551 1.9651, 0.0987 -1.5551 2.2849, -0.5026 -1.5551 2.2918, -0.1902 -1.5551 2.2849, -0.4349 -1.5551 2.285, -0.3793 -1.5551 2.2662, 0.0987 -1.5551 1.721, 1.0 -1.5551 0.0394, -0.5251 -1.5551 1.7142, -0.5926 -1.5551 1.7188, -0.8435 -1.5551 1.9686, -0.8435 -1.5551 1.7829, -0.8435 -1.5551 2.223, -0.8435 -1.5551 2.0305, 1.0 -1.5157 0.0, 0.5669 -1.5157 0.0, 0.5873 -1.5131 0.0, 0.6063 -1.5052 0.0, 0.6226 -1.4927 0.0, 0.6351 -1.4764 0.0, 0.6457 1.437 0.0, 1.0 1.437 0.0, 0.6457 -1.437 0.0, 0.643 -1.4574 0.0, -0.4331 -1.8701 4.3701, -0.4331 -1.8701 4.4818, 1.0 -1.8701 3.5827, 0.41 -1.8701 4.3144, 0.3937 -1.8701 4.3019, 0.4331 -1.8701 4.4818, 0.4331 -1.8701 4.3701, 1.0 -1.8701 4.4818, 0.4304 -1.8701 4.3497, 0.4225 -1.8701 4.3307, -0.3747 -1.8701 4.294, -0.3937 -1.8701 4.3019, -0.41 -1.8701 4.3144, -0.4225 -1.8701 4.3307, -0.4304 -1.8701 4.3497, 0.3747 -1.8701 4.294, 0.3543 -1.8701 4.2913, -0.3543 -1.8701 4.2913, 0.1575 1.122 0.7874, 0.1575 0.2362 0.7874, -0.1575 1.122 0.7874, -0.1575 0.2362 0.7874, -0.4331 -1.3583 4.7244, -0.4331 -1.7913 4.7244, -0.4331 -1.2815 4.4943, -0.4331 -1.8681 4.4943, 1.0 -1.2795 4.4818, 1.0 -1.2795 1.0236, 0.4331 -1.2795 1.2205, 0.4331 -1.2795 1.0236, -0.4331 -1.2795 1.0236, -0.4331 -1.2795 1.2205, -0.4331 -1.2795 4.4818, -0.4331 -1.2795 4.3701, -0.4304 -1.2795 4.3497, -0.4225 -1.2795 4.3307, -0.41 -1.2795 4.3144, -0.3937 -1.2795 4.3019, 0.4331 -1.2795 4.4818, 0.4331 -1.2795 4.3701, 0.4304 -1.2795 4.3497, -0.3747 -1.2795 4.294, -0.3543 -1.2795 4.2913, 0.3543 -1.2795 4.2913, 0.3747 -1.2795 4.294, 0.3937 -1.2795 4.3019, 0.41 -1.2795 4.3144, 0.4225 -1.2795 4.3307, 0.7935 0.2362 0.9843, 1.0 0.2362 0.9843, 1.0 1.0433 0.9843, 0.5172 1.0455 0.9843, 0.4999 1.0518 0.9843, 0.4331 0.6603 0.9843, 0.4845 1.0621 0.9843, 0.4331 1.102 0.9843, 0.4468 0.596 0.9843, 0.4634 0.5674 0.9843, 0.5355 1.0433 0.9843, 0.4856 0.5429 0.9843, 0.5503 0.4771 0.9843, 0.6063 0.4036 0.9843, 0.6525 0.3237 0.9843, 0.6713 0.2944 0.9843, 0.6962 0.2699 0.9843, 0.4365 0.6274 0.9843, 0.7259 0.2515 0.9843, 0.7588 0.2401 0.9843, -0.4331 0.6603 0.9843, -0.4331 1.102 0.9843, -0.4845 1.0621 0.9843, -0.7935 0.2362 0.9843, -0.7588 0.2401 0.9843, -0.7259 0.2515 0.9843, -0.6525 0.3237 0.9843, -0.6063 0.4036 0.9843, -0.5503 0.4771 0.9843, -0.5355 1.0433 0.9843, -0.4856 0.5429 0.9843, -0.4634 0.5674 0.9843, -0.6962 0.2699 0.9843, -0.6713 0.2944 0.9843, -0.4999 1.0518 0.9843, -0.5172 1.0455 0.9843, -0.4365 0.6274 0.9843, -0.4468 0.596 0.9843, -0.5573 -0.469 0.9843, -0.6179 -0.3857 0.9843, -0.4856 -0.5429 0.9843, -0.4331 -1.2402 0.9843, -0.4331 -0.6603 0.9843, -0.4365 -0.6274 0.9843, -0.6661 -0.2947 0.9843, -0.6833 -0.265 0.9843, -0.7065 -0.2398 0.9843, -0.7346 -0.2202 0.9843, -0.7663 -0.2071 0.9843, -0.4468 -0.596 0.9843, -0.4634 -0.5674 0.9843, 0.4331 -0.6603 0.9843, 0.4331 -1.2402 0.9843, 1.0 -1.2402 0.9843, 0.6661 -0.2947 0.9843, 0.6179 -0.3857 0.9843, 0.5573 -0.469 0.9843, 0.4856 -0.5429 0.9843, 0.4634 -0.5674 0.9843, 1.0 -0.1394 0.9843, 0.7663 -0.2071 0.9843, 0.7346 -0.2202 0.9843, 0.4468 -0.596 0.9843, 0.4365 -0.6274 0.9843, 0.7065 -0.2398 0.9843, 0.6833 -0.265 0.9843, 0.4559 1.1341 1.0236, 0.51 1.0921 1.0236, 0.4559 1.1341 1.2205, 0.51 1.0921 4.685, 0.4828 1.1142 4.685, 0.4021 1.1691 4.685, 0.3964 1.1713 1.2205, 0.3968 1.1718 4.685, 0.3774 1.1832 1.2205, 0.3152 1.2137 4.685, 0.2883 1.2248 1.2205, 0.2714 1.2303 1.2205, 0.2712 1.2298 4.685, 0.1948 1.2551 1.2205, 0.2235 1.2471 4.685, 0.1377 1.2659 1.2205, 0.1379 1.2668 4.685, 0.0981 1.2734 1.2205, 0.1284 1.269 4.685, 0.0 1.2795 1.2205, 0.0313 1.2789 4.685, 0.0 1.2782 4.685, -0.0981 1.2734 1.2205, -0.0663 1.2767 4.685, -0.1377 1.2659 1.2205, -0.1378 1.2662 4.685, -0.1629 1.2625 4.685, -0.1948 1.2551 1.2205, -0.2569 1.2364 4.685, -0.2714 1.2303 1.2205, -0.2714 1.2304 4.685, -0.2883 1.2248 1.2205, -0.3471 1.1989 4.685, -0.3774 1.1832 1.2205, -0.3964 1.1713 1.2205, -0.51 1.0921 1.0236, -0.4559 1.1341 1.0236, -0.4559 1.1341 1.2205, -0.3962 1.1709 4.685, -0.4318 1.1505 4.685, -0.51 1.0921 4.685, -0.5355 1.0827 4.685, -0.5355 1.0827 1.0236, -0.643 -1.4574 0.0, -0.6351 -1.4764 0.0, -0.6226 -1.4927 0.0, -0.6063 -1.5052 0.0, -0.5873 -1.5131 0.0, -0.5669 -1.5157 0.0, -0.6457 1.437 0.0, -0.6457 -1.437 0.0, 0.4331 -1.7913 4.7244, 1.0 -1.7913 4.7244, 0.4331 -1.3583 4.7244, 1.0 -1.3583 4.7244, 0.564 1.0827 4.7227, 1.0 1.0827 1.0236, 0.5786 1.0827 4.7244, 1.0 1.0827 4.7244, 0.5355 1.0827 4.711, 0.5355 1.0827 1.0236, 0.5391 1.0827 4.7136, 0.5503 1.0827 4.719, 0.5522 1.0827 4.7199, 0.5602 1.0827 4.7223, -0.5355 1.122 4.7244, -0.4534 1.1835 4.7244, -0.3644 1.2343 4.7244, -0.2698 1.2736 4.7244, -0.171 1.301 4.7244, 1.0 1.437 4.7244, 0.2347 1.2849 4.7244, 0.331 1.2497 4.7244, 0.5069 1.1453 4.7244, 0.4222 1.203 4.7244, -0.0696 1.316 4.7244, 0.0329 1.3182 4.7244, 0.1348 1.3078 4.7244, 0.6226 1.4764 1.0006, 0.6063 1.4764 1.0131, 1.0 1.4764 4.685, 0.6457 1.4764 0.0394, 0.6457 1.4764 0.9449, 1.0 1.4764 0.0394, 0.643 1.4764 0.9653, 0.6351 1.4764 0.9843, -0.6351 1.4764 0.9843, -0.643 1.4764 0.9653, -0.6457 1.4764 0.9449, -0.6457 1.4764 0.0394, -0.5873 1.4764 1.0209, -0.6063 1.4764 1.0131, -0.6226 1.4764 1.0006, 0.5873 1.4764 1.0209, 0.5669 1.4764 1.0236, -0.5669 1.4764 1.0236, 1.0 1.0813 1.0134, 1.0 1.0774 1.0039, 1.0 -1.268 0.9958, 1.0 -1.2743 1.0039, 1.0 -1.2598 0.9895, 1.0 1.4711 4.7047, 1.0 1.4648 4.7129, 1.0 1.4567 4.7191, 1.0 1.0711 0.9958, 1.0 1.063 0.9895, 1.0 1.475 0.0292, 1.0 1.0535 0.9856, 1.0 0.226 0.9856, 1.0 -1.5843 3.542, 1.0 -1.5748 3.538, 1.0 -1.5666 3.5318, 1.0 -1.5604 3.5236, 1.0 1.475 4.6952, 1.0 1.4472 4.7231, 1.0 0.1982 1.0134, 1.0 -0.1189 0.9895, 1.0 -0.1288 0.9856, 1.0 -1.5354 0.0053, 1.0 -1.2503 0.9856, 1.0 -1.5436 0.0115, 1.0 -1.5498 0.0197, 1.0 -1.5565 3.5141, 1.0 -1.2782 1.0134, 1.0 1.4472 0.0013, 1.0 1.4567 0.0053, 1.0 0.2021 1.0039, 1.0 -1.5259 0.0013, 1.0 0.2084 0.9958, 1.0 0.2165 0.9895, 1.0 -1.5538 0.0292, 1.0 -1.8681 4.4943, 1.0 -1.8696 4.4881, 1.0 -1.28 4.4881, 1.0 -1.2815 4.4943, 1.0 -1.5945 3.5433, 1.0 -1.8307 3.5433, 1.0 1.4648 0.0115, 1.0 1.4711 0.0197, 1.0 -0.0988 1.0185, 1.0 0.1969 1.0236, 1.0 -1.8648 3.563, 1.0 -1.8585 3.5548, 1.0 -1.8504 3.5486, 1.0 0.1969 1.1811, 1.0 -0.0984 1.1811, 1.0 -0.0984 1.0236, 1.0 -0.0998 1.0134, 1.0 -0.1015 1.0086, 1.0 -0.1039 1.0039, 1.0 -1.8687 3.5725, 1.0 -1.8409 3.5446, 1.0 -0.1069 0.9997, 1.0 -0.1104 0.9958, 0.7935 0.1969 1.0236, 0.7935 0.1969 1.1811, 0.7502 0.2017 1.1811, 0.7502 0.2017 1.0236, 0.709 0.2159 1.1811, 0.709 0.2159 1.0236, 0.6719 0.2389 1.1811, 0.6719 0.2389 1.0236, 0.6408 0.2695 1.1811, 0.6408 0.2695 1.0236, 0.6172 0.3062 1.1811, 0.6172 0.3062 1.0236, 0.5735 0.3818 1.0236, 0.5481 0.4174 1.1811, 0.4593 0.5135 1.0236, 0.4593 0.5135 1.1811, 0.5206 0.4513 1.0236, 0.547 0.4166 1.0236, 0.4316 0.5442 1.1811, 0.4316 0.5442 1.0236, 0.4109 0.5799 1.1811, 0.4109 0.5799 1.0236, 0.398 0.6192 1.1811, 0.398 0.6192 1.0236, 0.3937 0.6603 1.1811, 0.3937 0.6603 1.0236, 0.3937 1.102 1.1811, 0.3937 1.102 1.0236, -0.3937 1.102 1.0236, -0.3937 0.6603 1.0236, -0.3937 1.102 1.1811, -0.3937 0.6603 1.1811, -0.398 0.6192 1.1811, -0.398 0.6192 1.0236, -0.4109 0.5799 1.1811, -0.4109 0.5799 1.0236, -0.4316 0.5442 1.1811, -0.4316 0.5442 1.0236, -0.4593 0.5135 1.1811, -0.4593 0.5135 1.0236, -0.5206 0.4513 1.0236, -0.5481 0.4174 1.1811, -0.6172 0.3062 1.0236, -0.6172 0.3062 1.1811, -0.5735 0.3818 1.0236, -0.547 0.4166 1.0236, -0.6408 0.2695 1.1811, -0.6408 0.2695 1.0236, -0.6719 0.2389 1.1811, -0.6719 0.2389 1.0236, -0.709 0.2159 1.1811, -0.709 0.2159 1.0236, -0.7502 0.2017 1.1811, -0.7502 0.2017 1.0236, -0.7935 0.1969 1.1811, -0.7935 0.1969 1.0236, -0.7553 -0.1693 1.0236, -0.7553 -0.1693 1.1811, -0.7157 -0.1856 1.1811, -0.7157 -0.1856 1.0236, -0.6806 -0.2102 1.1811, -0.6806 -0.2102 1.0236, -0.6516 -0.2417 1.1811, -0.6516 -0.2417 1.0236, -0.6301 -0.2787 1.1811, -0.6301 -0.2787 1.0236, -0.5845 -0.3648 1.0236, -0.5845 -0.3648 1.1811, -0.5272 -0.4436 1.0236, -0.5272 -0.4436 1.1811, -0.4593 -0.5135 1.0236, -0.4593 -0.5135 1.1811, -0.4316 -0.5442 1.1811, -0.4316 -0.5442 1.0236, -0.4109 -0.5799 1.1811, -0.4109 -0.5799 1.0236, -0.398 -0.6192 1.1811, -0.398 -0.6192 1.0236, -0.3937 -0.6603 1.1811, -0.3937 -0.6603 1.0236, -0.3937 -1.2402 1.1811, -0.3937 -1.2402 1.0236, 0.3937 -1.2402 1.0236, 0.3937 -0.6603 1.0236, 0.3937 -1.2402 1.1811, 0.3937 -0.6603 1.1811, 0.398 -0.6192 1.1811, 0.398 -0.6192 1.0236, 0.4109 -0.5799 1.1811, 0.4109 -0.5799 1.0236, 0.4316 -0.5442 1.1811, 0.4316 -0.5442 1.0236, 0.4593 -0.5135 1.1811, 0.4593 -0.5135 1.0236, 0.5272 -0.4436 1.0236, 0.5272 -0.4436 1.1811, 0.5845 -0.3648 1.0236, 0.5845 -0.3648 1.1811, 0.6301 -0.2787 1.0236, 0.6301 -0.2787 1.1811, 0.6516 -0.2417 1.1811, 0.6516 -0.2417 1.0236, 0.6806 -0.2102 1.1811, 0.6806 -0.2102 1.0236, 0.7157 -0.1856 1.1811, 0.7157 -0.1856 1.0236, 0.7553 -0.1693 1.1811, 0.7553 -0.1693 1.0236, -0.185 1.2169 1.1811, -0.3983 1.1204 1.1811, -0.3949 1.1115 1.1811, 0.0 1.2402 1.1811, -0.0932 1.2343 1.1811, 0.3949 1.1115 1.1811, 0.5315 0.0 1.1811, 0.3983 1.1204 1.1811, 0.4004 1.124 1.1811, 0.3585 1.1486 1.1811, -0.2739 1.1882 1.1811, -0.3585 1.1486 1.1811, -0.4004 1.124 1.1811, 0.2739 1.1882 1.1811, 0.185 1.2169 1.1811, 0.0932 1.2343 1.1811, 0.5242 0.0875 1.1811, 0.2907 0.445 1.1811, 0.36 0.391 1.1811, -0.5027 -0.1726 1.1811, -0.5242 -0.0875 1.1811, 0.5027 -0.1726 1.1811, 0.5242 -0.0875 1.1811, 0.4194 0.3265 1.1811, 0.4674 0.253 1.1811, 0.5027 0.1726 1.1811, 0.2135 0.4867 1.1811, 0.1305 0.5152 1.1811, -0.5315 0.0 1.1811, -0.5242 0.0875 1.1811, -0.5027 0.1726 1.1811, -0.4674 0.253 1.1811, -0.4194 0.3265 1.1811, -0.36 0.391 1.1811, -0.2907 0.445 1.1811, -0.2135 0.4867 1.1811, -0.1305 0.5152 1.1811, -0.0439 0.5297 1.1811, -0.4674 -0.253 1.1811, -0.4194 -0.3265 1.1811, -0.36 -0.391 1.1811, -0.2907 -0.445 1.1811, -0.2135 -0.4867 1.1811, -0.1305 -0.5152 1.1811, -0.0439 -0.5297 1.1811, 0.0439 -0.5297 1.1811, 0.0439 0.5297 1.1811, 0.1305 -0.5152 1.1811, 0.2135 -0.4867 1.1811, 0.2907 -0.445 1.1811, 0.36 -0.391 1.1811, 0.4194 -0.3265 1.1811, 0.4674 -0.253 1.1811, 0.1575 -0.1969 1.5748, 0.1549 -0.4255 1.5748, 0.1677 -0.1955 1.5748, 0.2264 -0.3921 1.5748, 0.1772 -0.1916 1.5748, 0.291 -0.3468 1.5748, 0.1853 -0.1853 1.5748, -0.1549 -0.4255 1.5748, -0.1575 -0.1969 1.5748, -0.2264 -0.3921 1.5748, -0.1677 -0.1955 1.5748, -0.291 -0.3468 1.5748, -0.1772 -0.1916 1.5748, -0.3468 -0.291 1.5748, 0.291 0.3468 1.5748, 0.2264 0.3921 1.5748, 0.1677 0.1955 1.5748, 0.1916 -0.1772 1.5748, 0.3468 -0.291 1.5748, 0.1955 -0.1677 1.5748, 0.3921 -0.2264 1.5748, 0.1969 -0.1575 1.5748, 0.4255 -0.1549 1.5748, 0.4459 -0.0786 1.5748, -0.4255 0.1549 1.5748, -0.1969 0.1575 1.5748, -0.3921 0.2264 1.5748, -0.1955 0.1677 1.5748, -0.3468 0.291 1.5748, -0.1916 0.1772 1.5748, -0.291 0.3468 1.5748, -0.0786 -0.4459 1.5748, 0.0 -0.4528 1.5748, 0.0786 -0.4459 1.5748, -0.1853 -0.1853 1.5748, -0.1916 -0.1772 1.5748, -0.3921 -0.2264 1.5748, -0.1955 -0.1677 1.5748, -0.4255 -0.1549 1.5748, -0.1969 -0.1575 1.5748, 0.1575 0.1969 1.5748, 0.1549 0.4255 1.5748, 0.0786 0.4459 1.5748, -0.1853 0.1853 1.5748, -0.1772 0.1916 1.5748, -0.2264 0.3921 1.5748, -0.1677 0.1955 1.5748, -0.1549 0.4255 1.5748, -0.1575 0.1969 1.5748, -0.0786 0.4459 1.5748, 0.0 0.4528 1.5748, 0.1772 0.1916 1.5748, 0.1853 0.1853 1.5748, 0.3468 0.291 1.5748, 0.1916 0.1772 1.5748, 0.3921 0.2264 1.5748, 0.1955 0.1677 1.5748, 0.4255 0.1549 1.5748, 0.1969 0.1575 1.5748, 0.4459 0.0786 1.5748, 0.4528 0.0 1.5748, -0.4459 0.0786 1.5748, -0.4528 0.0 1.5748, -0.4459 -0.0786 1.5748, 0.4262 0.2461 1.5354, 0.3884 0.3023 1.2205, 0.377 0.3163 1.5354, 0.3672 0.3253 1.2205, 0.3677 0.3257 1.5354, 0.3163 0.377 1.5354, 0.3333 0.3621 1.2205, 0.2785 0.4035 1.5354, 0.279 0.4043 1.2205, 0.2461 0.4262 1.5354, 0.0 0.4921 1.5354, 0.0592 0.4869 1.5354, 0.0591 0.4874 1.2205, 0.0855 0.4846 1.5354, 0.1208 0.4771 1.2205, 0.1683 0.4624 1.5354, 0.174 0.4588 1.2205, 0.1743 0.4597 1.5354, 0.1977 0.4507 1.2205, 0.2692 0.412 1.2205, -0.4262 -0.2461 1.5354, -0.3884 -0.3023 1.2205, -0.377 -0.3163 1.5354, -0.3672 -0.3253 1.2205, -0.3677 -0.3257 1.5354, 0.0406 0.4904 1.2205, -0.0406 0.4904 1.2205, -0.0592 0.4869 1.5354, -0.0591 0.4874 1.2205, -0.0855 0.4846 1.5354, -0.1208 0.4771 1.2205, -0.1683 0.4624 1.5354, -0.174 0.4588 1.2205, -0.1743 0.4597 1.5354, -0.1977 0.4507 1.2205, -0.2461 0.4262 1.5354, -0.2692 0.412 1.2205, -0.2785 0.4035 1.5354, -0.279 0.4043 1.2205, -0.3163 0.377 1.5354, -0.3333 0.3621 1.2205, -0.3677 0.3257 1.5354, -0.3672 0.3253 1.2205, -0.377 0.3163 1.5354, -0.3884 0.3023 1.2205, -0.4262 0.2461 1.5354, -0.4328 0.2342 1.2205, -0.4346 0.2281 1.5354, -0.4353 0.2285 1.2205, -0.4624 0.1683 1.5354, -0.4655 0.1598 1.2205, -0.4761 0.1173 1.5354, -0.4762 0.1174 1.2205, -0.4846 0.0855 1.5354, -0.4854 0.081 1.2205, -0.4921 0.0 1.5354, -0.4921 0.0 1.2205, -0.4846 -0.0855 1.5354, -0.4854 -0.081 1.2205, -0.4761 -0.1173 1.5354, -0.4762 -0.1174 1.2205, -0.4624 -0.1683 1.5354, -0.4655 -0.1598 1.2205, -0.4346 -0.2281 1.5354, -0.4353 -0.2285 1.2205, -0.4328 -0.2342 1.2205, -0.3163 -0.377 1.5354, -0.3333 -0.3621 1.2205, -0.2785 -0.4035 1.5354, -0.279 -0.4043 1.2205, -0.2461 -0.4262 1.5354, 0.0 -0.4921 1.5354, -0.0592 -0.4869 1.5354, -0.0591 -0.4874 1.2205, -0.0855 -0.4846 1.5354, -0.1208 -0.4771 1.2205, -0.1683 -0.4624 1.5354, -0.174 -0.4588 1.2205, -0.1743 -0.4597 1.5354, -0.1977 -0.4507 1.2205, -0.2692 -0.412 1.2205, -0.0406 -0.4904 1.2205, 0.0406 -0.4904 1.2205, 0.0592 -0.4869 1.5354, 0.0591 -0.4874 1.2205, 0.0855 -0.4846 1.5354, 0.1208 -0.4771 1.2205, 0.1683 -0.4624 1.5354, 0.174 -0.4588 1.2205, 0.1743 -0.4597 1.5354, 0.1977 -0.4507 1.2205, 0.2461 -0.4262 1.5354, 0.2692 -0.412 1.2205, 0.2785 -0.4035 1.5354, 0.279 -0.4043 1.2205, 0.3163 -0.377 1.5354, 0.3333 -0.3621 1.2205, 0.3677 -0.3257 1.5354, 0.3672 -0.3253 1.2205, 0.377 -0.3163 1.5354, 0.3884 -0.3023 1.2205, 0.4262 -0.2461 1.5354, 0.4328 -0.2342 1.2205, 0.4346 -0.2281 1.5354, 0.4353 -0.2285 1.2205, 0.4624 -0.1683 1.5354, 0.4655 -0.1598 1.2205, 0.4761 -0.1173 1.5354, 0.4762 -0.1174 1.2205, 0.4846 -0.0855 1.5354, 0.4854 -0.081 1.2205, 0.4921 0.0 1.5354, 0.4921 0.0 1.2205, 0.4846 0.0855 1.5354, 0.4854 0.081 1.2205, 0.4761 0.1173 1.5354, 0.4762 0.1174 1.2205, 0.4624 0.1683 1.5354, 0.4655 0.1598 1.2205, 0.4346 0.2281 1.5354, 0.4353 0.2285 1.2205, 0.4328 0.2342 1.2205, 0.4331 -1.2815 4.4943, 0.4331 -1.8681 4.4943, -0.3543 -1.8307 4.3307, 0.3543 -1.8307 4.3307, -0.3543 -1.3189 4.3307, 0.3543 -1.3189 4.3307, -0.3937 -1.8307 4.3701, -0.3937 -1.3189 4.3701, -0.3937 -1.3189 4.4818, -0.3937 -1.8307 4.4818, -0.3937 -1.3866 4.685, -0.3937 -1.763 4.685, 0.3937 -1.763 4.685, 0.3937 -1.3866 4.685, 0.3937 -1.8307 4.4818, 0.3937 -1.3189 4.4818, 0.3937 -1.8307 4.3701, 0.3937 -1.3189 4.3701, 0.6063 1.1424 0.1602, 0.6063 1.1614 0.168, 0.6063 1.437 0.0394, 0.6063 1.1777 0.1805, 0.6063 1.1902 0.1969, 0.6063 1.2008 0.9449, 0.6063 1.437 0.9449, 0.6063 1.2008 0.2362, 0.6063 1.1981 0.2158, 0.6063 -1.437 0.0394, 0.6063 -1.437 0.1575, 0.6063 1.122 0.1575, -0.6063 1.437 0.9449, -0.6063 1.2008 0.9449, -0.6063 1.437 0.0394, -0.6063 1.2008 0.2362, -0.6063 1.1981 0.2158, -0.6063 -1.437 0.1575, -0.6063 -1.437 0.0394, -0.6063 1.122 0.1575, -0.6063 1.1424 0.1602, -0.6063 1.1614 0.168, -0.6063 1.1902 0.1969, -0.6063 1.1777 0.1805, 0.3747 -0.8438 0.1969, 0.3937 -0.8359 0.1969, 0.5669 -1.437 0.1969, 0.41 -0.8234 0.1969, 0.4225 -0.8071 0.1969, 0.4331 1.122 0.1969, 0.5669 1.122 0.1969, 0.4331 -0.7677 0.1969, 0.4304 -0.7881 0.1969, -0.4304 -0.7881 0.1969, -0.4225 -0.8071 0.1969, -0.5669 -1.437 0.1969, -0.41 -0.8234 0.1969, -0.3937 -0.8359 0.1969, -0.4331 -0.7677 0.1969, -0.5669 1.122 0.1969, -0.4331 1.122 0.1969, -0.3747 -0.8438 0.1969, -0.3543 -0.8465 0.1969, 0.3543 -0.8465 0.1969, -0.5669 -1.4764 0.0394, -0.5669 -1.4764 0.1575, 0.5669 -1.4764 0.0394, 0.5669 -1.4764 0.1575, 0.5669 1.2008 0.9843, -0.5669 1.2008 0.9843, 0.5669 1.437 0.9843, -0.5669 1.437 0.9843, 0.1969 1.1614 0.8162, 0.1779 1.1614 0.8241, 0.5669 1.1614 0.9449, -0.2257 1.1614 0.7874, -0.5669 1.1614 0.9449, -0.2132 1.1614 0.8037, -0.1969 1.1614 0.8162, -0.4331 1.1614 0.2362, -0.5669 1.1614 0.2362, -0.4331 1.1614 0.5512, -0.4304 1.1614 0.5716, -0.4225 1.1614 0.5906, 0.2335 1.1614 0.7684, 0.2257 1.1614 0.7874, 0.2132 1.1614 0.8037, 0.5669 1.1614 0.2362, 0.4331 1.1614 0.2362, 0.4331 1.1614 0.5512, 0.4304 1.1614 0.5716, 0.4225 1.1614 0.5906, 0.41 1.1614 0.6069, 0.3937 1.1614 0.6194, 0.3747 1.1614 0.6272, 0.3543 1.1614 0.6299, -0.3543 1.1614 0.6299, -0.3747 1.1614 0.6272, 0.1575 1.1614 0.8268, -0.1575 1.1614 0.8268, -0.1779 1.1614 0.8241, -0.3937 1.1614 0.6194, -0.41 1.1614 0.6069, 0.2362 1.1614 0.6299, 0.2362 1.1614 0.748, -0.2362 1.1614 0.6299, -0.2362 1.1614 0.748, -0.2335 1.1614 0.7684, -0.1969 -0.7677 0.6299, -0.1969 0.2158 0.7507, -0.1969 0.1969 0.7586, -0.1969 0.2362 0.748, -0.1969 1.122 0.6299, -0.1969 1.122 0.748, -0.1969 0.1805 0.7711, -0.1969 0.168 0.7874, -0.1969 0.1602 0.8064, -0.1969 -0.168 0.7874, -0.1969 -0.1805 0.7711, -0.1969 -0.1969 0.7586, -0.1969 -0.2158 0.7507, -0.1969 -0.2362 0.748, -0.1969 -0.7677 0.748, -0.1969 0.1575 0.8268, -0.1969 -0.1575 0.8268, -0.1969 -0.1602 0.8064, -0.2362 1.122 0.5906, -0.2362 -0.7677 0.5906, -0.3543 1.122 0.5906, -0.3543 -0.7677 0.5906, -0.3937 1.122 0.5512, -0.3937 -0.7677 0.5512, -0.3937 1.122 0.2362, -0.3937 -0.7677 0.2362, 0.3937 1.122 0.2362, 0.3937 -0.7677 0.2362, 0.3937 1.122 0.5512, 0.3937 -0.7677 0.5512, 0.3543 1.122 0.5906, 0.3543 -0.7677 0.5906, 0.2362 1.122 0.5906, 0.2362 -0.7677 0.5906, 0.1969 -0.1805 0.7711, 0.1969 -0.168 0.7874, 0.1969 0.1602 0.8064, 0.1969 1.122 0.748, 0.1969 1.122 0.6299, 0.1969 0.2362 0.748, 0.1969 -0.7677 0.6299, 0.1969 0.2158 0.7507, 0.1969 0.1969 0.7586, 0.1969 -0.1575 0.8268, 0.1969 0.168 0.7874, 0.1969 0.1805 0.7711, 0.1969 -0.7677 0.748, 0.1969 -0.2362 0.748, 0.1969 -0.2158 0.7507, 0.1969 -0.1969 0.7586, 0.1969 -0.1602 0.8064, 0.1969 0.1575 0.8268, 0.1575 -0.7677 0.7874, -0.1575 -0.7677 0.7874, 0.1575 -0.2362 0.7874, -0.1575 -0.2362 0.7874, 0.3543 -0.8071 0.5512, 0.3543 -0.8071 0.2362, 0.2362 -0.8071 0.5512, 0.2158 -0.8071 0.5539, -0.3543 -0.8071 0.5512, -0.2362 -0.8071 0.5512, -0.3543 -0.8071 0.2362, -0.2158 -0.8071 0.5539, -0.1969 -0.8071 0.5617, -0.1805 -0.8071 0.5742, 0.1602 -0.8071 0.6095, -0.168 -0.8071 0.5906, -0.1575 -0.8071 0.6299, -0.1575 -0.8071 0.748, 0.1575 -0.8071 0.748, 0.168 -0.8071 0.5906, 0.1805 -0.8071 0.5742, 0.1969 -0.8071 0.5617, -0.1602 -0.8071 0.6095, 0.1575 -0.8071 0.6299, -0.1575 0.1969 0.8268, 0.1575 0.1969 0.8268, 0.1575 -0.1969 0.8268, -0.1575 -0.1969 0.8268, 0.4331 -1.28 4.4881, 0.4331 -1.28 4.4881, 0.4287 -1.3584 4.7242, 0.4247 -1.2824 4.494, 0.4243 -1.359 4.7234, 0.4243 -1.2825 4.4939, 0.4166 -1.285 4.4931, 0.416 -1.3611 4.7205, 0.416 -1.2852 4.493, 0.4085 -1.2897 4.4915, 0.4085 -1.3645 4.7158, 0.4029 -1.2951 4.4897, 0.4023 -1.369 4.7096, 0.4023 -1.2956 4.4896, 0.3976 -1.3743 4.7021, 0.3995 -1.2999 4.4881, 0.3979 -1.3023 4.4873, 0.3976 -1.3027 4.4872, 0.3947 -1.3803 4.6938, 0.3947 -1.3105 4.4846, 0.3947 -1.3106 4.4846, -0.3947 -1.3106 4.4846, -0.3949 -1.3803 4.6938, -0.395 -1.3793 4.6952, -0.3947 -1.3105 4.4846, -0.3979 -1.3744 4.702, -0.3976 -1.3027 4.4872, -0.399 -1.3725 4.7047, -0.3979 -1.3023 4.4873, -0.4026 -1.3691 4.7094, -0.3995 -1.2999 4.4881, -0.4023 -1.2956 4.4896, -0.4052 -1.3666 4.7129, -0.4029 -1.2951 4.4897, -0.4085 -1.3645 4.7158, -0.4085 -1.2897 4.4915, -0.4135 -1.3622 4.7189, -0.4092 -1.2893 4.4917, -0.416 -1.2852 4.493, -0.4243 -1.2825 4.4939, -0.4229 -1.3593 4.7229, -0.416 -1.3611 4.7205, -0.4247 -1.2824 4.494, -0.4287 -1.3584 4.7242, -0.4243 -1.359 4.7234, -0.4331 -1.28 4.4881, -0.4331 -1.28 4.4881, 0.4244 -1.281 4.4881, 0.4161 -1.2839 4.4881, 0.4026 -1.2948 4.4881, 0.4087 -1.2886 4.4881, 0.3975 -1.3021 4.4818, 0.3952 -1.3088 4.4818, 0.3946 -1.3104 4.4818, 0.3992 -1.2993 4.4818, 0.4022 -1.2945 4.4818, 0.4054 -1.2912 4.4818, 0.4084 -1.2882 4.4818, 0.4135 -1.285 4.4818, 0.4159 -1.2835 4.4818, 0.4243 -1.2805 4.4818, 0.4229 -1.281 4.4818, 0.4287 -1.7912 4.7242, 0.4243 -1.7906 4.7233, 0.4229 -1.7904 4.7231, 0.416 -1.7885 4.7205, 0.4135 -1.7874 4.7189, 0.4085 -1.7851 4.7158, 0.4054 -1.7829 4.7127, 0.4023 -1.7807 4.7096, 0.3947 -1.7693 4.6938, 0.3952 -1.7703 4.6952, 0.3976 -1.7753 4.7021, 0.3992 -1.7771 4.7046, -0.395 -1.7703 4.6952, -0.399 -1.7772 4.7047, -0.4052 -1.783 4.7129, -0.4279 -1.7911 4.7241, -0.4229 -1.7904 4.7231, -0.418 -1.7892 4.7214, -0.4134 -1.7875 4.7191, -0.4091 -1.7855 4.7163, -0.4244 -1.281 4.4881, -0.3946 -1.3104 4.4818, -0.3952 -1.3088 4.4818, -0.3975 -1.3021 4.4818, -0.4026 -1.2948 4.4881, -0.4087 -1.2886 4.4881, -0.4161 -1.2839 4.4881, -0.4243 -1.2805 4.4818, -0.4229 -1.281 4.4818, -0.4159 -1.2835 4.4818, -0.4135 -1.285 4.4818, -0.4084 -1.2882 4.4818, -0.3992 -1.2993 4.4818, -0.4022 -1.2945 4.4818, -0.4054 -1.2912 4.4818, 0.4229 -1.2809 4.3701, 0.4134 -1.2848 4.3701, 0.4052 -1.2911 4.3701, 0.399 -1.2992 4.3701, 0.395 -1.3087 4.3701, 0.395 -1.8404 4.485, 0.3952 -1.8408 4.4852, 0.399 -1.8494 4.488, 0.3993 -1.8497 4.4881, 0.3995 -1.8501 4.4883, 0.4052 -1.8571 4.4906, 0.406 -1.8577 4.4908, 0.4134 -1.8631 4.4926, 0.4229 -1.8668 4.4938, 0.4234 -1.8668 4.4938, 0.4331 -1.8696 4.4881, 0.4331 -1.8696 4.4881, -0.4331 -1.8696 4.4881, -0.4331 -1.8696 4.4881, -0.4247 -1.867 4.4939, -0.4229 -1.8668 4.4938, -0.4167 -1.8644 4.493, -0.4134 -1.8631 4.4926, -0.4094 -1.8601 4.4916, -0.3993 -1.8497 4.4881, -0.403 -1.8544 4.4897, -0.4052 -1.8571 4.4906, -0.399 -1.8494 4.488, -0.3981 -1.8473 4.4873, -0.3949 -1.8391 4.4846, -0.395 -1.8404 4.485, -0.4229 -1.2809 4.3701, -0.4134 -1.2848 4.3701, -0.4052 -1.2911 4.3701, -0.399 -1.2992 4.3701, -0.395 -1.3087 4.3701, -0.3543 -1.2809 4.3015, 0.3543 -1.2809 4.3015, -0.3543 -1.2848 4.311, 0.3543 -1.2848 4.311, -0.3543 -1.2911 4.3192, 0.3543 -1.2911 4.3192, -0.3543 -1.2992 4.3254, 0.3543 -1.2992 4.3254, -0.3543 -1.3087 4.3294, 0.3543 -1.3087 4.3294, 0.4205 -1.2809 4.3523, 0.4114 -1.2848 4.3548, 0.4035 -1.2911 4.3569, 0.3975 -1.2992 4.3585, 0.3937 -1.3087 4.3595, 0.3924 -1.3189 4.3599, 0.4137 -1.2809 4.3358, 0.4055 -1.2848 4.3406, 0.3984 -1.2911 4.3446, 0.393 -1.2992 4.3478, 0.3896 -1.3087 4.3497, 0.3884 -1.3189 4.3504, 0.4028 -1.2809 4.3216, 0.3961 -1.2848 4.3283, 0.3903 -1.2911 4.3341, 0.3859 -1.2992 4.3385, 0.3831 -1.3087 4.3413, 0.3822 -1.3189 4.3422, 0.3886 -1.2809 4.3107, 0.3839 -1.2848 4.3189, 0.3798 -1.2911 4.326, 0.3767 -1.2992 4.3314, 0.3747 -1.3087 4.3348, 0.374 -1.3189 4.336, 0.3721 -1.2809 4.3039, 0.3696 -1.2848 4.313, 0.3675 -1.2911 4.3209, 0.3659 -1.2992 4.327, 0.3649 -1.3087 4.3308, 0.3645 -1.3189 4.332, 0.3995 -1.8501 4.4881, 0.395 -1.8409 4.4818, 0.399 -1.8504 4.4818, 0.4056 -1.8582 4.4881, 0.4136 -1.8644 4.4881, 0.423 -1.8682 4.4881, 0.4229 -1.8687 4.4818, 0.4052 -1.8585 4.4818, 0.4134 -1.8648 4.4818, -0.3946 -1.8392 4.4818, -0.4026 -1.8548 4.4881, -0.4244 -1.8686 4.4881, -0.4161 -1.8657 4.4881, -0.4087 -1.861 4.4881, -0.3952 -1.8408 4.4818, -0.3975 -1.8476 4.4818, -0.3992 -1.8503 4.4818, -0.4022 -1.8551 4.4818, -0.4054 -1.8584 4.4818, -0.4084 -1.8614 4.4818, -0.4135 -1.8646 4.4818, -0.4159 -1.8661 4.4818, -0.4243 -1.8691 4.4818, -0.4229 -1.8686 4.4818, -0.3721 -1.2809 4.3039, -0.3696 -1.2848 4.313, -0.3675 -1.2911 4.3209, -0.3659 -1.2992 4.327, -0.3649 -1.3087 4.3308, -0.3645 -1.3189 4.332, -0.3886 -1.2809 4.3107, -0.3839 -1.2848 4.3189, -0.3798 -1.2911 4.326, -0.3767 -1.2992 4.3314, -0.3747 -1.3087 4.3348, -0.374 -1.3189 4.336, -0.4028 -1.2809 4.3216, -0.3961 -1.2848 4.3283, -0.3903 -1.2911 4.3341, -0.3859 -1.2992 4.3385, -0.3831 -1.3087 4.3413, -0.3822 -1.3189 4.3422, -0.4137 -1.2809 4.3358, -0.4055 -1.2848 4.3406, -0.3984 -1.2911 4.3446, -0.393 -1.2992 4.3478, -0.3896 -1.3087 4.3497, -0.3884 -1.3189 4.3504, -0.4205 -1.2809 4.3523, -0.4114 -1.2848 4.3548, -0.4035 -1.2911 4.3569, -0.3975 -1.2992 4.3585, -0.3937 -1.3087 4.3595, -0.3924 -1.3189 4.3599, 0.3645 -1.8307 4.332, 0.374 -1.8307 4.336, 0.3822 -1.8307 4.3422, 0.3884 -1.8307 4.3504, 0.3924 -1.8307 4.3599, 0.395 -1.8409 4.3701, 0.399 -1.8504 4.3701, 0.4052 -1.8585 4.3701, 0.4134 -1.8648 4.3701, 0.4229 -1.8687 4.3701, -0.395 -1.8409 4.3701, -0.399 -1.8504 4.3701, -0.4052 -1.8585 4.3701, -0.4134 -1.8648 4.3701, -0.4229 -1.8687 4.3701, -0.3924 -1.8307 4.3599, -0.3884 -1.8307 4.3504, -0.3822 -1.8307 4.3422, -0.374 -1.8307 4.336, -0.3645 -1.8307 4.332, 0.3543 -1.8687 4.3015, 0.3721 -1.8687 4.3039, 0.3543 -1.8648 4.311, 0.3696 -1.8648 4.313, 0.3543 -1.8585 4.3192, 0.3675 -1.8585 4.3209, 0.3543 -1.8504 4.3254, 0.3659 -1.8504 4.327, 0.3543 -1.8409 4.3294, 0.3649 -1.8409 4.3308, 0.3886 -1.8687 4.3107, 0.3839 -1.8648 4.3189, 0.3798 -1.8585 4.326, 0.3767 -1.8504 4.3314, 0.3747 -1.8409 4.3348, 0.4028 -1.8687 4.3216, 0.3961 -1.8648 4.3283, 0.3903 -1.8585 4.3341, 0.3859 -1.8504 4.3385, 0.3831 -1.8409 4.3413, 0.4137 -1.8687 4.3358, 0.4055 -1.8648 4.3406, 0.3984 -1.8585 4.3446, 0.393 -1.8504 4.3478, 0.3896 -1.8409 4.3497, 0.4205 -1.8687 4.3523, 0.4114 -1.8648 4.3548, 0.4035 -1.8585 4.3569, 0.3975 -1.8504 4.3585, 0.3937 -1.8409 4.3595, -0.4205 -1.8687 4.3523, -0.4114 -1.8648 4.3548, -0.4035 -1.8585 4.3569, -0.3975 -1.8504 4.3585, -0.3937 -1.8409 4.3595, -0.4137 -1.8687 4.3358, -0.4055 -1.8648 4.3406, -0.3984 -1.8585 4.3446, -0.393 -1.8504 4.3478, -0.3896 -1.8409 4.3497, -0.4028 -1.8687 4.3216, -0.3961 -1.8648 4.3283, -0.3903 -1.8585 4.3341, -0.3859 -1.8504 4.3385, -0.3831 -1.8409 4.3413, -0.3886 -1.8687 4.3107, -0.3839 -1.8648 4.3189, -0.3798 -1.8585 4.326, -0.3767 -1.8504 4.3314, -0.3747 -1.8409 4.3348, -0.3721 -1.8687 4.3039, -0.3696 -1.8648 4.313, -0.3675 -1.8585 4.3209, -0.3659 -1.8504 4.327, -0.3649 -1.8409 4.3308, -0.3543 -1.8687 4.3015, -0.3543 -1.8648 4.311, -0.3543 -1.8585 4.3192, -0.3543 -1.8504 4.3254, -0.3543 -1.8409 4.3294, 0.6355 -1.437 0.0013, 0.6355 1.437 0.0013, 0.626 -1.437 0.0053, 0.626 1.437 0.0053, 0.6178 -1.437 0.0115, 0.6178 1.437 0.0115, 0.6116 -1.437 0.0197, 0.6116 1.437 0.0197, 0.6076 -1.437 0.0292, 0.6076 1.437 0.0292, 0.5757 -1.4752 0.0394, 0.5771 -1.475 0.0394, 0.5775 -1.4763 0.0292, 0.5839 -1.4722 0.0394, 0.5866 -1.4711 0.0394, 0.5873 -1.4723 0.0292, 0.5913 -1.4675 0.0394, 0.5948 -1.4648 0.0394, 0.5957 -1.4658 0.0292, 0.5974 -1.4614 0.0394, 0.601 -1.4567 0.0394, 0.6022 -1.4574 0.0292, 0.6021 -1.454 0.0394, 0.605 -1.4472 0.0394, 0.6063 -1.4475 0.0292, 0.6051 -1.4457 0.0394, 0.6101 -1.4486 0.0197, 0.6161 -1.4502 0.0115, 0.624 -1.4523 0.0053, 0.6331 -1.4547 0.0013, 0.6056 -1.4593 0.0197, 0.611 -1.4625 0.0115, 0.6181 -1.4665 0.0053, 0.6263 -1.4713 0.0013, 0.5985 -1.4686 0.0197, 0.6029 -1.473 0.0115, 0.6087 -1.4788 0.0053, 0.6154 -1.4855 0.0013, 0.5893 -1.4757 0.0197, 0.5924 -1.4811 0.0115, 0.5965 -1.4882 0.0053, 0.6012 -1.4964 0.0013, 0.5785 -1.4801 0.0197, 0.5801 -1.4862 0.0115, 0.5822 -1.4941 0.0053, 0.5847 -1.5032 0.0013, 0.5669 -1.4777 0.0292, 0.5669 -1.4817 0.0197, 0.5669 -1.4879 0.0115, 0.5669 -1.4961 0.0053, 0.5669 -1.5056 0.0013, -0.6355 1.437 0.0013, -0.6355 -1.437 0.0013, -0.626 1.437 0.0053, -0.626 -1.437 0.0053, -0.6178 1.437 0.0115, -0.6178 -1.437 0.0115, -0.6116 1.437 0.0197, -0.6116 -1.437 0.0197, -0.6076 1.437 0.0292, -0.6076 -1.437 0.0292, -0.5669 -1.5056 0.0013, -0.5669 -1.4961 0.0053, -0.5669 -1.4879 0.0115, -0.5669 -1.4817 0.0197, -0.5669 -1.4777 0.0292, 0.5757 -1.4752 0.1575, 0.5771 -1.475 0.1575, 0.5839 -1.4722 0.1575, 0.5866 -1.4711 0.1575, 0.5913 -1.4675 0.1575, 0.5948 -1.4648 0.1575, 0.5974 -1.4614 0.1575, 0.601 -1.4567 0.1575, 0.6021 -1.454 0.1575, 0.605 -1.4472 0.1575, 0.6051 -1.4457 0.1575, 0.5757 -1.437 0.1957, 0.5757 1.122 0.1957, 0.5771 -1.437 0.1955, 0.5771 1.122 0.1955, 0.5839 -1.437 0.1927, 0.5839 1.122 0.1927, 0.5866 -1.437 0.1916, 0.5866 1.122 0.1916, 0.5913 -1.437 0.188, 0.5913 1.122 0.188, 0.5948 -1.437 0.1853, 0.5948 1.122 0.1853, 0.5974 -1.437 0.1818, 0.5974 1.122 0.1818, 0.601 -1.437 0.1772, 0.601 1.122 0.1772, 0.6021 -1.437 0.1745, 0.6021 1.122 0.1745, 0.605 -1.437 0.1677, 0.605 1.122 0.1677, 0.6051 -1.437 0.1662, 0.6051 1.122 0.1662, 0.5757 1.1626 0.2362, 0.5757 1.1626 0.9449, 0.5771 1.1628 0.2362, 0.5771 1.1628 0.9449, 0.5839 1.1656 0.2362, 0.5839 1.1656 0.9449, 0.5866 1.1667 0.2362, 0.5866 1.1667 0.9449, 0.5913 1.1703 0.2362, 0.5913 1.1703 0.9449, 0.5948 1.1729 0.2362, 0.5948 1.1729 0.9449, 0.5974 1.1764 0.2362, 0.5974 1.1764 0.9449, 0.601 1.1811 0.2362, 0.601 1.1811 0.9449, 0.6021 1.1838 0.2362, 0.6021 1.1838 0.9449, 0.605 1.1906 0.2362, 0.605 1.1906 0.9449, 0.6051 1.192 0.2362, 0.6051 1.192 0.9449, -0.5847 -1.5032 0.0013, -0.5822 -1.4941 0.0053, -0.5801 -1.4862 0.0115, -0.5785 -1.4801 0.0197, -0.5775 -1.4763 0.0292, -0.5771 -1.475 0.0394, -0.6012 -1.4964 0.0013, -0.5965 -1.4882 0.0053, -0.5924 -1.4811 0.0115, -0.5893 -1.4757 0.0197, -0.5873 -1.4723 0.0292, -0.5866 -1.4711 0.0394, -0.6154 -1.4855 0.0013, -0.6087 -1.4788 0.0053, -0.6029 -1.473 0.0115, -0.5985 -1.4686 0.0197, -0.5957 -1.4658 0.0292, -0.5948 -1.4648 0.0394, -0.6263 -1.4713 0.0013, -0.6181 -1.4665 0.0053, -0.611 -1.4625 0.0115, -0.6056 -1.4593 0.0197, -0.6022 -1.4574 0.0292, -0.601 -1.4567 0.0394, -0.6331 -1.4547 0.0013, -0.624 -1.4523 0.0053, -0.6161 -1.4502 0.0115, -0.6101 -1.4486 0.0197, -0.6063 -1.4475 0.0292, -0.605 -1.4472 0.0394, 0.6037 -1.4469 0.1677, 0.5999 -1.456 0.1677, 0.5938 -1.4639 0.1677, 0.5859 -1.4699 0.1677, 0.5768 -1.4737 0.1677, 0.5999 -1.4458 0.1772, 0.5859 -1.4421 0.1916, 0.5938 -1.4442 0.1853, 0.5768 -1.4396 0.1955, 0.584 -1.4665 0.1772, 0.591 -1.4611 0.1772, 0.5808 -1.4611 0.1853, 0.5866 -1.4567 0.1853, 0.5768 -1.4541 0.1916, 0.5808 -1.4509 0.1916, 0.572 -1.4458 0.1955, 0.5741 -1.4442 0.1955, 0.5696 -1.4469 0.1955, 0.572 -1.456 0.1916, 0.5741 -1.4639 0.1853, 0.5758 -1.4699 0.1772, 0.5669 -1.4472 0.1955, 0.5669 -1.4567 0.1916, 0.5669 -1.4648 0.1853, 0.5669 -1.4711 0.1772, 0.5669 -1.475 0.1677, 0.5965 -1.4541 0.1772, 0.591 -1.4509 0.1853, 0.584 -1.4469 0.1916, 0.5758 -1.4421 0.1955, 0.605 1.1563 0.1769, 0.605 1.1705 0.1877, 0.605 1.1814 0.2019, 0.605 1.1883 0.2185, 0.605 1.1398 0.17, 0.601 1.1791 0.2209, 0.601 1.1373 0.1792, 0.5948 1.1712 0.223, 0.5948 1.1352 0.1871, 0.5866 1.1652 0.2247, 0.5866 1.1336 0.1931, 0.5771 1.1614 0.2257, 0.5771 1.1326 0.1969, 0.5669 1.1601 0.226, 0.5669 1.1603 0.2275, 0.5771 1.1573 0.2159, 0.5669 1.1561 0.2165, 0.5669 1.1573 0.2192, 0.601 1.1732 0.2067, 0.5948 1.1661 0.2108, 0.5866 1.1607 0.2139, 0.5771 1.1508 0.2074, 0.5669 1.1499 0.2084, 0.5669 1.1526 0.2119, 0.601 1.1638 0.1945, 0.5948 1.158 0.2002, 0.5866 1.1536 0.2047, 0.5771 1.1424 0.201, 0.5669 1.1417 0.2021, 0.5669 1.1464 0.2057, 0.601 1.1516 0.1851, 0.5948 1.1475 0.1921, 0.5866 1.1444 0.1976, 0.5669 1.1308 0.198, 0.5669 1.1322 0.1982, 0.5669 1.139 0.201, -0.605 -1.4472 0.1575, -0.601 -1.4567 0.1575, -0.5948 -1.4648 0.1575, -0.5866 -1.4711 0.1575, -0.5771 -1.475 0.1575, 0.3924 -0.7779 0.5512, 0.3924 -0.7779 0.2362, 0.3884 -0.7874 0.5512, 0.3884 -0.7874 0.2362, 0.3822 -0.7956 0.5512, 0.3822 -0.7956 0.2362, 0.374 -0.8018 0.5512, 0.374 -0.8018 0.2362, 0.3645 -0.8057 0.5512, 0.3645 -0.8057 0.2362, -0.5669 -1.4472 0.1955, -0.5669 -1.4567 0.1916, -0.5669 -1.4648 0.1853, -0.5669 -1.4711 0.1772, -0.5669 -1.475 0.1677, 0.395 1.122 0.226, 0.395 -0.7677 0.226, 0.399 1.122 0.2165, 0.399 -0.7677 0.2165, 0.4052 1.122 0.2084, 0.4052 -0.7677 0.2084, 0.4134 1.122 0.2021, 0.4134 -0.7677 0.2021, 0.4229 1.122 0.1982, 0.4229 -0.7677 0.1982, 0.4331 1.1308 0.198, 0.4331 1.1322 0.1982, 0.4331 1.139 0.201, 0.4331 1.1417 0.2021, 0.4331 1.1464 0.2057, 0.4331 1.1499 0.2084, 0.4331 1.1526 0.2119, 0.4331 1.1561 0.2165, 0.4331 1.1573 0.2192, 0.4331 1.1601 0.226, 0.4331 1.1603 0.2275, -0.5768 -1.4737 0.1677, -0.5758 -1.4699 0.1772, -0.5808 -1.4611 0.1853, -0.584 -1.4665 0.1772, -0.5859 -1.4699 0.1677, -0.5741 -1.4639 0.1853, -0.5808 -1.4509 0.1916, -0.5866 -1.4567 0.1853, -0.591 -1.4611 0.1772, -0.5938 -1.4639 0.1677, -0.572 -1.456 0.1916, -0.5758 -1.4421 0.1955, -0.584 -1.4469 0.1916, -0.591 -1.4509 0.1853, -0.5965 -1.4541 0.1772, -0.5999 -1.456 0.1677, -0.5696 -1.4469 0.1955, -0.572 -1.4458 0.1955, -0.5768 -1.4541 0.1916, -0.5741 -1.4442 0.1955, -0.5768 -1.4396 0.1955, -0.5859 -1.4421 0.1916, -0.5938 -1.4442 0.1853, -0.5999 -1.4458 0.1772, -0.6037 -1.4469 0.1677, -0.5771 -1.437 0.1955, -0.5866 -1.437 0.1916, -0.5948 -1.437 0.1853, -0.601 -1.437 0.1772, -0.605 -1.437 0.1677, 0.1955 -0.1677 0.8268, 0.1916 -0.1772 0.8268, 0.1853 -0.1853 0.8268, 0.1772 -0.1916 0.8268, 0.1677 -0.1955 0.8268, 0.4205 -0.7855 0.1982, 0.4114 -0.783 0.2021, 0.4035 -0.7809 0.2084, 0.3975 -0.7793 0.2165, 0.3937 -0.7783 0.226, 0.4137 -0.802 0.1982, 0.4055 -0.7972 0.2021, 0.3984 -0.7932 0.2084, 0.393 -0.79 0.2165, 0.3896 -0.7881 0.226, 0.4028 -0.8162 0.1982, 0.3961 -0.8095 0.2021, 0.3903 -0.8037 0.2084, 0.3859 -0.7993 0.2165, 0.3831 -0.7965 0.226, 0.3886 -0.8271 0.1982, 0.3839 -0.8189 0.2021, 0.3798 -0.8118 0.2084, 0.3767 -0.8064 0.2165, 0.3747 -0.803 0.226, 0.3721 -0.8339 0.1982, 0.3696 -0.8248 0.2021, 0.3675 -0.8169 0.2084, 0.3659 -0.8108 0.2165, 0.3649 -0.807 0.226, 0.3543 -0.8363 0.1982, 0.3543 -0.8268 0.2021, 0.3543 -0.8186 0.2084, 0.3543 -0.8124 0.2165, 0.3543 -0.8084 0.226, 0.3911 -0.7776 0.5614, 0.3924 -0.7677 0.5614, 0.3873 -0.7765 0.5709, 0.3884 -0.7677 0.5709, 0.3784 -0.7816 0.579, 0.3839 -0.7848 0.5709, 0.3873 -0.7867 0.5614, 0.3812 -0.7749 0.579, 0.3822 -0.7677 0.579, 0.3683 -0.7816 0.5853, 0.374 -0.7874 0.579, 0.3784 -0.7918 0.5709, 0.3812 -0.7946 0.5614, 0.3733 -0.7728 0.5853, 0.374 -0.7677 0.5853, 0.3594 -0.7765 0.5892, 0.3642 -0.7848 0.5853, 0.3683 -0.7918 0.579, 0.3714 -0.7972 0.5709, 0.3733 -0.8007 0.5614, 0.3645 -0.7677 0.5892, 0.3642 -0.7704 0.5892, 0.3632 -0.7728 0.5892, 0.3714 -0.7776 0.5853, 0.3615 -0.7749 0.5892, 0.357 -0.7776 0.5892, 0.3594 -0.7867 0.5853, 0.3615 -0.7946 0.579, 0.3632 -0.8007 0.5709, 0.3642 -0.8044 0.5614, 0.3543 -0.7779 0.5892, 0.3543 -0.7874 0.5853, 0.3543 -0.7956 0.579, 0.3543 -0.8018 0.5709, 0.3543 -0.8057 0.5614, 0.4304 1.1319 0.1982, 0.4229 1.1601 0.2362, 0.4232 1.1588 0.226, 0.4242 1.155 0.2165, 0.4259 1.1489 0.2084, 0.428 1.1411 0.2021, 0.395 1.1322 0.2362, 0.399 1.1417 0.2362, 0.3963 1.1319 0.226, 0.4001 1.1411 0.226, 0.4001 1.1309 0.2165, 0.4035 1.1391 0.2165, 0.4062 1.1293 0.2084, 0.409 1.136 0.2084, 0.4141 1.1271 0.2021, 0.416 1.1319 0.2021, 0.4232 1.1247 0.1982, 0.4242 1.1271 0.1982, 0.4052 1.1499 0.2362, 0.4062 1.1489 0.226, 0.409 1.1462 0.2165, 0.4134 1.1417 0.2084, 0.4192 1.136 0.2021, 0.4259 1.1293 0.1982, 0.4134 1.1561 0.2362, 0.4141 1.155 0.226, 0.416 1.1516 0.2165, 0.4192 1.1462 0.2084, 0.4232 1.1391 0.2021, 0.428 1.1309 0.1982, -0.605 1.1906 0.2362, -0.605 1.1906 0.9449, -0.601 1.1811 0.2362, -0.601 1.1811 0.9449, -0.5948 1.1729 0.2362, -0.5948 1.1729 0.9449, -0.5866 1.1667 0.2362, -0.5866 1.1667 0.9449, -0.5771 1.1628 0.2362, -0.5771 1.1628 0.9449, -0.5771 1.122 0.1955, -0.5866 1.122 0.1916, -0.5948 1.122 0.1853, -0.601 1.122 0.1772, -0.605 1.122 0.1677, 0.1955 -0.2362 0.7582, 0.1955 -0.2185 0.7606, 0.1955 -0.2019 0.7674, 0.1955 -0.1877 0.7783, 0.1955 -0.1769 0.7925, 0.1955 -0.17 0.809, 0.1916 -0.2362 0.7677, 0.1916 -0.2209 0.7697, 0.1916 -0.2067 0.7756, 0.1916 -0.1945 0.785, 0.1916 -0.1851 0.7972, 0.1916 -0.1792 0.8115, 0.1853 -0.2362 0.7759, 0.1853 -0.223 0.7776, 0.1853 -0.2108 0.7827, 0.1853 -0.2002 0.7908, 0.1853 -0.1921 0.8013, 0.1853 -0.1871 0.8136, 0.1772 -0.2362 0.7821, 0.1772 -0.2247 0.7836, 0.1772 -0.2139 0.7881, 0.1772 -0.2047 0.7952, 0.1772 -0.1976 0.8044, 0.1772 -0.1931 0.8152, 0.1677 -0.2362 0.7861, 0.1677 -0.2257 0.7874, 0.1677 -0.2159 0.7915, 0.1677 -0.2074 0.798, 0.1677 -0.201 0.8064, 0.1677 -0.1969 0.8162, 0.1575 -0.226 0.7887, 0.1575 -0.2165 0.7927, 0.1575 -0.2084 0.7989, 0.1575 -0.2021 0.8071, 0.1575 -0.1982 0.8166, 0.1955 -0.7677 0.7582, 0.1916 -0.7677 0.7677, 0.1853 -0.7677 0.7759, 0.1772 -0.7677 0.7821, 0.1677 -0.7677 0.7861, -0.1575 -0.1982 0.8166, -0.1575 -0.2021 0.8071, -0.1575 -0.2084 0.7989, -0.1575 -0.2165 0.7927, -0.1575 -0.226 0.7887, -0.1677 -0.1955 0.8268, -0.1772 -0.1916 0.8268, -0.1853 -0.1853 0.8268, -0.1916 -0.1772 0.8268, -0.1955 -0.1677 0.8268, -0.3543 -0.8084 0.226, -0.3543 -0.8124 0.2165, -0.3543 -0.8186 0.2084, -0.3543 -0.8268 0.2021, -0.3543 -0.8363 0.1982, 0.1955 -0.7779 0.748, 0.1955 -0.7779 0.6299, 0.1916 -0.7874 0.748, 0.1916 -0.7874 0.6299, 0.1853 -0.7956 0.748, 0.1853 -0.7956 0.6299, 0.1772 -0.8018 0.748, 0.1772 -0.8018 0.6299, 0.1677 -0.8057 0.748, 0.1677 -0.8057 0.6299, 0.2362 -0.7779 0.5892, 0.2362 -0.7874 0.5853, 0.2362 -0.7956 0.579, 0.2362 -0.8018 0.5709, 0.2362 -0.8057 0.5614, 0.3924 1.122 0.5614, 0.3884 1.122 0.5709, 0.3822 1.122 0.579, 0.374 1.122 0.5853, 0.3645 1.122 0.5892, 0.4229 1.1601 0.5512, 0.4134 1.1561 0.5512, 0.4052 1.1499 0.5512, 0.399 1.1417 0.5512, 0.395 1.1322 0.5512, -0.605 1.1883 0.2185, -0.605 1.1814 0.2019, -0.605 1.1705 0.1877, -0.605 1.1563 0.1769, -0.605 1.1398 0.17, -0.601 1.1791 0.2209, -0.601 1.1732 0.2067, -0.601 1.1638 0.1945, -0.601 1.1516 0.1851, -0.601 1.1373 0.1792, -0.5948 1.1712 0.223, -0.5948 1.1661 0.2108, -0.5948 1.158 0.2002, -0.5948 1.1475 0.1921, -0.5948 1.1352 0.1871, -0.5866 1.1652 0.2247, -0.5866 1.1607 0.2139, -0.5866 1.1536 0.2047, -0.5866 1.1444 0.1976, -0.5866 1.1336 0.1931, -0.5771 1.1614 0.2257, -0.5771 1.1573 0.2159, -0.5771 1.1508 0.2074, -0.5771 1.1424 0.201, -0.5771 1.1326 0.1969, -0.5669 1.1601 0.226, -0.5669 1.1561 0.2165, -0.5669 1.1499 0.2084, -0.5669 1.1417 0.2021, -0.5669 1.1322 0.1982, -0.4243 -0.7677 0.198, -0.4205 -0.7855 0.1982, -0.4229 -0.7677 0.1982, -0.4161 -0.7677 0.201, -0.4114 -0.783 0.2021, -0.4134 -0.7677 0.2021, -0.4087 -0.7677 0.2057, -0.4035 -0.7809 0.2084, -0.4052 -0.7677 0.2084, -0.4026 -0.7677 0.2119, -0.3975 -0.7793 0.2165, -0.3721 -0.8339 0.1982, -0.3696 -0.8248 0.2021, -0.3675 -0.8169 0.2084, -0.3659 -0.8108 0.2165, -0.3649 -0.807 0.226, -0.3886 -0.8271 0.1982, -0.3839 -0.8189 0.2021, -0.3798 -0.8118 0.2084, -0.3767 -0.8064 0.2165, -0.3747 -0.803 0.226, -0.4028 -0.8162 0.1982, -0.3961 -0.8095 0.2021, -0.3903 -0.8037 0.2084, -0.3859 -0.7993 0.2165, -0.3831 -0.7965 0.226, -0.4137 -0.802 0.1982, -0.4055 -0.7972 0.2021, -0.3984 -0.7932 0.2084, -0.393 -0.79 0.2165, -0.3896 -0.7881 0.226, -0.3937 -0.7783 0.226, -0.399 -0.7677 0.2165, -0.3979 -0.7677 0.2192, -0.395 -0.7677 0.226, -0.3949 -0.7677 0.2275, -0.3645 -0.8057 0.2362, -0.374 -0.8018 0.2362, -0.3822 -0.7956 0.2362, -0.3884 -0.7874 0.2362, -0.3924 -0.7779 0.2362, 0.1942 -0.7776 0.7582, 0.1904 -0.7765 0.7677, 0.1816 -0.7816 0.7759, 0.187 -0.7848 0.7677, 0.1904 -0.7867 0.7582, 0.1844 -0.7749 0.7759, 0.1714 -0.7816 0.7821, 0.1772 -0.7874 0.7759, 0.1816 -0.7918 0.7677, 0.1844 -0.7946 0.7582, 0.1765 -0.7728 0.7821, 0.1626 -0.7765 0.7861, 0.1673 -0.7848 0.7821, 0.1714 -0.7918 0.7759, 0.1745 -0.7972 0.7677, 0.1765 -0.8007 0.7582, 0.1673 -0.7704 0.7861, 0.1663 -0.7728 0.7861, 0.1745 -0.7776 0.7821, 0.1647 -0.7749 0.7861, 0.1601 -0.7776 0.7861, 0.1626 -0.7867 0.7821, 0.1647 -0.7946 0.7759, 0.1663 -0.8007 0.7677, 0.1673 -0.8044 0.7582, 0.1575 -0.7779 0.7861, 0.1575 -0.7874 0.7821, 0.1575 -0.7956 0.7759, 0.1575 -0.8018 0.7677, 0.1575 -0.8057 0.7582, -0.1955 -0.17 0.809, -0.1955 -0.1769 0.7925, -0.1955 -0.1877 0.7783, -0.1955 -0.2019 0.7674, -0.1955 -0.2185 0.7606, -0.1955 -0.2362 0.7582, -0.1916 -0.1792 0.8115, -0.1916 -0.1851 0.7972, -0.1916 -0.1945 0.785, -0.1916 -0.2067 0.7756, -0.1916 -0.2209 0.7697, -0.1916 -0.2362 0.7677, -0.1853 -0.1871 0.8136, -0.1853 -0.1921 0.8013, -0.1853 -0.2002 0.7908, -0.1853 -0.2108 0.7827, -0.1853 -0.223 0.7776, -0.1853 -0.2362 0.7759, -0.1772 -0.1931 0.8152, -0.1772 -0.1976 0.8044, -0.1772 -0.2047 0.7952, -0.1772 -0.2139 0.7881, -0.1772 -0.2247 0.7836, -0.1772 -0.2362 0.7821, -0.1677 -0.1969 0.8162, -0.1677 -0.201 0.8064, -0.1677 -0.2074 0.798, -0.1677 -0.2159 0.7915, -0.1677 -0.2257 0.7874, -0.1677 -0.2362 0.7861, 0.226 -0.7677 0.5919, 0.2257 -0.7779 0.5906, 0.2165 -0.7677 0.5958, 0.2159 -0.7779 0.5947, 0.2084 -0.7677 0.6021, 0.2074 -0.7779 0.6011, 0.2021 -0.7677 0.6102, 0.201 -0.7779 0.6096, 0.1982 -0.7677 0.6197, 0.1969 -0.7779 0.6194, 0.2247 -0.7874 0.5868, 0.2139 -0.7874 0.5913, 0.2047 -0.7874 0.5984, 0.1976 -0.7874 0.6076, 0.1931 -0.7874 0.6184, 0.223 -0.7956 0.5808, 0.2108 -0.7956 0.5858, 0.2002 -0.7956 0.5939, 0.1921 -0.7956 0.6045, 0.1871 -0.7956 0.6167, 0.2209 -0.8018 0.5729, 0.2067 -0.8018 0.5788, 0.1945 -0.8018 0.5882, 0.1851 -0.8018 0.6004, 0.1792 -0.8018 0.6146, 0.2185 -0.8057 0.5637, 0.2019 -0.8057 0.5706, 0.1877 -0.8057 0.5814, 0.1769 -0.8057 0.5956, 0.17 -0.8057 0.6122, 0.3543 1.1601 0.6197, 0.3721 1.1601 0.6174, 0.3543 1.1561 0.6102, 0.3696 1.1561 0.6082, 0.3543 1.1499 0.6021, 0.3675 1.1499 0.6003, 0.3543 1.1417 0.5958, 0.3659 1.1417 0.5943, 0.3543 1.1322 0.5919, 0.3649 1.1322 0.5905, 0.3886 1.1601 0.6105, 0.3839 1.1561 0.6023, 0.3798 1.1499 0.5953, 0.3767 1.1417 0.5898, 0.3747 1.1322 0.5864, 0.4028 1.1601 0.5997, 0.3961 1.1561 0.5929, 0.3903 1.1499 0.5872, 0.3859 1.1417 0.5827, 0.3831 1.1322 0.58, 0.4137 1.1601 0.5855, 0.4055 1.1561 0.5807, 0.3984 1.1499 0.5766, 0.393 1.1417 0.5735, 0.3896 1.1322 0.5715, 0.4205 1.1601 0.5689, 0.4114 1.1561 0.5665, 0.4035 1.1499 0.5644, 0.3975 1.1417 0.5627, 0.3937 1.1322 0.5617, -0.4331 1.1322 0.1982, -0.4331 1.1417 0.2021, -0.4331 1.1499 0.2084, -0.4331 1.1561 0.2165, -0.4331 1.1601 0.226, -0.4243 1.122 0.198, -0.4229 1.122 0.1982, -0.4161 1.122 0.201, -0.4134 1.122 0.2021, -0.4087 1.122 0.2057, -0.4052 1.122 0.2084, -0.4026 1.122 0.2119, -0.399 1.122 0.2165, -0.3979 1.122 0.2192, -0.395 1.122 0.226, -0.3949 1.122 0.2275, -0.3924 -0.7779 0.5512, -0.3884 -0.7874 0.5512, -0.3822 -0.7956 0.5512, -0.374 -0.8018 0.5512, -0.3645 -0.8057 0.5512, -0.1575 -0.7779 0.7861, -0.1575 -0.7874 0.7821, -0.1575 -0.7956 0.7759, -0.1575 -0.8018 0.7677, -0.1575 -0.8057 0.7582, -0.1677 -0.7677 0.7861, -0.1772 -0.7677 0.7821, -0.1853 -0.7677 0.7759, -0.1916 -0.7677 0.7677, -0.1955 -0.7677 0.7582, 0.1662 0.1959 0.8268, 0.1676 0.1954 0.8268, 0.1746 0.193 0.8268, 0.177 0.1914 0.8268, 0.182 0.1883 0.8268, 0.1851 0.1851 0.8268, 0.1883 0.182 0.8268, 0.1914 0.177 0.8268, 0.193 0.1746 0.8268, 0.1954 0.1676 0.8268, 0.1959 0.1662 0.8268, 0.1982 1.122 0.6197, 0.2021 1.122 0.6102, 0.2084 1.122 0.6021, 0.2165 1.122 0.5958, 0.226 1.122 0.5919, 0.2362 1.1601 0.6197, 0.2362 1.1561 0.6102, 0.2362 1.1499 0.6021, 0.2362 1.1417 0.5958, 0.2362 1.1322 0.5919, -0.4232 1.1247 0.1982, -0.395 1.1322 0.2362, -0.3963 1.1319 0.226, -0.4001 1.1309 0.2165, -0.4062 1.1293 0.2084, -0.4141 1.1271 0.2021, -0.4229 1.1601 0.2362, -0.4134 1.1561 0.2362, -0.4232 1.1588 0.226, -0.4141 1.155 0.226, -0.4242 1.155 0.2165, -0.416 1.1516 0.2165, -0.4259 1.1489 0.2084, -0.4192 1.1462 0.2084, -0.428 1.1411 0.2021, -0.4232 1.1391 0.2021, -0.4304 1.1319 0.1982, -0.428 1.1309 0.1982, -0.4052 1.1499 0.2362, -0.4062 1.1489 0.226, -0.409 1.1462 0.2165, -0.4134 1.1417 0.2084, -0.4192 1.136 0.2021, -0.4259 1.1293 0.1982, -0.399 1.1417 0.2362, -0.4001 1.1411 0.226, -0.4035 1.1391 0.2165, -0.409 1.136 0.2084, -0.416 1.1319 0.2021, -0.4242 1.1271 0.1982, -0.3642 -0.8044 0.5614, -0.3543 -0.8057 0.5614, -0.3632 -0.8007 0.5709, -0.3543 -0.8018 0.5709, -0.3683 -0.7918 0.579, -0.3714 -0.7972 0.5709, -0.3733 -0.8007 0.5614, -0.3615 -0.7946 0.579, -0.3543 -0.7956 0.579, -0.3683 -0.7816 0.5853, -0.374 -0.7874 0.579, -0.3784 -0.7918 0.5709, -0.3812 -0.7946 0.5614, -0.3594 -0.7867 0.5853, -0.3543 -0.7874 0.5853, -0.3632 -0.7728 0.5892, -0.3714 -0.7776 0.5853, -0.3784 -0.7816 0.579, -0.3839 -0.7848 0.5709, -0.3873 -0.7867 0.5614, -0.3543 -0.7779 0.5892, -0.357 -0.7776 0.5892, -0.3594 -0.7765 0.5892, -0.3642 -0.7848 0.5853, -0.3615 -0.7749 0.5892, -0.3642 -0.7704 0.5892, -0.3733 -0.7728 0.5853, -0.3812 -0.7749 0.579, -0.3873 -0.7765 0.5709, -0.3911 -0.7776 0.5614, -0.3645 -0.7677 0.5892, -0.374 -0.7677 0.5853, -0.3822 -0.7677 0.579, -0.3884 -0.7677 0.5709, -0.3924 -0.7677 0.5614, -0.1677 -0.8057 0.748, -0.1673 -0.8044 0.7582, -0.1663 -0.8007 0.7677, -0.1714 -0.7918 0.7759, -0.1745 -0.7972 0.7677, -0.1765 -0.8007 0.7582, -0.1772 -0.8018 0.748, -0.1647 -0.7946 0.7759, -0.1714 -0.7816 0.7821, -0.1772 -0.7874 0.7759, -0.1816 -0.7918 0.7677, -0.1844 -0.7946 0.7582, -0.1853 -0.7956 0.748, -0.1626 -0.7867 0.7821, -0.1663 -0.7728 0.7861, -0.1745 -0.7776 0.7821, -0.1816 -0.7816 0.7759, -0.187 -0.7848 0.7677, -0.1904 -0.7867 0.7582, -0.1916 -0.7874 0.748, -0.1601 -0.7776 0.7861, -0.1626 -0.7765 0.7861, -0.1673 -0.7848 0.7821, -0.1647 -0.7749 0.7861, -0.1673 -0.7704 0.7861, -0.1765 -0.7728 0.7821, -0.1844 -0.7749 0.7759, -0.1904 -0.7765 0.7677, -0.1942 -0.7776 0.7582, -0.1955 -0.7779 0.748, 0.1662 0.1972 0.8163, 0.1746 0.1944 0.8156, 0.182 0.1899 0.8144, 0.1883 0.1839 0.8127, 0.193 0.1767 0.8108, 0.1959 0.1686 0.8087, 0.1959 0.1756 0.7918, 0.1959 0.1867 0.7773, 0.1959 0.2012 0.7662, 0.1959 0.2181 0.7592, 0.1959 0.2362 0.7568, 0.193 0.1828 0.7959, 0.193 0.1926 0.7832, 0.193 0.2054 0.7734, 0.193 0.2203 0.7672, 0.193 0.2362 0.7651, 0.1883 0.1893 0.7997, 0.1883 0.1979 0.7885, 0.1883 0.2091 0.7798, 0.1883 0.2222 0.7744, 0.1883 0.2362 0.7726, 0.182 0.1947 0.8028, 0.182 0.2023 0.7929, 0.182 0.2122 0.7852, 0.182 0.2238 0.7804, 0.182 0.2362 0.7788, 0.1746 0.1987 0.8051, 0.1746 0.2056 0.7962, 0.1746 0.2146 0.7893, 0.1746 0.225 0.785, 0.1746 0.2362 0.7835, 0.1662 0.2013 0.8066, 0.1662 0.2077 0.7982, 0.1662 0.216 0.7918, 0.1662 0.2258 0.7878, 0.1662 0.2362 0.7864, 0.1575 0.1982 0.8166, 0.1575 0.2021 0.8071, 0.1575 0.2084 0.7989, 0.1575 0.2165 0.7927, 0.1575 0.226 0.7887, 0.1982 1.1322 0.6299, 0.2021 1.1417 0.6299, 0.1995 1.1319 0.6197, 0.2033 1.1411 0.6197, 0.2033 1.1309 0.6102, 0.2067 1.1391 0.6102, 0.2093 1.1293 0.6021, 0.2121 1.136 0.6021, 0.2172 1.1271 0.5958, 0.2192 1.1319 0.5958, 0.2264 1.1247 0.5919, 0.2274 1.1271 0.5919, 0.2084 1.1499 0.6299, 0.2093 1.1489 0.6197, 0.2121 1.1462 0.6102, 0.2165 1.1417 0.6021, 0.2223 1.136 0.5958, 0.229 1.1293 0.5919, 0.2165 1.1561 0.6299, 0.226 1.1601 0.6299, 0.2172 1.155 0.6197, 0.2264 1.1588 0.6197, 0.2192 1.1516 0.6102, 0.2274 1.155 0.6102, 0.2223 1.1462 0.6021, 0.229 1.1489 0.6021, 0.2264 1.1391 0.5958, 0.2311 1.1411 0.5958, 0.2311 1.1309 0.5919, 0.2336 1.1319 0.5919, -0.4229 1.1601 0.5512, -0.4134 1.1561 0.5512, -0.4052 1.1499 0.5512, -0.399 1.1417 0.5512, -0.395 1.1322 0.5512, -0.3645 1.122 0.5892, -0.374 1.122 0.5853, -0.3822 1.122 0.579, -0.3884 1.122 0.5709, -0.3924 1.122 0.5614, -0.2362 -0.7779 0.5892, -0.2362 -0.7874 0.5853, -0.2362 -0.7956 0.579, -0.2362 -0.8018 0.5709, -0.2362 -0.8057 0.5614, -0.1955 -0.7779 0.6299, -0.1916 -0.7874 0.6299, -0.1853 -0.7956 0.6299, -0.1772 -0.8018 0.6299, -0.1677 -0.8057 0.6299, -0.1955 0.1677 0.8268, -0.1916 0.1772 0.8268, -0.1853 0.1853 0.8268, -0.1772 0.1916 0.8268, -0.1677 0.1955 0.8268, -0.1575 0.1982 0.8166, -0.1575 0.2021 0.8071, -0.1575 0.2084 0.7989, -0.1575 0.2165 0.7927, -0.1575 0.226 0.7887, 0.1957 1.122 0.7568, 0.1955 1.122 0.7582, 0.1927 1.122 0.765, 0.1916 1.122 0.7677, 0.188 1.122 0.7724, 0.1745 1.122 0.7832, 0.1772 1.122 0.7821, 0.1818 1.122 0.7786, 0.1853 1.122 0.7759, 0.1662 1.122 0.7863, 0.1677 1.122 0.7861, 0.226 1.1601 0.748, 0.2165 1.1561 0.748, 0.2084 1.1499 0.748, 0.2021 1.1417 0.748, 0.1982 1.1322 0.748, -0.4205 1.1601 0.5689, -0.4114 1.1561 0.5665, -0.4035 1.1499 0.5644, -0.3975 1.1417 0.5627, -0.3937 1.1322 0.5617, -0.4137 1.1601 0.5855, -0.4055 1.1561 0.5807, -0.3984 1.1499 0.5766, -0.393 1.1417 0.5735, -0.3896 1.1322 0.5715, -0.4028 1.1601 0.5997, -0.3961 1.1561 0.5929, -0.3903 1.1499 0.5872, -0.3859 1.1417 0.5827, -0.3831 1.1322 0.58, -0.3886 1.1601 0.6105, -0.3839 1.1561 0.6023, -0.3798 1.1499 0.5953, -0.3767 1.1417 0.5898, -0.3747 1.1322 0.5864, -0.3721 1.1601 0.6174, -0.3696 1.1561 0.6082, -0.3675 1.1499 0.6003, -0.3659 1.1417 0.5943, -0.3649 1.1322 0.5905, -0.3543 1.1601 0.6197, -0.3543 1.1561 0.6102, -0.3543 1.1499 0.6021, -0.3543 1.1417 0.5958, -0.3543 1.1322 0.5919, -0.1982 -0.7677 0.6197, -0.1969 -0.7779 0.6194, -0.2021 -0.7677 0.6102, -0.201 -0.7779 0.6096, -0.2084 -0.7677 0.6021, -0.2074 -0.7779 0.6011, -0.2165 -0.7677 0.5958, -0.2159 -0.7779 0.5947, -0.226 -0.7677 0.5919, -0.2257 -0.7779 0.5906, -0.1931 -0.7874 0.6184, -0.1976 -0.7874 0.6076, -0.2047 -0.7874 0.5984, -0.2139 -0.7874 0.5913, -0.2247 -0.7874 0.5868, -0.1871 -0.7956 0.6167, -0.1921 -0.7956 0.6045, -0.2002 -0.7956 0.5939, -0.2108 -0.7956 0.5858, -0.223 -0.7956 0.5808, -0.1792 -0.8018 0.6146, -0.1851 -0.8018 0.6004, -0.1945 -0.8018 0.5882, -0.2067 -0.8018 0.5788, -0.2209 -0.8018 0.5729, -0.17 -0.8057 0.6122, -0.1769 -0.8057 0.5956, -0.1877 -0.8057 0.5814, -0.2019 -0.8057 0.5706, -0.2185 -0.8057 0.5637, -0.1955 0.2362 0.7582, -0.1955 0.2185 0.7606, -0.1955 0.2019 0.7674, -0.1955 0.1877 0.7783, -0.1955 0.1769 0.7925, -0.1955 0.17 0.809, -0.1916 0.2362 0.7677, -0.1916 0.2209 0.7697, -0.1916 0.2067 0.7756, -0.1916 0.1945 0.785, -0.1916 0.1851 0.7972, -0.1916 0.1792 0.8115, -0.1853 0.2362 0.7759, -0.1853 0.223 0.7776, -0.1853 0.2108 0.7827, -0.1853 0.2002 0.7908, -0.1853 0.1921 0.8013, -0.1853 0.1871 0.8136, -0.1772 0.2362 0.7821, -0.1772 0.2247 0.7836, -0.1772 0.2139 0.7881, -0.1772 0.2047 0.7952, -0.1772 0.1976 0.8044, -0.1772 0.1931 0.8152, -0.1677 0.2362 0.7861, -0.1677 0.2257 0.7874, -0.1677 0.2159 0.7915, -0.1677 0.2074 0.798, -0.1677 0.201 0.8064, -0.1677 0.1969 0.8162, 0.1968 1.1322 0.7586, 0.1927 1.1322 0.7684, 0.1863 1.1322 0.7768, 0.1778 1.1322 0.7833, 0.168 1.1322 0.7874, 0.1575 1.1322 0.7887, 0.169 1.1417 0.7912, 0.1575 1.1417 0.7927, 0.1707 1.1499 0.7972, 0.1575 1.1499 0.7989, 0.1728 1.1561 0.8051, 0.1575 1.1561 0.8071, 0.1752 1.1601 0.8142, 0.1575 1.1601 0.8166, 0.1798 1.1417 0.7867, 0.1829 1.1499 0.7921, 0.187 1.1561 0.7992, 0.1918 1.1601 0.8074, 0.189 1.1417 0.7796, 0.1935 1.1499 0.784, 0.1992 1.1561 0.7898, 0.206 1.1601 0.7965, 0.1961 1.1417 0.7704, 0.2016 1.1499 0.7735, 0.2086 1.1561 0.7776, 0.2168 1.1601 0.7823, 0.2006 1.1417 0.7596, 0.2066 1.1499 0.7612, 0.2145 1.1561 0.7633, 0.2237 1.1601 0.7658, -0.2362 1.1601 0.6197, -0.2362 1.1561 0.6102, -0.2362 1.1499 0.6021, -0.2362 1.1417 0.5958, -0.2362 1.1322 0.5919, -0.226 1.122 0.5919, -0.2165 1.122 0.5958, -0.2084 1.122 0.6021, -0.2021 1.122 0.6102, -0.1982 1.122 0.6197, -0.1677 1.122 0.7861, -0.1772 1.122 0.7821, -0.1853 1.122 0.7759, -0.1916 1.122 0.7677, -0.1955 1.122 0.7582, -0.1575 1.1604 0.818, -0.1575 1.1599 0.8166, -0.1575 1.1575 0.8097, -0.1575 1.156 0.8072, -0.1575 1.1528 0.8022, -0.1575 1.1497 0.7991, -0.1575 1.1466 0.796, -0.1575 1.1416 0.7929, -0.1575 1.1391 0.7913, -0.1575 1.1322 0.7889, -0.1575 1.1308 0.7884, -0.226 1.1601 0.6299, -0.2165 1.1561 0.6299, -0.2264 1.1588 0.6197, -0.2172 1.155 0.6197, -0.2274 1.155 0.6102, -0.2192 1.1516 0.6102, -0.229 1.1489 0.6021, -0.2223 1.1462 0.6021, -0.2311 1.1411 0.5958, -0.2264 1.1391 0.5958, -0.2336 1.1319 0.5919, -0.2311 1.1309 0.5919, -0.2084 1.1499 0.6299, -0.2093 1.1489 0.6197, -0.2121 1.1462 0.6102, -0.2165 1.1417 0.6021, -0.2223 1.136 0.5958, -0.229 1.1293 0.5919, -0.2021 1.1417 0.6299, -0.1982 1.1322 0.6299, -0.2033 1.1411 0.6197, -0.1995 1.1319 0.6197, -0.2067 1.1391 0.6102, -0.2033 1.1309 0.6102, -0.2121 1.136 0.6021, -0.2093 1.1293 0.6021, -0.2192 1.1319 0.5958, -0.2172 1.1271 0.5958, -0.2274 1.1271 0.5919, -0.2264 1.1247 0.5919, -0.1756 1.1604 0.8156, -0.2275 1.1604 0.748, -0.2251 1.1604 0.7661, -0.2261 1.1599 0.748, -0.217 1.1575 0.764, -0.1734 1.1575 0.8076, -0.2098 1.1528 0.7621, -0.2167 1.156 0.748, -0.2191 1.1575 0.748, -0.1715 1.1528 0.8004, -0.2038 1.1466 0.7604, -0.2086 1.1497 0.748, -0.2117 1.1528 0.748, -0.1699 1.1466 0.7944, -0.1983 1.1322 0.748, -0.2007 1.1391 0.748, -0.1993 1.1391 0.7592, -0.2023 1.1416 0.748, -0.2054 1.1466 0.748, -0.2181 1.1604 0.783, -0.2109 1.1575 0.7789, -0.2044 1.1528 0.7751, -0.199 1.1466 0.772, -0.195 1.1391 0.7697, -0.207 1.1604 0.7975, -0.2011 1.1575 0.7916, -0.1958 1.1528 0.7864, -0.1914 1.1466 0.7819, -0.1881 1.1391 0.7786, -0.1925 1.1604 0.8086, -0.1883 1.1575 0.8014, -0.1846 1.1528 0.795, -0.1815 1.1466 0.7896, -0.1791 1.1391 0.7855, -0.1687 1.1391 0.7898, -0.1978 1.1308 0.748, -0.1965 1.1308 0.7585, -0.1924 1.1308 0.7682, -0.186 1.1308 0.7766, -0.1777 1.1308 0.783, -0.1679 1.1308 0.787, -0.7935 0.1982 1.0134, -0.7935 0.2021 1.0039, -0.7935 0.2084 0.9958, -0.7935 0.2165 0.9895, -0.7935 0.226 0.9856, -0.6184 0.3068 1.0134, -0.6418 0.2704 1.0134, -0.6727 0.24 1.0134, -0.7095 0.2172 1.0134, -0.7505 0.203 1.0134, -0.7513 0.2068 1.0039, -0.7527 0.2129 0.9958, -0.7545 0.2209 0.9895, -0.7566 0.2301 0.9856, -0.7112 0.2207 1.0039, -0.7139 0.2264 0.9958, -0.7174 0.2337 0.9895, -0.7215 0.2423 0.9856, -0.6751 0.2431 1.0039, -0.679 0.248 0.9958, -0.684 0.2544 0.9895, -0.6899 0.2619 0.9856, -0.6449 0.2729 1.0039, -0.6497 0.2768 0.9958, -0.6561 0.2819 0.9895, -0.6634 0.2879 0.9856, -0.6219 0.3086 1.0039, -0.6275 0.3113 0.9958, -0.6348 0.315 0.9895, -0.6433 0.3192 0.9856, -0.5978 0.398 0.9856, -0.5426 0.4704 0.9856, -0.4788 0.5353 0.9856, -0.5355 0.4642 0.9895, -0.4724 0.5282 0.9895, -0.5293 0.4589 0.9958, -0.467 0.5221 0.9958, -0.5246 0.4548 1.0039, -0.4628 0.5175 1.0039, -0.5216 0.4522 1.0134, -0.4602 0.5145 1.0134, -0.5746 0.3826 1.0134, -0.5899 0.3927 0.9895, -0.5831 0.3882 0.9958, -0.5779 0.3847 1.0039, -0.5355 1.0813 1.0134, -0.5355 1.0774 1.0039, -0.5355 1.0711 0.9958, -0.5355 1.063 0.9895, -0.5355 1.0535 0.9856, -0.5177 1.0869 4.685, -0.5177 1.0869 1.0236, -0.5263 1.0838 4.685, -0.5263 1.0838 1.0236, -0.5355 1.084 4.6952, -0.5355 1.088 4.7047, -0.5355 1.0942 4.7129, -0.5355 1.1024 4.7191, -0.5355 1.1119 4.7231, -0.4157 0.582 1.0039, -0.4032 0.6203 1.0039, -0.4093 0.6216 0.9958, -0.3949 0.6603 1.0149, -0.395 0.6603 1.0134, -0.3993 0.6194 1.0134, -0.4121 0.5804 1.0134, -0.4327 0.5449 1.0134, -0.4358 0.5473 1.0039, -0.3979 0.6603 1.0066, -0.4409 0.551 0.9958, -0.4475 0.5558 0.9895, -0.4214 0.5846 0.9958, -0.4288 0.5879 0.9895, -0.4173 0.6233 0.9895, -0.4266 0.6253 0.9856, -0.399 0.6603 1.0039, -0.4026 0.6603 0.9993, -0.4052 0.6603 0.9958, -0.4087 0.6603 0.9931, -0.4551 0.5614 0.9856, -0.4375 0.5918 0.9856, -0.4134 0.6603 0.9895, -0.4161 0.6603 0.9884, -0.4229 0.6603 0.9856, -0.4243 0.6603 0.9854, -0.4911 1.0698 0.9856, -0.5045 1.0609 0.9856, -0.5195 1.0554 0.9856, -0.5217 1.0646 0.9895, -0.5236 1.0725 0.9958, -0.5251 1.0786 1.0039, -0.526 1.0825 1.0134, -0.5088 1.0694 0.9895, -0.5125 1.0767 0.9958, -0.5153 1.0822 1.0039, -0.5171 1.0857 1.0134, -0.4972 1.0771 0.9895, -0.5025 1.0833 0.9958, -0.5066 1.088 1.0039, -0.5091 1.091 1.0134, -0.5183 1.0881 4.6952, -0.5109 1.0931 4.6952, -0.5201 1.0916 4.7047, -0.5134 1.0961 4.7047, -0.5229 1.0972 4.7129, -0.5175 1.1008 4.7129, -0.5266 1.1045 4.7191, -0.5227 1.107 4.7191, -0.5309 1.113 4.7231, -0.5331 1.1121 4.7231, -0.5309 1.1029 4.7191, -0.529 1.095 4.7129, -0.5276 1.0889 4.7047, -0.5266 1.0851 4.6952, -0.5289 1.1143 4.7231, -0.4038 1.1282 0.9975, -0.4023 1.1266 0.9991, -0.3984 1.1204 1.0053, -0.3976 1.1191 1.0065, -0.3949 1.1115 1.0142, -0.3947 1.1108 1.0149, -0.4327 1.1028 0.9843, -0.4244 1.1184 0.9859, -0.4186 1.1294 0.987, -0.423 1.1211 0.9861, -0.4085 1.1328 0.9928, -0.411 1.1344 0.9912, -0.4146 1.1368 0.9889, -0.416 1.1342 0.9882, -0.4554 1.1345 1.0231, -0.4473 1.1383 1.0144, -0.4362 1.1411 1.004, -0.4378 1.1411 1.0053, -0.4382 1.141 1.0056, -0.4442 1.1398 1.0111, -0.4464 1.1388 1.0135, -0.4287 1.141 0.998, -0.4274 1.141 0.9969, -0.4159 1.1373 0.9896, -0.4195 1.1387 0.9918, -0.4233 1.1402 0.9941, -0.4258 1.1407 0.9958, -0.3476 1.2001 4.6952, -0.0664 1.2781 4.6952, 0.2239 1.2484 4.6952, 0.3158 1.2149 4.6952, 0.5179 1.0873 4.6943, 0.5186 1.0869 4.6952, 0.4836 1.1152 4.6952, 0.5007 1.1372 4.7231, 0.4949 1.1297 4.7191, 0.4899 1.1233 4.7129, 0.5241 1.0844 4.7011, 0.5264 1.084 4.7031, 0.486 1.1183 4.7047, 0.528 1.0838 4.7045, 0.5208 1.0855 4.6978, 0.5104 1.0917 4.6856, 0.417 1.1942 4.7231, 0.3269 1.2404 4.7231, 0.4122 1.186 4.7191, 0.3231 1.2317 4.7191, 0.408 1.179 4.7129, 0.3199 1.2242 4.7129, 0.4048 1.1736 4.7047, 0.3174 1.2185 4.7047, 0.4028 1.1703 4.6952, 0.0325 1.3081 4.7231, -0.0687 1.3058 4.7231, 0.0321 1.2986 4.7191, -0.0679 1.2963 4.7191, 0.0318 1.2904 4.7129, -0.0673 1.2882 4.7129, 0.0315 1.2842 4.7047, -0.0667 1.282 4.7047, 0.0314 1.2802 4.6952, -0.2665 1.264 4.7231, -0.3599 1.2251 4.7231, -0.2634 1.255 4.7191, -0.3557 1.2166 4.7191, -0.2607 1.2473 4.7129, -0.3521 1.2093 4.7129, -0.2587 1.2414 4.7047, -0.3494 1.2037 4.7047, -0.2574 1.2377 4.6952, 0.2318 1.2751 4.7231, 0.2291 1.266 4.7191, 0.2268 1.2582 4.7129, 0.225 1.2522 4.7047, 0.1286 1.2703 4.6952, 0.1293 1.2742 4.7047, 0.1303 1.2804 4.7129, 0.1316 1.2884 4.7191, 0.1332 1.2978 4.7231, -0.1631 1.2638 4.6952, -0.164 1.2677 4.7047, -0.1652 1.2738 4.7129, -0.1669 1.2818 4.7191, -0.1689 1.291 4.7231, -0.4326 1.1517 4.6952, -0.4347 1.155 4.7047, -0.4382 1.1602 4.7129, -0.4426 1.167 4.7191, -0.4478 1.1749 4.7231, -0.4554 1.1345 1.2199, -0.4463 1.1386 1.2104, -0.4472 1.1382 1.2113, -0.4091 1.1333 1.1831, -0.411 1.1344 1.184, -0.4026 1.127 1.1813, -0.4038 1.1282 1.1816, -0.4072 1.1317 1.1825, -0.4073 1.1318 1.1825, -0.4155 1.1373 1.1862, -0.4159 1.1374 1.1864, -0.4258 1.1406 1.1928, -0.4194 1.1389 1.1885, -0.4188 1.1387 1.1881, -0.4275 1.141 1.1939, -0.4287 1.1411 1.1948, -0.4319 1.1414 1.1973, -0.4362 1.1409 1.201, -0.4382 1.1407 1.2027, -0.443 1.1401 1.2068, 0.5177 1.0869 1.0236, 0.5263 1.0838 1.0236, 0.5355 1.0817 1.0149, 0.5355 1.0812 1.0135, 0.5355 1.0788 1.0065, 0.5355 1.0772 1.0041, 0.5355 1.0741 0.9991, 0.5355 1.071 0.996, 0.5355 1.0679 0.9928, 0.5355 1.0629 0.9897, 0.5355 1.0604 0.9882, 0.5355 1.0535 0.9857, 0.5355 1.0521 0.9852, 0.4554 1.1345 1.2199, -0.368 1.1659 1.1864, -0.3634 1.1576 1.1824, -0.3719 1.1731 1.1926, -0.3749 1.1786 1.2008, -0.3768 1.182 1.2103, 0.4472 1.1382 1.2113, 0.3768 1.182 1.2103, 0.4463 1.1386 1.2104, 0.4362 1.1409 1.201, 0.4382 1.1407 1.2027, 0.443 1.1401 1.2068, 0.4258 1.1406 1.1928, 0.4275 1.141 1.1939, 0.3749 1.1786 1.2008, 0.4287 1.1411 1.1948, 0.4319 1.1414 1.1973, 0.4155 1.1373 1.1862, 0.4188 1.1387 1.1881, 0.3719 1.1731 1.1926, 0.4194 1.1389 1.1885, 0.4072 1.1317 1.1825, 0.4073 1.1318 1.1825, 0.368 1.1659 1.1864, 0.4091 1.1333 1.1831, 0.411 1.1344 1.184, 0.4026 1.127 1.1813, 0.3634 1.1576 1.1824, 0.4038 1.1282 1.1816, 0.2878 1.2236 1.2103, 0.1944 1.2538 1.2103, 0.098 1.2721 1.2103, 0.0 1.2782 1.2103, -0.098 1.2721 1.2103, -0.1944 1.2538 1.2103, -0.2878 1.2236 1.2103, -0.2864 1.2199 1.2008, -0.1935 1.25 1.2008, -0.0975 1.2682 1.2008, 0.0 1.2743 1.2008, 0.0975 1.2682 1.2008, 0.1935 1.25 1.2008, 0.2864 1.2199 1.2008, -0.2841 1.2141 1.1926, -0.1919 1.2439 1.1926, -0.0967 1.2619 1.1926, 0.0 1.268 1.1926, 0.0967 1.2619 1.1926, 0.1919 1.2439 1.1926, 0.2841 1.2141 1.1926, -0.2811 1.2065 1.1864, -0.1899 1.236 1.1864, -0.0957 1.2539 1.1864, 0.0 1.2598 1.1864, 0.0957 1.2539 1.1864, 0.1899 1.236 1.1864, 0.2811 1.2065 1.1864, -0.2777 1.1977 1.1824, -0.1875 1.2268 1.1824, -0.0945 1.2444 1.1824, 0.0 1.2503 1.1824, 0.0945 1.2444 1.1824, 0.1875 1.2268 1.1824, 0.2777 1.1977 1.1824, 0.5261 1.0828 1.0149, 0.509 1.0909 1.0135, 0.5075 1.0891 1.0065, 0.5159 1.0835 1.0065, 0.5254 1.08 1.0065, 0.5065 1.0879 1.0041, 0.5044 1.0855 0.9991, 0.5138 1.0793 0.9991, 0.5076 1.0671 0.9882, 0.5211 1.0621 0.9882, 0.5229 1.0693 0.9928, 0.4972 1.077 0.9897, 0.4956 1.0751 0.9882, 0.4911 1.0698 0.9857, 0.4902 1.0687 0.9852, 0.5038 1.0596 0.9852, 0.5192 1.054 0.9852, 0.5024 1.0831 0.996, 0.5004 1.0808 0.9928, 0.511 1.0737 0.9928, 0.5243 1.0754 0.9991, 0.5172 1.0861 1.0149, 0.5094 1.0913 1.0149, 0.4146 1.1368 0.9889, 0.4155 1.1373 0.9893, 0.4194 1.1389 0.9916, 0.4188 1.1387 0.9912, 0.4159 1.1374 0.9895, 0.4109 1.1346 0.9911, 0.4134 1.1361 0.9896, 0.4037 1.1283 0.9974, 0.4054 1.1297 0.9959, 0.3949 1.1115 1.0141, 0.3951 1.1122 1.0135, 0.3983 1.1204 1.0052, 0.3991 1.1216 1.004, 0.4287 1.1411 0.9979, 0.4275 1.141 0.997, 0.4258 1.1406 0.9959, 0.4382 1.1407 1.0058, 0.4362 1.1409 1.0041, 0.4319 1.1414 1.0004, 0.443 1.1401 1.01, 0.4463 1.1386 1.0135, 0.4472 1.1382 1.0145, 0.4554 1.1345 1.0231, 0.4186 1.1294 0.987, 0.423 1.1211 0.9861, 0.4327 1.1028 0.9843, 0.423 1.1211 0.9861, 0.4134 0.6603 0.9895, 0.4229 0.6603 0.9856, 0.395 0.6603 1.0134, 0.399 0.6603 1.0039, 0.4052 0.6603 0.9958, 0.4157 0.582 1.0039, 0.4358 0.5473 1.0039, 0.4409 0.551 0.9958, 0.4601 0.5144 1.0149, 0.4602 0.5145 1.0134, 0.4327 0.5449 1.0134, 0.4121 0.5804 1.0134, 0.3993 0.6194 1.0134, 0.4032 0.6203 1.0039, 0.4621 0.5166 1.0066, 0.4093 0.6216 0.9958, 0.4173 0.6233 0.9895, 0.4214 0.5846 0.9958, 0.4288 0.5879 0.9895, 0.4475 0.5558 0.9895, 0.4551 0.5614 0.9856, 0.4628 0.5175 1.0039, 0.4652 0.5201 0.9993, 0.467 0.5221 0.9958, 0.4693 0.5247 0.9931, 0.4266 0.6253 0.9856, 0.4375 0.5918 0.9856, 0.4724 0.5282 0.9895, 0.4742 0.5302 0.9884, 0.4788 0.5353 0.9856, 0.4797 0.5364 0.9854, 0.5213 0.452 1.0149, 0.5437 0.4714 0.9852, 0.599 0.3988 0.9852, 0.6446 0.3198 0.9852, 0.6434 0.3192 0.9857, 0.592 0.3942 0.9882, 0.6372 0.3161 0.9882, 0.5374 0.4659 0.9882, 0.6349 0.315 0.9897, 0.5858 0.39 0.9928, 0.6305 0.3128 0.9928, 0.5318 0.461 0.9928, 0.6277 0.3114 0.996, 0.5806 0.3866 0.9991, 0.6249 0.31 0.9991, 0.5271 0.4569 0.9991, 0.6221 0.3086 1.0041, 0.5767 0.384 1.0065, 0.6207 0.3079 1.0065, 0.6185 0.3069 1.0135, 0.5743 0.3824 1.0149, 0.6181 0.3067 1.0149, 0.5235 0.4539 1.0065, 0.7935 0.1982 1.0134, 0.7505 0.203 1.0134, 0.7095 0.2172 1.0134, 0.6727 0.24 1.0134, 0.6418 0.2704 1.0134, 0.6449 0.2729 1.0039, 0.6497 0.2768 0.9958, 0.6561 0.2819 0.9895, 0.6634 0.2879 0.9856, 0.6751 0.2431 1.0039, 0.679 0.248 0.9958, 0.684 0.2544 0.9895, 0.6899 0.2619 0.9856, 0.7112 0.2207 1.0039, 0.7139 0.2264 0.9958, 0.7174 0.2337 0.9895, 0.7215 0.2423 0.9856, 0.7513 0.2068 1.0039, 0.7527 0.2129 0.9958, 0.7545 0.2209 0.9895, 0.7566 0.2301 0.9856, 0.7935 0.2021 1.0039, 0.7935 0.2084 0.9958, 0.7935 0.2165 0.9895, 0.7935 0.226 0.9856, -0.7638 -0.1987 0.9854, -0.7634 -0.1973 0.9856, -0.7615 -0.1908 0.9884, -0.7608 -0.1882 0.9895, -0.7595 -0.1837 0.9931, -0.7585 -0.1804 0.9958, -0.7578 -0.1778 0.9993, -0.7568 -0.1744 1.0039, -0.7565 -0.1733 1.0066, -0.7557 -0.1706 1.0134, -0.7556 -0.1704 1.0149, -0.684 -0.2141 1.0039, -0.7182 -0.1903 1.0039, -0.7212 -0.1958 0.9958, -0.7163 -0.1868 1.0134, -0.6815 -0.2112 1.0134, -0.6526 -0.2425 1.0134, -0.6558 -0.2448 1.0039, -0.6349 -0.2809 1.0039, -0.6313 -0.2793 1.0134, -0.6609 -0.2485 0.9958, -0.6406 -0.2834 0.9958, -0.6674 -0.2534 0.9895, -0.6481 -0.2867 0.9895, -0.6882 -0.2188 0.9958, -0.6935 -0.225 0.9895, -0.7251 -0.2029 0.9895, -0.7297 -0.2112 0.9856, -0.6568 -0.2906 0.9856, -0.6751 -0.259 0.9856, -0.6998 -0.2321 0.9856, -0.4788 -0.5353 0.9856, -0.5495 -0.4624 0.9856, -0.6092 -0.3803 0.9856, -0.6012 -0.3753 0.9895, -0.5942 -0.3709 0.9958, -0.5889 -0.3676 1.0039, -0.5856 -0.3655 1.0134, -0.5422 -0.4563 0.9895, -0.536 -0.451 0.9958, -0.5312 -0.447 1.0039, -0.5282 -0.4445 1.0134, -0.4724 -0.5282 0.9895, -0.467 -0.5221 0.9958, -0.4628 -0.5175 1.0039, -0.4602 -0.5145 1.0134, -0.4327 -0.5449 1.0134, -0.4121 -0.5804 1.0134, -0.3949 -0.6603 1.0149, -0.3993 -0.6194 1.0134, -0.395 -0.6603 1.0134, -0.3979 -0.6603 1.0066, -0.4032 -0.6203 1.0039, -0.399 -0.6603 1.0039, -0.4026 -0.6603 0.9993, -0.4093 -0.6216 0.9958, -0.4052 -0.6603 0.9958, -0.4087 -0.6603 0.9931, -0.4173 -0.6233 0.9895, -0.4134 -0.6603 0.9895, -0.4161 -0.6603 0.9884, -0.4266 -0.6253 0.9856, -0.4229 -0.6603 0.9856, -0.4243 -0.6603 0.9854, -0.4157 -0.582 1.0039, -0.4214 -0.5846 0.9958, -0.4288 -0.5879 0.9895, -0.4375 -0.5918 0.9856, -0.4358 -0.5473 1.0039, -0.4409 -0.551 0.9958, -0.4475 -0.5558 0.9895, -0.4551 -0.5614 0.9856, -0.4331 -1.2489 0.9854, -0.4331 -1.2503 0.9856, -0.4331 -1.2571 0.9884, -0.4331 -1.2598 0.9895, -0.4331 -1.2645 0.9931, -0.4331 -1.268 0.9958, -0.4331 -1.2707 0.9993, -0.4331 -1.2743 1.0039, -0.4331 -1.2754 1.0066, -0.4331 -1.2784 1.0149, -0.4331 -1.2782 1.0134, -0.3949 -1.2402 1.0149, -0.395 -1.2402 1.0134, -0.3979 -1.2402 1.0066, -0.399 -1.2402 1.0039, -0.4026 -1.2402 0.9993, -0.4052 -1.2402 0.9958, -0.4087 -1.2402 0.9931, -0.4134 -1.2402 0.9895, -0.4161 -1.2402 0.9884, -0.4229 -1.2402 0.9856, -0.4243 -1.2402 0.9854, -0.4232 -1.2428 0.9856, -0.4304 -1.25 0.9856, -0.4141 -1.2453 0.9895, -0.428 -1.2592 0.9895, -0.4062 -1.2474 0.9958, -0.4001 -1.249 1.0039, -0.4259 -1.267 0.9958, -0.4242 -1.2731 1.0039, -0.3963 -1.25 1.0134, -0.4232 -1.2769 1.0134, -0.395 -1.2503 1.0236, -0.3949 -1.2489 1.0236, -0.4001 -1.2592 1.0134, -0.399 -1.2598 1.0236, -0.3979 -1.2571 1.0236, -0.4242 -1.2453 0.9856, -0.416 -1.25 0.9895, -0.409 -1.2541 0.9958, -0.4035 -1.2572 1.0039, -0.4062 -1.267 1.0134, -0.4052 -1.268 1.0236, -0.4026 -1.2645 1.0236, -0.4259 -1.2474 0.9856, -0.4192 -1.2541 0.9895, -0.4134 -1.2598 0.9958, -0.409 -1.2643 1.0039, -0.4141 -1.2731 1.0134, -0.4134 -1.2743 1.0236, -0.4087 -1.2707 1.0236, -0.428 -1.249 0.9856, -0.4232 -1.2572 0.9895, -0.4192 -1.2643 0.9958, -0.416 -1.2697 1.0039, -0.4243 -1.2784 1.0236, -0.4229 -1.2782 1.0236, -0.4161 -1.2754 1.0236, -0.3939 -1.2446 1.1813, -0.3948 -1.2489 1.1822, -0.395 -1.2503 1.1824, -0.3976 -1.2572 1.185, -0.3992 -1.2597 1.1866, -0.4023 -1.2647 1.1897, -0.4054 -1.2678 1.1928, -0.4085 -1.2709 1.1959, -0.4135 -1.2741 1.2009, -0.416 -1.2756 1.2034, -0.4229 -1.2781 1.2103, -0.4243 -1.2785 1.2117, 0.394 -1.2453 1.1814, 0.395 -1.2503 1.1824, 0.3967 -1.2552 1.1841, 0.399 -1.2598 1.1864, 0.4018 -1.2641 1.1892, 0.4052 -1.268 1.1926, 0.4134 -1.2743 1.2008, 0.4229 -1.2782 1.2103, 0.4331 -1.2503 0.9856, 0.4331 -1.2598 0.9895, 0.4331 -1.268 0.9958, 0.4331 -1.2743 1.0039, 0.4331 -1.2782 1.0134, 0.4229 -1.2782 1.0236, 0.4134 -1.2743 1.0236, 0.4052 -1.268 1.0236, 0.399 -1.2598 1.0236, 0.395 -1.2503 1.0236, 0.4259 -1.2474 0.9856, 0.4242 -1.2453 0.9856, 0.416 -1.25 0.9895, 0.4304 -1.25 0.9856, 0.428 -1.249 0.9856, 0.428 -1.2592 0.9895, 0.4232 -1.2572 0.9895, 0.4192 -1.2541 0.9895, 0.4062 -1.2474 0.9958, 0.4141 -1.2453 0.9895, 0.4232 -1.2428 0.9856, 0.4259 -1.267 0.9958, 0.4192 -1.2643 0.9958, 0.4134 -1.2598 0.9958, 0.409 -1.2541 0.9958, 0.399 -1.2402 1.0039, 0.4052 -1.2402 0.9958, 0.4134 -1.2402 0.9895, 0.4229 -1.2402 0.9856, 0.4242 -1.2731 1.0039, 0.416 -1.2697 1.0039, 0.409 -1.2643 1.0039, 0.4035 -1.2572 1.0039, 0.4001 -1.249 1.0039, 0.395 -1.2402 1.0134, 0.3963 -1.25 1.0134, 0.4001 -1.2592 1.0134, 0.4062 -1.267 1.0134, 0.4141 -1.2731 1.0134, 0.4232 -1.2769 1.0134, 0.395 -0.6603 1.0134, 0.399 -0.6603 1.0039, 0.4052 -0.6603 0.9958, 0.4134 -0.6603 0.9895, 0.4229 -0.6603 0.9856, 0.3993 -0.6194 1.0134, 0.4121 -0.5804 1.0134, 0.4327 -0.5449 1.0134, 0.4602 -0.5145 1.0134, 0.4358 -0.5473 1.0039, 0.4628 -0.5175 1.0039, 0.4409 -0.551 0.9958, 0.467 -0.5221 0.9958, 0.4475 -0.5558 0.9895, 0.4724 -0.5282 0.9895, 0.4551 -0.5614 0.9856, 0.4788 -0.5353 0.9856, 0.4157 -0.582 1.0039, 0.4214 -0.5846 0.9958, 0.4288 -0.5879 0.9895, 0.4375 -0.5918 0.9856, 0.4032 -0.6203 1.0039, 0.4093 -0.6216 0.9958, 0.4173 -0.6233 0.9895, 0.4266 -0.6253 0.9856, 0.6568 -0.2906 0.9856, 0.6092 -0.3803 0.9856, 0.5495 -0.4624 0.9856, 0.5422 -0.4563 0.9895, 0.536 -0.451 0.9958, 0.5312 -0.447 1.0039, 0.5282 -0.4445 1.0134, 0.6012 -0.3753 0.9895, 0.5942 -0.3709 0.9958, 0.5889 -0.3676 1.0039, 0.5856 -0.3655 1.0134, 0.6481 -0.2867 0.9895, 0.6406 -0.2834 0.9958, 0.6349 -0.2809 1.0039, 0.6313 -0.2793 1.0134, 0.6526 -0.2425 1.0134, 0.6815 -0.2112 1.0134, 0.7163 -0.1868 1.0134, 0.7557 -0.1706 1.0134, 0.7182 -0.1903 1.0039, 0.7568 -0.1744 1.0039, 0.7212 -0.1958 0.9958, 0.7585 -0.1804 0.9958, 0.7251 -0.2029 0.9895, 0.7608 -0.1882 0.9895, 0.7297 -0.2112 0.9856, 0.7634 -0.1973 0.9856, 0.684 -0.2141 1.0039, 0.6882 -0.2188 0.9958, 0.6935 -0.225 0.9895, 0.6998 -0.2321 0.9856, 0.6558 -0.2448 1.0039, 0.6609 -0.2485 0.9958, 0.6674 -0.2534 0.9895, 0.6751 -0.259 0.9856, -0.6457 1.475 0.0292, -0.6457 1.4711 0.0197, -0.6457 1.4648 0.0115, -0.6457 1.4567 0.0053, -0.6457 1.4472 0.0013, -0.6089 1.4472 0.0295, -0.6127 1.4472 0.0204, -0.6127 1.4567 0.0305, -0.6161 1.4567 0.0223, -0.6188 1.4648 0.0322, -0.6216 1.4648 0.0255, -0.6267 1.4711 0.0343, -0.6286 1.4711 0.0295, -0.6358 1.475 0.0367, -0.6368 1.475 0.0343, -0.6188 1.4472 0.0125, -0.6216 1.4567 0.0153, -0.626 1.4648 0.0197, -0.6318 1.4711 0.0255, -0.6385 1.475 0.0322, -0.6076 1.4472 0.0394, -0.6116 1.4567 0.0394, -0.6178 1.4648 0.0394, -0.626 1.4711 0.0394, -0.6355 1.475 0.0394, -0.6267 1.4472 0.0064, -0.6358 1.4472 0.0026, -0.6286 1.4567 0.0098, -0.6368 1.4567 0.0064, -0.6318 1.4648 0.0153, -0.6385 1.4648 0.0125, -0.6358 1.4711 0.0223, -0.6406 1.4711 0.0204, -0.6406 1.475 0.0305, -0.643 1.475 0.0295, -0.5768 1.1641 0.9551, -0.5669 1.1628 0.9551, -0.5758 1.1679 0.9646, -0.5669 1.1667 0.9646, -0.5808 1.1767 0.9727, -0.584 1.1713 0.9646, -0.5859 1.1679 0.9551, -0.5741 1.1739 0.9727, -0.5669 1.1729 0.9727, -0.5808 1.1869 0.979, -0.5866 1.1811 0.9727, -0.591 1.1767 0.9646, -0.5938 1.1739 0.9551, -0.572 1.1818 0.979, -0.5669 1.1811 0.979, -0.5758 1.1957 0.9829, -0.584 1.1909 0.979, -0.591 1.1869 0.9727, -0.5965 1.1837 0.9646, -0.5999 1.1818 0.9551, -0.5669 1.1906 0.9829, -0.5696 1.1909 0.9829, -0.572 1.192 0.9829, -0.5768 1.1837 0.979, -0.5741 1.1936 0.9829, -0.5768 1.1982 0.9829, -0.5859 1.1957 0.979, -0.5938 1.1936 0.9727, -0.5999 1.192 0.9646, -0.6037 1.1909 0.9551, -0.5771 1.2008 0.9829, -0.5866 1.2008 0.979, -0.5948 1.2008 0.9727, -0.601 1.2008 0.9646, -0.605 1.2008 0.9551, -0.6076 1.4472 0.9449, -0.6116 1.4567 0.9449, -0.6178 1.4648 0.9449, -0.626 1.4711 0.9449, -0.6355 1.475 0.9449, -0.5771 1.437 0.9829, -0.5866 1.437 0.979, -0.5948 1.437 0.9727, -0.601 1.437 0.9646, -0.605 1.437 0.9551, 0.5669 1.1906 0.9829, 0.5669 1.1811 0.979, 0.5669 1.1729 0.9727, 0.5669 1.1667 0.9646, 0.5669 1.1628 0.9551, -0.6331 1.475 0.9626, -0.624 1.4711 0.9602, -0.6161 1.4648 0.9581, -0.6101 1.4567 0.9564, -0.6063 1.4472 0.9554, -0.6263 1.475 0.9792, -0.6181 1.4711 0.9744, -0.611 1.4648 0.9703, -0.6056 1.4567 0.9672, -0.6022 1.4472 0.9652, -0.6154 1.475 0.9934, -0.6087 1.4711 0.9866, -0.6029 1.4648 0.9809, -0.5985 1.4567 0.9765, -0.5957 1.4472 0.9737, -0.6012 1.475 1.0042, -0.5965 1.4711 0.996, -0.5924 1.4648 0.989, -0.5893 1.4567 0.9835, -0.5873 1.4472 0.9801, -0.5847 1.475 1.0111, -0.5822 1.4711 1.0019, -0.5801 1.4648 0.994, -0.5785 1.4567 0.988, -0.5775 1.4472 0.9842, -0.5669 1.475 1.0134, -0.5669 1.4711 1.0039, -0.5669 1.4648 0.9958, -0.5669 1.4567 0.9895, -0.5669 1.4472 0.9856, 0.605 1.2008 0.9551, 0.6037 1.1909 0.9551, 0.5999 1.1818 0.9551, 0.5938 1.1739 0.9551, 0.5859 1.1679 0.9551, 0.5768 1.1641 0.9551, 0.5999 1.192 0.9646, 0.601 1.2008 0.9646, 0.591 1.1869 0.9727, 0.5965 1.1837 0.9646, 0.5938 1.1936 0.9727, 0.5948 1.2008 0.9727, 0.5808 1.1869 0.979, 0.5866 1.1811 0.9727, 0.591 1.1767 0.9646, 0.5859 1.1957 0.979, 0.5866 1.2008 0.979, 0.572 1.192 0.9829, 0.5768 1.1837 0.979, 0.5808 1.1767 0.9727, 0.584 1.1713 0.9646, 0.5771 1.2008 0.9829, 0.5768 1.1982 0.9829, 0.5758 1.1957 0.9829, 0.584 1.1909 0.979, 0.5741 1.1936 0.9829, 0.5696 1.1909 0.9829, 0.572 1.1818 0.979, 0.5741 1.1739 0.9727, 0.5758 1.1679 0.9646, 0.5669 1.4458 0.9852, 0.5669 1.4472 0.9857, 0.5669 1.4541 0.9882, 0.5669 1.4566 0.9897, 0.5669 1.4616 0.9928, 0.5669 1.4647 0.996, 0.5669 1.4678 0.9991, 0.5669 1.4709 1.0041, 0.5669 1.4725 1.0065, 0.5669 1.4749 1.0135, 0.5669 1.4754 1.0149, 0.5771 1.437 0.9829, 0.5866 1.437 0.979, 0.5948 1.437 0.9727, 0.601 1.437 0.9646, 0.605 1.437 0.9551, 0.585 1.4754 1.0125, 0.5829 1.4725 1.0044, 0.581 1.4678 0.9972, 0.5793 1.4616 0.9912, 0.5781 1.4541 0.9867, 0.5774 1.4458 0.9839, 0.6019 1.4754 1.0055, 0.5978 1.4725 0.9983, 0.594 1.4678 0.9918, 0.5909 1.4616 0.9864, 0.5886 1.4541 0.9824, 0.5871 1.4458 0.9798, 0.6164 1.4754 0.9944, 0.6105 1.4725 0.9885, 0.6052 1.4678 0.9832, 0.6008 1.4616 0.9788, 0.5975 1.4541 0.9755, 0.5955 1.4458 0.9734, 0.6275 1.4754 0.9799, 0.6203 1.4725 0.9757, 0.6139 1.4678 0.972, 0.6085 1.4616 0.9689, 0.6044 1.4541 0.9665, 0.6019 1.4458 0.9651, 0.6345 1.4754 0.963, 0.6265 1.4725 0.9608, 0.6193 1.4678 0.9589, 0.6133 1.4616 0.9573, 0.6087 1.4541 0.9561, 0.6059 1.4458 0.9553, 0.6369 1.4754 0.9449, 0.6286 1.4725 0.9449, 0.6211 1.4678 0.9449, 0.6149 1.4616 0.9449, 0.6102 1.4541 0.9449, 0.6073 1.4458 0.9449, 0.6074 1.4457 0.0394, 0.6076 1.4472 0.0394, 0.6105 1.454 0.0394, 0.6116 1.4567 0.0394, 0.6152 1.4614 0.0394, 0.6213 1.4675 0.0394, 0.6178 1.4648 0.0394, 0.6369 1.4752 0.0394, 0.6355 1.475 0.0394, 0.6287 1.4722 0.0394, 0.626 1.4711 0.0394, 0.6358 1.475 0.0367, 0.6089 1.4472 0.0295, 0.6127 1.4567 0.0305, 0.6188 1.4648 0.0322, 0.6267 1.4711 0.0343, 0.6358 1.4472 0.0026, 0.6267 1.4472 0.0064, 0.6368 1.4567 0.0064, 0.6286 1.4567 0.0098, 0.6385 1.4648 0.0125, 0.6318 1.4648 0.0153, 0.6406 1.4711 0.0204, 0.6358 1.4711 0.0223, 0.643 1.475 0.0295, 0.6406 1.475 0.0305, 0.6188 1.4472 0.0125, 0.6216 1.4567 0.0153, 0.626 1.4648 0.0197, 0.6318 1.4711 0.0255, 0.6385 1.475 0.0322, 0.6457 1.4472 0.0013, 0.6457 1.4567 0.0053, 0.6457 1.4648 0.0115, 0.6457 1.4711 0.0197, 0.6457 1.475 0.0292, 0.6127 1.4472 0.0204, 0.6161 1.4567 0.0223, 0.6216 1.4648 0.0255, 0.6286 1.4711 0.0295, 0.6368 1.475 0.0343, 0.434 -0.2349 1.2103, 0.2699 -0.4131 1.2103, 0.0408 -0.4918 1.2103, -0.1982 -0.4519 1.2103, -0.3894 -0.3031 1.2103, -0.4931 0.1693 1.1824, -0.5142 0.0858 1.1824, -0.5048 0.0842 1.1864, 0.5142 -0.0858 1.1824, 0.4931 -0.1693 1.1824, 0.4585 -0.2481 1.1824, 0.4114 -0.3202 1.1824, 0.3531 -0.3835 1.1824, 0.2851 -0.4364 1.1824, 0.2094 -0.4774 1.1824, 0.128 -0.5054 1.1824, 0.043 -0.5195 1.1824, -0.043 -0.5195 1.1824, -0.128 -0.5054 1.1824, -0.2094 -0.4774 1.1824, -0.2851 -0.4364 1.1824, -0.3531 -0.3835 1.1824, -0.4114 -0.3202 1.1824, -0.4585 -0.2481 1.1824, -0.2851 0.4364 1.1824, -0.3531 0.3835 1.1824, -0.3466 0.3766 1.1864, -0.4039 0.3144 1.1864, -0.3975 0.3094 1.1926, -0.5037 0.0 1.1926, -0.5118 0.0 1.1864, -0.5213 0.0 1.1824, 0.4968 0.0829 1.1926, 0.5037 0.0 1.1926, 0.5118 0.0 1.1864, -0.2094 0.4774 1.1824, -0.2799 0.4285 1.1864, -0.3411 0.3706 1.1926, -0.3925 0.3055 1.2008, -0.4906 -0.0819 1.2008, -0.4968 -0.0829 1.1926, -0.5048 -0.0842 1.1864, -0.5142 -0.0858 1.1824, 0.4906 0.0819 1.2008, 0.4974 0.0 1.2008, -0.128 0.5054 1.1824, -0.2056 0.4687 1.1864, -0.2755 0.4216 1.1926, -0.3369 0.3659 1.2008, -0.3894 0.3031 1.2103, -0.4705 0.1615 1.2008, -0.4375 0.2367 1.2008, -0.443 0.2397 1.1926, -0.4667 -0.1602 1.2103, -0.4705 -0.1615 1.2008, -0.4764 -0.1635 1.1926, -0.4841 -0.1662 1.1864, -0.4931 -0.1693 1.1824, 0.4935 0.0 1.2103, 0.4867 0.0812 1.2103, 0.4667 0.1602 1.2103, 0.3894 0.3031 1.2103, 0.434 0.2349 1.2103, 0.4375 0.2367 1.2008, 0.4705 0.1615 1.2008, 0.4764 0.1635 1.1926, 0.5048 0.0842 1.1864, 0.5213 0.0 1.1824, 0.4931 0.1693 1.1824, 0.4585 0.2481 1.1824, 0.4501 0.2436 1.1864, 0.4039 0.3144 1.1864, 0.3975 0.3094 1.1926, 0.3411 0.3706 1.1926, 0.3369 0.3659 1.2008, 0.2721 0.4164 1.2008, 0.2699 0.4131 1.2103, 0.1982 0.4519 1.2103, 0.3531 0.3835 1.1824, 0.2851 0.4364 1.1824, 0.2799 0.4285 1.1864, 0.2056 0.4687 1.1864, 0.2023 0.4612 1.1926, 0.1236 0.4882 1.1926, 0.1221 0.4822 1.2008, 0.0411 0.4957 1.2008, 0.0408 0.4918 1.2103, -0.0408 0.4918 1.2103, 0.128 0.5054 1.1824, 0.043 0.5195 1.1824, 0.0423 0.5101 1.1864, -0.0423 0.5101 1.1864, -0.0416 0.5019 1.1926, -0.1236 0.4882 1.1926, -0.1221 0.4822 1.2008, -0.1998 0.4555 1.2008, -0.1982 0.4519 1.2103, -0.2699 0.4131 1.2103, -0.434 0.2349 1.2103, -0.4667 0.1602 1.2103, -0.4867 0.0812 1.2103, -0.4114 0.3202 1.1824, -0.4585 0.2481 1.1824, -0.4501 0.2436 1.1864, -0.4841 0.1662 1.1864, -0.4764 0.1635 1.1926, -0.4968 0.0829 1.1926, -0.4906 0.0819 1.2008, -0.4974 0.0 1.2008, -0.4935 0.0 1.2103, -0.4867 -0.0812 1.2103, 0.3342 0.3631 1.2103, 0.3925 0.3055 1.2008, 0.443 0.2397 1.1926, 0.4841 0.1662 1.1864, 0.5142 0.0858 1.1824, 0.1211 0.4784 1.2103, 0.1998 0.4555 1.2008, 0.2755 0.4216 1.1926, 0.3466 0.3766 1.1864, 0.4114 0.3202 1.1824, -0.1211 0.4784 1.2103, -0.0411 0.4957 1.2008, 0.0416 0.5019 1.1926, 0.1256 0.4962 1.1864, 0.2094 0.4774 1.1824, -0.3342 0.3631 1.2103, -0.2721 0.4164 1.2008, -0.2023 0.4612 1.1926, -0.1256 0.4962 1.1864, -0.043 0.5195 1.1824, -0.434 -0.2349 1.2103, -0.4501 -0.2436 1.1864, -0.443 -0.2397 1.1926, -0.4375 -0.2367 1.2008, -0.4039 -0.3144 1.1864, -0.3975 -0.3094 1.1926, -0.3925 -0.3055 1.2008, -0.3466 -0.3766 1.1864, -0.3411 -0.3706 1.1926, -0.3369 -0.3659 1.2008, -0.3342 -0.3631 1.2103, -0.2699 -0.4131 1.2103, -0.2799 -0.4285 1.1864, -0.2755 -0.4216 1.1926, -0.2721 -0.4164 1.2008, -0.2056 -0.4687 1.1864, -0.2023 -0.4612 1.1926, -0.1998 -0.4555 1.2008, -0.1256 -0.4961 1.1864, -0.1236 -0.4882 1.1926, -0.1221 -0.4822 1.2008, -0.1211 -0.4784 1.2103, -0.0408 -0.4918 1.2103, -0.0423 -0.5101 1.1864, -0.0416 -0.5019 1.1926, -0.0411 -0.4957 1.2008, 0.0423 -0.5101 1.1864, 0.0416 -0.5019 1.1926, 0.0411 -0.4957 1.2008, 0.1256 -0.4961 1.1864, 0.1236 -0.4882 1.1926, 0.1221 -0.4822 1.2008, 0.1211 -0.4784 1.2103, 0.1982 -0.4519 1.2103, 0.2056 -0.4687 1.1864, 0.2023 -0.4612 1.1926, 0.1998 -0.4555 1.2008, 0.2799 -0.4285 1.1864, 0.2755 -0.4216 1.1926, 0.2721 -0.4164 1.2008, 0.3466 -0.3766 1.1864, 0.3411 -0.3706 1.1926, 0.3369 -0.3659 1.2008, 0.3342 -0.3631 1.2103, 0.3894 -0.3031 1.2103, 0.4039 -0.3144 1.1864, 0.3975 -0.3094 1.1926, 0.3925 -0.3055 1.2008, 0.4501 -0.2436 1.1864, 0.443 -0.2397 1.1926, 0.4375 -0.2367 1.2008, 0.4841 -0.1662 1.1864, 0.4764 -0.1635 1.1926, 0.4705 -0.1615 1.2008, 0.4667 -0.1602 1.2103, 0.4867 -0.0812 1.2103, 0.5048 -0.0842 1.1864, 0.4968 -0.0829 1.1926, 0.4906 -0.0819 1.2008, -0.4612 -0.1679 1.5456, -0.3155 -0.376 1.5456, -0.2454 -0.425 1.5456, 0.0 -0.4908 1.5456, 0.2454 -0.425 1.5456, 0.3155 -0.376 1.5456, 0.4612 -0.1679 1.5456, 0.4833 -0.0852 1.5456, 0.4612 0.1679 1.5456, 0.3155 0.376 1.5456, 0.2454 0.425 1.5456, 0.0 0.4908 1.5456, -0.2454 0.425 1.5456, -0.3155 0.376 1.5456, -0.4612 0.1679 1.5456, -0.4833 0.0852 1.5456, -0.3546 0.2976 1.5735, -0.2976 0.3546 1.5735, -0.3619 0.3037 1.5695, -0.3037 0.3619 1.5695, -0.3682 0.3089 1.5633, -0.3089 0.3682 1.5633, -0.373 0.3129 1.5551, -0.3129 0.373 1.5551, -0.376 0.3155 1.5456, -0.0804 0.4559 1.5735, 0.0 0.4629 1.5735, -0.082 0.4653 1.5695, 0.0 0.4724 1.5695, -0.0835 0.4733 1.5633, 0.0 0.4806 1.5633, -0.0845 0.4795 1.5551, 0.0 0.4869 1.5551, -0.0852 0.4833 1.5456, 0.1583 0.435 1.5735, 0.2315 0.4009 1.5735, 0.1616 0.4439 1.5695, 0.2362 0.4091 1.5695, 0.1644 0.4516 1.5633, 0.2403 0.4162 1.5633, 0.1665 0.4575 1.5551, 0.2434 0.4216 1.5551, 0.1679 0.4612 1.5456, 0.4009 0.2315 1.5735, 0.435 0.1583 1.5735, 0.4091 0.2362 1.5695, 0.4439 0.1616 1.5695, 0.4162 0.2403 1.5633, 0.4516 0.1644 1.5633, 0.4216 0.2434 1.5551, 0.4575 0.1665 1.5551, 0.425 0.2454 1.5456, 0.3546 -0.2976 1.5735, 0.2976 -0.3546 1.5735, 0.3619 -0.3037 1.5695, 0.3037 -0.3619 1.5695, 0.3682 -0.3089 1.5633, 0.3089 -0.3682 1.5633, 0.373 -0.3129 1.5551, 0.3129 -0.3729 1.5551, 0.376 -0.3155 1.5456, 0.0804 -0.4559 1.5735, 0.0 -0.4629 1.5735, 0.082 -0.4653 1.5695, 0.0 -0.4724 1.5695, 0.0835 -0.4733 1.5633, 0.0 -0.4806 1.5633, 0.0845 -0.4795 1.5551, 0.0 -0.4869 1.5551, 0.0852 -0.4833 1.5456, -0.1583 -0.435 1.5735, -0.2315 -0.4009 1.5735, -0.1616 -0.4439 1.5695, -0.2362 -0.4091 1.5695, -0.1644 -0.4516 1.5633, -0.2403 -0.4162 1.5633, -0.1665 -0.4575 1.5551, -0.2434 -0.4216 1.5551, -0.1679 -0.4612 1.5456, -0.4009 -0.2315 1.5735, -0.435 -0.1583 1.5735, -0.4091 -0.2362 1.5695, -0.4439 -0.1616 1.5695, -0.4162 -0.2403 1.5633, -0.4516 -0.1644 1.5633, -0.4216 -0.2434 1.5551, -0.4575 -0.1665 1.5551, -0.425 -0.2454 1.5456, -0.4629 0.0 1.5735, -0.4559 0.0804 1.5735, -0.4724 0.0 1.5695, -0.4653 0.082 1.5695, -0.4806 0.0 1.5633, -0.4733 0.0835 1.5633, -0.4869 0.0 1.5551, -0.4795 0.0845 1.5551, -0.4908 0.0 1.5456, -0.435 0.1583 1.5735, -0.4439 0.1616 1.5695, -0.4516 0.1644 1.5633, -0.4575 0.1665 1.5551, -0.425 0.2454 1.5456, -0.4216 0.2434 1.5551, -0.4162 0.2403 1.5633, -0.4091 0.2362 1.5695, -0.4009 0.2315 1.5735, -0.2434 0.4216 1.5551, -0.2403 0.4162 1.5633, -0.2362 0.4091 1.5695, -0.2315 0.4009 1.5735, -0.1679 0.4612 1.5456, -0.1665 0.4575 1.5551, -0.1644 0.4516 1.5633, -0.1616 0.4439 1.5695, -0.1583 0.435 1.5735, 0.0852 0.4833 1.5456, 0.0845 0.4795 1.5551, 0.0835 0.4733 1.5633, 0.082 0.4653 1.5695, 0.0804 0.4559 1.5735, 0.2976 0.3546 1.5735, 0.3037 0.3619 1.5695, 0.3089 0.3682 1.5633, 0.3129 0.373 1.5551, 0.376 0.3155 1.5456, 0.373 0.3129 1.5551, 0.3682 0.3089 1.5633, 0.3619 0.3037 1.5695, 0.3546 0.2976 1.5735, 0.4833 0.0852 1.5456, 0.4795 0.0845 1.5551, 0.4733 0.0835 1.5633, 0.4653 0.082 1.5695, 0.4559 0.0804 1.5735, 0.4629 0.0 1.5735, 0.4724 0.0 1.5695, 0.4806 0.0 1.5633, 0.4869 0.0 1.5551, 0.4908 0.0 1.5456, 0.4559 -0.0804 1.5735, 0.4653 -0.082 1.5695, 0.4733 -0.0835 1.5633, 0.4795 -0.0845 1.5551, 0.435 -0.1583 1.5735, 0.4439 -0.1616 1.5695, 0.4516 -0.1644 1.5633, 0.4575 -0.1665 1.5551, 0.425 -0.2454 1.5456, 0.4216 -0.2434 1.5551, 0.4162 -0.2403 1.5633, 0.4091 -0.2362 1.5695, 0.4009 -0.2315 1.5735, 0.2434 -0.4216 1.5551, 0.2403 -0.4162 1.5633, 0.2362 -0.4091 1.5695, 0.2315 -0.4009 1.5735, 0.1679 -0.4612 1.5456, 0.1665 -0.4575 1.5551, 0.1644 -0.4516 1.5633, 0.1616 -0.4439 1.5695, 0.1583 -0.435 1.5735, -0.0852 -0.4833 1.5456, -0.0845 -0.4795 1.5551, -0.0835 -0.4733 1.5633, -0.082 -0.4653 1.5695, -0.0804 -0.4559 1.5735, -0.2976 -0.3546 1.5735, -0.3037 -0.3619 1.5695, -0.3089 -0.3682 1.5633, -0.3129 -0.3729 1.5551, -0.376 -0.3155 1.5456, -0.373 -0.3129 1.5551, -0.3682 -0.3089 1.5633, -0.3619 -0.3037 1.5695, -0.3546 -0.2976 1.5735, -0.4833 -0.0852 1.5456, -0.4795 -0.0845 1.5551, -0.4733 -0.0835 1.5633, -0.4653 -0.082 1.5695, -0.4559 -0.0804 1.5735, -0.7678 -1.5157 2.2849, -0.8435 -1.5157 2.223, -0.8435 -1.5157 2.0305, -0.7678 -1.5157 1.721, -0.8435 -1.5157 1.7829, -0.8435 -1.5157 1.9686, -0.6578 -1.5157 2.1938, -0.6578 -1.5157 2.2557, -0.5026 -1.5157 2.2918, -0.518 -1.5157 2.2915, -0.5977 -1.5157 2.2804, -0.2383 -1.5157 2.0136, -0.2439 -1.5157 2.0798, -0.261 -1.5157 2.1394, -0.2913 -1.5157 2.1929, -0.3338 -1.5157 2.2374, -0.3793 -1.5157 2.2662, -0.4349 -1.5157 2.285, -0.5251 -1.5157 1.7142, -0.4633 -1.5157 1.7197, -0.4005 -1.5157 1.7393, -0.3473 -1.5157 1.7714, -0.2978 -1.5157 1.821, -0.2658 -1.5157 1.8745, -0.2449 -1.5157 1.9408, -0.6578 -1.5157 1.7365, -0.5926 -1.5157 1.7188, -0.6578 -1.5157 1.8121, -0.5257 -1.5157 1.776, -0.5943 -1.5157 1.7849, -0.3139 -1.5157 2.009, -0.3166 -1.5157 1.9651, -0.3317 -1.5157 1.9048, -0.3549 -1.5157 1.8612, -0.389 -1.5157 1.8236, -0.428 -1.5157 1.7975, -0.4702 -1.5157 1.7823, -0.513 -1.5157 2.2299, -0.4595 -1.5157 2.2238, -0.4184 -1.5157 2.2084, -0.3839 -1.5157 2.1848, -0.3585 -1.5157 2.1579, -0.3351 -1.5157 2.1189, -0.3196 -1.5157 2.07, -0.6477 -1.5157 2.1994, -0.5879 -1.5157 2.2216, -0.1902 -1.5157 2.223, -0.1902 -1.5157 2.2849, 0.0987 -1.5157 2.2849, 0.0987 -1.5157 1.721, 0.023 -1.5157 1.721, 0.023 -1.5157 2.223
            ]
        }
        coordIndex [
            0,1,2,-1,2,1,3,-1,4,5,6,-1,6,5,7,-1,7,5,8,-1,8,5,9,-1,8,9,10,-1,11,10,12,-1,12,10,13,-1,12,13,14,-1,14,13,15,-1,14,15,16,-1,16,15,17,-1,16,17,18,-1,18,17,19,-1,18,19,20,-1,20,19,21,-1,20,21,22,-1,23,24,25,-1,25,24,22,-1,25,22,26,-1,26,22,21,-1,23,27,24,-1,24,27,28,-1,24,28,29,-1,30,31,32,-1,32,31,29,-1,32,29,33,-1,33,29,28,-1,34,35,36,-1,36,37,34,-1,34,37,38,-1,34,38,39,-1,38,40,39,-1,39,40,41,-1,39,41,42,-1,42,41,43,-1,43,44,42,-1,42,44,45,-1,42,45,46,-1,46,45,47,-1,46,47,48,-1,48,47,49,-1,48,49,50,-1,50,49,51,-1,50,51,52,-1,51,53,52,-1,52,53,54,-1,52,54,55,-1,55,54,56,-1,55,56,57,-1,58,59,60,-1,60,59,61,-1,61,59,62,-1,62,59,63,-1,62,63,56,-1,32,64,30,-1,25,65,23,-1,9,66,10,-1,10,66,13,-1,13,66,15,-1,15,66,67,-1,15,67,17,-1,17,67,19,-1,19,67,68,-1,19,68,21,-1,65,25,68,-1,68,25,26,-1,68,26,21,-1,64,32,69,-1,69,32,33,-1,69,33,70,-1,33,28,70,-1,70,28,27,-1,70,27,71,-1,71,27,23,-1,71,23,72,-1,72,23,65,-1,72,65,73,-1,73,65,68,-1,73,68,74,-1,74,68,75,-1,75,68,67,-1,75,67,76,-1,5,4,77,-1,76,67,78,-1,78,67,66,-1,78,66,77,-1,77,66,9,-1,77,9,5,-1,79,80,12,-1,12,80,11,-1,11,80,81,-1,11,81,82,-1,12,14,79,-1,79,14,16,-1,79,16,83,-1,83,16,18,-1,83,18,84,-1,84,18,20,-1,84,20,85,-1,85,20,22,-1,85,22,86,-1,24,87,22,-1,22,87,88,-1,22,88,86,-1,29,31,89,-1,89,90,29,-1,29,90,91,-1,29,91,24,-1,24,91,92,-1,24,92,87,-1,93,35,34,-1,93,34,94,-1,94,34,39,-1,94,39,95,-1,95,39,42,-1,95,42,96,-1,96,42,97,-1,97,42,46,-1,97,46,98,-1,46,48,98,-1,98,48,50,-1,98,50,99,-1,99,50,52,-1,99,52,100,-1,100,52,55,-1,100,55,101,-1,101,55,57,-1,101,57,102,-1,61,62,103,-1,36,104,37,-1,37,104,38,-1,38,104,105,-1,38,105,40,-1,40,105,106,-1,40,106,41,-1,41,106,107,-1,41,107,43,-1,49,47,108,-1,108,47,45,-1,108,45,109,-1,109,45,44,-1,109,44,43,-1,51,110,53,-1,53,110,103,-1,53,103,54,-1,54,103,62,-1,54,62,56,-1,60,61,111,-1,111,61,103,-1,111,103,112,-1,112,103,110,-1,112,110,113,-1,113,110,114,-1,115,114,108,-1,108,114,110,-1,108,110,49,-1,49,110,51,-1,43,107,109,-1,109,107,116,-1,109,116,108,-1,108,116,117,-1,108,117,115,-1,4,118,77,-1,77,118,119,-1,77,119,78,-1,78,119,76,-1,76,119,120,-1,76,120,75,-1,75,120,74,-1,74,120,121,-1,74,121,73,-1,73,121,72,-1,72,121,122,-1,72,122,71,-1,71,122,70,-1,70,122,123,-1,70,123,69,-1,69,123,64,-1,64,123,124,-1,64,124,30,-1,125,126,89,-1,89,126,90,-1,90,126,91,-1,91,126,127,-1,91,127,128,-1,129,88,130,-1,130,88,87,-1,130,87,128,-1,128,87,92,-1,128,92,91,-1,129,131,88,-1,88,131,132,-1,88,132,86,-1,86,132,133,-1,86,133,85,-1,85,133,84,-1,84,133,134,-1,84,134,83,-1,83,134,135,-1,83,135,79,-1,79,135,136,-1,79,136,80,-1,80,136,137,-1,80,137,81,-1,81,137,138,-1,81,138,82,-1,138,139,140,-1,140,139,141,-1,139,142,141,-1,141,142,143,-1,141,143,144,-1,145,146,147,-1,145,147,148,-1,147,149,148,-1,148,149,150,-1,148,150,151,-1,102,146,101,-1,101,146,152,-1,101,152,100,-1,100,152,153,-1,100,153,99,-1,99,153,154,-1,99,154,98,-1,98,154,155,-1,98,155,97,-1,97,155,156,-1,97,156,96,-1,157,95,158,-1,158,95,96,-1,158,96,159,-1,159,96,156,-1,157,160,95,-1,95,160,161,-1,95,161,94,-1,162,93,163,-1,163,93,94,-1,163,94,164,-1,164,94,161,-1,165,60,166,-1,166,60,111,-1,166,111,167,-1,167,111,112,-1,167,112,168,-1,168,112,113,-1,168,113,169,-1,169,113,114,-1,169,114,170,-1,170,114,115,-1,170,115,171,-1,171,115,117,-1,171,117,172,-1,172,117,116,-1,172,116,173,-1,173,116,107,-1,173,107,174,-1,174,107,106,-1,174,106,175,-1,175,106,105,-1,175,105,176,-1,176,105,104,-1,176,104,177,-1,177,104,36,-1,178,179,180,-1,180,179,181,-1,179,182,181,-1,181,182,183,-1,181,183,184,-1,183,185,184,-1,184,185,186,-1,184,186,187,-1,186,188,187,-1,187,188,189,-1,187,189,190,-1,190,189,191,-1,190,191,192,-1,191,193,192,-1,192,193,194,-1,192,194,195,-1,195,194,196,-1,195,196,197,-1,118,198,119,-1,119,198,199,-1,119,199,120,-1,120,199,200,-1,120,200,121,-1,121,200,201,-1,121,201,122,-1,122,201,202,-1,122,202,123,-1,123,202,203,-1,123,203,124,-1,124,203,204,-1,198,205,199,-1,199,205,206,-1,199,206,200,-1,200,206,207,-1,200,207,201,-1,201,207,208,-1,201,208,202,-1,202,208,209,-1,202,209,203,-1,203,209,210,-1,203,210,204,-1,204,210,211,-1,205,212,206,-1,206,212,213,-1,206,213,207,-1,207,213,214,-1,207,214,208,-1,208,214,215,-1,208,215,209,-1,209,215,216,-1,209,216,210,-1,210,216,217,-1,210,217,211,-1,211,217,218,-1,212,219,213,-1,213,219,220,-1,213,220,214,-1,214,220,221,-1,214,221,215,-1,215,221,222,-1,215,222,216,-1,216,222,223,-1,216,223,217,-1,217,223,224,-1,217,224,218,-1,218,224,225,-1,219,226,220,-1,220,226,227,-1,220,227,221,-1,221,227,228,-1,221,228,222,-1,222,228,229,-1,222,229,223,-1,223,229,230,-1,223,230,224,-1,224,230,231,-1,224,231,225,-1,225,231,232,-1,226,180,227,-1,227,180,181,-1,227,181,228,-1,228,181,184,-1,228,184,229,-1,229,184,187,-1,229,187,230,-1,230,187,190,-1,230,190,231,-1,231,190,192,-1,231,192,232,-1,232,192,195,-1,137,136,233,-1,234,130,235,-1,235,130,128,-1,235,128,236,-1,236,128,127,-1,236,127,237,-1,237,127,126,-1,237,126,125,-1,129,238,131,-1,131,238,239,-1,131,239,132,-1,132,239,133,-1,133,239,240,-1,133,240,134,-1,233,136,240,-1,240,136,135,-1,240,135,134,-1,233,241,242,-1,138,137,139,-1,139,137,233,-1,139,233,142,-1,142,233,242,-1,142,242,143,-1,241,233,243,-1,243,233,240,-1,243,240,244,-1,244,240,245,-1,245,240,239,-1,245,239,246,-1,129,130,238,-1,238,130,234,-1,238,234,239,-1,239,234,247,-1,239,247,246,-1,163,248,162,-1,158,249,157,-1,145,250,146,-1,146,250,152,-1,152,250,153,-1,153,250,251,-1,153,251,154,-1,154,251,155,-1,155,251,252,-1,155,252,156,-1,249,158,252,-1,252,158,159,-1,252,159,156,-1,248,163,253,-1,253,163,164,-1,253,164,254,-1,164,161,254,-1,254,161,160,-1,254,160,255,-1,255,160,157,-1,255,157,256,-1,256,157,249,-1,256,249,257,-1,257,249,252,-1,257,252,258,-1,258,252,259,-1,259,252,251,-1,259,251,260,-1,148,151,261,-1,260,251,262,-1,262,251,250,-1,262,250,261,-1,261,250,145,-1,261,145,148,-1,263,264,165,-1,178,265,179,-1,179,265,266,-1,179,266,182,-1,182,266,267,-1,165,166,263,-1,263,166,167,-1,263,167,268,-1,269,185,267,-1,267,185,183,-1,267,183,182,-1,167,168,268,-1,268,168,169,-1,268,169,270,-1,271,188,269,-1,269,188,186,-1,269,186,185,-1,169,170,270,-1,270,170,171,-1,270,171,272,-1,194,193,273,-1,273,193,191,-1,273,191,271,-1,271,191,189,-1,271,189,188,-1,265,274,266,-1,266,274,275,-1,266,275,267,-1,267,275,276,-1,267,276,269,-1,269,276,277,-1,269,277,271,-1,271,277,278,-1,271,278,273,-1,273,278,279,-1,274,280,275,-1,275,280,281,-1,275,281,276,-1,276,281,282,-1,276,282,277,-1,277,282,283,-1,277,283,278,-1,278,283,284,-1,278,284,279,-1,279,284,285,-1,280,286,281,-1,281,286,287,-1,281,287,282,-1,282,287,288,-1,282,288,283,-1,283,288,289,-1,283,289,284,-1,284,289,290,-1,284,290,285,-1,285,290,291,-1,286,264,287,-1,287,264,263,-1,287,263,288,-1,288,263,268,-1,288,268,289,-1,289,268,270,-1,289,270,290,-1,290,270,272,-1,290,272,291,-1,291,272,292,-1,197,196,293,-1,293,196,194,-1,171,172,272,-1,272,172,173,-1,272,173,292,-1,292,173,174,-1,292,174,175,-1,194,273,293,-1,293,273,279,-1,293,279,294,-1,294,279,285,-1,294,285,295,-1,295,285,291,-1,295,291,296,-1,296,291,292,-1,296,292,297,-1,297,292,175,-1,297,175,176,-1,197,293,298,-1,298,293,294,-1,298,294,299,-1,299,294,295,-1,299,295,300,-1,300,295,296,-1,300,296,301,-1,301,296,297,-1,301,297,302,-1,302,297,176,-1,302,176,177,-1,195,303,232,-1,232,303,304,-1,232,304,225,-1,225,304,305,-1,225,305,218,-1,218,305,306,-1,218,306,211,-1,211,306,307,-1,211,307,204,-1,204,307,308,-1,204,308,124,-1,124,308,309,-1,309,310,125,-1,125,310,237,-1,237,310,236,-1,236,310,311,-1,236,311,235,-1,235,311,234,-1,234,311,312,-1,234,312,247,-1,247,312,246,-1,246,312,313,-1,246,313,245,-1,245,313,244,-1,244,313,314,-1,244,314,243,-1,243,314,241,-1,241,314,315,-1,241,315,242,-1,242,315,316,-1,242,316,143,-1,162,248,317,-1,317,248,318,-1,248,253,318,-1,318,253,254,-1,318,254,319,-1,254,255,319,-1,319,255,256,-1,319,256,320,-1,256,257,320,-1,320,257,258,-1,320,258,321,-1,258,259,321,-1,321,259,260,-1,321,260,322,-1,151,323,261,-1,261,323,322,-1,261,322,262,-1,262,322,260,-1,177,317,302,-1,302,317,324,-1,302,324,301,-1,301,324,325,-1,301,325,300,-1,300,325,326,-1,300,326,299,-1,299,326,327,-1,299,327,298,-1,298,327,328,-1,298,328,197,-1,197,328,329,-1,330,331,332,-1,332,331,333,-1,332,333,334,-1,334,333,335,-1,336,337,335,-1,335,337,338,-1,335,338,334,-1,339,340,336,-1,336,340,341,-1,336,341,337,-1,342,343,339,-1,339,343,344,-1,339,344,340,-1,345,346,342,-1,342,346,347,-1,342,347,343,-1,304,303,345,-1,345,303,348,-1,345,348,346,-1,331,349,333,-1,333,349,350,-1,333,350,335,-1,335,350,351,-1,335,351,336,-1,336,351,352,-1,336,352,339,-1,339,352,353,-1,339,353,342,-1,342,353,354,-1,342,354,345,-1,345,354,355,-1,345,355,304,-1,304,355,305,-1,349,356,350,-1,350,356,357,-1,350,357,351,-1,351,357,358,-1,351,358,352,-1,352,358,359,-1,352,359,353,-1,353,359,360,-1,353,360,354,-1,354,360,361,-1,354,361,355,-1,355,361,362,-1,355,362,305,-1,305,362,306,-1,356,363,357,-1,357,363,364,-1,357,364,358,-1,358,364,365,-1,358,365,359,-1,359,365,366,-1,359,366,360,-1,360,366,367,-1,360,367,361,-1,361,367,368,-1,361,368,362,-1,362,368,369,-1,362,369,306,-1,306,369,307,-1,363,370,364,-1,364,370,371,-1,364,371,365,-1,365,371,372,-1,365,372,366,-1,366,372,373,-1,366,373,367,-1,367,373,374,-1,367,374,368,-1,368,374,375,-1,368,375,369,-1,369,375,376,-1,369,376,307,-1,307,376,308,-1,370,316,371,-1,371,316,315,-1,371,315,372,-1,372,315,314,-1,372,314,373,-1,373,314,313,-1,373,313,374,-1,374,313,312,-1,374,312,375,-1,375,312,311,-1,375,311,376,-1,376,311,310,-1,376,310,308,-1,308,310,309,-1,323,377,322,-1,322,377,378,-1,322,378,321,-1,321,378,379,-1,321,379,320,-1,320,379,380,-1,320,380,319,-1,319,380,381,-1,319,381,318,-1,318,381,382,-1,318,382,317,-1,317,382,324,-1,377,383,378,-1,378,383,384,-1,378,384,379,-1,379,384,385,-1,379,385,380,-1,380,385,386,-1,380,386,381,-1,381,386,387,-1,381,387,382,-1,382,387,388,-1,382,388,324,-1,324,388,325,-1,383,389,384,-1,384,389,390,-1,384,390,385,-1,385,390,391,-1,385,391,386,-1,386,391,392,-1,386,392,387,-1,387,392,393,-1,387,393,388,-1,388,393,394,-1,388,394,325,-1,325,394,326,-1,389,395,390,-1,390,395,396,-1,390,396,391,-1,391,396,397,-1,391,397,392,-1,392,397,398,-1,392,398,393,-1,393,398,399,-1,393,399,394,-1,394,399,400,-1,394,400,326,-1,326,400,327,-1,395,401,396,-1,396,401,402,-1,396,402,397,-1,397,402,403,-1,397,403,398,-1,398,403,404,-1,398,404,399,-1,399,404,405,-1,399,405,400,-1,400,405,406,-1,400,406,327,-1,327,406,328,-1,401,407,402,-1,402,407,408,-1,402,408,403,-1,403,408,409,-1,403,409,404,-1,404,409,410,-1,404,410,405,-1,405,410,411,-1,405,411,406,-1,406,411,412,-1,406,412,328,-1,328,412,329,-1,348,303,329,-1,348,329,346,-1,346,329,412,-1,346,412,347,-1,347,412,343,-1,343,412,411,-1,343,411,344,-1,344,411,410,-1,344,410,340,-1,340,410,341,-1,341,410,409,-1,341,409,337,-1,337,409,338,-1,338,409,408,-1,338,408,334,-1,334,408,332,-1,332,408,407,-1,332,407,330,-1,413,414,415,-1,415,414,416,-1,416,414,417,-1,417,414,418,-1,417,418,419,-1,419,418,420,-1,419,420,421,-1,421,420,422,-1,421,422,423,-1,423,422,424,-1,423,424,425,-1,425,424,426,-1,425,426,427,-1,427,426,428,-1,427,428,429,-1,429,428,430,-1,429,430,431,-1,431,430,432,-1,431,432,433,-1,433,432,434,-1,433,434,435,-1,434,436,435,-1,435,436,437,-1,435,437,438,-1,439,440,441,-1,442,443,444,-1,444,443,439,-1,439,441,444,-1,444,441,445,-1,444,445,446,-1,446,445,447,-1,446,447,448,-1,448,447,449,-1,448,449,450,-1,450,449,451,-1,450,451,452,-1,452,451,453,-1,452,453,454,-1,413,455,414,-1,414,455,456,-1,414,456,418,-1,418,456,420,-1,420,456,457,-1,420,457,422,-1,422,457,424,-1,424,457,458,-1,424,458,426,-1,426,458,428,-1,428,458,459,-1,428,459,430,-1,430,459,432,-1,432,459,460,-1,432,460,434,-1,434,460,436,-1,436,460,461,-1,436,461,437,-1,455,462,456,-1,456,462,463,-1,456,463,457,-1,457,463,464,-1,457,464,458,-1,458,464,465,-1,458,465,459,-1,459,465,466,-1,459,466,460,-1,460,466,467,-1,460,467,461,-1,461,467,468,-1,462,469,463,-1,463,469,470,-1,463,470,464,-1,464,470,471,-1,464,471,465,-1,465,471,472,-1,465,472,466,-1,466,472,473,-1,466,473,467,-1,467,473,474,-1,467,474,468,-1,468,474,475,-1,469,476,470,-1,470,476,477,-1,470,477,471,-1,471,477,478,-1,471,478,472,-1,472,478,479,-1,472,479,473,-1,473,479,480,-1,473,480,474,-1,474,480,481,-1,474,481,475,-1,475,481,482,-1,476,483,477,-1,477,483,484,-1,477,484,478,-1,478,484,485,-1,478,485,479,-1,479,485,486,-1,479,486,480,-1,480,486,487,-1,480,487,481,-1,481,487,488,-1,481,488,482,-1,482,488,489,-1,483,439,484,-1,484,439,490,-1,484,490,485,-1,485,490,491,-1,485,491,486,-1,486,491,492,-1,486,492,487,-1,487,492,493,-1,487,493,488,-1,488,493,494,-1,488,494,489,-1,489,494,495,-1,496,497,498,-1,498,497,499,-1,497,500,499,-1,499,500,501,-1,499,501,502,-1,501,503,502,-1,502,503,504,-1,502,504,505,-1,505,504,506,-1,505,506,507,-1,506,508,507,-1,507,508,509,-1,507,509,510,-1,509,511,510,-1,510,511,512,-1,510,512,513,-1,513,512,514,-1,513,514,515,-1,439,443,516,-1,439,516,490,-1,490,516,517,-1,490,517,491,-1,491,517,518,-1,491,518,492,-1,492,518,519,-1,492,519,493,-1,493,519,520,-1,493,520,494,-1,494,520,521,-1,494,521,495,-1,495,522,489,-1,489,522,523,-1,489,523,482,-1,482,523,524,-1,482,524,475,-1,475,524,525,-1,475,525,468,-1,468,525,526,-1,468,526,461,-1,461,526,527,-1,461,527,437,-1,437,527,528,-1,529,530,531,-1,531,530,532,-1,531,532,533,-1,533,532,534,-1,533,534,535,-1,535,534,536,-1,535,536,537,-1,537,536,538,-1,537,538,539,-1,539,538,540,-1,539,540,541,-1,541,540,542,-1,541,542,543,-1,543,542,544,-1,543,544,545,-1,545,544,546,-1,545,546,547,-1,547,546,548,-1,547,548,549,-1,549,548,550,-1,549,550,551,-1,551,550,552,-1,551,552,528,-1,528,552,553,-1,554,555,556,-1,556,555,557,-1,556,557,558,-1,558,557,559,-1,558,559,560,-1,560,559,561,-1,561,559,562,-1,561,562,563,-1,563,562,564,-1,564,562,565,-1,564,565,566,-1,567,568,565,-1,565,568,569,-1,565,569,566,-1,570,571,572,-1,572,571,573,-1,572,573,567,-1,567,573,574,-1,567,574,568,-1,443,575,516,-1,516,575,576,-1,516,576,517,-1,517,576,577,-1,517,577,518,-1,518,577,578,-1,518,578,519,-1,519,578,579,-1,519,579,520,-1,520,579,580,-1,520,580,521,-1,521,580,581,-1,575,582,576,-1,576,582,583,-1,576,583,577,-1,577,583,584,-1,577,584,578,-1,578,584,585,-1,578,585,579,-1,579,585,586,-1,579,586,580,-1,580,586,587,-1,580,587,581,-1,581,587,588,-1,582,589,583,-1,583,589,590,-1,583,590,584,-1,584,590,591,-1,584,591,585,-1,585,591,592,-1,585,592,586,-1,586,592,593,-1,586,593,587,-1,587,593,594,-1,587,594,588,-1,588,594,595,-1,589,596,590,-1,590,596,597,-1,590,597,591,-1,591,597,598,-1,591,598,592,-1,592,598,599,-1,592,599,593,-1,593,599,600,-1,593,600,594,-1,594,600,601,-1,594,601,595,-1,595,601,602,-1,596,603,597,-1,597,603,604,-1,597,604,598,-1,598,604,605,-1,598,605,599,-1,599,605,606,-1,599,606,600,-1,600,606,607,-1,600,607,601,-1,601,607,608,-1,601,608,602,-1,602,608,609,-1,603,498,604,-1,604,498,499,-1,604,499,605,-1,605,499,502,-1,605,502,606,-1,606,502,505,-1,606,505,607,-1,607,505,507,-1,607,507,608,-1,608,507,510,-1,608,510,609,-1,609,510,513,-1,525,524,610,-1,526,525,611,-1,527,526,612,-1,528,527,551,-1,551,527,613,-1,551,613,549,-1,549,613,547,-1,547,613,614,-1,547,614,545,-1,615,539,616,-1,616,539,541,-1,616,541,614,-1,614,541,543,-1,614,543,545,-1,617,535,615,-1,615,535,537,-1,615,537,539,-1,525,610,611,-1,611,610,618,-1,611,618,619,-1,619,618,620,-1,619,620,621,-1,621,620,622,-1,621,622,623,-1,623,622,624,-1,623,624,625,-1,529,624,626,-1,626,624,622,-1,626,622,627,-1,627,622,620,-1,627,620,628,-1,628,620,618,-1,628,618,629,-1,629,618,610,-1,629,610,630,-1,630,610,524,-1,630,524,523,-1,529,626,631,-1,631,626,627,-1,631,627,632,-1,632,627,628,-1,632,628,633,-1,633,628,629,-1,633,629,634,-1,634,629,630,-1,634,630,635,-1,635,630,523,-1,635,523,522,-1,625,624,529,-1,529,531,617,-1,617,531,533,-1,617,533,535,-1,527,612,613,-1,613,612,636,-1,613,636,614,-1,614,636,637,-1,614,637,616,-1,616,637,638,-1,616,638,615,-1,615,638,639,-1,615,639,617,-1,617,639,529,-1,526,611,612,-1,612,611,619,-1,612,619,636,-1,636,619,621,-1,636,621,637,-1,637,621,623,-1,637,623,638,-1,638,623,625,-1,638,625,639,-1,639,625,529,-1,640,641,642,-1,643,640,644,-1,645,643,646,-1,571,645,573,-1,573,645,647,-1,573,647,574,-1,553,552,648,-1,648,552,649,-1,648,649,641,-1,574,647,568,-1,568,647,650,-1,568,650,569,-1,552,550,649,-1,649,550,548,-1,649,548,651,-1,569,650,566,-1,566,650,652,-1,566,652,564,-1,548,546,651,-1,651,546,544,-1,651,544,653,-1,564,652,563,-1,563,652,654,-1,563,654,561,-1,544,542,653,-1,653,542,540,-1,653,540,655,-1,561,654,560,-1,560,654,656,-1,560,656,558,-1,540,538,655,-1,655,538,536,-1,655,536,657,-1,656,658,659,-1,558,656,556,-1,556,656,659,-1,556,659,554,-1,660,661,662,-1,645,646,647,-1,647,646,663,-1,647,663,650,-1,650,663,664,-1,650,664,652,-1,652,664,665,-1,652,665,654,-1,654,665,660,-1,654,660,656,-1,656,660,662,-1,656,662,658,-1,666,667,668,-1,643,644,646,-1,646,644,669,-1,646,669,663,-1,663,669,670,-1,663,670,664,-1,664,670,671,-1,664,671,665,-1,665,671,666,-1,665,666,660,-1,660,666,668,-1,660,668,661,-1,672,673,674,-1,640,642,644,-1,644,642,675,-1,644,675,669,-1,669,675,676,-1,669,676,670,-1,670,676,677,-1,670,677,671,-1,671,677,672,-1,671,672,666,-1,666,672,674,-1,666,674,667,-1,678,679,657,-1,657,679,680,-1,641,649,642,-1,642,649,651,-1,642,651,675,-1,675,651,653,-1,675,653,676,-1,676,653,655,-1,676,655,677,-1,677,655,657,-1,677,657,672,-1,672,657,680,-1,672,680,673,-1,530,678,532,-1,532,678,657,-1,532,657,534,-1,534,657,536,-1,681,682,513,-1,513,682,609,-1,682,683,609,-1,609,683,684,-1,609,684,602,-1,684,685,602,-1,602,685,686,-1,602,686,595,-1,686,687,595,-1,595,687,688,-1,595,688,588,-1,688,689,588,-1,588,689,690,-1,588,690,581,-1,691,521,692,-1,692,521,581,-1,692,581,693,-1,693,581,690,-1,694,695,696,-1,696,695,697,-1,696,697,698,-1,698,697,699,-1,698,699,700,-1,700,699,701,-1,701,699,702,-1,701,702,703,-1,703,702,704,-1,704,702,705,-1,704,705,706,-1,706,705,707,-1,707,705,708,-1,707,708,709,-1,710,711,712,-1,712,711,713,-1,712,713,708,-1,708,713,714,-1,708,714,709,-1,715,529,716,-1,716,529,631,-1,716,631,717,-1,717,631,632,-1,717,632,718,-1,718,632,633,-1,718,633,719,-1,719,633,634,-1,719,634,720,-1,720,634,635,-1,720,635,691,-1,691,635,522,-1,695,721,722,-1,695,722,723,-1,723,722,724,-1,723,724,725,-1,725,724,726,-1,725,726,727,-1,727,726,728,-1,727,728,729,-1,729,728,730,-1,729,730,731,-1,731,730,732,-1,731,732,733,-1,732,734,530,-1,530,734,678,-1,678,734,679,-1,679,734,735,-1,679,735,680,-1,680,735,736,-1,680,736,673,-1,673,736,737,-1,673,737,674,-1,674,737,738,-1,674,738,667,-1,667,738,739,-1,667,739,668,-1,668,739,740,-1,668,740,661,-1,661,740,741,-1,661,741,662,-1,662,741,742,-1,662,742,658,-1,658,742,743,-1,658,743,659,-1,743,744,659,-1,659,744,745,-1,659,745,554,-1,746,747,748,-1,746,720,691,-1,691,692,746,-1,746,692,693,-1,746,693,747,-1,747,693,690,-1,747,690,689,-1,749,688,687,-1,750,686,685,-1,751,684,683,-1,752,719,720,-1,753,748,754,-1,754,748,747,-1,754,747,749,-1,749,747,689,-1,749,689,688,-1,755,718,719,-1,756,753,757,-1,757,753,754,-1,757,754,758,-1,758,754,749,-1,758,749,750,-1,750,749,687,-1,750,687,686,-1,759,717,718,-1,760,756,761,-1,761,756,757,-1,761,757,762,-1,762,757,758,-1,762,758,763,-1,763,758,750,-1,763,750,751,-1,751,750,685,-1,751,685,684,-1,715,716,764,-1,764,716,717,-1,717,759,764,-1,764,759,765,-1,764,765,715,-1,718,755,759,-1,759,755,766,-1,759,766,765,-1,765,766,767,-1,765,767,715,-1,719,752,755,-1,755,752,768,-1,755,768,766,-1,766,768,769,-1,766,769,767,-1,767,769,770,-1,767,770,715,-1,715,760,771,-1,771,760,761,-1,771,761,772,-1,772,761,762,-1,772,762,773,-1,773,762,763,-1,773,763,774,-1,774,763,751,-1,774,751,775,-1,775,751,683,-1,775,683,682,-1,715,771,776,-1,776,771,772,-1,776,772,777,-1,777,772,773,-1,777,773,778,-1,778,773,774,-1,778,774,779,-1,779,774,775,-1,779,775,780,-1,780,775,682,-1,780,682,681,-1,720,746,752,-1,752,746,748,-1,752,748,768,-1,768,748,753,-1,768,753,769,-1,769,753,756,-1,769,756,770,-1,770,756,760,-1,770,760,715,-1,781,782,783,-1,783,782,784,-1,783,784,785,-1,784,786,785,-1,785,786,787,-1,785,787,788,-1,788,787,789,-1,789,790,788,-1,788,790,791,-1,788,791,792,-1,791,793,792,-1,792,793,794,-1,792,794,795,-1,794,796,795,-1,795,796,797,-1,795,797,798,-1,798,797,799,-1,798,799,800,-1,800,799,801,-1,695,723,802,-1,723,725,803,-1,725,727,804,-1,727,729,805,-1,729,731,806,-1,731,733,807,-1,731,807,806,-1,806,807,808,-1,806,808,809,-1,809,808,810,-1,809,810,811,-1,811,810,812,-1,811,812,813,-1,813,812,814,-1,813,814,815,-1,815,814,816,-1,815,816,817,-1,817,816,818,-1,817,818,819,-1,729,806,805,-1,805,806,809,-1,805,809,820,-1,820,809,811,-1,820,811,821,-1,821,811,813,-1,821,813,822,-1,822,813,815,-1,822,815,823,-1,823,815,817,-1,823,817,824,-1,824,817,819,-1,824,819,825,-1,727,805,804,-1,804,805,820,-1,804,820,826,-1,826,820,821,-1,826,821,827,-1,827,821,822,-1,827,822,828,-1,828,822,823,-1,828,823,829,-1,829,823,824,-1,829,824,830,-1,830,824,825,-1,830,825,831,-1,725,804,803,-1,803,804,826,-1,803,826,832,-1,832,826,827,-1,832,827,833,-1,833,827,828,-1,833,828,834,-1,834,828,829,-1,834,829,835,-1,835,829,830,-1,835,830,836,-1,836,830,831,-1,836,831,837,-1,723,803,802,-1,802,803,832,-1,802,832,838,-1,838,832,833,-1,838,833,839,-1,839,833,834,-1,839,834,840,-1,840,834,835,-1,840,835,841,-1,841,835,836,-1,841,836,842,-1,842,836,837,-1,842,837,843,-1,695,802,697,-1,697,802,838,-1,697,838,699,-1,699,838,839,-1,699,839,702,-1,702,839,840,-1,702,840,705,-1,705,840,841,-1,705,841,708,-1,708,841,842,-1,708,842,712,-1,712,842,843,-1,712,843,710,-1,844,694,696,-1,696,698,845,-1,845,698,700,-1,846,701,703,-1,847,704,706,-1,848,707,709,-1,849,714,713,-1,696,845,844,-1,844,845,850,-1,844,850,851,-1,852,850,853,-1,853,850,845,-1,853,845,846,-1,846,845,700,-1,846,700,701,-1,854,855,851,-1,856,852,857,-1,857,852,853,-1,857,853,858,-1,858,853,846,-1,858,846,847,-1,847,846,703,-1,847,703,704,-1,859,860,855,-1,861,856,862,-1,862,856,857,-1,862,857,863,-1,863,857,858,-1,863,858,864,-1,864,858,847,-1,864,847,848,-1,848,847,706,-1,848,706,707,-1,865,866,867,-1,867,866,860,-1,860,859,867,-1,867,859,868,-1,867,868,865,-1,855,854,859,-1,859,854,869,-1,859,869,868,-1,868,869,870,-1,868,870,865,-1,865,861,871,-1,871,861,862,-1,871,862,872,-1,872,862,863,-1,872,863,873,-1,873,863,864,-1,873,864,874,-1,874,864,848,-1,874,848,849,-1,849,848,709,-1,849,709,714,-1,865,871,875,-1,875,871,872,-1,875,872,876,-1,876,872,873,-1,876,873,877,-1,877,873,874,-1,877,874,878,-1,878,874,849,-1,878,849,879,-1,879,849,713,-1,879,713,711,-1,851,850,854,-1,854,850,852,-1,854,852,869,-1,869,852,856,-1,869,856,870,-1,870,856,861,-1,870,861,865,-1,734,732,880,-1,881,882,883,-1,884,885,886,-1,887,888,889,-1,890,891,892,-1,745,744,893,-1,893,744,894,-1,893,894,895,-1,895,894,896,-1,744,743,894,-1,894,743,742,-1,894,742,897,-1,742,741,897,-1,897,741,740,-1,897,740,898,-1,740,739,898,-1,898,739,738,-1,898,738,899,-1,891,887,892,-1,892,887,889,-1,892,889,900,-1,900,889,901,-1,900,901,902,-1,902,901,903,-1,902,903,904,-1,904,903,905,-1,904,905,906,-1,906,905,907,-1,906,907,732,-1,888,884,889,-1,889,884,886,-1,889,886,901,-1,901,886,908,-1,901,908,903,-1,903,908,909,-1,903,909,905,-1,905,909,910,-1,905,910,907,-1,907,910,911,-1,907,911,732,-1,721,890,722,-1,722,890,892,-1,722,892,724,-1,724,892,900,-1,724,900,726,-1,726,900,902,-1,726,902,728,-1,728,902,904,-1,728,904,730,-1,730,904,906,-1,730,906,732,-1,882,896,883,-1,883,896,894,-1,883,894,912,-1,912,894,897,-1,912,897,913,-1,913,897,898,-1,913,898,914,-1,914,898,899,-1,914,899,915,-1,915,899,880,-1,915,880,732,-1,738,737,899,-1,899,737,736,-1,899,736,880,-1,880,736,735,-1,880,735,734,-1,885,881,886,-1,886,881,883,-1,886,883,908,-1,908,883,912,-1,908,912,909,-1,909,912,913,-1,909,913,910,-1,910,913,914,-1,910,914,911,-1,911,914,915,-1,911,915,732,-1,916,917,918,-1,918,917,919,-1,918,919,920,-1,920,919,921,-1,920,921,922,-1,922,921,923,-1,922,923,924,-1,924,923,925,-1,924,925,926,-1,926,925,927,-1,926,927,928,-1,928,927,929,-1,930,715,931,-1,931,715,776,-1,931,776,932,-1,932,776,777,-1,932,777,933,-1,933,777,778,-1,933,778,934,-1,934,778,779,-1,934,779,935,-1,935,779,780,-1,935,780,936,-1,936,780,681,-1,799,797,937,-1,796,794,938,-1,793,791,939,-1,790,789,940,-1,787,786,941,-1,784,782,942,-1,943,944,945,-1,945,944,946,-1,945,946,947,-1,947,946,948,-1,947,948,949,-1,949,948,950,-1,949,950,951,-1,951,950,952,-1,951,952,942,-1,942,952,941,-1,942,941,784,-1,784,941,786,-1,944,953,946,-1,946,953,954,-1,946,954,948,-1,948,954,955,-1,948,955,950,-1,950,955,956,-1,950,956,952,-1,952,956,957,-1,952,957,941,-1,941,957,940,-1,941,940,787,-1,787,940,789,-1,953,958,954,-1,954,958,959,-1,954,959,955,-1,955,959,960,-1,955,960,956,-1,956,960,961,-1,956,961,957,-1,957,961,962,-1,957,962,940,-1,940,962,939,-1,940,939,790,-1,790,939,791,-1,958,963,959,-1,959,963,964,-1,959,964,960,-1,960,964,965,-1,960,965,961,-1,961,965,966,-1,961,966,962,-1,962,966,967,-1,962,967,939,-1,939,967,938,-1,939,938,793,-1,793,938,794,-1,963,968,964,-1,964,968,969,-1,964,969,965,-1,965,969,970,-1,965,970,966,-1,966,970,971,-1,966,971,967,-1,967,971,972,-1,967,972,938,-1,938,972,937,-1,938,937,796,-1,796,937,797,-1,968,973,969,-1,969,973,974,-1,969,974,970,-1,970,974,975,-1,970,975,971,-1,971,975,976,-1,971,976,972,-1,972,976,977,-1,972,977,937,-1,937,977,978,-1,937,978,799,-1,799,978,801,-1,943,979,944,-1,944,979,980,-1,944,980,953,-1,953,980,981,-1,953,981,958,-1,958,981,982,-1,958,982,963,-1,963,982,983,-1,963,983,968,-1,968,983,984,-1,968,984,973,-1,973,984,985,-1,986,801,978,-1,986,978,987,-1,987,978,977,-1,987,977,988,-1,988,977,976,-1,988,976,989,-1,989,976,975,-1,989,975,990,-1,990,975,974,-1,990,974,991,-1,991,974,973,-1,991,973,992,-1,993,986,994,-1,994,986,995,-1,994,995,996,-1,996,995,997,-1,996,997,998,-1,998,997,999,-1,998,999,1000,-1,1000,999,1001,-1,1000,1001,1002,-1,1002,1001,1003,-1,1002,1003,1004,-1,1004,1003,1005,-1,1006,710,843,-1,1006,843,1007,-1,1007,843,837,-1,1007,837,1008,-1,1008,837,831,-1,1008,831,1009,-1,1009,831,825,-1,1009,825,1010,-1,1010,825,819,-1,1010,819,1011,-1,1011,819,818,-1,1011,818,1012,-1,979,1013,1014,-1,1014,1013,1015,-1,1014,1015,1016,-1,1016,1015,1017,-1,1018,1019,1017,-1,1017,1019,1020,-1,1017,1020,1016,-1,1021,1022,1018,-1,1018,1022,1023,-1,1018,1023,1019,-1,1024,1025,1021,-1,1021,1025,1026,-1,1021,1026,1022,-1,1027,1028,1024,-1,1024,1028,1029,-1,1024,1029,1025,-1,1030,1031,1027,-1,1027,1031,1032,-1,1027,1032,1028,-1,1033,865,1034,-1,1034,865,875,-1,1034,875,1035,-1,1035,875,1036,-1,1036,875,876,-1,1036,876,1037,-1,1037,876,1038,-1,1038,876,877,-1,1038,877,1039,-1,1039,877,1040,-1,1040,877,878,-1,1040,878,1041,-1,1041,878,1042,-1,1042,878,879,-1,1042,879,1043,-1,1043,879,1044,-1,1044,879,711,-1,1044,711,1045,-1,1046,694,1047,-1,1047,694,844,-1,1047,844,1048,-1,1048,844,851,-1,1048,851,1049,-1,1049,851,855,-1,1049,855,1050,-1,1050,855,860,-1,1050,860,1051,-1,1051,860,866,-1,1051,866,1052,-1,1052,866,865,-1,745,893,1053,-1,1053,893,1054,-1,1054,893,1055,-1,1055,893,895,-1,1055,895,1056,-1,1056,895,896,-1,1056,896,1057,-1,1057,896,882,-1,1057,882,1058,-1,1058,882,881,-1,1058,881,1059,-1,1059,881,885,-1,1059,885,1060,-1,1060,885,884,-1,1060,884,1061,-1,1061,884,888,-1,1061,888,1062,-1,1062,888,887,-1,1062,887,1063,-1,1063,887,891,-1,1063,891,1064,-1,891,890,1064,-1,1064,890,721,-1,1064,721,1046,-1,916,918,1065,-1,1065,918,1066,-1,1065,1066,1067,-1,1067,1066,1068,-1,1067,1068,1069,-1,1069,1068,1070,-1,1069,1070,1071,-1,1071,1070,1072,-1,1071,1072,1073,-1,1073,1072,1074,-1,1073,1074,936,-1,936,1074,935,-1,918,920,1066,-1,1066,920,1075,-1,1066,1075,1068,-1,1068,1075,1076,-1,1068,1076,1070,-1,1070,1076,1077,-1,1070,1077,1072,-1,1072,1077,1078,-1,1072,1078,1074,-1,1074,1078,1079,-1,1074,1079,935,-1,935,1079,934,-1,920,922,1075,-1,1075,922,1080,-1,1075,1080,1076,-1,1076,1080,1081,-1,1076,1081,1077,-1,1077,1081,1082,-1,1077,1082,1078,-1,1078,1082,1083,-1,1078,1083,1079,-1,1079,1083,1084,-1,1079,1084,934,-1,934,1084,933,-1,922,924,1080,-1,1080,924,1085,-1,1080,1085,1081,-1,1081,1085,1086,-1,1081,1086,1082,-1,1082,1086,1087,-1,1082,1087,1083,-1,1083,1087,1088,-1,1083,1088,1084,-1,1084,1088,1089,-1,1084,1089,933,-1,933,1089,932,-1,924,926,1085,-1,1085,926,1090,-1,1085,1090,1086,-1,1086,1090,1091,-1,1086,1091,1087,-1,1087,1091,1092,-1,1087,1092,1088,-1,1088,1092,1093,-1,1088,1093,1089,-1,1089,1093,1094,-1,1089,1094,932,-1,932,1094,931,-1,926,928,1090,-1,1090,928,1095,-1,1090,1095,1091,-1,1091,1095,1096,-1,1091,1096,1092,-1,1092,1096,1097,-1,1092,1097,1093,-1,1093,1097,1098,-1,1093,1098,1094,-1,1094,1098,1099,-1,1094,1099,931,-1,931,1099,930,-1,1012,1100,1011,-1,1011,1100,1101,-1,1011,1101,1010,-1,1010,1101,1102,-1,1010,1102,1009,-1,1009,1102,1103,-1,1009,1103,1008,-1,1008,1103,1104,-1,1008,1104,1007,-1,1007,1104,1105,-1,1007,1105,1006,-1,1006,1105,1106,-1,1100,1107,1101,-1,1101,1107,1108,-1,1101,1108,1102,-1,1102,1108,1109,-1,1102,1109,1103,-1,1103,1109,1110,-1,1103,1110,1104,-1,1104,1110,1111,-1,1104,1111,1105,-1,1105,1111,1112,-1,1105,1112,1106,-1,1106,1112,1113,-1,1107,1114,1108,-1,1108,1114,1115,-1,1108,1115,1109,-1,1109,1115,1116,-1,1109,1116,1110,-1,1110,1116,1117,-1,1110,1117,1111,-1,1111,1117,1118,-1,1111,1118,1112,-1,1112,1118,1119,-1,1112,1119,1113,-1,1113,1119,1120,-1,1114,1121,1115,-1,1115,1121,1122,-1,1115,1122,1116,-1,1116,1122,1123,-1,1116,1123,1117,-1,1117,1123,1124,-1,1117,1124,1118,-1,1118,1124,1125,-1,1118,1125,1119,-1,1119,1125,1126,-1,1119,1126,1120,-1,1120,1126,1127,-1,1121,1128,1122,-1,1122,1128,1129,-1,1122,1129,1123,-1,1123,1129,1130,-1,1123,1130,1124,-1,1124,1130,1131,-1,1124,1131,1125,-1,1125,1131,1132,-1,1125,1132,1126,-1,1126,1132,1133,-1,1126,1133,1127,-1,1127,1133,1134,-1,1128,1135,1129,-1,1129,1135,1136,-1,1129,1136,1130,-1,1130,1136,1137,-1,1130,1137,1131,-1,1131,1137,1138,-1,1131,1138,1132,-1,1132,1138,1139,-1,1132,1139,1133,-1,1133,1139,1140,-1,1133,1140,1134,-1,1134,1140,1141,-1,980,979,1014,-1,1014,1016,1142,-1,1142,1016,1020,-1,1143,1019,1023,-1,1144,1022,1026,-1,1145,1025,1029,-1,1146,1028,1032,-1,1014,1142,980,-1,980,1142,1147,-1,980,1147,981,-1,1148,1147,1149,-1,1149,1147,1142,-1,1149,1142,1143,-1,1143,1142,1020,-1,1143,1020,1019,-1,1150,982,981,-1,1151,1148,1152,-1,1152,1148,1149,-1,1152,1149,1153,-1,1153,1149,1143,-1,1153,1143,1144,-1,1144,1143,1023,-1,1144,1023,1022,-1,1154,983,982,-1,1155,1151,1156,-1,1156,1151,1152,-1,1156,1152,1157,-1,1157,1152,1153,-1,1157,1153,1158,-1,1158,1153,1144,-1,1158,1144,1145,-1,1145,1144,1026,-1,1145,1026,1025,-1,985,984,1159,-1,1159,984,983,-1,983,1154,1159,-1,1159,1154,1160,-1,1159,1160,985,-1,982,1150,1154,-1,1154,1150,1161,-1,1154,1161,1160,-1,1160,1161,1162,-1,1160,1162,985,-1,985,1155,1163,-1,1163,1155,1156,-1,1163,1156,1164,-1,1164,1156,1157,-1,1164,1157,1165,-1,1165,1157,1158,-1,1165,1158,1166,-1,1166,1158,1145,-1,1166,1145,1146,-1,1146,1145,1029,-1,1146,1029,1028,-1,985,1163,1167,-1,1167,1163,1164,-1,1167,1164,1168,-1,1168,1164,1165,-1,1168,1165,1169,-1,1169,1165,1166,-1,1169,1166,1170,-1,1170,1166,1146,-1,1170,1146,1171,-1,1171,1146,1032,-1,1171,1032,1031,-1,981,1147,1150,-1,1150,1147,1148,-1,1150,1148,1161,-1,1161,1148,1151,-1,1161,1151,1162,-1,1162,1151,1155,-1,1162,1155,985,-1,1005,1003,1172,-1,1172,1003,1173,-1,1172,1173,1174,-1,1174,1173,1175,-1,1174,1175,1176,-1,1176,1175,1177,-1,1176,1177,1178,-1,1178,1177,1179,-1,1178,1179,1180,-1,1180,1179,1181,-1,1180,1181,1182,-1,1182,1181,1183,-1,1003,1001,1173,-1,1173,1001,1184,-1,1173,1184,1175,-1,1175,1184,1185,-1,1175,1185,1177,-1,1177,1185,1186,-1,1177,1186,1179,-1,1179,1186,1187,-1,1179,1187,1181,-1,1181,1187,1188,-1,1181,1188,1183,-1,1183,1188,1189,-1,1001,999,1184,-1,1184,999,1190,-1,1184,1190,1185,-1,1185,1190,1191,-1,1185,1191,1186,-1,1186,1191,1192,-1,1186,1192,1187,-1,1187,1192,1193,-1,1187,1193,1188,-1,1188,1193,1194,-1,1188,1194,1189,-1,1189,1194,1195,-1,999,997,1190,-1,1190,997,1196,-1,1190,1196,1191,-1,1191,1196,1197,-1,1191,1197,1192,-1,1192,1197,1198,-1,1192,1198,1193,-1,1193,1198,1199,-1,1193,1199,1194,-1,1194,1199,1200,-1,1194,1200,1195,-1,1195,1200,1201,-1,997,995,1196,-1,1196,995,1202,-1,1196,1202,1197,-1,1197,1202,1203,-1,1197,1203,1198,-1,1198,1203,1204,-1,1198,1204,1199,-1,1199,1204,1205,-1,1199,1205,1200,-1,1200,1205,1206,-1,1200,1206,1201,-1,1201,1206,1207,-1,995,986,1202,-1,1202,986,987,-1,1202,987,1203,-1,1203,987,988,-1,1203,988,1204,-1,1204,988,989,-1,1204,989,1205,-1,1205,989,990,-1,1205,990,1206,-1,1206,990,991,-1,1206,991,1207,-1,1207,991,992,-1,1043,1044,1208,-1,1041,1042,1209,-1,1039,1040,1210,-1,1037,1038,1211,-1,1035,1036,1212,-1,1033,1034,1213,-1,1213,1034,1214,-1,1213,1214,1215,-1,1215,1214,1216,-1,1215,1216,1217,-1,1217,1216,1218,-1,1217,1218,1219,-1,1219,1218,1220,-1,1219,1220,1221,-1,1221,1220,1222,-1,1221,1222,1013,-1,1013,1222,1015,-1,1034,1035,1214,-1,1214,1035,1212,-1,1214,1212,1216,-1,1216,1212,1223,-1,1216,1223,1218,-1,1218,1223,1224,-1,1218,1224,1220,-1,1220,1224,1225,-1,1220,1225,1222,-1,1222,1225,1226,-1,1222,1226,1015,-1,1015,1226,1017,-1,1036,1037,1212,-1,1212,1037,1211,-1,1212,1211,1223,-1,1223,1211,1227,-1,1223,1227,1224,-1,1224,1227,1228,-1,1224,1228,1225,-1,1225,1228,1229,-1,1225,1229,1226,-1,1226,1229,1230,-1,1226,1230,1017,-1,1017,1230,1018,-1,1038,1039,1211,-1,1211,1039,1210,-1,1211,1210,1227,-1,1227,1210,1231,-1,1227,1231,1228,-1,1228,1231,1232,-1,1228,1232,1229,-1,1229,1232,1233,-1,1229,1233,1230,-1,1230,1233,1234,-1,1230,1234,1018,-1,1018,1234,1021,-1,1040,1041,1210,-1,1210,1041,1209,-1,1210,1209,1231,-1,1231,1209,1235,-1,1231,1235,1232,-1,1232,1235,1236,-1,1232,1236,1233,-1,1233,1236,1237,-1,1233,1237,1234,-1,1234,1237,1238,-1,1234,1238,1021,-1,1021,1238,1024,-1,1042,1043,1209,-1,1209,1043,1208,-1,1209,1208,1235,-1,1235,1208,1239,-1,1235,1239,1236,-1,1236,1239,1240,-1,1236,1240,1237,-1,1237,1240,1241,-1,1237,1241,1238,-1,1238,1241,1242,-1,1238,1242,1024,-1,1024,1242,1027,-1,1044,1045,1208,-1,1208,1045,1243,-1,1208,1243,1239,-1,1239,1243,1244,-1,1239,1244,1240,-1,1240,1244,1245,-1,1240,1245,1241,-1,1241,1245,1246,-1,1241,1246,1242,-1,1242,1246,1247,-1,1242,1247,1027,-1,1027,1247,1030,-1,1053,1054,1248,-1,1248,1054,1249,-1,1054,1055,1249,-1,1249,1055,1056,-1,1249,1056,1250,-1,1056,1057,1250,-1,1250,1057,1058,-1,1250,1058,1251,-1,1058,1059,1251,-1,1251,1059,1060,-1,1251,1060,1252,-1,1253,1254,1255,-1,1255,1254,1256,-1,1255,1256,1257,-1,1257,1256,1258,-1,1257,1258,1259,-1,1259,1258,1260,-1,1259,1260,1261,-1,1261,1260,1262,-1,1261,1262,1263,-1,1263,1262,1264,-1,1263,1264,1052,-1,1254,1265,1256,-1,1256,1265,1266,-1,1256,1266,1258,-1,1258,1266,1267,-1,1258,1267,1260,-1,1260,1267,1268,-1,1260,1268,1262,-1,1262,1268,1269,-1,1262,1269,1264,-1,1264,1269,1270,-1,1265,1271,1266,-1,1266,1271,1272,-1,1266,1272,1267,-1,1267,1272,1273,-1,1267,1273,1268,-1,1268,1273,1274,-1,1268,1274,1269,-1,1269,1274,1275,-1,1269,1275,1270,-1,1270,1275,1276,-1,1271,1277,1272,-1,1272,1277,1278,-1,1272,1278,1273,-1,1273,1278,1279,-1,1273,1279,1274,-1,1274,1279,1280,-1,1274,1280,1275,-1,1275,1280,1281,-1,1275,1281,1276,-1,1276,1281,1282,-1,1277,1248,1278,-1,1278,1248,1249,-1,1278,1249,1279,-1,1279,1249,1250,-1,1279,1250,1280,-1,1280,1250,1251,-1,1280,1251,1281,-1,1281,1251,1252,-1,1281,1252,1282,-1,1282,1252,1283,-1,1060,1061,1252,-1,1252,1061,1062,-1,1252,1062,1283,-1,1283,1062,1063,-1,1283,1063,1064,-1,1052,1264,1051,-1,1051,1264,1270,-1,1051,1270,1050,-1,1050,1270,1276,-1,1050,1276,1049,-1,1049,1276,1282,-1,1049,1282,1048,-1,1048,1282,1283,-1,1048,1283,1047,-1,1047,1283,1064,-1,1047,1064,1046,-1,1284,930,1099,-1,1284,1099,1285,-1,1285,1099,1098,-1,1285,1098,1286,-1,1286,1098,1097,-1,1286,1097,1287,-1,1287,1097,1096,-1,1287,1096,1288,-1,1288,1096,1095,-1,1288,1095,1289,-1,1289,1095,928,-1,1289,928,1290,-1,1135,1284,1291,-1,1135,1291,1136,-1,1136,1291,1292,-1,1136,1292,1137,-1,1137,1292,1293,-1,1137,1293,1138,-1,1138,1293,1294,-1,1138,1294,1139,-1,1139,1294,1295,-1,1139,1295,1140,-1,1140,1295,1296,-1,1140,1296,1141,-1,1297,1298,1141,-1,1141,1298,1134,-1,1298,1299,1134,-1,1134,1299,1300,-1,1134,1300,1127,-1,1300,1301,1127,-1,1127,1301,1302,-1,1127,1302,1120,-1,1302,1303,1120,-1,1120,1303,1304,-1,1120,1304,1113,-1,1304,1305,1113,-1,1113,1305,1306,-1,1113,1306,1106,-1,1106,1306,1307,-1,1106,1307,1006,-1,1006,1307,1308,-1,1006,1308,1309,-1,1310,985,1311,-1,1311,985,1167,-1,1311,1167,1312,-1,1312,1167,1168,-1,1312,1168,1313,-1,1313,1168,1169,-1,1313,1169,1314,-1,1314,1169,1170,-1,1314,1170,1315,-1,1315,1170,1171,-1,1315,1171,1316,-1,1316,1171,1031,-1,992,1310,1207,-1,1207,1310,1317,-1,1207,1317,1201,-1,1201,1317,1318,-1,1201,1318,1195,-1,1195,1318,1319,-1,1195,1319,1189,-1,1189,1319,1320,-1,1189,1320,1183,-1,1183,1320,1321,-1,1183,1321,1182,-1,1182,1321,1322,-1,1323,1324,1325,-1,1325,1324,1326,-1,1325,1326,1327,-1,1326,1328,1327,-1,1327,1328,1329,-1,1327,1329,1330,-1,1330,1329,1331,-1,1331,1332,1330,-1,1330,1332,1333,-1,1330,1333,1334,-1,1333,1335,1334,-1,1334,1335,1336,-1,1334,1336,1337,-1,1336,1338,1337,-1,1337,1338,1339,-1,1337,1339,1340,-1,1340,1339,1341,-1,1340,1341,1342,-1,1342,1341,1343,-1,1013,1344,1345,-1,1013,1345,1221,-1,1221,1345,1346,-1,1221,1346,1219,-1,1219,1346,1347,-1,1219,1347,1217,-1,1217,1347,1348,-1,1217,1348,1215,-1,1215,1348,1349,-1,1215,1349,1213,-1,1213,1349,1350,-1,1213,1350,1033,-1,1351,1253,1255,-1,1351,1255,1352,-1,1352,1255,1257,-1,1352,1257,1353,-1,1353,1257,1259,-1,1353,1259,1354,-1,1354,1259,1261,-1,1354,1261,1355,-1,1355,1261,1263,-1,1355,1263,1356,-1,1356,1263,1052,-1,1356,1052,1350,-1,1357,1358,1359,-1,1359,1358,1360,-1,1359,1360,1361,-1,1361,1360,1362,-1,1361,1362,1363,-1,1363,1362,1364,-1,1363,1364,1365,-1,1365,1364,1366,-1,1365,1366,1367,-1,1367,1366,1368,-1,1367,1368,1284,-1,1358,1369,1360,-1,1360,1369,1370,-1,1360,1370,1362,-1,1362,1370,1371,-1,1362,1371,1364,-1,1364,1371,1372,-1,1364,1372,1366,-1,1366,1372,1373,-1,1366,1373,1368,-1,1368,1373,1374,-1,1368,1374,1284,-1,1290,1357,1289,-1,1289,1357,1359,-1,1289,1359,1288,-1,1288,1359,1361,-1,1288,1361,1287,-1,1287,1361,1363,-1,1287,1363,1286,-1,1286,1363,1365,-1,1286,1365,1285,-1,1285,1365,1367,-1,1285,1367,1284,-1,1375,1376,1377,-1,1377,1376,1378,-1,1377,1378,1379,-1,1379,1378,1380,-1,1379,1380,1381,-1,1381,1380,1382,-1,1381,1382,1383,-1,1383,1382,1384,-1,1383,1384,1385,-1,1385,1384,1386,-1,1385,1386,1284,-1,1376,1296,1378,-1,1378,1296,1295,-1,1378,1295,1380,-1,1380,1295,1294,-1,1380,1294,1382,-1,1382,1294,1293,-1,1382,1293,1384,-1,1384,1293,1292,-1,1384,1292,1386,-1,1386,1292,1291,-1,1386,1291,1284,-1,1369,1375,1370,-1,1370,1375,1377,-1,1370,1377,1371,-1,1371,1377,1379,-1,1371,1379,1372,-1,1372,1379,1381,-1,1372,1381,1373,-1,1373,1381,1383,-1,1373,1383,1374,-1,1374,1383,1385,-1,1374,1385,1284,-1,1387,1388,1389,-1,1387,1390,1309,-1,1309,1308,1387,-1,1387,1308,1307,-1,1387,1307,1388,-1,1388,1307,1306,-1,1388,1306,1305,-1,1391,1304,1303,-1,1392,1302,1301,-1,1393,1300,1299,-1,1394,1395,1390,-1,1396,1389,1397,-1,1397,1389,1388,-1,1397,1388,1391,-1,1391,1388,1305,-1,1391,1305,1304,-1,1398,1399,1395,-1,1400,1396,1401,-1,1401,1396,1397,-1,1401,1397,1402,-1,1402,1397,1391,-1,1402,1391,1392,-1,1392,1391,1303,-1,1392,1303,1302,-1,1403,1404,1399,-1,1405,1400,1406,-1,1406,1400,1401,-1,1406,1401,1407,-1,1407,1401,1402,-1,1407,1402,1408,-1,1408,1402,1392,-1,1408,1392,1393,-1,1393,1392,1301,-1,1393,1301,1300,-1,1409,1410,1411,-1,1411,1410,1404,-1,1404,1403,1411,-1,1411,1403,1412,-1,1411,1412,1409,-1,1399,1398,1403,-1,1403,1398,1413,-1,1403,1413,1412,-1,1412,1413,1414,-1,1412,1414,1409,-1,1395,1394,1398,-1,1398,1394,1415,-1,1398,1415,1413,-1,1413,1415,1416,-1,1413,1416,1414,-1,1414,1416,1417,-1,1414,1417,1409,-1,1409,1405,1418,-1,1418,1405,1406,-1,1418,1406,1419,-1,1419,1406,1407,-1,1419,1407,1420,-1,1420,1407,1408,-1,1420,1408,1421,-1,1421,1408,1393,-1,1421,1393,1422,-1,1422,1393,1299,-1,1422,1299,1298,-1,1409,1418,1423,-1,1423,1418,1419,-1,1423,1419,1424,-1,1424,1419,1420,-1,1424,1420,1425,-1,1425,1420,1421,-1,1425,1421,1426,-1,1426,1421,1422,-1,1426,1422,1427,-1,1427,1422,1298,-1,1427,1298,1297,-1,1390,1387,1394,-1,1394,1387,1389,-1,1394,1389,1415,-1,1415,1389,1396,-1,1415,1396,1416,-1,1416,1396,1400,-1,1416,1400,1417,-1,1417,1400,1405,-1,1417,1405,1409,-1,1428,1429,1430,-1,1428,1315,1316,-1,1316,1431,1428,-1,1428,1431,1432,-1,1428,1432,1429,-1,1429,1432,1433,-1,1429,1433,1434,-1,1435,1436,1437,-1,1438,1439,1440,-1,1441,1442,1443,-1,1444,1314,1315,-1,1445,1430,1446,-1,1446,1430,1429,-1,1446,1429,1435,-1,1435,1429,1434,-1,1435,1434,1436,-1,1447,1313,1314,-1,1448,1445,1449,-1,1449,1445,1446,-1,1449,1446,1450,-1,1450,1446,1435,-1,1450,1435,1438,-1,1438,1435,1437,-1,1438,1437,1439,-1,1451,1312,1313,-1,1452,1448,1453,-1,1453,1448,1449,-1,1453,1449,1454,-1,1454,1449,1450,-1,1454,1450,1455,-1,1455,1450,1438,-1,1455,1438,1441,-1,1441,1438,1440,-1,1441,1440,1442,-1,1310,1311,1456,-1,1456,1311,1312,-1,1312,1451,1456,-1,1456,1451,1457,-1,1456,1457,1310,-1,1313,1447,1451,-1,1451,1447,1458,-1,1451,1458,1457,-1,1457,1458,1459,-1,1457,1459,1310,-1,1314,1444,1447,-1,1447,1444,1460,-1,1447,1460,1458,-1,1458,1460,1461,-1,1458,1461,1459,-1,1459,1461,1462,-1,1459,1462,1310,-1,1310,1452,1463,-1,1463,1452,1453,-1,1463,1453,1464,-1,1464,1453,1454,-1,1464,1454,1465,-1,1465,1454,1455,-1,1465,1455,1466,-1,1466,1455,1441,-1,1466,1441,1467,-1,1467,1441,1443,-1,1467,1443,1468,-1,1310,1463,1317,-1,1317,1463,1464,-1,1317,1464,1318,-1,1318,1464,1465,-1,1318,1465,1319,-1,1319,1465,1466,-1,1319,1466,1320,-1,1320,1466,1467,-1,1320,1467,1321,-1,1321,1467,1468,-1,1321,1468,1322,-1,1315,1428,1444,-1,1444,1428,1430,-1,1444,1430,1460,-1,1460,1430,1445,-1,1460,1445,1461,-1,1461,1445,1448,-1,1461,1448,1462,-1,1462,1448,1452,-1,1462,1452,1310,-1,1469,1470,1471,-1,1472,1473,1474,-1,1475,1476,1477,-1,1478,1479,1480,-1,1341,1339,1481,-1,1482,1483,1484,-1,1485,1486,1487,-1,1487,1486,1482,-1,1343,1341,1488,-1,1488,1341,1481,-1,1488,1481,1489,-1,1489,1481,1490,-1,1489,1490,1491,-1,1491,1490,1492,-1,1491,1492,1493,-1,1494,1495,1496,-1,1496,1495,1485,-1,1339,1338,1481,-1,1481,1338,1479,-1,1481,1479,1490,-1,1490,1479,1478,-1,1490,1478,1492,-1,1476,1494,1477,-1,1477,1494,1496,-1,1477,1496,1497,-1,1473,1475,1474,-1,1474,1475,1477,-1,1474,1477,1498,-1,1498,1477,1497,-1,1498,1497,1499,-1,1482,1484,1487,-1,1487,1484,1500,-1,1487,1500,1501,-1,1501,1500,1502,-1,1501,1502,1503,-1,1503,1502,1504,-1,1503,1504,1505,-1,1505,1504,1506,-1,1505,1506,1507,-1,1338,1336,1479,-1,1479,1336,1335,-1,1479,1335,1480,-1,1480,1335,1333,-1,1480,1333,1332,-1,1484,1493,1500,-1,1500,1493,1492,-1,1500,1492,1502,-1,1502,1492,1478,-1,1502,1478,1504,-1,1504,1478,1480,-1,1504,1480,1506,-1,1506,1480,1332,-1,1470,1472,1471,-1,1471,1472,1474,-1,1471,1474,1508,-1,1508,1474,1498,-1,1508,1498,1509,-1,1509,1498,1499,-1,1509,1499,1510,-1,1511,1469,1512,-1,1512,1469,1471,-1,1512,1471,1513,-1,1513,1471,1508,-1,1513,1508,1514,-1,1514,1508,1509,-1,1514,1509,1515,-1,1515,1509,1510,-1,1515,1510,1516,-1,1332,1331,1506,-1,1506,1331,1329,-1,1506,1329,1507,-1,1507,1329,1328,-1,1507,1328,1326,-1,1485,1487,1496,-1,1496,1487,1501,-1,1496,1501,1497,-1,1497,1501,1503,-1,1497,1503,1499,-1,1499,1503,1505,-1,1499,1505,1510,-1,1510,1505,1507,-1,1510,1507,1516,-1,1516,1507,1326,-1,1516,1326,1324,-1,1517,1518,1519,-1,1519,1518,1520,-1,1519,1520,1521,-1,1521,1520,1522,-1,1521,1522,1523,-1,1523,1522,1524,-1,1523,1524,1525,-1,1525,1524,1526,-1,1525,1526,1527,-1,1527,1526,1528,-1,1527,1528,1350,-1,1518,1529,1520,-1,1520,1529,1530,-1,1520,1530,1522,-1,1522,1530,1531,-1,1522,1531,1524,-1,1524,1531,1532,-1,1524,1532,1526,-1,1526,1532,1533,-1,1526,1533,1528,-1,1528,1533,1534,-1,1528,1534,1350,-1,1344,1517,1345,-1,1345,1517,1519,-1,1345,1519,1346,-1,1346,1519,1521,-1,1346,1521,1347,-1,1347,1521,1523,-1,1347,1523,1348,-1,1348,1523,1525,-1,1348,1525,1349,-1,1349,1525,1527,-1,1349,1527,1350,-1,1535,1536,1537,-1,1537,1536,1538,-1,1537,1538,1539,-1,1539,1538,1540,-1,1539,1540,1541,-1,1541,1540,1542,-1,1541,1542,1543,-1,1543,1542,1544,-1,1543,1544,1545,-1,1545,1544,1546,-1,1545,1546,1350,-1,1536,1351,1538,-1,1538,1351,1352,-1,1538,1352,1540,-1,1540,1352,1353,-1,1540,1353,1542,-1,1542,1353,1354,-1,1542,1354,1544,-1,1544,1354,1355,-1,1544,1355,1546,-1,1546,1355,1356,-1,1546,1356,1350,-1,1529,1535,1530,-1,1530,1535,1537,-1,1530,1537,1531,-1,1531,1537,1539,-1,1531,1539,1532,-1,1532,1539,1541,-1,1532,1541,1533,-1,1533,1541,1543,-1,1533,1543,1534,-1,1534,1543,1545,-1,1534,1545,1350,-1,1290,1547,1548,-1,1290,1548,1357,-1,1357,1548,1549,-1,1357,1549,1358,-1,1358,1549,1550,-1,1358,1550,1369,-1,1369,1550,1551,-1,1369,1551,1375,-1,1375,1551,1552,-1,1375,1552,1376,-1,1376,1552,1553,-1,1376,1553,1296,-1,1554,1409,1555,-1,1555,1409,1423,-1,1555,1423,1556,-1,1556,1423,1424,-1,1556,1424,1557,-1,1557,1424,1425,-1,1557,1425,1558,-1,1558,1425,1426,-1,1558,1426,1559,-1,1559,1426,1427,-1,1559,1427,1553,-1,1553,1427,1297,-1,1560,1561,1409,-1,1409,1561,1410,-1,1561,1562,1410,-1,1410,1562,1563,-1,1410,1563,1404,-1,1563,1564,1404,-1,1404,1564,1565,-1,1404,1565,1399,-1,1565,1566,1399,-1,1399,1566,1567,-1,1399,1567,1395,-1,1567,1568,1395,-1,1395,1568,1569,-1,1395,1569,1390,-1,1570,1309,1571,-1,1571,1309,1390,-1,1571,1390,1572,-1,1572,1390,1569,-1,1573,1322,1574,-1,1574,1322,1468,-1,1574,1468,1575,-1,1575,1468,1443,-1,1575,1443,1576,-1,1576,1443,1442,-1,1576,1442,1577,-1,1577,1442,1440,-1,1577,1440,1578,-1,1578,1440,1439,-1,1578,1439,1579,-1,1579,1439,1437,-1,1579,1437,1580,-1,1580,1437,1436,-1,1580,1436,1581,-1,1581,1436,1434,-1,1581,1434,1582,-1,1582,1434,1433,-1,1582,1433,1583,-1,1583,1433,1432,-1,1583,1432,1584,-1,1584,1432,1431,-1,1584,1431,1585,-1,1585,1431,1316,-1,1586,1587,1588,-1,1588,1587,1589,-1,1588,1589,1590,-1,1589,1591,1590,-1,1590,1591,1592,-1,1590,1592,1593,-1,1593,1592,1594,-1,1594,1595,1593,-1,1593,1595,1596,-1,1593,1596,1597,-1,1596,1598,1597,-1,1597,1598,1599,-1,1597,1599,1600,-1,1599,1601,1600,-1,1600,1601,1602,-1,1600,1602,1603,-1,1603,1602,1604,-1,1603,1604,1605,-1,1605,1604,1606,-1,1324,1606,1607,-1,1324,1607,1516,-1,1516,1607,1608,-1,1516,1608,1515,-1,1515,1608,1609,-1,1515,1609,1514,-1,1514,1609,1610,-1,1514,1610,1513,-1,1513,1610,1611,-1,1513,1611,1512,-1,1512,1611,1612,-1,1512,1612,1511,-1,1613,1483,1614,-1,1614,1483,1482,-1,1614,1482,1615,-1,1615,1482,1486,-1,1615,1486,1616,-1,1616,1486,1485,-1,1616,1485,1617,-1,1617,1485,1495,-1,1617,1495,1618,-1,1618,1495,1494,-1,1618,1494,1619,-1,1619,1494,1476,-1,1619,1476,1620,-1,1620,1476,1475,-1,1620,1475,1621,-1,1621,1475,1473,-1,1621,1473,1622,-1,1622,1473,1472,-1,1622,1472,1623,-1,1623,1472,1470,-1,1623,1470,1624,-1,1624,1470,1469,-1,1624,1469,1625,-1,1625,1469,1511,-1,1626,1351,1627,-1,1627,1351,1536,-1,1627,1536,1628,-1,1628,1536,1629,-1,1629,1536,1535,-1,1629,1535,1630,-1,1630,1535,1631,-1,1631,1535,1529,-1,1631,1529,1632,-1,1632,1529,1633,-1,1633,1529,1518,-1,1633,1518,1634,-1,1634,1518,1635,-1,1635,1518,1517,-1,1635,1517,1636,-1,1636,1517,1637,-1,1637,1517,1344,-1,1637,1344,1613,-1,1547,1638,1548,-1,1548,1638,1639,-1,1548,1639,1549,-1,1549,1639,1640,-1,1549,1640,1550,-1,1550,1640,1641,-1,1550,1641,1551,-1,1551,1641,1642,-1,1551,1642,1552,-1,1552,1642,1643,-1,1552,1643,1553,-1,1553,1643,1559,-1,1638,1644,1639,-1,1639,1644,1645,-1,1639,1645,1640,-1,1640,1645,1646,-1,1640,1646,1641,-1,1641,1646,1647,-1,1641,1647,1642,-1,1642,1647,1648,-1,1642,1648,1643,-1,1643,1648,1649,-1,1643,1649,1559,-1,1559,1649,1558,-1,1644,1650,1645,-1,1645,1650,1651,-1,1645,1651,1646,-1,1646,1651,1652,-1,1646,1652,1647,-1,1647,1652,1653,-1,1647,1653,1648,-1,1648,1653,1654,-1,1648,1654,1649,-1,1649,1654,1655,-1,1649,1655,1558,-1,1558,1655,1557,-1,1650,1656,1651,-1,1651,1656,1657,-1,1651,1657,1652,-1,1652,1657,1658,-1,1652,1658,1653,-1,1653,1658,1659,-1,1653,1659,1654,-1,1654,1659,1660,-1,1654,1660,1655,-1,1655,1660,1661,-1,1655,1661,1557,-1,1557,1661,1556,-1,1656,1662,1657,-1,1657,1662,1663,-1,1657,1663,1658,-1,1658,1663,1664,-1,1658,1664,1659,-1,1659,1664,1665,-1,1659,1665,1660,-1,1660,1665,1666,-1,1660,1666,1661,-1,1661,1666,1667,-1,1661,1667,1556,-1,1556,1667,1555,-1,1662,1668,1663,-1,1663,1668,1669,-1,1663,1669,1664,-1,1664,1669,1670,-1,1664,1670,1665,-1,1665,1670,1671,-1,1665,1671,1666,-1,1666,1671,1672,-1,1666,1672,1667,-1,1667,1672,1673,-1,1667,1673,1555,-1,1555,1673,1554,-1,1583,1584,1674,-1,1572,1569,1675,-1,1581,1582,1676,-1,1568,1567,1677,-1,1579,1580,1678,-1,1566,1565,1679,-1,1577,1578,1680,-1,1564,1563,1681,-1,1575,1576,1682,-1,1562,1561,1683,-1,1573,1574,1684,-1,1684,1574,1685,-1,1684,1685,1686,-1,1686,1685,1687,-1,1686,1687,1688,-1,1688,1687,1689,-1,1688,1689,1690,-1,1690,1689,1691,-1,1690,1691,1692,-1,1692,1691,1683,-1,1692,1683,1560,-1,1560,1683,1561,-1,1574,1575,1685,-1,1685,1575,1682,-1,1685,1682,1687,-1,1687,1682,1693,-1,1687,1693,1689,-1,1689,1693,1694,-1,1689,1694,1691,-1,1691,1694,1695,-1,1691,1695,1683,-1,1683,1695,1681,-1,1683,1681,1562,-1,1562,1681,1563,-1,1576,1577,1682,-1,1682,1577,1680,-1,1682,1680,1693,-1,1693,1680,1696,-1,1693,1696,1694,-1,1694,1696,1697,-1,1694,1697,1695,-1,1695,1697,1698,-1,1695,1698,1681,-1,1681,1698,1679,-1,1681,1679,1564,-1,1564,1679,1565,-1,1578,1579,1680,-1,1680,1579,1678,-1,1680,1678,1696,-1,1696,1678,1699,-1,1696,1699,1697,-1,1697,1699,1700,-1,1697,1700,1698,-1,1698,1700,1701,-1,1698,1701,1679,-1,1679,1701,1677,-1,1679,1677,1566,-1,1566,1677,1567,-1,1580,1581,1678,-1,1678,1581,1676,-1,1678,1676,1699,-1,1699,1676,1702,-1,1699,1702,1700,-1,1700,1702,1703,-1,1700,1703,1701,-1,1701,1703,1704,-1,1701,1704,1677,-1,1677,1704,1675,-1,1677,1675,1568,-1,1568,1675,1569,-1,1582,1583,1676,-1,1676,1583,1674,-1,1676,1674,1702,-1,1702,1674,1705,-1,1702,1705,1703,-1,1703,1705,1706,-1,1703,1706,1704,-1,1704,1706,1707,-1,1704,1707,1675,-1,1675,1707,1708,-1,1675,1708,1572,-1,1572,1708,1571,-1,1584,1585,1674,-1,1674,1585,1709,-1,1674,1709,1705,-1,1705,1709,1710,-1,1705,1710,1706,-1,1706,1710,1711,-1,1706,1711,1707,-1,1707,1711,1712,-1,1707,1712,1708,-1,1708,1712,1713,-1,1708,1713,1571,-1,1571,1713,1570,-1,1604,1602,1714,-1,1601,1599,1715,-1,1598,1596,1716,-1,1595,1594,1717,-1,1592,1591,1718,-1,1589,1587,1719,-1,1720,1721,1722,-1,1722,1721,1723,-1,1722,1723,1724,-1,1724,1723,1725,-1,1724,1725,1726,-1,1726,1725,1727,-1,1726,1727,1728,-1,1728,1727,1729,-1,1728,1729,1719,-1,1719,1729,1718,-1,1719,1718,1589,-1,1589,1718,1591,-1,1721,1730,1723,-1,1723,1730,1731,-1,1723,1731,1725,-1,1725,1731,1732,-1,1725,1732,1727,-1,1727,1732,1733,-1,1727,1733,1729,-1,1729,1733,1734,-1,1729,1734,1718,-1,1718,1734,1717,-1,1718,1717,1592,-1,1592,1717,1594,-1,1730,1735,1731,-1,1731,1735,1736,-1,1731,1736,1732,-1,1732,1736,1737,-1,1732,1737,1733,-1,1733,1737,1738,-1,1733,1738,1734,-1,1734,1738,1739,-1,1734,1739,1717,-1,1717,1739,1716,-1,1717,1716,1595,-1,1595,1716,1596,-1,1735,1740,1736,-1,1736,1740,1741,-1,1736,1741,1737,-1,1737,1741,1742,-1,1737,1742,1738,-1,1738,1742,1743,-1,1738,1743,1739,-1,1739,1743,1744,-1,1739,1744,1716,-1,1716,1744,1715,-1,1716,1715,1598,-1,1598,1715,1599,-1,1740,1745,1741,-1,1741,1745,1746,-1,1741,1746,1742,-1,1742,1746,1747,-1,1742,1747,1743,-1,1743,1747,1748,-1,1743,1748,1744,-1,1744,1748,1749,-1,1744,1749,1715,-1,1715,1749,1714,-1,1715,1714,1601,-1,1601,1714,1602,-1,1745,1612,1746,-1,1746,1612,1611,-1,1746,1611,1747,-1,1747,1611,1610,-1,1747,1610,1748,-1,1748,1610,1609,-1,1748,1609,1749,-1,1749,1609,1608,-1,1749,1608,1714,-1,1714,1608,1607,-1,1714,1607,1604,-1,1604,1607,1606,-1,1614,1615,1750,-1,1616,1617,1751,-1,1618,1619,1752,-1,1620,1621,1753,-1,1754,1755,1626,-1,1756,1757,1758,-1,1758,1757,1759,-1,1758,1759,1760,-1,1760,1759,1761,-1,1760,1761,1762,-1,1626,1627,1754,-1,1754,1627,1628,-1,1754,1628,1763,-1,1762,1761,1764,-1,1764,1761,1765,-1,1764,1765,1766,-1,1628,1629,1763,-1,1763,1629,1630,-1,1763,1630,1767,-1,1766,1765,1768,-1,1768,1765,1769,-1,1768,1769,1770,-1,1630,1631,1767,-1,1767,1631,1632,-1,1767,1632,1771,-1,1770,1769,1772,-1,1772,1769,1773,-1,1772,1773,1774,-1,1632,1633,1771,-1,1771,1633,1634,-1,1771,1634,1775,-1,1622,1623,1776,-1,1776,1623,1624,-1,1774,1773,1777,-1,1777,1773,1776,-1,1777,1776,1778,-1,1778,1776,1624,-1,1778,1624,1625,-1,1621,1622,1753,-1,1753,1622,1776,-1,1753,1776,1779,-1,1779,1776,1773,-1,1779,1773,1780,-1,1780,1773,1769,-1,1780,1769,1781,-1,1781,1769,1765,-1,1781,1765,1782,-1,1782,1765,1761,-1,1782,1761,1783,-1,1783,1761,1759,-1,1783,1759,1784,-1,1784,1759,1757,-1,1619,1620,1752,-1,1752,1620,1753,-1,1752,1753,1785,-1,1785,1753,1779,-1,1785,1779,1786,-1,1786,1779,1780,-1,1786,1780,1787,-1,1787,1780,1781,-1,1787,1781,1788,-1,1788,1781,1782,-1,1788,1782,1789,-1,1789,1782,1783,-1,1789,1783,1790,-1,1790,1783,1784,-1,1617,1618,1751,-1,1751,1618,1752,-1,1751,1752,1791,-1,1791,1752,1785,-1,1791,1785,1792,-1,1792,1785,1786,-1,1792,1786,1793,-1,1793,1786,1787,-1,1793,1787,1794,-1,1794,1787,1788,-1,1794,1788,1795,-1,1795,1788,1789,-1,1795,1789,1796,-1,1796,1789,1790,-1,1615,1616,1750,-1,1750,1616,1751,-1,1750,1751,1775,-1,1775,1751,1791,-1,1775,1791,1771,-1,1771,1791,1792,-1,1771,1792,1767,-1,1767,1792,1793,-1,1767,1793,1763,-1,1763,1793,1794,-1,1763,1794,1754,-1,1754,1794,1795,-1,1754,1795,1755,-1,1755,1795,1796,-1,1613,1614,1637,-1,1637,1614,1750,-1,1637,1750,1636,-1,1636,1750,1775,-1,1636,1775,1635,-1,1635,1775,1634,-1,1668,1797,1798,-1,1668,1798,1669,-1,1669,1798,1799,-1,1669,1799,1670,-1,1670,1799,1800,-1,1670,1800,1671,-1,1671,1800,1801,-1,1671,1801,1672,-1,1672,1801,1802,-1,1672,1802,1673,-1,1673,1802,1803,-1,1673,1803,1554,-1,1560,1803,1804,-1,1560,1804,1692,-1,1692,1804,1805,-1,1692,1805,1690,-1,1690,1805,1806,-1,1690,1806,1688,-1,1688,1806,1807,-1,1688,1807,1686,-1,1686,1807,1808,-1,1686,1808,1684,-1,1684,1808,1809,-1,1684,1809,1573,-1,1810,1612,1811,-1,1811,1612,1745,-1,1811,1745,1812,-1,1812,1745,1740,-1,1812,1740,1813,-1,1813,1740,1735,-1,1813,1735,1814,-1,1814,1735,1730,-1,1814,1730,1815,-1,1815,1730,1721,-1,1815,1721,1816,-1,1816,1721,1720,-1,1625,1810,1778,-1,1778,1810,1817,-1,1778,1817,1777,-1,1777,1817,1818,-1,1777,1818,1774,-1,1774,1818,1819,-1,1774,1819,1772,-1,1772,1819,1820,-1,1772,1820,1770,-1,1770,1820,1821,-1,1770,1821,1768,-1,1768,1821,1822,-1,1768,1822,1766,-1,1766,1822,1823,-1,1766,1823,1764,-1,1764,1823,1824,-1,1764,1824,1762,-1,1762,1824,1825,-1,1762,1825,1760,-1,1760,1825,1826,-1,1760,1826,1758,-1,1758,1826,1827,-1,1758,1827,1756,-1,1756,1827,1828,-1,1829,1830,1831,-1,1831,1830,1832,-1,1831,1832,1833,-1,1833,1832,1834,-1,1833,1834,1835,-1,1835,1834,1836,-1,1835,1836,1837,-1,1837,1836,1838,-1,1837,1838,1839,-1,1839,1838,1840,-1,1839,1840,1803,-1,1830,1841,1832,-1,1832,1841,1842,-1,1832,1842,1834,-1,1834,1842,1843,-1,1834,1843,1836,-1,1836,1843,1844,-1,1836,1844,1838,-1,1838,1844,1845,-1,1838,1845,1840,-1,1840,1845,1846,-1,1840,1846,1803,-1,1797,1829,1798,-1,1798,1829,1831,-1,1798,1831,1799,-1,1799,1831,1833,-1,1799,1833,1800,-1,1800,1833,1835,-1,1800,1835,1801,-1,1801,1835,1837,-1,1801,1837,1802,-1,1802,1837,1839,-1,1802,1839,1803,-1,1847,1848,1849,-1,1849,1848,1850,-1,1849,1850,1851,-1,1851,1850,1852,-1,1851,1852,1853,-1,1853,1852,1854,-1,1853,1854,1855,-1,1855,1854,1856,-1,1855,1856,1857,-1,1857,1856,1858,-1,1857,1858,1803,-1,1848,1809,1850,-1,1850,1809,1808,-1,1850,1808,1852,-1,1852,1808,1807,-1,1852,1807,1854,-1,1854,1807,1806,-1,1854,1806,1856,-1,1856,1806,1805,-1,1856,1805,1858,-1,1858,1805,1804,-1,1858,1804,1803,-1,1841,1847,1842,-1,1842,1847,1849,-1,1842,1849,1843,-1,1843,1849,1851,-1,1843,1851,1844,-1,1844,1851,1853,-1,1844,1853,1845,-1,1845,1853,1855,-1,1845,1855,1846,-1,1846,1855,1857,-1,1846,1857,1803,-1,1859,1860,1828,-1,1861,1862,1863,-1,1863,1862,1864,-1,1863,1864,1865,-1,1865,1864,1866,-1,1828,1827,1859,-1,1859,1827,1826,-1,1859,1826,1867,-1,1868,1869,1866,-1,1866,1869,1870,-1,1866,1870,1865,-1,1826,1825,1867,-1,1867,1825,1824,-1,1867,1824,1871,-1,1872,1873,1868,-1,1868,1873,1874,-1,1868,1874,1869,-1,1824,1823,1871,-1,1871,1823,1822,-1,1871,1822,1875,-1,1876,1877,1878,-1,1878,1877,1879,-1,1878,1879,1872,-1,1872,1879,1880,-1,1872,1880,1873,-1,1862,1881,1864,-1,1864,1881,1882,-1,1864,1882,1866,-1,1866,1882,1883,-1,1866,1883,1868,-1,1868,1883,1884,-1,1868,1884,1872,-1,1872,1884,1885,-1,1872,1885,1878,-1,1878,1885,1886,-1,1881,1887,1882,-1,1882,1887,1888,-1,1882,1888,1883,-1,1883,1888,1889,-1,1883,1889,1884,-1,1884,1889,1890,-1,1884,1890,1885,-1,1885,1890,1891,-1,1885,1891,1886,-1,1886,1891,1892,-1,1887,1893,1888,-1,1888,1893,1894,-1,1888,1894,1889,-1,1889,1894,1895,-1,1889,1895,1890,-1,1890,1895,1896,-1,1890,1896,1891,-1,1891,1896,1897,-1,1891,1897,1892,-1,1892,1897,1898,-1,1893,1860,1894,-1,1894,1860,1859,-1,1894,1859,1895,-1,1895,1859,1867,-1,1895,1867,1896,-1,1896,1867,1871,-1,1896,1871,1897,-1,1897,1871,1875,-1,1897,1875,1898,-1,1898,1875,1899,-1,1816,1900,1901,-1,1901,1900,1876,-1,1822,1821,1875,-1,1875,1821,1820,-1,1875,1820,1899,-1,1899,1820,1819,-1,1899,1819,1818,-1,1876,1878,1901,-1,1901,1878,1886,-1,1901,1886,1902,-1,1902,1886,1892,-1,1902,1892,1903,-1,1903,1892,1898,-1,1903,1898,1904,-1,1904,1898,1899,-1,1904,1899,1905,-1,1905,1899,1818,-1,1905,1818,1817,-1,1816,1901,1815,-1,1815,1901,1902,-1,1815,1902,1814,-1,1814,1902,1903,-1,1814,1903,1813,-1,1813,1903,1904,-1,1813,1904,1812,-1,1812,1904,1905,-1,1812,1905,1811,-1,1811,1905,1817,-1,1811,1817,1810,-1,1861,1863,1797,-1,1797,1863,1829,-1,1863,1865,1829,-1,1829,1865,1870,-1,1829,1870,1830,-1,1870,1869,1830,-1,1830,1869,1874,-1,1830,1874,1841,-1,1874,1873,1841,-1,1841,1873,1880,-1,1841,1880,1847,-1,1880,1879,1847,-1,1847,1879,1877,-1,1847,1877,1848,-1,1816,1809,1900,-1,1900,1809,1848,-1,1900,1848,1876,-1,1876,1848,1877,-1,1906,1907,1908,-1,1908,1907,1909,-1,1908,1909,1910,-1,1910,1909,1911,-1,1910,1911,1912,-1,1912,1911,1913,-1,1912,1913,1914,-1,1914,1913,1915,-1,1914,1915,1916,-1,1916,1915,1917,-1,1916,1917,1918,-1,1918,1917,1919,-1,1918,1919,1920,-1,1920,1919,1921,-1,1920,1921,1922,-1,1922,1921,1923,-1,1922,1923,1924,-1,1924,1923,1925,-1,1924,1925,1926,-1,1926,1925,1927,-1,1926,1927,1928,-1,1928,1927,1929,-1,1928,1929,1930,-1,1930,1929,1931,-1,1932,1933,1934,-1,1935,1932,1936,-1,1937,1935,1938,-1,1939,1937,1940,-1,1907,1939,1909,-1,1909,1939,1941,-1,1909,1941,1911,-1,1911,1941,1913,-1,1913,1941,1942,-1,1913,1942,1915,-1,1915,1942,1917,-1,1917,1942,1943,-1,1917,1943,1919,-1,1919,1943,1921,-1,1921,1943,1944,-1,1921,1944,1923,-1,1923,1944,1925,-1,1925,1944,1945,-1,1925,1945,1927,-1,1927,1945,1929,-1,1929,1945,1946,-1,1929,1946,1931,-1,1939,1940,1941,-1,1941,1940,1947,-1,1941,1947,1942,-1,1942,1947,1948,-1,1942,1948,1943,-1,1943,1948,1949,-1,1943,1949,1944,-1,1944,1949,1950,-1,1944,1950,1945,-1,1945,1950,1951,-1,1945,1951,1946,-1,1937,1938,1940,-1,1940,1938,1952,-1,1940,1952,1947,-1,1947,1952,1953,-1,1947,1953,1948,-1,1948,1953,1954,-1,1948,1954,1949,-1,1949,1954,1955,-1,1949,1955,1950,-1,1950,1955,1956,-1,1950,1956,1951,-1,1935,1936,1938,-1,1938,1936,1957,-1,1938,1957,1952,-1,1952,1957,1958,-1,1952,1958,1953,-1,1953,1958,1959,-1,1953,1959,1954,-1,1954,1959,1960,-1,1954,1960,1955,-1,1955,1960,1961,-1,1955,1961,1956,-1,1932,1934,1936,-1,1936,1934,1962,-1,1936,1962,1957,-1,1957,1962,1963,-1,1957,1963,1958,-1,1958,1963,1964,-1,1958,1964,1959,-1,1959,1964,1965,-1,1959,1965,1960,-1,1960,1965,1966,-1,1960,1966,1961,-1,1967,1966,1965,-1,1968,1967,1969,-1,1970,1968,1971,-1,1970,1971,1972,-1,1972,1971,1973,-1,1972,1973,1974,-1,1974,1973,1975,-1,1974,1975,1976,-1,1976,1975,1977,-1,1976,1977,1978,-1,1978,1977,1979,-1,1978,1979,1980,-1,1980,1979,1981,-1,1980,1981,1982,-1,1983,1984,1985,-1,1968,1969,1971,-1,1971,1969,1986,-1,1971,1986,1973,-1,1973,1986,1987,-1,1973,1987,1975,-1,1975,1987,1988,-1,1975,1988,1977,-1,1977,1988,1983,-1,1977,1983,1979,-1,1979,1983,1985,-1,1979,1985,1981,-1,1967,1965,1969,-1,1969,1965,1964,-1,1969,1964,1986,-1,1986,1964,1963,-1,1986,1963,1987,-1,1987,1963,1962,-1,1987,1962,1988,-1,1988,1962,1934,-1,1988,1934,1983,-1,1983,1934,1933,-1,1983,1933,1984,-1,1989,1990,1991,-1,1991,1990,1992,-1,1991,1992,1993,-1,1993,1992,1994,-1,1993,1994,1995,-1,1995,1994,1996,-1,1995,1996,1997,-1,1997,1996,1998,-1,1997,1998,1999,-1,1999,1998,2000,-1,1999,2000,2001,-1,2001,2000,2002,-1,2003,2004,2005,-1,2003,2005,2006,-1,2006,2005,2007,-1,2006,2007,2008,-1,2008,2007,2009,-1,2008,2009,1989,-1,2010,2009,2011,-1,2010,2011,2012,-1,2012,2011,2013,-1,2012,2013,2014,-1,2014,2013,2015,-1,2014,2015,2016,-1,2016,2015,2017,-1,2016,2017,2018,-1,2018,2017,2019,-1,2018,2019,2020,-1,2020,2019,2021,-1,2020,2021,2022,-1,2023,2024,2025,-1,2026,2023,2027,-1,2028,2026,2029,-1,1982,2028,2030,-1,1982,2030,1980,-1,1980,2030,2031,-1,1980,2031,1978,-1,1978,2031,2032,-1,1978,2032,1976,-1,1976,2032,2033,-1,1976,2033,1974,-1,1974,2033,2034,-1,1974,2034,1972,-1,1972,2034,2035,-1,1972,2035,1970,-1,2028,2029,2030,-1,2030,2029,2036,-1,2030,2036,2031,-1,2031,2036,2037,-1,2031,2037,2032,-1,2032,2037,2038,-1,2032,2038,2033,-1,2033,2038,2039,-1,2033,2039,2034,-1,2034,2039,2040,-1,2034,2040,2035,-1,2026,2027,2029,-1,2029,2027,2041,-1,2029,2041,2036,-1,2036,2041,2042,-1,2036,2042,2037,-1,2037,2042,2043,-1,2037,2043,2038,-1,2038,2043,2044,-1,2038,2044,2039,-1,2039,2044,2045,-1,2039,2045,2040,-1,2023,2025,2027,-1,2027,2025,2046,-1,2027,2046,2041,-1,2041,2046,2047,-1,2041,2047,2042,-1,2042,2047,2048,-1,2042,2048,2043,-1,2043,2048,2049,-1,2043,2049,2044,-1,2044,2049,2050,-1,2044,2050,2045,-1,2051,2052,2053,-1,2054,2051,2055,-1,2001,2054,2056,-1,2001,2056,1999,-1,1999,2056,2057,-1,1999,2057,1997,-1,1997,2057,2058,-1,1997,2058,1995,-1,1995,2058,2059,-1,1995,2059,1993,-1,1993,2059,2060,-1,1993,2060,1991,-1,1991,2060,2008,-1,1991,2008,1989,-1,2054,2055,2056,-1,2056,2055,2061,-1,2056,2061,2057,-1,2057,2061,2062,-1,2057,2062,2058,-1,2058,2062,2063,-1,2058,2063,2059,-1,2059,2063,2064,-1,2059,2064,2060,-1,2060,2064,2006,-1,2060,2006,2008,-1,2051,2053,2055,-1,2055,2053,2065,-1,2055,2065,2061,-1,2061,2065,2066,-1,2061,2066,2062,-1,2062,2066,2067,-1,2062,2067,2063,-1,2063,2067,2068,-1,2063,2068,2064,-1,2064,2068,2003,-1,2064,2003,2006,-1,2069,2070,2071,-1,2071,2070,2072,-1,2071,2072,2073,-1,2073,2072,2074,-1,2074,2072,2075,-1,2074,2075,2076,-1,2076,2075,2077,-1,2077,2075,2078,-1,2077,2078,2079,-1,2079,2078,2080,-1,2080,2078,2081,-1,2080,2081,2082,-1,2082,2081,2083,-1,2083,2081,2005,-1,2083,2005,2004,-1,2070,2084,2072,-1,2072,2084,2085,-1,2072,2085,2075,-1,2075,2085,2086,-1,2075,2086,2078,-1,2078,2086,2087,-1,2078,2087,2081,-1,2081,2087,2088,-1,2081,2088,2005,-1,2005,2088,2007,-1,2009,2007,2011,-1,2011,2007,2088,-1,2011,2088,2013,-1,2013,2088,2087,-1,2013,2087,2015,-1,2015,2087,2086,-1,2015,2086,2017,-1,2017,2086,2085,-1,2017,2085,2019,-1,2019,2085,2084,-1,2019,2084,2021,-1,2070,2021,2084,-1,2069,2089,2070,-1,2070,2089,2021,-1,2047,2046,2090,-1,2090,2091,2047,-1,2047,2091,2092,-1,2047,2092,2048,-1,2048,2092,2093,-1,2048,2093,2094,-1,2025,2024,2095,-1,2095,2096,2025,-1,2025,2096,2097,-1,2025,2097,2046,-1,2046,2097,2098,-1,2046,2098,2090,-1,2099,2100,2050,-1,2094,2101,2048,-1,2048,2101,2102,-1,2048,2102,2049,-1,2049,2102,2103,-1,2049,2103,2050,-1,2050,2103,2104,-1,2050,2104,2099,-1,2105,2003,2106,-1,2106,2003,2068,-1,2106,2068,2107,-1,2108,2109,2067,-1,2067,2109,2110,-1,2067,2110,2068,-1,2068,2110,2111,-1,2068,2111,2107,-1,2112,2113,2066,-1,2066,2113,2114,-1,2066,2114,2067,-1,2067,2114,2115,-1,2067,2115,2108,-1,2112,2066,2116,-1,2116,2066,2065,-1,2116,2065,2117,-1,2117,2065,2118,-1,2118,2065,2102,-1,2118,2102,2101,-1,2053,2052,2100,-1,2100,2099,2053,-1,2053,2099,2104,-1,2053,2104,2065,-1,2065,2104,2103,-1,2065,2103,2102,-1,2119,2120,2121,-1,2122,2123,2124,-1,2125,2126,2127,-1,2128,2129,2130,-1,2131,2132,2133,-1,2134,2135,2021,-1,2136,2137,2138,-1,2139,2140,2141,-1,2142,2143,2141,-1,2141,2143,2144,-1,2141,2144,2139,-1,2145,2146,2147,-1,2147,2146,2142,-1,2147,2142,2148,-1,2148,2142,2141,-1,2138,2137,2149,-1,2137,2150,2149,-1,2149,2150,2151,-1,2149,2151,2147,-1,2147,2151,2152,-1,2147,2152,2145,-1,2153,2154,2155,-1,2155,2156,2153,-1,2153,2156,2157,-1,2153,2157,2138,-1,2138,2157,2158,-1,2138,2158,2136,-1,2021,2089,2134,-1,2134,2089,2069,-1,2134,2069,2159,-1,2069,2071,2159,-1,2159,2071,2073,-1,2159,2073,2160,-1,2073,2074,2160,-1,2160,2074,2076,-1,2160,2076,2161,-1,2162,2163,2164,-1,2164,2163,2165,-1,2164,2165,2166,-1,2166,2165,2167,-1,2166,2167,2168,-1,2168,2167,2169,-1,2168,2169,2170,-1,2170,2169,2171,-1,2170,2171,2172,-1,2172,2171,2173,-1,2172,2173,2121,-1,2163,2135,2165,-1,2165,2135,2134,-1,2165,2134,2167,-1,2167,2134,2159,-1,2167,2159,2169,-1,2169,2159,2160,-1,2169,2160,2171,-1,2171,2160,2161,-1,2171,2161,2173,-1,2173,2161,2174,-1,2175,2176,2177,-1,2177,2176,2178,-1,2177,2178,2179,-1,2179,2178,2180,-1,2179,2180,2181,-1,2181,2180,2182,-1,2181,2182,2183,-1,2183,2182,2184,-1,2183,2184,2185,-1,2185,2184,2186,-1,2185,2186,2187,-1,2187,2186,2133,-1,2076,2077,2161,-1,2161,2077,2079,-1,2161,2079,2174,-1,2174,2079,2080,-1,2174,2080,2082,-1,2121,2173,2188,-1,2188,2173,2174,-1,2188,2174,2189,-1,2189,2174,2082,-1,2189,2082,2083,-1,2140,2175,2141,-1,2141,2175,2177,-1,2141,2177,2148,-1,2148,2177,2179,-1,2148,2179,2147,-1,2147,2179,2181,-1,2147,2181,2149,-1,2149,2181,2183,-1,2149,2183,2138,-1,2138,2183,2185,-1,2138,2185,2153,-1,2153,2185,2187,-1,2153,2187,2154,-1,2154,2187,2190,-1,2133,2132,2187,-1,2187,2132,2191,-1,2187,2191,2190,-1,2176,2192,2178,-1,2178,2192,2193,-1,2178,2193,2180,-1,2180,2193,2194,-1,2180,2194,2182,-1,2182,2194,2195,-1,2182,2195,2184,-1,2184,2195,2196,-1,2184,2196,2186,-1,2186,2196,2197,-1,2186,2197,2133,-1,2133,2197,2130,-1,2133,2130,2131,-1,2131,2130,2129,-1,2198,2128,2199,-1,2199,2128,2130,-1,2199,2130,2200,-1,2200,2130,2197,-1,2200,2197,2201,-1,2201,2197,2196,-1,2201,2196,2202,-1,2202,2196,2195,-1,2202,2195,2203,-1,2203,2195,2194,-1,2203,2194,2204,-1,2204,2194,2193,-1,2204,2193,2205,-1,2205,2193,2192,-1,2205,2206,2204,-1,2204,2206,2207,-1,2204,2207,2203,-1,2203,2207,2208,-1,2203,2208,2202,-1,2202,2208,2209,-1,2202,2209,2201,-1,2201,2209,2210,-1,2201,2210,2200,-1,2200,2210,2211,-1,2200,2211,2199,-1,2199,2211,2127,-1,2199,2127,2198,-1,2198,2127,2126,-1,2206,2212,2207,-1,2207,2212,2213,-1,2207,2213,2208,-1,2208,2213,2214,-1,2208,2214,2209,-1,2209,2214,2215,-1,2209,2215,2210,-1,2210,2215,2216,-1,2210,2216,2211,-1,2211,2216,2217,-1,2211,2217,2127,-1,2127,2217,2124,-1,2127,2124,2125,-1,2125,2124,2123,-1,2218,2122,2219,-1,2219,2122,2124,-1,2219,2124,2220,-1,2220,2124,2217,-1,2220,2217,2221,-1,2221,2217,2216,-1,2221,2216,2222,-1,2222,2216,2215,-1,2222,2215,2223,-1,2223,2215,2214,-1,2223,2214,2224,-1,2224,2214,2213,-1,2224,2213,2225,-1,2225,2213,2212,-1,2225,2162,2224,-1,2224,2162,2164,-1,2224,2164,2223,-1,2223,2164,2166,-1,2223,2166,2222,-1,2222,2166,2168,-1,2222,2168,2221,-1,2221,2168,2170,-1,2221,2170,2220,-1,2220,2170,2172,-1,2220,2172,2219,-1,2219,2172,2121,-1,2219,2121,2218,-1,2218,2121,2120,-1,2119,2121,2226,-1,2226,2121,2188,-1,2226,2188,2227,-1,2227,2188,2189,-1,2227,2189,2228,-1,2228,2189,2083,-1,2228,2083,2004,-1,2229,2230,2105,-1,2231,2232,2107,-1,2233,2234,2095,-1,2095,2234,2096,-1,2096,2234,2097,-1,2097,2234,2235,-1,2097,2235,2098,-1,2098,2235,2090,-1,2090,2235,2236,-1,2090,2236,2091,-1,2237,2093,2092,-1,2236,2238,2091,-1,2091,2238,2239,-1,2091,2239,2092,-1,2092,2239,2240,-1,2092,2240,2237,-1,2241,2118,2101,-1,2237,2242,2093,-1,2093,2242,2241,-1,2093,2241,2094,-1,2094,2241,2101,-1,2118,2241,2117,-1,2117,2241,2243,-1,2117,2243,2244,-1,2245,2114,2246,-1,2246,2114,2113,-1,2246,2113,2112,-1,2244,2247,2117,-1,2117,2247,2246,-1,2117,2246,2116,-1,2116,2246,2112,-1,2245,2248,2114,-1,2114,2248,2249,-1,2114,2249,2115,-1,2250,2109,2249,-1,2249,2109,2108,-1,2249,2108,2115,-1,2250,2251,2109,-1,2109,2251,2252,-1,2109,2252,2110,-1,2110,2252,2111,-1,2111,2252,2107,-1,2107,2252,2253,-1,2107,2253,2231,-1,2229,2105,2232,-1,2232,2105,2106,-1,2232,2106,2107,-1,2156,2155,2254,-1,2150,2137,2255,-1,2255,2137,2136,-1,2255,2136,2256,-1,2256,2136,2158,-1,2256,2158,2254,-1,2254,2158,2157,-1,2254,2157,2156,-1,2257,2152,2255,-1,2255,2152,2151,-1,2255,2151,2150,-1,2258,2257,2259,-1,2259,2257,2260,-1,2259,2260,2261,-1,2261,2260,2262,-1,2261,2262,2263,-1,2263,2262,2264,-1,2263,2264,2265,-1,2265,2264,2266,-1,2265,2266,2267,-1,2267,2266,2268,-1,2267,2268,2269,-1,2269,2268,2270,-1,2271,2272,2273,-1,2247,2244,2274,-1,2238,2236,2275,-1,2237,2240,2276,-1,2276,2240,2239,-1,2244,2243,2274,-1,2274,2243,2241,-1,2274,2241,2242,-1,2248,2245,2277,-1,2277,2245,2246,-1,2252,2251,2278,-1,2278,2251,2250,-1,2278,2250,2249,-1,2279,2230,2229,-1,2253,2280,2231,-1,2231,2280,2279,-1,2231,2279,2232,-1,2232,2279,2229,-1,2271,2273,2281,-1,2282,2283,2281,-1,2284,2285,2282,-1,2282,2285,2286,-1,2282,2286,2283,-1,2287,2288,2289,-1,2289,2288,2290,-1,2289,2290,2291,-1,2292,2293,2294,-1,2294,2293,2295,-1,2296,2297,2298,-1,2298,2297,2299,-1,2298,2299,2300,-1,2301,2302,2303,-1,2303,2302,2304,-1,2281,2273,2282,-1,2282,2273,2305,-1,2282,2305,2306,-1,2305,2307,2306,-1,2306,2307,2308,-1,2306,2308,2309,-1,2308,2310,2309,-1,2309,2310,2311,-1,2309,2311,2312,-1,2312,2311,2313,-1,2312,2313,2314,-1,2314,2313,2315,-1,2314,2315,2316,-1,2315,2317,2316,-1,2316,2317,2318,-1,2316,2318,2319,-1,2319,2318,2320,-1,2319,2320,2321,-1,2320,2322,2321,-1,2321,2322,2323,-1,2321,2323,2280,-1,2280,2323,2324,-1,2280,2324,2279,-1,2253,2252,2280,-1,2280,2252,2278,-1,2280,2278,2321,-1,2321,2278,2325,-1,2321,2325,2319,-1,2319,2325,2326,-1,2319,2326,2316,-1,2316,2326,2327,-1,2316,2327,2314,-1,2314,2327,2328,-1,2314,2328,2312,-1,2312,2328,2329,-1,2312,2329,2309,-1,2309,2329,2330,-1,2309,2330,2306,-1,2306,2330,2331,-1,2306,2331,2282,-1,2282,2331,2289,-1,2282,2289,2284,-1,2284,2289,2291,-1,2249,2248,2278,-1,2278,2248,2277,-1,2278,2277,2325,-1,2325,2277,2332,-1,2325,2332,2326,-1,2326,2332,2333,-1,2326,2333,2327,-1,2327,2333,2334,-1,2327,2334,2328,-1,2328,2334,2335,-1,2328,2335,2329,-1,2329,2335,2336,-1,2329,2336,2330,-1,2330,2336,2337,-1,2330,2337,2331,-1,2331,2337,2338,-1,2331,2338,2289,-1,2289,2338,2294,-1,2289,2294,2287,-1,2287,2294,2295,-1,2246,2247,2277,-1,2277,2247,2274,-1,2277,2274,2332,-1,2332,2274,2339,-1,2332,2339,2333,-1,2333,2339,2340,-1,2333,2340,2334,-1,2334,2340,2341,-1,2334,2341,2335,-1,2335,2341,2342,-1,2335,2342,2336,-1,2336,2342,2343,-1,2336,2343,2337,-1,2337,2343,2344,-1,2337,2344,2338,-1,2338,2344,2345,-1,2338,2345,2294,-1,2294,2345,2298,-1,2294,2298,2292,-1,2292,2298,2300,-1,2242,2237,2274,-1,2274,2237,2276,-1,2274,2276,2339,-1,2339,2276,2346,-1,2339,2346,2340,-1,2340,2346,2347,-1,2340,2347,2341,-1,2341,2347,2348,-1,2341,2348,2342,-1,2342,2348,2349,-1,2342,2349,2343,-1,2343,2349,2350,-1,2343,2350,2344,-1,2344,2350,2351,-1,2344,2351,2345,-1,2345,2351,2352,-1,2345,2352,2298,-1,2298,2352,2303,-1,2298,2303,2296,-1,2296,2303,2304,-1,2239,2238,2276,-1,2276,2238,2275,-1,2276,2275,2346,-1,2346,2275,2353,-1,2346,2353,2347,-1,2347,2353,2354,-1,2347,2354,2348,-1,2348,2354,2355,-1,2348,2355,2349,-1,2349,2355,2356,-1,2349,2356,2350,-1,2350,2356,2357,-1,2350,2357,2351,-1,2351,2357,2358,-1,2351,2358,2352,-1,2352,2358,2359,-1,2352,2359,2303,-1,2303,2359,2360,-1,2303,2360,2301,-1,2361,2270,2268,-1,2362,2361,2363,-1,2364,2362,2365,-1,2364,2365,2366,-1,2366,2365,2367,-1,2366,2367,2368,-1,2368,2367,2369,-1,2368,2369,2370,-1,2370,2369,2371,-1,2370,2371,2372,-1,2372,2371,2373,-1,2372,2373,2374,-1,2374,2373,2256,-1,2374,2256,2254,-1,2362,2363,2365,-1,2365,2363,2375,-1,2365,2375,2367,-1,2367,2375,2376,-1,2367,2376,2369,-1,2369,2376,2377,-1,2369,2377,2371,-1,2371,2377,2378,-1,2371,2378,2373,-1,2373,2378,2255,-1,2373,2255,2256,-1,2361,2268,2363,-1,2363,2268,2266,-1,2363,2266,2375,-1,2375,2266,2264,-1,2375,2264,2376,-1,2376,2264,2262,-1,2376,2262,2377,-1,2377,2262,2260,-1,2377,2260,2378,-1,2378,2260,2257,-1,2378,2257,2255,-1,2379,2380,2293,-1,2381,2295,2382,-1,2382,2295,2293,-1,2382,2293,2383,-1,2383,2293,2380,-1,2292,2384,2293,-1,2293,2384,2385,-1,2293,2385,2379,-1,2292,2300,2384,-1,2384,2300,2299,-1,2384,2299,2297,-1,2296,2386,2297,-1,2297,2386,2387,-1,2297,2387,2384,-1,2296,2304,2386,-1,2386,2304,2302,-1,2386,2302,2301,-1,2388,2389,2390,-1,2390,2389,2391,-1,2390,2391,2301,-1,2301,2391,2392,-1,2301,2392,2386,-1,2390,2393,2388,-1,2388,2393,2394,-1,2388,2394,2395,-1,2290,2288,2396,-1,2396,2288,2287,-1,2396,2287,2397,-1,2397,2287,2295,-1,2397,2295,2398,-1,2398,2295,2381,-1,2285,2284,2399,-1,2399,2284,2291,-1,2399,2291,2400,-1,2400,2291,2290,-1,2400,2290,2401,-1,2401,2290,2396,-1,2399,2402,2285,-1,2285,2402,2403,-1,2285,2403,2286,-1,2286,2403,2404,-1,2286,2404,2283,-1,2405,2272,2406,-1,2406,2272,2271,-1,2406,2271,2404,-1,2404,2271,2281,-1,2404,2281,2283,-1,2404,2403,2374,-1,2399,2400,2372,-1,2382,2383,2368,-1,2407,2364,2408,-1,2408,2364,2366,-1,2408,2366,2409,-1,2380,2379,2410,-1,2409,2366,2411,-1,2411,2366,2368,-1,2411,2368,2410,-1,2410,2368,2383,-1,2410,2383,2380,-1,2372,2400,2370,-1,2370,2400,2401,-1,2370,2401,2396,-1,2396,2397,2370,-1,2370,2397,2398,-1,2370,2398,2368,-1,2368,2398,2381,-1,2368,2381,2382,-1,2374,2403,2372,-1,2372,2403,2402,-1,2372,2402,2399,-1,2254,2405,2374,-1,2374,2405,2406,-1,2374,2406,2404,-1,2410,2412,2411,-1,2411,2412,2413,-1,2411,2413,2409,-1,2414,2407,2413,-1,2413,2407,2408,-1,2413,2408,2409,-1,2395,2415,2388,-1,2388,2415,2416,-1,2388,2416,2389,-1,2389,2416,2391,-1,2391,2416,2417,-1,2391,2417,2392,-1,2392,2417,2386,-1,2386,2417,2418,-1,2386,2418,2387,-1,2387,2418,2384,-1,2384,2418,2412,-1,2384,2412,2385,-1,2385,2412,2410,-1,2385,2410,2379,-1,2419,2420,2421,-1,2422,2419,2423,-1,2424,2422,2425,-1,2415,2424,2426,-1,2415,2426,2416,-1,2416,2426,2427,-1,2416,2427,2417,-1,2417,2427,2428,-1,2417,2428,2418,-1,2418,2428,2429,-1,2418,2429,2412,-1,2412,2429,2430,-1,2412,2430,2413,-1,2413,2430,2431,-1,2413,2431,2414,-1,2424,2425,2426,-1,2426,2425,2432,-1,2426,2432,2427,-1,2427,2432,2433,-1,2427,2433,2428,-1,2428,2433,2434,-1,2428,2434,2429,-1,2429,2434,2435,-1,2429,2435,2430,-1,2430,2435,2436,-1,2430,2436,2431,-1,2422,2423,2425,-1,2425,2423,2437,-1,2425,2437,2432,-1,2432,2437,2438,-1,2432,2438,2433,-1,2433,2438,2439,-1,2433,2439,2434,-1,2434,2439,2440,-1,2434,2440,2435,-1,2435,2440,2441,-1,2435,2441,2436,-1,2419,2421,2423,-1,2423,2421,2442,-1,2423,2442,2437,-1,2437,2442,2443,-1,2437,2443,2438,-1,2438,2443,2444,-1,2438,2444,2439,-1,2439,2444,2445,-1,2439,2445,2440,-1,2440,2445,2446,-1,2440,2446,2441,-1,2447,2446,2445,-1,2448,2447,2449,-1,2450,2448,2451,-1,2450,2451,2452,-1,2452,2451,2453,-1,2452,2453,2454,-1,2454,2453,2455,-1,2454,2455,2456,-1,2456,2455,2457,-1,2456,2457,2458,-1,2458,2457,2459,-1,2458,2459,2460,-1,2460,2459,2461,-1,2460,2461,2462,-1,2463,2464,2465,-1,2448,2449,2451,-1,2451,2449,2466,-1,2451,2466,2453,-1,2453,2466,2467,-1,2453,2467,2455,-1,2455,2467,2468,-1,2455,2468,2457,-1,2457,2468,2463,-1,2457,2463,2459,-1,2459,2463,2465,-1,2459,2465,2461,-1,2447,2445,2449,-1,2449,2445,2444,-1,2449,2444,2466,-1,2466,2444,2443,-1,2466,2443,2467,-1,2467,2443,2442,-1,2467,2442,2468,-1,2468,2442,2421,-1,2468,2421,2463,-1,2463,2421,2420,-1,2463,2420,2464,-1,2469,2470,2471,-1,2472,2469,2473,-1,2474,2472,2475,-1,2476,2474,2477,-1,2462,2476,2478,-1,2462,2478,2460,-1,2460,2478,2479,-1,2460,2479,2458,-1,2458,2479,2480,-1,2458,2480,2456,-1,2456,2480,2481,-1,2456,2481,2454,-1,2454,2481,2482,-1,2454,2482,2452,-1,2452,2482,2483,-1,2452,2483,2450,-1,2476,2477,2478,-1,2478,2477,2484,-1,2478,2484,2479,-1,2479,2484,2485,-1,2479,2485,2480,-1,2480,2485,2486,-1,2480,2486,2481,-1,2481,2486,2487,-1,2481,2487,2482,-1,2482,2487,2488,-1,2482,2488,2483,-1,2474,2475,2477,-1,2477,2475,2489,-1,2477,2489,2484,-1,2484,2489,2490,-1,2484,2490,2485,-1,2485,2490,2491,-1,2485,2491,2486,-1,2486,2491,2492,-1,2486,2492,2487,-1,2487,2492,2493,-1,2487,2493,2488,-1,2472,2473,2475,-1,2475,2473,2494,-1,2475,2494,2489,-1,2489,2494,2495,-1,2489,2495,2490,-1,2490,2495,2496,-1,2490,2496,2491,-1,2491,2496,2497,-1,2491,2497,2492,-1,2492,2497,2498,-1,2492,2498,2493,-1,2469,2471,2473,-1,2473,2471,2499,-1,2473,2499,2494,-1,2494,2499,2500,-1,2494,2500,2495,-1,2495,2500,2501,-1,2495,2501,2496,-1,2496,2501,2502,-1,2496,2502,2497,-1,2497,2502,2503,-1,2497,2503,2498,-1,2470,2504,2471,-1,2471,2504,2505,-1,2471,2505,2499,-1,2499,2505,2506,-1,2499,2506,2500,-1,2500,2506,2507,-1,2500,2507,2501,-1,2501,2507,2508,-1,2501,2508,2502,-1,2502,2508,2509,-1,2502,2509,2503,-1,2503,2509,2510,-1,2511,2512,2513,-1,2513,2512,2514,-1,2514,2512,2515,-1,2515,2512,2516,-1,2515,2516,2517,-1,2517,2516,2518,-1,2518,2516,2519,-1,2518,2519,2520,-1,2520,2519,2521,-1,2521,2519,2522,-1,2521,2522,2523,-1,2523,2522,2524,-1,2524,2522,2525,-1,2524,2525,2526,-1,2526,2525,2527,-1,2527,2525,2528,-1,2527,2528,2529,-1,2530,2528,2525,-1,2531,2530,2532,-1,2533,2531,2534,-1,2535,2533,2536,-1,2535,2536,2537,-1,2537,2536,2538,-1,2537,2538,2539,-1,2539,2538,2540,-1,2539,2540,2541,-1,2541,2540,2542,-1,2541,2542,2543,-1,2543,2542,2544,-1,2543,2544,2545,-1,2545,2544,2546,-1,2545,2546,2547,-1,2533,2534,2536,-1,2536,2534,2548,-1,2536,2548,2538,-1,2538,2548,2549,-1,2538,2549,2540,-1,2540,2549,2550,-1,2540,2550,2542,-1,2542,2550,2551,-1,2542,2551,2544,-1,2544,2551,2552,-1,2544,2552,2546,-1,2531,2532,2534,-1,2534,2532,2553,-1,2534,2553,2548,-1,2548,2553,2554,-1,2548,2554,2549,-1,2549,2554,2555,-1,2549,2555,2550,-1,2550,2555,2556,-1,2550,2556,2551,-1,2551,2556,2557,-1,2551,2557,2552,-1,2530,2525,2532,-1,2532,2525,2522,-1,2532,2522,2553,-1,2553,2522,2519,-1,2553,2519,2554,-1,2554,2519,2516,-1,2554,2516,2555,-1,2555,2516,2512,-1,2555,2512,2556,-1,2556,2512,2511,-1,2556,2511,2557,-1,2558,2559,2560,-1,2561,2558,2562,-1,2547,2561,2563,-1,2547,2563,2545,-1,2545,2563,2564,-1,2545,2564,2543,-1,2543,2564,2565,-1,2543,2565,2541,-1,2541,2565,2566,-1,2541,2566,2539,-1,2539,2566,2567,-1,2539,2567,2537,-1,2537,2567,2568,-1,2537,2568,2535,-1,2561,2562,2563,-1,2563,2562,2569,-1,2563,2569,2564,-1,2564,2569,2570,-1,2564,2570,2565,-1,2565,2570,2571,-1,2565,2571,2566,-1,2566,2571,2572,-1,2566,2572,2567,-1,2567,2572,2573,-1,2567,2573,2568,-1,2558,2560,2562,-1,2562,2560,2574,-1,2562,2574,2569,-1,2569,2574,2575,-1,2569,2575,2570,-1,2570,2575,2576,-1,2570,2576,2571,-1,2571,2576,2577,-1,2571,2577,2572,-1,2572,2577,2578,-1,2572,2578,2573,-1,2579,2578,2577,-1,2580,2579,2581,-1,2582,2580,2583,-1,2584,2582,2585,-1,2585,2582,2586,-1,2585,2586,2587,-1,2587,2586,2588,-1,2588,2586,2589,-1,2588,2589,2590,-1,2590,2589,2591,-1,2591,2589,2592,-1,2591,2592,2593,-1,2593,2592,2594,-1,2594,2592,2595,-1,2594,2595,2596,-1,2596,2595,2597,-1,2597,2595,2598,-1,2597,2598,2599,-1,2599,2598,2600,-1,2600,2598,2601,-1,2600,2601,2602,-1,2582,2583,2586,-1,2586,2583,2603,-1,2586,2603,2589,-1,2589,2603,2604,-1,2589,2604,2592,-1,2592,2604,2605,-1,2592,2605,2595,-1,2595,2605,2606,-1,2595,2606,2598,-1,2598,2606,2607,-1,2598,2607,2601,-1,2580,2581,2583,-1,2583,2581,2608,-1,2583,2608,2603,-1,2603,2608,2609,-1,2603,2609,2604,-1,2604,2609,2610,-1,2604,2610,2605,-1,2605,2610,2611,-1,2605,2611,2606,-1,2606,2611,2612,-1,2606,2612,2607,-1,2579,2577,2581,-1,2581,2577,2576,-1,2581,2576,2608,-1,2608,2576,2575,-1,2608,2575,2609,-1,2609,2575,2574,-1,2609,2574,2610,-1,2610,2574,2560,-1,2610,2560,2611,-1,2611,2560,2559,-1,2611,2559,2612,-1,2613,2614,2615,-1,2615,2614,2616,-1,2615,2616,2617,-1,2617,2616,2618,-1,2617,2618,2619,-1,2619,2618,2620,-1,2619,2620,2621,-1,2621,2620,2622,-1,2621,2622,2623,-1,2623,2622,2624,-1,2623,2624,2625,-1,2625,2624,2626,-1,2627,2584,2628,-1,2628,2584,2585,-1,2628,2585,2629,-1,2629,2585,2587,-1,2629,2587,2630,-1,2630,2587,2588,-1,2630,2588,2631,-1,2631,2588,2590,-1,2631,2590,2632,-1,2632,2590,2591,-1,2632,2591,2633,-1,2633,2591,2593,-1,2633,2593,2634,-1,2634,2593,2594,-1,2634,2594,2635,-1,2635,2594,2596,-1,2635,2596,2636,-1,2636,2596,2597,-1,2636,2597,2637,-1,2637,2597,2599,-1,2637,2599,2638,-1,2638,2599,2600,-1,2638,2600,2613,-1,2613,2600,2602,-1,2628,2629,2639,-1,2630,2631,2640,-1,2632,2633,2641,-1,2634,2635,2642,-1,2636,2637,2643,-1,2613,2644,2645,-1,2646,2644,2613,-1,2615,2646,2613,-1,2613,2647,2643,-1,2637,2638,2643,-1,2643,2638,2613,-1,2645,2647,2613,-1,2615,2617,2646,-1,2646,2617,2648,-1,2646,2648,2644,-1,2644,2648,2649,-1,2644,2649,2645,-1,2645,2649,2650,-1,2645,2650,2647,-1,2647,2650,2651,-1,2647,2651,2643,-1,2643,2651,2642,-1,2643,2642,2636,-1,2636,2642,2635,-1,2617,2619,2648,-1,2648,2619,2652,-1,2648,2652,2649,-1,2649,2652,2653,-1,2649,2653,2650,-1,2650,2653,2654,-1,2650,2654,2651,-1,2651,2654,2655,-1,2651,2655,2642,-1,2642,2655,2641,-1,2642,2641,2634,-1,2634,2641,2633,-1,2619,2621,2652,-1,2652,2621,2656,-1,2652,2656,2653,-1,2653,2656,2657,-1,2653,2657,2654,-1,2654,2657,2658,-1,2654,2658,2655,-1,2655,2658,2659,-1,2655,2659,2641,-1,2641,2659,2640,-1,2641,2640,2632,-1,2632,2640,2631,-1,2621,2623,2656,-1,2656,2623,2660,-1,2656,2660,2657,-1,2657,2660,2661,-1,2657,2661,2658,-1,2658,2661,2662,-1,2658,2662,2659,-1,2659,2662,2663,-1,2659,2663,2640,-1,2640,2663,2639,-1,2640,2639,2630,-1,2630,2639,2629,-1,2623,2625,2660,-1,2660,2625,2664,-1,2660,2664,2661,-1,2661,2664,2665,-1,2661,2665,2662,-1,2662,2665,2666,-1,2662,2666,2663,-1,2663,2666,2667,-1,2663,2667,2639,-1,2639,2667,2668,-1,2639,2668,2628,-1,2628,2668,2627,-1,2669,2627,2670,-1,2670,2627,2668,-1,2670,2668,2671,-1,2671,2668,2672,-1,2672,2668,2667,-1,2672,2667,2673,-1,2673,2667,2674,-1,2674,2667,2666,-1,2674,2666,2675,-1,2675,2666,2665,-1,2675,2665,2676,-1,2676,2665,2664,-1,2676,2664,2677,-1,2677,2664,2625,-1,2677,2625,2678,-1,2671,2679,2680,-1,2681,2669,2680,-1,2680,2669,2670,-1,2680,2670,2671,-1,2673,2682,2683,-1,2679,2671,2683,-1,2683,2671,2672,-1,2683,2672,2673,-1,2682,2673,2684,-1,2684,2673,2674,-1,2684,2674,2685,-1,2674,2675,2685,-1,2685,2675,2676,-1,2685,2676,2686,-1,2686,2676,2677,-1,2686,2677,2687,-1,2687,2677,2678,-1,2687,2678,2688,-1,2689,2690,2691,-1,2691,2690,2692,-1,2691,2692,2693,-1,2693,2692,2694,-1,2693,2694,2695,-1,2695,2694,2696,-1,2695,2696,2697,-1,2697,2696,2698,-1,2697,2698,2699,-1,2699,2698,2700,-1,2699,2700,2701,-1,2701,2700,2702,-1,2687,2688,2702,-1,2702,2703,2687,-1,2687,2703,2704,-1,2687,2704,2686,-1,2704,2705,2686,-1,2686,2705,2706,-1,2686,2706,2685,-1,2707,2681,2708,-1,2708,2681,2680,-1,2708,2680,2709,-1,2709,2680,2679,-1,2709,2679,2710,-1,2710,2679,2683,-1,2710,2683,2711,-1,2711,2683,2682,-1,2711,2682,2712,-1,2712,2682,2684,-1,2712,2684,2713,-1,2713,2684,2685,-1,2713,2685,2714,-1,2714,2685,2706,-1,2715,2716,2717,-1,2717,2716,2718,-1,2717,2718,2719,-1,2719,2718,2720,-1,2719,2720,2721,-1,2720,2722,2721,-1,2721,2722,2723,-1,2721,2723,2724,-1,2724,2723,2725,-1,2690,2717,2726,-1,2726,2717,2719,-1,2726,2719,2727,-1,2727,2719,2721,-1,2727,2721,2728,-1,2728,2721,2724,-1,2728,2724,2729,-1,2729,2724,2730,-1,2729,2730,2731,-1,2690,2732,2692,-1,2692,2732,2733,-1,2692,2733,2694,-1,2694,2733,2734,-1,2694,2734,2696,-1,2696,2734,2735,-1,2696,2735,2698,-1,2698,2735,2736,-1,2698,2736,2700,-1,2700,2736,2703,-1,2700,2703,2702,-1,2737,2705,2704,-1,2690,2738,2732,-1,2732,2738,2739,-1,2732,2739,2733,-1,2733,2739,2740,-1,2733,2740,2734,-1,2734,2740,2741,-1,2734,2741,2735,-1,2735,2741,2737,-1,2735,2737,2736,-1,2736,2737,2704,-1,2736,2704,2703,-1,2742,2714,2706,-1,2690,2743,2738,-1,2738,2743,2744,-1,2738,2744,2739,-1,2739,2744,2745,-1,2739,2745,2740,-1,2740,2745,2746,-1,2740,2746,2741,-1,2741,2746,2742,-1,2741,2742,2737,-1,2737,2742,2706,-1,2737,2706,2705,-1,2747,2712,2713,-1,2690,2748,2743,-1,2743,2748,2749,-1,2743,2749,2744,-1,2744,2749,2750,-1,2744,2750,2745,-1,2745,2750,2751,-1,2745,2751,2746,-1,2746,2751,2747,-1,2746,2747,2742,-1,2742,2747,2713,-1,2742,2713,2714,-1,2731,2710,2711,-1,2690,2726,2748,-1,2748,2726,2727,-1,2748,2727,2749,-1,2749,2727,2728,-1,2749,2728,2750,-1,2750,2728,2729,-1,2750,2729,2751,-1,2751,2729,2731,-1,2751,2731,2747,-1,2747,2731,2711,-1,2747,2711,2712,-1,2715,2717,2690,-1,2725,2752,2724,-1,2724,2752,2753,-1,2724,2753,2730,-1,2730,2753,2754,-1,2730,2754,2755,-1,2710,2731,2709,-1,2709,2731,2730,-1,2709,2730,2708,-1,2708,2730,2755,-1,2708,2755,2707,-1,2756,2707,2757,-1,2757,2707,2755,-1,2757,2755,2758,-1,2758,2755,2754,-1,2758,2754,2759,-1,2759,2754,2753,-1,2759,2753,2760,-1,2760,2753,2752,-1,2760,2752,2761,-1,2761,2752,2725,-1,2761,2725,2762,-1,2762,2725,2723,-1,2762,2723,2763,-1,2763,2723,2722,-1,2763,2722,2764,-1,2764,2722,2720,-1,2764,2720,2765,-1,2765,2720,2718,-1,2765,2718,2766,-1,2766,2718,2716,-1,2766,2716,2767,-1,2767,2716,2715,-1,2767,2715,2768,-1,2768,2715,2690,-1,2769,2770,2771,-1,2757,2758,2772,-1,2756,2757,2773,-1,2773,2757,2772,-1,2773,2772,2774,-1,2774,2772,2775,-1,2774,2775,2776,-1,2776,2775,2777,-1,2776,2777,2778,-1,2779,2780,2781,-1,2758,2759,2772,-1,2772,2759,2770,-1,2772,2770,2775,-1,2775,2770,2769,-1,2775,2769,2777,-1,2782,2783,2780,-1,2784,2785,2783,-1,2780,2779,2782,-1,2782,2779,2786,-1,2782,2786,2787,-1,2787,2786,2788,-1,2787,2788,2789,-1,2759,2760,2770,-1,2770,2760,2761,-1,2770,2761,2771,-1,2771,2761,2762,-1,2771,2762,2763,-1,2763,2788,2771,-1,2771,2788,2786,-1,2771,2786,2769,-1,2769,2786,2779,-1,2769,2779,2777,-1,2777,2779,2781,-1,2777,2781,2778,-1,2790,2785,2791,-1,2791,2785,2784,-1,2791,2784,2792,-1,2793,2790,2794,-1,2794,2790,2791,-1,2794,2791,2795,-1,2795,2791,2792,-1,2795,2792,2796,-1,2763,2764,2788,-1,2788,2764,2765,-1,2788,2765,2789,-1,2789,2765,2766,-1,2789,2766,2767,-1,2783,2782,2784,-1,2784,2782,2787,-1,2784,2787,2792,-1,2792,2787,2789,-1,2792,2789,2796,-1,2796,2789,2767,-1,2796,2767,2768,-1,2797,2798,2799,-1,2800,2797,2801,-1,2793,2800,2802,-1,2793,2802,2790,-1,2790,2802,2803,-1,2790,2803,2785,-1,2785,2803,2804,-1,2785,2804,2783,-1,2783,2804,2805,-1,2783,2805,2780,-1,2780,2805,2806,-1,2780,2806,2781,-1,2781,2806,2807,-1,2781,2807,2778,-1,2800,2801,2802,-1,2802,2801,2808,-1,2802,2808,2803,-1,2803,2808,2809,-1,2803,2809,2804,-1,2804,2809,2810,-1,2804,2810,2805,-1,2805,2810,2811,-1,2805,2811,2806,-1,2806,2811,2812,-1,2806,2812,2807,-1,2797,2799,2801,-1,2801,2799,2813,-1,2801,2813,2808,-1,2808,2813,2814,-1,2808,2814,2809,-1,2809,2814,2815,-1,2809,2815,2810,-1,2810,2815,2816,-1,2810,2816,2811,-1,2811,2816,2817,-1,2811,2817,2812,-1,2818,2817,2816,-1,2819,2818,2820,-1,2821,2819,2822,-1,2823,2821,2824,-1,2823,2824,2825,-1,2825,2824,2826,-1,2825,2826,2827,-1,2827,2826,2828,-1,2827,2828,2829,-1,2829,2828,2830,-1,2829,2830,2831,-1,2831,2830,2832,-1,2831,2832,2833,-1,2833,2832,2834,-1,2833,2834,2835,-1,2821,2822,2824,-1,2824,2822,2836,-1,2824,2836,2826,-1,2826,2836,2837,-1,2826,2837,2828,-1,2828,2837,2838,-1,2828,2838,2830,-1,2830,2838,2839,-1,2830,2839,2832,-1,2832,2839,2840,-1,2832,2840,2834,-1,2819,2820,2822,-1,2822,2820,2841,-1,2822,2841,2836,-1,2836,2841,2842,-1,2836,2842,2837,-1,2837,2842,2843,-1,2837,2843,2838,-1,2838,2843,2844,-1,2838,2844,2839,-1,2839,2844,2845,-1,2839,2845,2840,-1,2818,2816,2820,-1,2820,2816,2815,-1,2820,2815,2841,-1,2841,2815,2814,-1,2841,2814,2842,-1,2842,2814,2813,-1,2842,2813,2843,-1,2843,2813,2799,-1,2843,2799,2844,-1,2844,2799,2798,-1,2844,2798,2845,-1,2846,2823,2847,-1,2847,2823,2825,-1,2847,2825,2848,-1,2848,2825,2849,-1,2849,2825,2827,-1,2849,2827,2850,-1,2850,2827,2851,-1,2851,2827,2829,-1,2851,2829,2852,-1,2852,2829,2831,-1,2852,2831,2853,-1,2853,2831,2833,-1,2853,2833,2854,-1,2854,2833,2835,-1,2854,2835,2855,-1,2,3,2856,-1,2,2856,2857,-1,2857,2856,2858,-1,2857,2858,2859,-1,2859,2858,2860,-1,2859,2860,2861,-1,2861,2860,2862,-1,2861,2862,2863,-1,2863,2862,2864,-1,2863,2864,2865,-1,2865,2864,2866,-1,2865,2866,2867,-1,2868,2869,2870,-1,2870,2869,2871,-1,2870,2871,2872,-1,2872,2871,2873,-1,2872,2873,2874,-1,2874,2873,2875,-1,2874,2875,2876,-1,2876,2875,2877,-1,2876,2877,2878,-1,2878,2877,2879,-1,2878,2879,0,-1,0,2879,1,-1,2880,2881,2882,-1,2880,2882,2883,-1,2883,2882,2884,-1,2883,2884,2885,-1,2885,2884,2886,-1,2885,2886,2887,-1,2887,2886,2888,-1,2887,2888,2889,-1,2889,2888,2890,-1,2889,2890,2891,-1,2891,2890,2892,-1,2891,2892,2893,-1,2894,2895,2896,-1,2894,2896,2897,-1,2897,2896,2898,-1,2897,2898,2899,-1,2899,2898,2900,-1,2899,2900,2901,-1,2901,2900,2902,-1,2901,2902,2903,-1,2903,2902,2904,-1,2903,2904,2905,-1,2905,2904,496,-1,2905,496,2906,-1,2907,2908,2895,-1,2909,2910,2911,-1,2912,497,496,-1,497,2912,500,-1,515,514,2913,-1,2913,514,2914,-1,2913,2914,2915,-1,512,511,2910,-1,2910,511,509,-1,2910,509,2911,-1,2911,509,508,-1,2911,508,506,-1,2916,504,503,-1,503,501,2917,-1,2917,501,500,-1,2915,2914,2918,-1,2918,2914,2919,-1,2918,2919,2920,-1,514,512,2914,-1,2914,512,2910,-1,2914,2910,2919,-1,2919,2910,2909,-1,2919,2909,2921,-1,2904,2902,2922,-1,2922,2923,2924,-1,2925,2926,2927,-1,2927,2926,2921,-1,2927,2921,2928,-1,2928,2921,2909,-1,2928,2909,2929,-1,2929,2909,2911,-1,2929,2911,2916,-1,2916,2911,506,-1,2916,506,504,-1,2926,2930,2921,-1,2921,2930,2931,-1,2921,2931,2919,-1,2919,2931,2932,-1,2919,2932,2920,-1,2924,2933,2934,-1,503,2917,2916,-1,2916,2917,2935,-1,2916,2935,2929,-1,2929,2935,2936,-1,2929,2936,2928,-1,2928,2936,2937,-1,2928,2937,2927,-1,2927,2937,2938,-1,2927,2938,2925,-1,2908,2907,2934,-1,2934,2933,2908,-1,2908,2933,2939,-1,2908,2939,2895,-1,2924,2923,2933,-1,2933,2923,2940,-1,2933,2940,2939,-1,2939,2940,2941,-1,2939,2941,2895,-1,2922,2902,2923,-1,2923,2902,2900,-1,2923,2900,2940,-1,2940,2900,2898,-1,2940,2898,2941,-1,2941,2898,2896,-1,2941,2896,2895,-1,2895,2942,2938,-1,2938,2942,2943,-1,2938,2943,2925,-1,500,2912,2917,-1,2917,2912,2944,-1,2917,2944,2935,-1,2935,2944,2945,-1,2935,2945,2936,-1,2936,2945,2946,-1,2936,2946,2937,-1,2937,2946,2947,-1,2937,2947,2938,-1,2938,2947,2895,-1,496,2904,2912,-1,2912,2904,2922,-1,2912,2922,2944,-1,2944,2922,2924,-1,2944,2924,2945,-1,2945,2924,2934,-1,2945,2934,2946,-1,2946,2934,2907,-1,2946,2907,2947,-1,2947,2907,2895,-1,929,927,2948,-1,929,2948,2949,-1,2949,2948,2950,-1,2949,2950,2951,-1,2952,2950,2953,-1,2953,2950,2948,-1,2953,2948,2954,-1,2954,2948,927,-1,2954,927,925,-1,2955,2956,2951,-1,2957,2952,2958,-1,2958,2952,2953,-1,2958,2953,2959,-1,2959,2953,2954,-1,2959,2954,2960,-1,2960,2954,925,-1,2960,925,923,-1,2961,2962,2956,-1,2963,2957,2964,-1,2964,2957,2958,-1,2964,2958,2965,-1,2965,2958,2959,-1,2965,2959,2966,-1,2966,2959,2960,-1,2966,2960,2967,-1,2967,2960,923,-1,2967,923,921,-1,2968,2969,2970,-1,2970,2969,2962,-1,2962,2961,2970,-1,2970,2961,2971,-1,2970,2971,2968,-1,2956,2955,2961,-1,2961,2955,2972,-1,2961,2972,2971,-1,2971,2972,2973,-1,2971,2973,2968,-1,2968,2963,2974,-1,2974,2963,2964,-1,2974,2964,2975,-1,2975,2964,2965,-1,2975,2965,2976,-1,2976,2965,2966,-1,2976,2966,2977,-1,2977,2966,2967,-1,2977,2967,2978,-1,2978,2967,921,-1,2978,921,919,-1,2968,2974,2979,-1,2979,2974,2975,-1,2979,2975,2980,-1,2980,2975,2976,-1,2980,2976,2981,-1,2981,2976,2977,-1,2981,2977,2982,-1,2982,2977,2978,-1,2982,2978,2983,-1,2983,2978,919,-1,2983,919,917,-1,2951,2950,2955,-1,2955,2950,2952,-1,2955,2952,2972,-1,2972,2952,2957,-1,2972,2957,2973,-1,2973,2957,2963,-1,2973,2963,2968,-1,2984,2985,2913,-1,2913,2985,2986,-1,2913,2986,515,-1,2913,2915,2984,-1,2984,2915,2918,-1,2984,2918,2987,-1,2987,2918,2920,-1,2920,2932,2987,-1,2987,2932,2931,-1,2987,2931,2988,-1,2931,2930,2988,-1,2988,2930,2926,-1,2988,2926,2989,-1,2926,2925,2989,-1,2989,2925,2943,-1,2989,2943,2990,-1,2943,2942,2990,-1,2990,2942,2895,-1,2990,2895,2991,-1,2992,2968,2993,-1,2993,2968,2979,-1,2993,2979,2994,-1,2994,2979,2980,-1,2994,2980,2995,-1,2995,2980,2981,-1,2995,2981,2996,-1,2996,2981,2982,-1,2996,2982,2997,-1,2997,2982,2983,-1,2997,2983,2986,-1,2986,2983,917,-1,2968,2998,2969,-1,2969,2998,2999,-1,2969,2999,2962,-1,2962,2999,3000,-1,2962,3000,2956,-1,2956,3000,3001,-1,2956,3001,2951,-1,2951,3001,3002,-1,2951,3002,2949,-1,2949,3002,3003,-1,2949,3003,929,-1,929,3003,555,-1,2986,2985,3004,-1,3005,3006,3007,-1,3007,3008,3005,-1,3005,3008,3009,-1,3005,3009,3010,-1,3009,3011,3010,-1,3010,3011,3012,-1,3010,3012,3013,-1,3012,3014,3013,-1,3013,3014,3015,-1,3013,3015,3016,-1,2991,3017,2990,-1,2990,3017,3018,-1,2990,3018,2989,-1,2989,3018,3019,-1,2989,3019,2988,-1,2988,3019,3020,-1,2988,3020,2987,-1,2987,3020,3021,-1,2987,3021,2984,-1,2984,3021,3022,-1,2984,3022,2985,-1,3017,3023,3018,-1,3018,3023,3024,-1,3018,3024,3019,-1,3019,3024,3025,-1,3019,3025,3020,-1,3020,3025,3026,-1,3020,3026,3021,-1,3021,3026,3027,-1,3021,3027,3022,-1,3022,3027,3028,-1,3023,3029,3024,-1,3024,3029,3030,-1,3024,3030,3025,-1,3025,3030,3031,-1,3025,3031,3026,-1,3026,3031,3032,-1,3026,3032,3027,-1,3027,3032,3033,-1,3027,3033,3028,-1,3028,3033,3034,-1,3029,3035,3030,-1,3030,3035,3036,-1,3030,3036,3031,-1,3031,3036,3037,-1,3031,3037,3032,-1,3032,3037,3038,-1,3032,3038,3033,-1,3033,3038,3039,-1,3033,3039,3034,-1,3034,3039,3040,-1,3035,3006,3036,-1,3036,3006,3005,-1,3036,3005,3037,-1,3037,3005,3010,-1,3037,3010,3038,-1,3038,3010,3013,-1,3038,3013,3039,-1,3039,3013,3016,-1,3039,3016,3040,-1,3040,3016,3041,-1,3015,3042,3016,-1,3016,3042,3043,-1,3016,3043,3041,-1,3041,3043,3044,-1,3041,3044,3045,-1,2985,3022,3004,-1,3004,3022,3028,-1,3004,3028,3046,-1,3046,3028,3034,-1,3046,3034,3047,-1,3047,3034,3040,-1,3047,3040,3048,-1,3048,3040,3041,-1,3048,3041,3049,-1,3049,3041,3045,-1,3049,3045,3050,-1,2986,3004,2997,-1,2997,3004,3046,-1,2997,3046,2996,-1,2996,3046,3047,-1,2996,3047,2995,-1,2995,3047,3048,-1,2995,3048,2994,-1,2994,3048,3049,-1,2994,3049,2993,-1,2993,3049,3050,-1,2993,3050,2992,-1,3051,3052,3053,-1,567,3052,572,-1,572,3052,3051,-1,572,3051,570,-1,570,3051,3054,-1,3055,3056,3054,-1,3057,3053,3058,-1,3058,3053,3052,-1,3058,3052,3059,-1,3059,3052,567,-1,3059,567,565,-1,3060,3061,3056,-1,3062,3057,3063,-1,3063,3057,3058,-1,3063,3058,3064,-1,3064,3058,3059,-1,3064,3059,3065,-1,3065,3059,565,-1,3065,565,562,-1,3066,3067,3061,-1,3068,3062,3069,-1,3069,3062,3063,-1,3069,3063,3070,-1,3070,3063,3064,-1,3070,3064,3071,-1,3071,3064,3065,-1,3071,3065,3072,-1,3072,3065,562,-1,3072,562,559,-1,2998,3073,3074,-1,3074,3073,3067,-1,3067,3066,3074,-1,3074,3066,3075,-1,3074,3075,2998,-1,3061,3060,3066,-1,3066,3060,3076,-1,3066,3076,3075,-1,3075,3076,3077,-1,3075,3077,2998,-1,3056,3055,3060,-1,3060,3055,3078,-1,3060,3078,3076,-1,3076,3078,3079,-1,3076,3079,3077,-1,3077,3079,3080,-1,3077,3080,2998,-1,2998,3068,3081,-1,3081,3068,3069,-1,3081,3069,3082,-1,3082,3069,3070,-1,3082,3070,3083,-1,3083,3070,3071,-1,3083,3071,3084,-1,3084,3071,3072,-1,3084,3072,3085,-1,3085,3072,559,-1,3085,559,557,-1,2998,3081,2999,-1,2999,3081,3082,-1,2999,3082,3000,-1,3000,3082,3083,-1,3000,3083,3001,-1,3001,3083,3084,-1,3001,3084,3002,-1,3002,3084,3085,-1,3002,3085,3003,-1,3003,3085,557,-1,3003,557,555,-1,3054,3051,3055,-1,3055,3051,3053,-1,3055,3053,3078,-1,3078,3053,3057,-1,3078,3057,3079,-1,3079,3057,3062,-1,3079,3062,3080,-1,3080,3062,3068,-1,3080,3068,2998,-1,3007,3086,3008,-1,3008,3086,3087,-1,3008,3087,3009,-1,3009,3087,3088,-1,3009,3088,3011,-1,3011,3088,3089,-1,3011,3089,3012,-1,3012,3089,3090,-1,3012,3090,3014,-1,3014,3090,3091,-1,3014,3091,3015,-1,3015,3091,3092,-1,3015,3092,3042,-1,3042,3092,3093,-1,3042,3093,3043,-1,3043,3093,3094,-1,3043,3094,3044,-1,3044,3094,3095,-1,3044,3095,3045,-1,3045,3095,3096,-1,3045,3096,3050,-1,3050,3096,3097,-1,3050,3097,2992,-1,2992,3097,3098,-1,2998,3098,3073,-1,3073,3098,3099,-1,3073,3099,3067,-1,3067,3099,3100,-1,3067,3100,3061,-1,3061,3100,3101,-1,3061,3101,3056,-1,3056,3101,3102,-1,3056,3102,3054,-1,3054,3102,3103,-1,3054,3103,570,-1,570,3103,3104,-1,3105,3106,3107,-1,3086,3108,3087,-1,3087,3108,3109,-1,3087,3109,3088,-1,3088,3109,3110,-1,3107,3111,3105,-1,3105,3111,3112,-1,3105,3112,3113,-1,3114,3090,3110,-1,3110,3090,3089,-1,3110,3089,3088,-1,3112,3115,3113,-1,3113,3115,3116,-1,3113,3116,3117,-1,3118,3092,3114,-1,3114,3092,3091,-1,3114,3091,3090,-1,3116,3119,3117,-1,3117,3119,3120,-1,3117,3120,3121,-1,3096,3095,3122,-1,3122,3095,3094,-1,3122,3094,3118,-1,3118,3094,3093,-1,3118,3093,3092,-1,3108,3123,3109,-1,3109,3123,3124,-1,3109,3124,3110,-1,3110,3124,3125,-1,3110,3125,3114,-1,3114,3125,3126,-1,3114,3126,3118,-1,3118,3126,3127,-1,3118,3127,3122,-1,3122,3127,3128,-1,3123,3129,3124,-1,3124,3129,3130,-1,3124,3130,3125,-1,3125,3130,3131,-1,3125,3131,3126,-1,3126,3131,3132,-1,3126,3132,3127,-1,3127,3132,3133,-1,3127,3133,3128,-1,3128,3133,3134,-1,3129,3135,3130,-1,3130,3135,3136,-1,3130,3136,3131,-1,3131,3136,3137,-1,3131,3137,3132,-1,3132,3137,3138,-1,3132,3138,3133,-1,3133,3138,3139,-1,3133,3139,3134,-1,3134,3139,3140,-1,3135,3106,3136,-1,3136,3106,3105,-1,3136,3105,3137,-1,3137,3105,3113,-1,3137,3113,3138,-1,3138,3113,3117,-1,3138,3117,3139,-1,3139,3117,3121,-1,3139,3121,3140,-1,3140,3121,3141,-1,3098,3097,3142,-1,3142,3097,3096,-1,3120,3143,3121,-1,3121,3143,3144,-1,3121,3144,3141,-1,3141,3144,3145,-1,3141,3145,3146,-1,3096,3122,3142,-1,3142,3122,3128,-1,3142,3128,3147,-1,3147,3128,3134,-1,3147,3134,3148,-1,3148,3134,3140,-1,3148,3140,3149,-1,3149,3140,3141,-1,3149,3141,3150,-1,3150,3141,3146,-1,3150,3146,3151,-1,3098,3142,3099,-1,3099,3142,3147,-1,3099,3147,3100,-1,3100,3147,3148,-1,3100,3148,3101,-1,3101,3148,3149,-1,3101,3149,3102,-1,3102,3149,3150,-1,3102,3150,3103,-1,3103,3150,3151,-1,3103,3151,3104,-1,3104,3151,438,-1,438,3151,3152,-1,3151,3146,3152,-1,3152,3146,3145,-1,3152,3145,3153,-1,3145,3144,3153,-1,3153,3144,3143,-1,3153,3143,3154,-1,3154,3143,3120,-1,3154,3120,3155,-1,3120,3119,3155,-1,3155,3119,3116,-1,3155,3116,3156,-1,3116,3115,3156,-1,3156,3115,3112,-1,3156,3112,3157,-1,3157,3112,3111,-1,3157,3111,3107,-1,435,438,3152,-1,431,433,3158,-1,427,429,3159,-1,423,425,3160,-1,419,421,3161,-1,416,417,3162,-1,417,419,3162,-1,3162,419,3161,-1,3162,3161,3163,-1,3163,3161,3164,-1,3163,3164,3165,-1,3165,3164,3166,-1,3165,3166,3167,-1,3167,3166,3168,-1,3167,3168,3169,-1,3169,3168,3170,-1,3169,3170,3157,-1,421,423,3161,-1,3161,423,3160,-1,3161,3160,3164,-1,3164,3160,3171,-1,3164,3171,3166,-1,3166,3171,3172,-1,3166,3172,3168,-1,3168,3172,3173,-1,3168,3173,3170,-1,3170,3173,3174,-1,3170,3174,3157,-1,415,416,3175,-1,3175,416,3162,-1,3175,3162,3176,-1,3176,3162,3163,-1,3176,3163,3177,-1,3177,3163,3165,-1,3177,3165,3178,-1,3178,3165,3167,-1,3178,3167,3179,-1,3179,3167,3169,-1,3179,3169,3157,-1,429,431,3159,-1,3159,431,3158,-1,3159,3158,3180,-1,3180,3158,3181,-1,3180,3181,3182,-1,3182,3181,3183,-1,3182,3183,3184,-1,3184,3183,3185,-1,3184,3185,3186,-1,3186,3185,3187,-1,3186,3187,3157,-1,433,435,3158,-1,3158,435,3152,-1,3158,3152,3181,-1,3181,3152,3153,-1,3181,3153,3183,-1,3183,3153,3154,-1,3183,3154,3185,-1,3185,3154,3155,-1,3185,3155,3187,-1,3187,3155,3156,-1,3187,3156,3157,-1,425,427,3160,-1,3160,427,3159,-1,3160,3159,3171,-1,3171,3159,3180,-1,3171,3180,3172,-1,3172,3180,3182,-1,3172,3182,3173,-1,3173,3182,3184,-1,3173,3184,3174,-1,3174,3184,3186,-1,3174,3186,3157,-1,3157,3188,3189,-1,3157,3189,3179,-1,3179,3189,3190,-1,3179,3190,3178,-1,3178,3190,3191,-1,3178,3191,3177,-1,3177,3191,3192,-1,3177,3192,3176,-1,3176,3192,3193,-1,3176,3193,3175,-1,3175,3193,3194,-1,3175,3194,415,-1,3195,3196,3197,-1,3198,3199,3200,-1,3201,3202,3203,-1,3204,3205,3206,-1,3207,3208,3209,-1,3210,3211,3212,-1,3213,3214,3215,-1,3216,3213,3217,-1,3218,3216,3219,-1,3220,3218,3221,-1,3222,3220,3223,-1,3224,3222,3225,-1,3226,3224,3227,-1,3228,3226,3229,-1,3230,3228,3231,-1,3232,3230,3233,-1,3234,3232,3235,-1,3236,3234,3237,-1,3238,3236,3239,-1,3240,3211,3241,-1,3241,3211,3210,-1,3241,3210,3242,-1,3243,3212,3244,-1,3244,3212,3211,-1,3244,3211,3245,-1,3245,3211,3240,-1,3245,3240,3246,-1,3247,3248,3249,-1,3249,3248,3250,-1,3249,3250,3251,-1,3251,3250,3252,-1,3251,3252,3253,-1,3253,3252,3254,-1,3253,3254,3255,-1,3256,3243,3257,-1,3257,3243,3244,-1,3257,3244,3258,-1,3258,3244,3245,-1,3258,3245,3259,-1,3259,3245,3246,-1,3259,3246,3260,-1,3261,3247,3262,-1,3262,3247,3249,-1,3262,3249,3263,-1,3263,3249,3251,-1,3263,3251,3264,-1,3264,3251,3253,-1,3264,3253,3265,-1,3265,3253,3255,-1,3265,3255,3266,-1,3267,3256,3268,-1,3268,3256,3257,-1,3268,3257,3269,-1,3269,3257,3258,-1,3269,3258,3270,-1,3270,3258,3259,-1,3270,3259,3271,-1,3271,3259,3260,-1,3271,3260,3272,-1,3273,3261,3274,-1,3274,3261,3262,-1,3274,3262,3275,-1,3275,3262,3263,-1,3275,3263,3276,-1,3276,3263,3264,-1,3276,3264,3277,-1,3277,3264,3265,-1,3277,3265,3278,-1,3278,3265,3266,-1,3278,3266,3279,-1,3280,3281,3282,-1,3283,3267,3284,-1,3284,3267,3268,-1,3284,3268,3285,-1,3285,3268,3269,-1,3285,3269,3286,-1,3286,3269,3270,-1,3286,3270,3287,-1,3287,3270,3271,-1,3287,3271,3288,-1,3288,3271,3272,-1,3288,3272,3238,-1,3289,3290,3291,-1,3292,3293,3294,-1,3294,3293,3289,-1,3294,3289,3295,-1,3295,3289,3291,-1,3295,3291,3296,-1,3297,3298,3299,-1,3299,3298,3300,-1,3299,3300,3301,-1,3301,3300,3302,-1,3301,3302,3303,-1,3303,3302,3304,-1,3303,3304,3305,-1,3305,3304,3306,-1,3305,3306,3307,-1,3307,3306,3308,-1,3307,3308,3309,-1,3309,3308,3310,-1,3311,3312,3313,-1,3313,3312,3314,-1,3313,3314,3315,-1,3315,3314,3316,-1,3315,3316,3317,-1,3317,3316,3318,-1,3317,3318,3319,-1,3319,3318,3320,-1,3319,3320,3321,-1,3321,3320,3322,-1,3321,3322,3323,-1,3323,3322,3324,-1,3325,3326,3327,-1,3327,3326,3328,-1,3327,3328,3329,-1,3329,3328,3330,-1,3329,3330,3331,-1,3331,3330,3332,-1,3331,3332,3333,-1,3333,3332,3334,-1,3333,3334,3335,-1,3335,3334,3336,-1,3335,3336,3337,-1,3337,3336,3338,-1,3339,3281,3340,-1,3340,3281,3280,-1,3340,3280,3341,-1,3342,3343,3344,-1,3344,3343,3345,-1,3344,3345,3346,-1,3346,3345,3347,-1,3346,3347,3348,-1,3348,3347,3349,-1,3348,3349,3350,-1,3350,3349,3351,-1,3350,3351,3352,-1,3352,3351,3353,-1,3352,3353,3354,-1,3354,3353,3355,-1,3354,3355,3356,-1,3356,3355,3357,-1,3358,3359,3360,-1,3360,3359,3361,-1,3360,3361,3362,-1,3362,3361,3363,-1,3362,3363,3364,-1,3364,3363,3365,-1,3364,3365,3366,-1,3366,3365,3367,-1,3366,3367,3368,-1,3368,3367,3369,-1,3368,3369,3370,-1,3370,3369,3371,-1,3359,3372,3361,-1,3361,3372,3373,-1,3361,3373,3363,-1,3363,3373,3374,-1,3363,3374,3365,-1,3365,3374,3375,-1,3365,3375,3367,-1,3367,3375,3376,-1,3367,3376,3369,-1,3369,3376,3377,-1,3369,3377,3371,-1,3371,3377,3378,-1,3371,3378,3379,-1,3379,3378,3380,-1,3381,3382,3383,-1,3383,3382,3384,-1,3383,3384,3385,-1,3385,3384,3386,-1,3385,3386,3387,-1,3387,3386,3388,-1,3387,3388,3389,-1,3389,3388,3390,-1,3389,3390,3391,-1,3382,3296,3384,-1,3384,3296,3291,-1,3384,3291,3386,-1,3386,3291,3290,-1,3386,3290,3388,-1,3388,3290,3392,-1,3388,3392,3390,-1,3293,3393,3289,-1,3289,3393,3394,-1,3289,3394,3290,-1,3290,3394,3395,-1,3290,3395,3392,-1,3208,3292,3209,-1,3209,3292,3294,-1,3209,3294,3396,-1,3396,3294,3295,-1,3396,3295,3397,-1,3397,3295,3296,-1,3397,3296,3398,-1,3398,3296,3382,-1,3398,3382,3399,-1,3399,3382,3381,-1,3399,3381,3400,-1,3214,3297,3400,-1,3400,3297,3299,-1,3400,3299,3399,-1,3399,3299,3301,-1,3399,3301,3398,-1,3398,3301,3303,-1,3398,3303,3397,-1,3397,3303,3305,-1,3397,3305,3396,-1,3396,3305,3307,-1,3396,3307,3209,-1,3209,3307,3309,-1,3209,3309,3207,-1,3401,3402,3403,-1,3403,3402,3310,-1,3403,3310,3404,-1,3404,3310,3308,-1,3404,3308,3405,-1,3405,3308,3306,-1,3405,3306,3406,-1,3406,3306,3304,-1,3406,3304,3407,-1,3407,3304,3302,-1,3407,3302,3408,-1,3408,3302,3300,-1,3408,3300,3409,-1,3409,3300,3298,-1,3402,3410,3310,-1,3310,3410,3411,-1,3310,3411,3309,-1,3309,3411,3412,-1,3309,3412,3207,-1,3409,3311,3408,-1,3408,3311,3313,-1,3408,3313,3407,-1,3407,3313,3315,-1,3407,3315,3406,-1,3406,3315,3317,-1,3406,3317,3405,-1,3405,3317,3319,-1,3405,3319,3404,-1,3404,3319,3321,-1,3404,3321,3403,-1,3403,3321,3323,-1,3403,3323,3401,-1,3413,3414,3415,-1,3415,3414,3324,-1,3415,3324,3416,-1,3416,3324,3322,-1,3416,3322,3417,-1,3417,3322,3320,-1,3417,3320,3418,-1,3418,3320,3318,-1,3418,3318,3419,-1,3419,3318,3316,-1,3419,3316,3420,-1,3420,3316,3314,-1,3420,3314,3421,-1,3421,3314,3312,-1,3414,3422,3324,-1,3324,3422,3423,-1,3324,3423,3323,-1,3323,3423,3424,-1,3323,3424,3401,-1,3421,3325,3420,-1,3420,3325,3327,-1,3420,3327,3419,-1,3419,3327,3329,-1,3419,3329,3418,-1,3418,3329,3331,-1,3418,3331,3417,-1,3417,3331,3333,-1,3417,3333,3416,-1,3416,3333,3335,-1,3416,3335,3415,-1,3415,3335,3337,-1,3415,3337,3413,-1,3425,3426,3427,-1,3427,3426,3338,-1,3427,3338,3428,-1,3428,3338,3336,-1,3428,3336,3429,-1,3429,3336,3334,-1,3429,3334,3430,-1,3430,3334,3332,-1,3430,3332,3431,-1,3431,3332,3330,-1,3431,3330,3432,-1,3432,3330,3328,-1,3432,3328,3433,-1,3433,3328,3326,-1,3426,3434,3338,-1,3338,3434,3435,-1,3338,3435,3337,-1,3337,3435,3436,-1,3337,3436,3413,-1,3437,3425,3279,-1,3279,3425,3427,-1,3279,3427,3278,-1,3278,3427,3428,-1,3278,3428,3277,-1,3277,3428,3429,-1,3277,3429,3276,-1,3276,3429,3430,-1,3276,3430,3275,-1,3275,3430,3431,-1,3275,3431,3274,-1,3274,3431,3432,-1,3274,3432,3273,-1,3273,3432,3433,-1,3254,3282,3255,-1,3255,3282,3281,-1,3255,3281,3266,-1,3266,3281,3339,-1,3266,3339,3279,-1,3279,3339,3438,-1,3279,3438,3437,-1,3439,3440,3341,-1,3341,3440,3441,-1,3341,3441,3340,-1,3340,3441,3442,-1,3340,3442,3339,-1,3339,3442,3443,-1,3339,3443,3438,-1,3248,3342,3250,-1,3250,3342,3344,-1,3250,3344,3252,-1,3252,3344,3346,-1,3252,3346,3254,-1,3254,3346,3348,-1,3254,3348,3282,-1,3282,3348,3350,-1,3282,3350,3280,-1,3280,3350,3352,-1,3280,3352,3341,-1,3341,3352,3354,-1,3341,3354,3439,-1,3439,3354,3356,-1,3343,3358,3345,-1,3345,3358,3360,-1,3345,3360,3347,-1,3347,3360,3362,-1,3347,3362,3349,-1,3349,3362,3364,-1,3349,3364,3351,-1,3351,3364,3366,-1,3351,3366,3353,-1,3353,3366,3368,-1,3353,3368,3355,-1,3355,3368,3370,-1,3355,3370,3357,-1,3379,3444,3371,-1,3371,3444,3445,-1,3371,3445,3370,-1,3370,3445,3446,-1,3370,3446,3357,-1,3372,3242,3373,-1,3373,3242,3210,-1,3373,3210,3374,-1,3374,3210,3212,-1,3374,3212,3375,-1,3375,3212,3243,-1,3375,3243,3376,-1,3376,3243,3256,-1,3376,3256,3377,-1,3377,3256,3267,-1,3377,3267,3378,-1,3378,3267,3283,-1,3378,3283,3380,-1,3380,3283,3447,-1,3448,3449,3450,-1,3238,3239,3288,-1,3288,3239,3451,-1,3288,3451,3287,-1,3287,3451,3452,-1,3287,3452,3286,-1,3286,3452,3453,-1,3286,3453,3285,-1,3285,3453,3454,-1,3285,3454,3284,-1,3284,3454,3448,-1,3284,3448,3283,-1,3283,3448,3450,-1,3283,3450,3447,-1,3236,3237,3239,-1,3239,3237,3455,-1,3239,3455,3451,-1,3451,3455,3456,-1,3451,3456,3452,-1,3452,3456,3457,-1,3452,3457,3453,-1,3453,3457,3458,-1,3453,3458,3454,-1,3454,3458,3206,-1,3454,3206,3448,-1,3448,3206,3205,-1,3448,3205,3449,-1,3234,3235,3237,-1,3237,3235,3459,-1,3237,3459,3455,-1,3455,3459,3460,-1,3455,3460,3456,-1,3456,3460,3461,-1,3456,3461,3457,-1,3457,3461,3462,-1,3457,3462,3458,-1,3458,3462,3463,-1,3458,3463,3206,-1,3206,3463,3464,-1,3206,3464,3204,-1,3465,3466,3467,-1,3232,3233,3235,-1,3235,3233,3468,-1,3235,3468,3459,-1,3459,3468,3469,-1,3459,3469,3460,-1,3460,3469,3470,-1,3460,3470,3461,-1,3461,3470,3471,-1,3461,3471,3462,-1,3462,3471,3465,-1,3462,3465,3463,-1,3463,3465,3467,-1,3463,3467,3464,-1,3230,3231,3233,-1,3233,3231,3472,-1,3233,3472,3468,-1,3468,3472,3473,-1,3468,3473,3469,-1,3469,3473,3474,-1,3469,3474,3470,-1,3470,3474,3475,-1,3470,3475,3471,-1,3471,3475,3203,-1,3471,3203,3465,-1,3465,3203,3202,-1,3465,3202,3466,-1,3228,3229,3231,-1,3231,3229,3476,-1,3231,3476,3472,-1,3472,3476,3477,-1,3472,3477,3473,-1,3473,3477,3478,-1,3473,3478,3474,-1,3474,3478,3479,-1,3474,3479,3475,-1,3475,3479,3480,-1,3475,3480,3203,-1,3203,3480,3481,-1,3203,3481,3201,-1,3482,3483,3484,-1,3226,3227,3229,-1,3229,3227,3485,-1,3229,3485,3476,-1,3476,3485,3486,-1,3476,3486,3477,-1,3477,3486,3487,-1,3477,3487,3478,-1,3478,3487,3488,-1,3478,3488,3479,-1,3479,3488,3482,-1,3479,3482,3480,-1,3480,3482,3484,-1,3480,3484,3481,-1,3224,3225,3227,-1,3227,3225,3489,-1,3227,3489,3485,-1,3485,3489,3490,-1,3485,3490,3486,-1,3486,3490,3491,-1,3486,3491,3487,-1,3487,3491,3492,-1,3487,3492,3488,-1,3488,3492,3200,-1,3488,3200,3482,-1,3482,3200,3199,-1,3482,3199,3483,-1,3222,3223,3225,-1,3225,3223,3493,-1,3225,3493,3489,-1,3489,3493,3494,-1,3489,3494,3490,-1,3490,3494,3495,-1,3490,3495,3491,-1,3491,3495,3496,-1,3491,3496,3492,-1,3492,3496,3497,-1,3492,3497,3200,-1,3200,3497,3498,-1,3200,3498,3198,-1,3499,3500,3501,-1,3220,3221,3223,-1,3223,3221,3502,-1,3223,3502,3493,-1,3493,3502,3503,-1,3493,3503,3494,-1,3494,3503,3504,-1,3494,3504,3495,-1,3495,3504,3505,-1,3495,3505,3496,-1,3496,3505,3499,-1,3496,3499,3497,-1,3497,3499,3501,-1,3497,3501,3498,-1,3218,3219,3221,-1,3221,3219,3506,-1,3221,3506,3502,-1,3502,3506,3507,-1,3502,3507,3503,-1,3503,3507,3508,-1,3503,3508,3504,-1,3504,3508,3509,-1,3504,3509,3505,-1,3505,3509,3197,-1,3505,3197,3499,-1,3499,3197,3196,-1,3499,3196,3500,-1,3216,3217,3219,-1,3219,3217,3510,-1,3219,3510,3506,-1,3506,3510,3511,-1,3506,3511,3507,-1,3507,3511,3512,-1,3507,3512,3508,-1,3508,3512,3513,-1,3508,3513,3509,-1,3509,3513,3514,-1,3509,3514,3197,-1,3197,3514,3515,-1,3197,3515,3195,-1,3516,3517,3518,-1,3213,3215,3217,-1,3217,3215,3519,-1,3217,3519,3510,-1,3510,3519,3520,-1,3510,3520,3511,-1,3511,3520,3521,-1,3511,3521,3512,-1,3512,3521,3522,-1,3512,3522,3513,-1,3513,3522,3516,-1,3513,3516,3514,-1,3514,3516,3518,-1,3514,3518,3515,-1,3214,3400,3215,-1,3215,3400,3381,-1,3215,3381,3519,-1,3519,3381,3383,-1,3519,3383,3520,-1,3520,3383,3385,-1,3520,3385,3521,-1,3521,3385,3387,-1,3521,3387,3522,-1,3522,3387,3389,-1,3522,3389,3516,-1,3516,3389,3391,-1,3516,3391,3517,-1,3523,3524,3525,-1,3526,3527,3528,-1,3529,3530,3531,-1,3532,3533,3534,-1,3535,3536,3537,-1,3538,3539,3540,-1,3541,3542,3543,-1,3544,3545,3546,-1,3547,3548,3549,-1,3550,3551,3552,-1,3553,3554,3555,-1,3556,3557,3558,-1,3559,3560,3561,-1,3562,3563,3564,-1,3565,3566,3567,-1,3568,3569,3570,-1,3571,3572,3573,-1,3573,3572,3574,-1,3573,3574,3575,-1,3575,3574,3576,-1,3575,3576,3577,-1,3577,3576,3578,-1,3577,3578,3579,-1,3579,3578,3580,-1,3579,3580,3581,-1,3581,3580,3564,-1,3582,3583,3584,-1,3584,3583,3585,-1,3584,3585,3586,-1,3586,3585,3587,-1,3586,3587,3588,-1,3588,3587,3589,-1,3588,3589,3590,-1,3590,3589,3591,-1,3590,3591,3592,-1,3592,3591,3558,-1,3593,3594,3595,-1,3595,3594,3596,-1,3595,3596,3597,-1,3597,3596,3598,-1,3597,3598,3599,-1,3599,3598,3600,-1,3599,3600,3601,-1,3601,3600,3602,-1,3601,3602,3603,-1,3603,3602,3555,-1,3604,3605,3606,-1,3606,3605,3607,-1,3606,3607,3608,-1,3608,3607,3609,-1,3608,3609,3610,-1,3610,3609,3611,-1,3610,3611,3612,-1,3612,3611,3613,-1,3612,3613,3614,-1,3614,3613,3549,-1,3615,3616,3617,-1,3617,3616,3618,-1,3617,3618,3619,-1,3619,3618,3620,-1,3619,3620,3621,-1,3621,3620,3622,-1,3621,3622,3623,-1,3623,3622,3624,-1,3623,3624,3625,-1,3625,3624,3540,-1,3626,3627,3628,-1,3628,3627,3629,-1,3628,3629,3630,-1,3630,3629,3631,-1,3630,3631,3632,-1,3632,3631,3633,-1,3632,3633,3634,-1,3634,3633,3635,-1,3634,3635,3636,-1,3636,3635,3534,-1,3637,3638,3639,-1,3639,3638,3640,-1,3639,3640,3641,-1,3641,3640,3642,-1,3641,3642,3643,-1,3643,3642,3644,-1,3643,3644,3645,-1,3645,3644,3646,-1,3645,3646,3647,-1,3647,3646,3531,-1,3648,3649,3650,-1,3650,3649,3651,-1,3650,3651,3652,-1,3652,3651,3653,-1,3652,3653,3654,-1,3654,3653,3655,-1,3654,3655,3656,-1,3656,3655,3657,-1,3656,3657,3658,-1,3658,3657,3525,-1,3659,3660,3661,-1,3661,3660,3662,-1,3661,3662,3663,-1,3663,3662,3664,-1,3663,3664,3665,-1,3665,3664,3666,-1,3665,3666,3667,-1,3667,3666,3668,-1,3667,3668,3669,-1,3669,3668,3570,-1,3669,3570,3670,-1,3670,3570,3569,-1,3660,3671,3662,-1,3662,3671,3672,-1,3662,3672,3664,-1,3664,3672,3673,-1,3664,3673,3666,-1,3666,3673,3674,-1,3666,3674,3668,-1,3668,3674,3675,-1,3668,3675,3570,-1,3570,3675,3567,-1,3570,3567,3568,-1,3568,3567,3566,-1,3676,3565,3677,-1,3677,3565,3567,-1,3677,3567,3678,-1,3678,3567,3675,-1,3678,3675,3679,-1,3679,3675,3674,-1,3679,3674,3680,-1,3680,3674,3673,-1,3680,3673,3681,-1,3681,3673,3672,-1,3681,3672,3682,-1,3682,3672,3671,-1,3682,3571,3681,-1,3681,3571,3573,-1,3681,3573,3680,-1,3680,3573,3575,-1,3680,3575,3679,-1,3679,3575,3577,-1,3679,3577,3678,-1,3678,3577,3579,-1,3678,3579,3677,-1,3677,3579,3581,-1,3677,3581,3676,-1,3676,3581,3683,-1,3564,3563,3581,-1,3581,3563,3684,-1,3581,3684,3683,-1,3560,3562,3561,-1,3561,3562,3564,-1,3561,3564,3685,-1,3685,3564,3580,-1,3685,3580,3686,-1,3686,3580,3578,-1,3686,3578,3687,-1,3687,3578,3576,-1,3687,3576,3688,-1,3688,3576,3574,-1,3688,3574,3689,-1,3689,3574,3572,-1,3690,3559,3691,-1,3691,3559,3561,-1,3691,3561,3692,-1,3692,3561,3685,-1,3692,3685,3693,-1,3693,3685,3686,-1,3693,3686,3694,-1,3694,3686,3687,-1,3694,3687,3695,-1,3695,3687,3688,-1,3695,3688,3696,-1,3696,3688,3689,-1,3696,3582,3695,-1,3695,3582,3584,-1,3695,3584,3694,-1,3694,3584,3586,-1,3694,3586,3693,-1,3693,3586,3588,-1,3693,3588,3692,-1,3692,3588,3590,-1,3692,3590,3691,-1,3691,3590,3592,-1,3691,3592,3690,-1,3690,3592,3697,-1,3558,3557,3592,-1,3592,3557,3698,-1,3592,3698,3697,-1,3699,3556,3700,-1,3700,3556,3558,-1,3700,3558,3701,-1,3701,3558,3591,-1,3701,3591,3702,-1,3702,3591,3589,-1,3702,3589,3703,-1,3703,3589,3587,-1,3703,3587,3704,-1,3704,3587,3585,-1,3704,3585,3705,-1,3705,3585,3583,-1,3705,3593,3704,-1,3704,3593,3595,-1,3704,3595,3703,-1,3703,3595,3597,-1,3703,3597,3702,-1,3702,3597,3599,-1,3702,3599,3701,-1,3701,3599,3601,-1,3701,3601,3700,-1,3700,3601,3603,-1,3700,3603,3699,-1,3699,3603,3706,-1,3555,3554,3603,-1,3603,3554,3707,-1,3603,3707,3706,-1,3594,3708,3596,-1,3596,3708,3709,-1,3596,3709,3598,-1,3598,3709,3710,-1,3598,3710,3600,-1,3600,3710,3711,-1,3600,3711,3602,-1,3602,3711,3712,-1,3602,3712,3555,-1,3555,3712,3552,-1,3555,3552,3553,-1,3553,3552,3551,-1,3713,3550,3714,-1,3714,3550,3552,-1,3714,3552,3715,-1,3715,3552,3712,-1,3715,3712,3716,-1,3716,3712,3711,-1,3716,3711,3717,-1,3717,3711,3710,-1,3717,3710,3718,-1,3718,3710,3709,-1,3718,3709,3719,-1,3719,3709,3708,-1,3719,3604,3718,-1,3718,3604,3606,-1,3718,3606,3717,-1,3717,3606,3608,-1,3717,3608,3716,-1,3716,3608,3610,-1,3716,3610,3715,-1,3715,3610,3612,-1,3715,3612,3714,-1,3714,3612,3614,-1,3714,3614,3713,-1,3713,3614,3720,-1,3549,3548,3614,-1,3614,3548,3721,-1,3614,3721,3720,-1,3722,3547,3723,-1,3723,3547,3549,-1,3723,3549,3724,-1,3724,3549,3613,-1,3724,3613,3725,-1,3725,3613,3611,-1,3725,3611,3726,-1,3726,3611,3609,-1,3726,3609,3727,-1,3727,3609,3607,-1,3727,3607,3728,-1,3728,3607,3605,-1,3728,3729,3727,-1,3727,3729,3730,-1,3727,3730,3726,-1,3726,3730,3731,-1,3726,3731,3725,-1,3725,3731,3732,-1,3725,3732,3724,-1,3724,3732,3733,-1,3724,3733,3723,-1,3723,3733,3734,-1,3723,3734,3722,-1,3722,3734,3735,-1,3729,3736,3730,-1,3730,3736,3737,-1,3730,3737,3731,-1,3731,3737,3738,-1,3731,3738,3732,-1,3732,3738,3739,-1,3732,3739,3733,-1,3733,3739,3740,-1,3733,3740,3734,-1,3734,3740,3546,-1,3734,3546,3735,-1,3735,3546,3545,-1,3736,3741,3737,-1,3737,3741,3742,-1,3737,3742,3738,-1,3738,3742,3743,-1,3738,3743,3739,-1,3739,3743,3744,-1,3739,3744,3740,-1,3740,3744,3745,-1,3740,3745,3546,-1,3546,3745,3543,-1,3546,3543,3544,-1,3544,3543,3542,-1,3746,3541,3747,-1,3747,3541,3543,-1,3747,3543,3748,-1,3748,3543,3745,-1,3748,3745,3749,-1,3749,3745,3744,-1,3749,3744,3750,-1,3750,3744,3743,-1,3750,3743,3751,-1,3751,3743,3742,-1,3751,3742,3752,-1,3752,3742,3741,-1,3752,3615,3751,-1,3751,3615,3617,-1,3751,3617,3750,-1,3750,3617,3619,-1,3750,3619,3749,-1,3749,3619,3621,-1,3749,3621,3748,-1,3748,3621,3623,-1,3748,3623,3747,-1,3747,3623,3625,-1,3747,3625,3746,-1,3746,3625,3753,-1,3540,3539,3625,-1,3625,3539,3754,-1,3625,3754,3753,-1,3536,3538,3537,-1,3537,3538,3540,-1,3537,3540,3755,-1,3755,3540,3624,-1,3755,3624,3756,-1,3756,3624,3622,-1,3756,3622,3757,-1,3757,3622,3620,-1,3757,3620,3758,-1,3758,3620,3618,-1,3758,3618,3759,-1,3759,3618,3616,-1,3760,3535,3761,-1,3761,3535,3537,-1,3761,3537,3762,-1,3762,3537,3755,-1,3762,3755,3763,-1,3763,3755,3756,-1,3763,3756,3764,-1,3764,3756,3757,-1,3764,3757,3765,-1,3765,3757,3758,-1,3765,3758,3766,-1,3766,3758,3759,-1,3766,3626,3765,-1,3765,3626,3628,-1,3765,3628,3764,-1,3764,3628,3630,-1,3764,3630,3763,-1,3763,3630,3632,-1,3763,3632,3762,-1,3762,3632,3634,-1,3762,3634,3761,-1,3761,3634,3636,-1,3761,3636,3760,-1,3760,3636,3767,-1,3534,3533,3636,-1,3636,3533,3768,-1,3636,3768,3767,-1,3769,3532,3770,-1,3770,3532,3534,-1,3770,3534,3771,-1,3771,3534,3635,-1,3771,3635,3772,-1,3772,3635,3633,-1,3772,3633,3773,-1,3773,3633,3631,-1,3773,3631,3774,-1,3774,3631,3629,-1,3774,3629,3775,-1,3775,3629,3627,-1,3775,3637,3774,-1,3774,3637,3639,-1,3774,3639,3773,-1,3773,3639,3641,-1,3773,3641,3772,-1,3772,3641,3643,-1,3772,3643,3771,-1,3771,3643,3645,-1,3771,3645,3770,-1,3770,3645,3647,-1,3770,3647,3769,-1,3769,3647,3776,-1,3531,3530,3647,-1,3647,3530,3777,-1,3647,3777,3776,-1,3638,3778,3640,-1,3640,3778,3779,-1,3640,3779,3642,-1,3642,3779,3780,-1,3642,3780,3644,-1,3644,3780,3781,-1,3644,3781,3646,-1,3646,3781,3782,-1,3646,3782,3531,-1,3531,3782,3528,-1,3531,3528,3529,-1,3529,3528,3527,-1,3783,3526,3784,-1,3784,3526,3528,-1,3784,3528,3785,-1,3785,3528,3782,-1,3785,3782,3786,-1,3786,3782,3781,-1,3786,3781,3787,-1,3787,3781,3780,-1,3787,3780,3788,-1,3788,3780,3779,-1,3788,3779,3789,-1,3789,3779,3778,-1,3789,3648,3788,-1,3788,3648,3650,-1,3788,3650,3787,-1,3787,3650,3652,-1,3787,3652,3786,-1,3786,3652,3654,-1,3786,3654,3785,-1,3785,3654,3656,-1,3785,3656,3784,-1,3784,3656,3658,-1,3784,3658,3783,-1,3783,3658,3790,-1,3525,3524,3658,-1,3658,3524,3791,-1,3658,3791,3790,-1,3792,3523,3793,-1,3793,3523,3525,-1,3793,3525,3794,-1,3794,3525,3657,-1,3794,3657,3795,-1,3795,3657,3655,-1,3795,3655,3796,-1,3796,3655,3653,-1,3796,3653,3797,-1,3797,3653,3651,-1,3797,3651,3798,-1,3798,3651,3649,-1,3798,3659,3797,-1,3797,3659,3661,-1,3797,3661,3796,-1,3796,3661,3663,-1,3796,3663,3795,-1,3795,3663,3665,-1,3795,3665,3794,-1,3794,3665,3667,-1,3794,3667,3793,-1,3793,3667,3669,-1,3793,3669,3792,-1,3792,3669,3670,-1,63,59,3799,-1,3799,59,3800,-1,3799,3800,3801,-1,3801,3800,3802,-1,3801,3802,3803,-1,3803,3802,3804,-1,3803,3804,3805,-1,3805,3804,3806,-1,3805,3806,3807,-1,3807,3806,3808,-1,3807,3808,3809,-1,59,58,3800,-1,3800,58,3810,-1,3800,3810,3802,-1,3802,3810,3811,-1,3802,3811,3804,-1,3804,3811,3812,-1,3804,3812,3806,-1,3806,3812,3813,-1,3806,3813,3808,-1,3808,3813,3814,-1,3808,3814,3809,-1,58,2626,3815,-1,58,3815,3810,-1,3810,3815,3816,-1,3810,3816,3811,-1,3811,3816,3817,-1,3811,3817,3812,-1,3812,3817,3818,-1,3812,3818,3813,-1,3813,3818,3819,-1,3813,3819,3814,-1,3814,3819,3820,-1,3814,3820,3809,-1,3821,63,3822,-1,3822,63,3823,-1,3823,63,3824,-1,3824,63,3799,-1,3824,3799,3825,-1,3825,3799,3801,-1,3825,3801,3826,-1,3826,3801,3827,-1,3827,3801,3803,-1,3827,3803,3828,-1,3805,3829,3803,-1,3803,3829,3830,-1,3803,3830,3828,-1,3807,3809,3831,-1,3831,3832,3807,-1,3807,3832,3833,-1,3807,3833,3805,-1,3805,3833,3834,-1,3805,3834,3829,-1,3835,3836,3837,-1,3837,3836,3838,-1,3837,3838,3839,-1,3839,3838,3840,-1,3840,3838,3841,-1,3840,3841,3842,-1,3842,3841,3843,-1,3843,3841,3844,-1,3843,3844,3845,-1,3845,3844,3846,-1,3846,3844,3847,-1,3846,3847,3848,-1,3848,3847,3849,-1,3849,3847,3850,-1,3849,3850,3851,-1,3851,3850,3852,-1,3852,3850,2616,-1,3852,2616,2614,-1,3836,3853,3838,-1,3838,3853,3854,-1,3838,3854,3841,-1,3841,3854,3855,-1,3841,3855,3844,-1,3844,3855,3856,-1,3844,3856,3847,-1,3847,3856,3857,-1,3847,3857,3850,-1,3850,3857,3858,-1,3850,3858,2616,-1,2616,3858,2618,-1,3853,3859,3854,-1,3854,3859,3860,-1,3854,3860,3855,-1,3855,3860,3861,-1,3855,3861,3856,-1,3856,3861,3862,-1,3856,3862,3857,-1,3857,3862,3863,-1,3857,3863,3858,-1,3858,3863,3864,-1,3858,3864,2618,-1,2618,3864,2620,-1,3859,3865,3860,-1,3860,3865,3866,-1,3860,3866,3861,-1,3861,3866,3867,-1,3861,3867,3862,-1,3862,3867,3868,-1,3862,3868,3863,-1,3863,3868,3869,-1,3863,3869,3864,-1,3864,3869,3870,-1,3864,3870,2620,-1,2620,3870,2622,-1,3865,3871,3866,-1,3866,3871,3872,-1,3866,3872,3867,-1,3867,3872,3873,-1,3867,3873,3868,-1,3868,3873,3874,-1,3868,3874,3869,-1,3869,3874,3875,-1,3869,3875,3870,-1,3870,3875,3876,-1,3870,3876,2622,-1,2622,3876,2624,-1,3871,3820,3872,-1,3872,3820,3819,-1,3872,3819,3873,-1,3873,3819,3818,-1,3873,3818,3874,-1,3874,3818,3817,-1,3874,3817,3875,-1,3875,3817,3816,-1,3875,3816,3876,-1,3876,3816,3815,-1,3876,3815,2624,-1,2624,3815,2626,-1,3877,3821,3878,-1,3878,3821,3822,-1,3878,3822,3879,-1,3879,3822,3823,-1,3879,3823,3880,-1,3880,3823,3824,-1,3880,3824,3881,-1,3881,3824,3825,-1,3881,3825,3882,-1,3882,3825,3826,-1,3882,3826,3883,-1,3826,3827,3883,-1,3883,3827,3828,-1,3883,3828,3884,-1,3884,3828,3830,-1,3884,3830,3885,-1,3885,3830,3829,-1,3885,3829,3886,-1,3886,3829,3887,-1,3887,3829,3834,-1,3887,3834,3888,-1,3888,3834,3833,-1,3888,3833,3889,-1,3833,3832,3889,-1,3889,3832,3831,-1,3889,3831,3890,-1,2513,3891,2614,-1,2614,3891,3852,-1,3852,3891,3851,-1,3851,3891,3892,-1,3851,3892,3849,-1,3849,3892,3893,-1,3849,3893,3848,-1,3848,3893,3894,-1,3848,3894,3846,-1,3846,3894,3895,-1,3846,3895,3845,-1,3845,3895,3896,-1,3845,3896,3843,-1,3843,3896,3897,-1,3843,3897,3842,-1,3842,3897,3898,-1,3842,3898,3840,-1,3840,3898,3899,-1,3840,3899,3839,-1,3839,3899,3900,-1,3839,3900,3837,-1,3900,3901,3837,-1,3837,3901,3902,-1,3837,3902,3835,-1,3890,3903,3889,-1,3889,3903,3904,-1,3905,3887,3904,-1,3904,3887,3888,-1,3904,3888,3889,-1,3906,3885,3905,-1,3905,3885,3886,-1,3905,3886,3887,-1,3907,3883,3906,-1,3906,3883,3884,-1,3906,3884,3885,-1,3908,3881,3907,-1,3907,3881,3882,-1,3907,3882,3883,-1,3877,3878,147,-1,147,3878,3879,-1,147,3879,3908,-1,3908,3879,3880,-1,3908,3880,3881,-1,3909,3910,3911,-1,3912,3913,3909,-1,3914,3915,3916,-1,3916,3915,3917,-1,3918,3919,3914,-1,3920,3921,3922,-1,3921,3920,2529,-1,3923,2526,3920,-1,3920,2526,2527,-1,3920,2527,2529,-1,3924,2523,3923,-1,3923,2523,2524,-1,3923,2524,2526,-1,3925,2520,3924,-1,3924,2520,2521,-1,3924,2521,2523,-1,3909,3911,3912,-1,3912,3911,3926,-1,3912,3926,3927,-1,3927,3926,3928,-1,3927,3928,3929,-1,3929,3928,3930,-1,3929,3930,3931,-1,3931,3930,3932,-1,3931,3932,3933,-1,3914,3916,3918,-1,3918,3916,3934,-1,3918,3934,3935,-1,3935,3934,3936,-1,3935,3936,3937,-1,3937,3936,3938,-1,3937,3938,3939,-1,3939,3938,3940,-1,3939,3940,3941,-1,2514,2515,3942,-1,3942,2515,2517,-1,3942,2517,3925,-1,3925,2517,2518,-1,3925,2518,2520,-1,3943,3902,3901,-1,3901,3932,3943,-1,3943,3932,3930,-1,3943,3930,3944,-1,3944,3930,3928,-1,3944,3928,3945,-1,3945,3928,3926,-1,3945,3926,3946,-1,3946,3926,3911,-1,3946,3911,3947,-1,3947,3911,3910,-1,3947,3910,3948,-1,3901,3900,3932,-1,3932,3900,3899,-1,3932,3899,3933,-1,3933,3899,3898,-1,3933,3898,3897,-1,3897,3940,3933,-1,3933,3940,3938,-1,3933,3938,3931,-1,3931,3938,3936,-1,3931,3936,3929,-1,3929,3936,3934,-1,3929,3934,3927,-1,3927,3934,3916,-1,3927,3916,3912,-1,3912,3916,3917,-1,3912,3917,3913,-1,3897,3896,3940,-1,3940,3896,3895,-1,3940,3895,3941,-1,3941,3895,3894,-1,3941,3894,3893,-1,3893,3942,3941,-1,3941,3942,3925,-1,3941,3925,3939,-1,3939,3925,3924,-1,3939,3924,3937,-1,3937,3924,3923,-1,3937,3923,3935,-1,3935,3923,3920,-1,3935,3920,3918,-1,3918,3920,3922,-1,3918,3922,3919,-1,2513,2514,3891,-1,3891,2514,3942,-1,3891,3942,3892,-1,3892,3942,3893,-1,150,149,3949,-1,3949,149,3950,-1,3949,3950,3951,-1,3951,3950,3952,-1,3952,3950,3953,-1,3952,3953,3954,-1,3955,3956,3957,-1,3957,3958,3955,-1,3955,3958,3959,-1,3955,3959,3953,-1,3953,3959,3960,-1,3953,3960,3954,-1,149,147,3950,-1,3950,147,3908,-1,3950,3908,3953,-1,3953,3908,3907,-1,3953,3907,3955,-1,3955,3907,3906,-1,3955,3906,3956,-1,3956,3906,3905,-1,3956,3905,3961,-1,3961,3905,3904,-1,3961,3904,3903,-1,3903,3962,3961,-1,3961,3962,3963,-1,3961,3963,3956,-1,3956,3963,3964,-1,3956,3964,3957,-1,3909,3965,3966,-1,3967,3948,3966,-1,3966,3948,3910,-1,3966,3910,3909,-1,3914,3968,3969,-1,3965,3909,3970,-1,3970,3909,3913,-1,3970,3913,3971,-1,3971,3913,3917,-1,3971,3917,3969,-1,3969,3917,3915,-1,3969,3915,3914,-1,3968,3914,3972,-1,3972,3914,3919,-1,3972,3919,3973,-1,3919,3922,3973,-1,3973,3922,3921,-1,3973,3921,3974,-1,3974,3921,2529,-1,3974,2529,3975,-1,150,3949,2867,-1,2867,3949,3976,-1,3976,3949,3977,-1,3977,3949,3951,-1,3977,3951,3978,-1,3978,3951,3952,-1,3978,3952,3979,-1,3979,3952,3954,-1,3979,3954,3980,-1,3980,3954,3960,-1,3980,3960,3981,-1,3981,3960,3959,-1,3981,3959,3982,-1,3982,3959,3958,-1,3982,3958,3983,-1,3983,3958,3957,-1,3983,3957,3984,-1,3984,3957,3964,-1,3984,3964,3985,-1,3985,3964,3963,-1,3985,3963,3986,-1,3963,3962,3986,-1,3986,3962,3903,-1,3986,3903,3987,-1,3968,3972,3988,-1,3988,3972,3989,-1,3968,3988,3969,-1,3969,3988,3990,-1,3969,3990,3971,-1,3971,3990,3991,-1,3971,3991,3970,-1,3970,3991,3992,-1,3970,3992,3965,-1,3965,3992,3993,-1,3965,3993,3966,-1,3993,3994,3966,-1,3966,3994,3995,-1,3966,3995,3967,-1,3989,3972,3996,-1,3996,3972,3973,-1,3996,3973,3997,-1,3997,3973,3974,-1,3997,3974,3998,-1,3998,3974,3975,-1,3998,3975,3999,-1,3999,3975,4000,-1,3999,4000,4001,-1,4001,4000,4002,-1,4001,4002,4003,-1,3986,3987,4004,-1,2867,3976,2865,-1,2865,3976,4005,-1,3976,3977,4005,-1,4005,3977,3978,-1,4005,3978,4006,-1,3978,3979,4006,-1,4006,3979,3980,-1,4006,3980,4007,-1,3980,3981,4007,-1,4007,3981,3982,-1,4007,3982,4008,-1,2857,2859,4009,-1,4009,2859,4010,-1,4009,4010,4011,-1,4011,4010,4012,-1,4011,4012,4013,-1,4013,4012,4014,-1,4013,4014,4015,-1,4015,4014,4016,-1,4015,4016,4017,-1,4017,4016,4018,-1,4017,4018,3987,-1,2859,2861,4010,-1,4010,2861,4019,-1,4010,4019,4012,-1,4012,4019,4020,-1,4012,4020,4014,-1,4014,4020,4021,-1,4014,4021,4016,-1,4016,4021,4022,-1,4016,4022,4018,-1,4018,4022,4023,-1,4018,4023,3987,-1,2,2857,4024,-1,4024,2857,4009,-1,4024,4009,4025,-1,4025,4009,4011,-1,4025,4011,4026,-1,4026,4011,4013,-1,4026,4013,4027,-1,4027,4013,4015,-1,4027,4015,4028,-1,4028,4015,4017,-1,4028,4017,3987,-1,2863,2865,4029,-1,4029,2865,4005,-1,4029,4005,4030,-1,4030,4005,4006,-1,4030,4006,4031,-1,4031,4006,4007,-1,4031,4007,4032,-1,4032,4007,4008,-1,4032,4008,4033,-1,4033,4008,4004,-1,4033,4004,3987,-1,3982,3983,4008,-1,4008,3983,3984,-1,4008,3984,4004,-1,4004,3984,3985,-1,4004,3985,3986,-1,2861,2863,4019,-1,4019,2863,4029,-1,4019,4029,4020,-1,4020,4029,4030,-1,4020,4030,4021,-1,4021,4030,4031,-1,4021,4031,4022,-1,4022,4031,4032,-1,4022,4032,4023,-1,4023,4032,4033,-1,4023,4033,3987,-1,4003,1906,4001,-1,4001,1906,4034,-1,4035,3995,4036,-1,4036,3995,3994,-1,4036,3994,4037,-1,4037,3994,3993,-1,4037,3993,4038,-1,4038,3993,3992,-1,4038,3992,4039,-1,4039,3992,3991,-1,4039,3991,4040,-1,4040,3991,3990,-1,4040,3990,4041,-1,4041,3990,3988,-1,4041,3988,4042,-1,4042,3988,3989,-1,4042,3989,4043,-1,4043,3989,3996,-1,4043,3996,4044,-1,4044,3996,3997,-1,4044,3997,4045,-1,4045,3997,3998,-1,4045,3998,4034,-1,4034,3998,3999,-1,4034,3999,4001,-1,0,2,4046,-1,4046,2,4024,-1,4046,4024,4047,-1,4047,4024,4048,-1,4048,4024,4025,-1,4048,4025,4049,-1,4049,4025,4050,-1,4050,4025,4026,-1,4050,4026,4051,-1,4051,4026,4052,-1,4052,4026,4027,-1,4052,4027,4053,-1,4053,4027,4054,-1,4054,4027,4028,-1,4054,4028,4055,-1,4055,4028,4056,-1,4056,4028,3987,-1,4056,3987,4057,-1,1908,1910,4058,-1,1912,1914,4059,-1,1916,1918,4060,-1,1920,1922,4061,-1,1924,1926,4062,-1,1928,1930,4063,-1,4064,4065,4035,-1,4035,4036,4064,-1,4064,4036,4037,-1,4064,4037,4066,-1,4037,4038,4066,-1,4066,4038,4039,-1,4066,4039,4067,-1,4039,4040,4067,-1,4067,4040,4041,-1,4067,4041,4068,-1,4041,4042,4068,-1,4068,4042,4043,-1,4068,4043,4069,-1,1926,1928,4062,-1,4062,1928,4063,-1,4062,4063,4070,-1,4070,4063,4071,-1,4070,4071,4072,-1,4072,4071,4073,-1,4072,4073,4074,-1,4074,4073,4075,-1,4074,4075,4076,-1,4076,4075,4077,-1,4076,4077,4078,-1,4078,4077,4079,-1,4078,4079,4080,-1,4080,4079,4081,-1,1922,1924,4061,-1,4061,1924,4062,-1,4061,4062,4082,-1,4082,4062,4070,-1,4082,4070,4083,-1,4083,4070,4072,-1,4083,4072,4084,-1,4084,4072,4074,-1,4084,4074,4085,-1,4085,4074,4076,-1,4085,4076,4086,-1,4086,4076,4078,-1,4086,4078,4087,-1,4087,4078,4080,-1,1918,1920,4060,-1,4060,1920,4061,-1,4060,4061,4088,-1,4088,4061,4082,-1,4088,4082,4089,-1,4089,4082,4083,-1,4089,4083,4090,-1,4090,4083,4084,-1,4090,4084,4091,-1,4091,4084,4085,-1,4091,4085,4092,-1,4092,4085,4086,-1,4092,4086,4093,-1,4093,4086,4087,-1,1914,1916,4059,-1,4059,1916,4060,-1,4059,4060,4094,-1,4094,4060,4088,-1,4094,4088,4095,-1,4095,4088,4089,-1,4095,4089,4096,-1,4096,4089,4090,-1,4096,4090,4097,-1,4097,4090,4091,-1,4097,4091,4098,-1,4098,4091,4092,-1,4098,4092,4099,-1,4099,4092,4093,-1,1910,1912,4058,-1,4058,1912,4059,-1,4058,4059,4069,-1,4069,4059,4094,-1,4069,4094,4068,-1,4068,4094,4095,-1,4068,4095,4067,-1,4067,4095,4096,-1,4067,4096,4066,-1,4066,4096,4097,-1,4066,4097,4064,-1,4064,4097,4098,-1,4064,4098,4065,-1,4065,4098,4099,-1,1906,1908,4034,-1,4034,1908,4058,-1,4034,4058,4045,-1,4045,4058,4069,-1,4045,4069,4044,-1,4044,4069,4043,-1,4057,4100,4056,-1,4056,4100,4101,-1,4056,4101,4055,-1,4055,4101,4102,-1,4103,4053,4102,-1,4102,4053,4054,-1,4102,4054,4055,-1,4104,4051,4103,-1,4103,4051,4052,-1,4103,4052,4053,-1,4105,4049,4104,-1,4104,4049,4050,-1,4104,4050,4051,-1,4106,4047,4105,-1,4105,4047,4048,-1,4105,4048,4049,-1,2878,0,4106,-1,4106,0,4046,-1,4106,4046,4047,-1,4100,4107,4101,-1,4101,4107,4108,-1,4101,4108,4102,-1,4102,4108,4109,-1,4102,4109,4103,-1,4103,4109,4110,-1,4103,4110,4104,-1,4104,4110,4111,-1,4104,4111,4105,-1,4105,4111,4112,-1,4105,4112,4106,-1,4106,4112,4113,-1,4106,4113,2878,-1,2878,4113,2876,-1,4107,4114,4108,-1,4108,4114,4115,-1,4108,4115,4109,-1,4109,4115,4116,-1,4109,4116,4110,-1,4110,4116,4117,-1,4110,4117,4111,-1,4111,4117,4118,-1,4111,4118,4112,-1,4112,4118,4119,-1,4112,4119,4113,-1,4113,4119,4120,-1,4113,4120,2876,-1,2876,4120,2874,-1,4114,4121,4115,-1,4115,4121,4122,-1,4115,4122,4116,-1,4116,4122,4123,-1,4116,4123,4117,-1,4117,4123,4124,-1,4117,4124,4118,-1,4118,4124,4125,-1,4118,4125,4119,-1,4119,4125,4126,-1,4119,4126,4120,-1,4120,4126,4127,-1,4120,4127,2874,-1,2874,4127,2872,-1,4121,4128,4122,-1,4122,4128,4129,-1,4122,4129,4123,-1,4123,4129,4130,-1,4123,4130,4124,-1,4124,4130,4131,-1,4124,4131,4125,-1,4125,4131,4132,-1,4125,4132,4126,-1,4126,4132,4133,-1,4126,4133,4127,-1,4127,4133,4134,-1,4127,4134,2872,-1,2872,4134,2870,-1,4128,4135,4129,-1,4129,4135,4136,-1,4129,4136,4130,-1,4130,4136,4137,-1,4130,4137,4131,-1,4131,4137,4138,-1,4131,4138,4132,-1,4132,4138,4139,-1,4132,4139,4133,-1,4133,4139,4140,-1,4133,4140,4134,-1,4134,4140,4141,-1,4134,4141,2870,-1,2870,4141,2868,-1,4071,4063,4142,-1,4142,4063,1930,-1,4142,1930,2002,-1,4142,4143,4071,-1,4071,4143,4144,-1,4071,4144,4073,-1,4073,4144,4145,-1,4145,4146,4073,-1,4073,4146,4147,-1,4073,4147,4075,-1,4147,4148,4075,-1,4075,4148,4149,-1,4075,4149,4077,-1,4149,4150,4077,-1,4077,4150,4151,-1,4077,4151,4079,-1,4151,4152,4079,-1,4079,4152,4153,-1,4079,4153,4081,-1,4137,4136,4154,-1,4154,4136,4135,-1,4154,4135,4155,-1,4154,4156,4137,-1,4137,4156,4157,-1,4137,4157,4138,-1,4138,4157,4158,-1,4158,4159,4138,-1,4138,4159,4160,-1,4138,4160,4139,-1,4160,4161,4139,-1,4139,4161,4162,-1,4139,4162,4140,-1,4162,4163,4140,-1,4140,4163,4164,-1,4140,4164,4141,-1,4164,4165,4141,-1,4141,4165,454,-1,4141,454,2868,-1,4153,4152,4166,-1,4166,4152,4167,-1,4152,4151,4167,-1,4167,4151,4150,-1,4167,4150,4168,-1,4150,4149,4168,-1,4168,4149,4148,-1,4168,4148,4169,-1,4148,4147,4169,-1,4169,4147,4146,-1,4169,4146,4170,-1,4171,4172,4173,-1,4173,4172,4174,-1,4173,4174,4175,-1,4175,4174,4176,-1,4175,4176,4177,-1,4177,4176,4178,-1,4177,4178,4179,-1,4179,4178,4180,-1,4179,4180,4181,-1,4181,4180,4182,-1,4181,4182,1990,-1,4172,4183,4174,-1,4174,4183,4184,-1,4174,4184,4176,-1,4176,4184,4185,-1,4176,4185,4178,-1,4178,4185,4186,-1,4178,4186,4180,-1,4180,4186,4187,-1,4180,4187,4182,-1,4182,4187,4188,-1,4183,4189,4184,-1,4184,4189,4190,-1,4184,4190,4185,-1,4185,4190,4191,-1,4185,4191,4186,-1,4186,4191,4192,-1,4186,4192,4187,-1,4187,4192,4193,-1,4187,4193,4188,-1,4188,4193,4194,-1,4189,4195,4190,-1,4190,4195,4196,-1,4190,4196,4191,-1,4191,4196,4197,-1,4191,4197,4192,-1,4192,4197,4198,-1,4192,4198,4193,-1,4193,4198,4199,-1,4193,4199,4194,-1,4194,4199,4200,-1,4195,4166,4196,-1,4196,4166,4167,-1,4196,4167,4197,-1,4197,4167,4168,-1,4197,4168,4198,-1,4198,4168,4169,-1,4198,4169,4199,-1,4199,4169,4170,-1,4199,4170,4200,-1,4200,4170,4201,-1,4146,4145,4170,-1,4170,4145,4144,-1,4170,4144,4201,-1,4201,4144,4143,-1,4201,4143,4142,-1,1990,4182,1992,-1,1992,4182,4188,-1,1992,4188,1994,-1,1994,4188,4194,-1,1994,4194,1996,-1,1996,4194,4200,-1,1996,4200,1998,-1,1998,4200,4201,-1,1998,4201,2000,-1,2000,4201,4142,-1,2000,4142,2002,-1,4154,4155,4202,-1,442,444,4203,-1,4203,444,4204,-1,4203,4204,4205,-1,454,4165,452,-1,452,4165,4206,-1,4205,4204,4207,-1,4207,4204,4208,-1,4207,4208,4209,-1,446,448,4210,-1,4210,448,4211,-1,4210,4211,4212,-1,4212,4211,4213,-1,4212,4213,4214,-1,4165,4164,4206,-1,4206,4164,4163,-1,4206,4163,4215,-1,444,446,4204,-1,4204,446,4210,-1,4204,4210,4208,-1,4208,4210,4212,-1,4208,4212,4216,-1,4216,4212,4214,-1,4216,4214,4217,-1,4163,4162,4215,-1,4215,4162,4161,-1,4215,4161,4218,-1,4219,4220,4217,-1,4217,4220,4221,-1,4217,4221,4216,-1,4216,4221,4222,-1,4216,4222,4208,-1,4208,4222,4223,-1,4208,4223,4209,-1,4161,4160,4218,-1,4218,4160,4159,-1,4218,4159,4224,-1,4213,4225,4214,-1,4214,4225,4226,-1,4214,4226,4217,-1,4217,4226,4227,-1,4217,4227,4219,-1,450,452,4228,-1,4228,452,4206,-1,4228,4206,4229,-1,4229,4206,4215,-1,4229,4215,4230,-1,4230,4215,4218,-1,4230,4218,4231,-1,4231,4218,4224,-1,4231,4224,4232,-1,4232,4224,4202,-1,4232,4202,4155,-1,4155,4233,4227,-1,4227,4233,4234,-1,4227,4234,4219,-1,4225,4235,4226,-1,4226,4235,4236,-1,4226,4236,4227,-1,4227,4236,4155,-1,4235,4237,4236,-1,4236,4237,4155,-1,4159,4158,4224,-1,4224,4158,4157,-1,4224,4157,4202,-1,4202,4157,4156,-1,4202,4156,4154,-1,448,450,4211,-1,4211,450,4228,-1,4211,4228,4213,-1,4213,4228,4229,-1,4213,4229,4225,-1,4225,4229,4230,-1,4225,4230,4235,-1,4235,4230,4231,-1,4235,4231,4237,-1,4237,4231,4232,-1,4237,4232,4155,-1,1990,2010,4238,-1,1990,4238,4181,-1,4181,4238,4239,-1,4181,4239,4179,-1,4179,4239,4240,-1,4179,4240,4177,-1,4177,4240,4241,-1,4177,4241,4175,-1,4175,4241,4242,-1,4175,4242,4173,-1,4173,4242,4243,-1,4173,4243,4171,-1,442,4203,2906,-1,2906,4203,4244,-1,4244,4203,4245,-1,4245,4203,4205,-1,4245,4205,4246,-1,4246,4205,4207,-1,4246,4207,4247,-1,4247,4207,4209,-1,4247,4209,4248,-1,4248,4209,4223,-1,4248,4223,4249,-1,4249,4223,4222,-1,4249,4222,4250,-1,4250,4222,4221,-1,4250,4221,4251,-1,4251,4221,4220,-1,4251,4220,4252,-1,4252,4220,4219,-1,4252,4219,4253,-1,4253,4219,4234,-1,4253,4234,4254,-1,4234,4233,4254,-1,4254,4233,4155,-1,4254,4155,4255,-1,2012,2014,4256,-1,4256,2014,4257,-1,4256,4257,4258,-1,4258,4257,4259,-1,4258,4259,4260,-1,4260,4259,4261,-1,4260,4261,4262,-1,4262,4261,4263,-1,4262,4263,4264,-1,4264,4263,4265,-1,4264,4265,4243,-1,2014,2016,4257,-1,4257,2016,4266,-1,4257,4266,4259,-1,4259,4266,4267,-1,4259,4267,4261,-1,4261,4267,4268,-1,4261,4268,4263,-1,4263,4268,4269,-1,4263,4269,4265,-1,4265,4269,4270,-1,4265,4270,4243,-1,2010,2012,4238,-1,4238,2012,4256,-1,4238,4256,4239,-1,4239,4256,4258,-1,4239,4258,4240,-1,4240,4258,4260,-1,4240,4260,4241,-1,4241,4260,4262,-1,4241,4262,4242,-1,4242,4262,4264,-1,4242,4264,4243,-1,2018,2020,4271,-1,4271,2020,4272,-1,4271,4272,4273,-1,4273,4272,4274,-1,4273,4274,4275,-1,4275,4274,4276,-1,4275,4276,4277,-1,4277,4276,4278,-1,4277,4278,4279,-1,4279,4278,4280,-1,4279,4280,4243,-1,2020,2022,4272,-1,4272,2022,4281,-1,4272,4281,4274,-1,4274,4281,4282,-1,4274,4282,4276,-1,4276,4282,4283,-1,4276,4283,4278,-1,4278,4283,4284,-1,4278,4284,4280,-1,4280,4284,4285,-1,4280,4285,4243,-1,2016,2018,4266,-1,4266,2018,4271,-1,4266,4271,4267,-1,4267,4271,4273,-1,4267,4273,4268,-1,4268,4273,4275,-1,4268,4275,4269,-1,4269,4275,4277,-1,4269,4277,4270,-1,4270,4277,4279,-1,4270,4279,4243,-1,4254,4255,4286,-1,2894,2897,4287,-1,4287,2897,4288,-1,4287,4288,4289,-1,2906,4244,2905,-1,2905,4244,4290,-1,4289,4288,4291,-1,4291,4288,4292,-1,4291,4292,4293,-1,2899,2901,4294,-1,4294,2901,4295,-1,4294,4295,4296,-1,4296,4295,4297,-1,4296,4297,4298,-1,4244,4245,4290,-1,4290,4245,4246,-1,4290,4246,4299,-1,2897,2899,4288,-1,4288,2899,4294,-1,4288,4294,4292,-1,4292,4294,4296,-1,4292,4296,4300,-1,4300,4296,4298,-1,4300,4298,4301,-1,4246,4247,4299,-1,4299,4247,4248,-1,4299,4248,4302,-1,4303,4304,4301,-1,4301,4304,4305,-1,4301,4305,4300,-1,4300,4305,4306,-1,4300,4306,4292,-1,4292,4306,4307,-1,4292,4307,4293,-1,4248,4249,4302,-1,4302,4249,4250,-1,4302,4250,4308,-1,4297,4309,4298,-1,4298,4309,4310,-1,4298,4310,4301,-1,4301,4310,4311,-1,4301,4311,4303,-1,2903,2905,4312,-1,4312,2905,4290,-1,4312,4290,4313,-1,4313,4290,4299,-1,4313,4299,4314,-1,4314,4299,4302,-1,4314,4302,4315,-1,4315,4302,4308,-1,4315,4308,4316,-1,4316,4308,4286,-1,4316,4286,4255,-1,4255,4317,4311,-1,4311,4317,4318,-1,4311,4318,4303,-1,4309,4319,4310,-1,4310,4319,4320,-1,4310,4320,4311,-1,4311,4320,4255,-1,4319,4321,4320,-1,4320,4321,4255,-1,4250,4251,4308,-1,4308,4251,4252,-1,4308,4252,4286,-1,4286,4252,4253,-1,4286,4253,4254,-1,2901,2903,4295,-1,4295,2903,4312,-1,4295,4312,4297,-1,4297,4312,4313,-1,4297,4313,4309,-1,4309,4313,4314,-1,4309,4314,4319,-1,4319,4314,4315,-1,4319,4315,4321,-1,4321,4315,4316,-1,4321,4316,4255,-1,2022,2880,4322,-1,2022,4322,4281,-1,4281,4322,4323,-1,4281,4323,4282,-1,4282,4323,4324,-1,4282,4324,4283,-1,4283,4324,4325,-1,4283,4325,4284,-1,4284,4325,4326,-1,4284,4326,4285,-1,4285,4326,4327,-1,4285,4327,4243,-1,2894,4287,2893,-1,2893,4287,4328,-1,4328,4287,4329,-1,4329,4287,4289,-1,4329,4289,4330,-1,4330,4289,4291,-1,4330,4291,4331,-1,4331,4291,4293,-1,4331,4293,4332,-1,4332,4293,4307,-1,4332,4307,4333,-1,4333,4307,4306,-1,4333,4306,4334,-1,4334,4306,4305,-1,4334,4305,4335,-1,4335,4305,4304,-1,4335,4304,4336,-1,4336,4304,4303,-1,4336,4303,4337,-1,4337,4303,4318,-1,4337,4318,4338,-1,4318,4317,4338,-1,4338,4317,4255,-1,4338,4255,4327,-1,4338,4327,4339,-1,2893,4328,2891,-1,2891,4328,4340,-1,4328,4329,4340,-1,4340,4329,4330,-1,4340,4330,4341,-1,4330,4331,4341,-1,4341,4331,4332,-1,4341,4332,4342,-1,4332,4333,4342,-1,4342,4333,4334,-1,4342,4334,4343,-1,2883,2885,4344,-1,4344,2885,4345,-1,4344,4345,4346,-1,4346,4345,4347,-1,4346,4347,4348,-1,4348,4347,4349,-1,4348,4349,4350,-1,4350,4349,4351,-1,4350,4351,4352,-1,4352,4351,4353,-1,4352,4353,4327,-1,2885,2887,4345,-1,4345,2887,4354,-1,4345,4354,4347,-1,4347,4354,4355,-1,4347,4355,4349,-1,4349,4355,4356,-1,4349,4356,4351,-1,4351,4356,4357,-1,4351,4357,4353,-1,4353,4357,4358,-1,4353,4358,4327,-1,2880,2883,4322,-1,4322,2883,4344,-1,4322,4344,4323,-1,4323,4344,4346,-1,4323,4346,4324,-1,4324,4346,4348,-1,4324,4348,4325,-1,4325,4348,4350,-1,4325,4350,4326,-1,4326,4350,4352,-1,4326,4352,4327,-1,2889,2891,4359,-1,4359,2891,4340,-1,4359,4340,4360,-1,4360,4340,4341,-1,4360,4341,4361,-1,4361,4341,4342,-1,4361,4342,4362,-1,4362,4342,4343,-1,4362,4343,4363,-1,4363,4343,4339,-1,4363,4339,4327,-1,4334,4335,4343,-1,4343,4335,4336,-1,4343,4336,4339,-1,4339,4336,4337,-1,4339,4337,4338,-1,2887,2889,4354,-1,4354,2889,4359,-1,4354,4359,4355,-1,4355,4359,4360,-1,4355,4360,4356,-1,4356,4360,4361,-1,4356,4361,4357,-1,4357,4361,4362,-1,4357,4362,4358,-1,4358,4362,4363,-1,4358,4363,4327,-1,4364,4365,4366,-1,4366,4365,4367,-1,4365,4368,4367,-1,4367,4368,4369,-1,4368,4370,4369,-1,4369,4370,4371,-1,4370,4372,4371,-1,4371,4372,4373,-1,4372,4374,4373,-1,4373,4374,4375,-1,4374,4376,4375,-1,4375,4376,4377,-1,4376,4378,4377,-1,4377,4378,4379,-1,4378,4364,4379,-1,4379,4364,4366,-1,4380,4381,4378,-1,4376,4374,4372,-1,4381,4382,4378,-1,4378,4382,4383,-1,4378,4383,4364,-1,4364,4383,4384,-1,4364,4384,4385,-1,4378,4376,4380,-1,4380,4376,4372,-1,4380,4372,4386,-1,4386,4372,4370,-1,4385,4387,4364,-1,4364,4387,4386,-1,4364,4386,4365,-1,4365,4386,4370,-1,4365,4370,4368,-1,4380,4386,4388,-1,4388,4386,4389,-1,4381,4380,4390,-1,4390,4380,4388,-1,4381,4390,4391,-1,4381,4391,4382,-1,4382,4391,4392,-1,4382,4392,4383,-1,4384,4383,4393,-1,4393,4383,4392,-1,4384,4393,4394,-1,4384,4394,4385,-1,4385,4394,4395,-1,4385,4395,4387,-1,4386,4387,4389,-1,4389,4387,4395,-1,4396,4397,4398,-1,4398,4397,4399,-1,4397,4400,4399,-1,4399,4400,4401,-1,4400,4402,4401,-1,4401,4402,4403,-1,4404,4405,4406,-1,4404,4406,4407,-1,4407,4406,4408,-1,4407,4408,4409,-1,4409,4408,4410,-1,4409,4410,4411,-1,4411,4410,4412,-1,4411,4412,4413,-1,4413,4412,4414,-1,4413,4414,4415,-1,4415,4414,4416,-1,4415,4416,4417,-1,4417,4416,4403,-1,4417,4403,4402,-1,4396,4398,4418,-1,4396,4418,4419,-1,4419,4418,4420,-1,4419,4420,4421,-1,4421,4420,4422,-1,4421,4422,4423,-1,4423,4422,4424,-1,4423,4424,4425,-1,4425,4424,4426,-1,4425,4426,4427,-1,4427,4426,4428,-1,4427,4428,4429,-1,4429,4428,4405,-1,4429,4405,4404,-1,4430,4404,4431,-1,4431,4404,4407,-1,4431,4407,4432,-1,4432,4407,4409,-1,4432,4409,4433,-1,4433,4409,4411,-1,4433,4411,4434,-1,4434,4411,4413,-1,4434,4413,4435,-1,4435,4413,4415,-1,4435,4415,4436,-1,4436,4415,4417,-1,4436,4417,4437,-1,4437,4417,4402,-1,4437,4402,4438,-1,4438,4402,4400,-1,4438,4400,4439,-1,4439,4400,4397,-1,4439,4397,4440,-1,4440,4397,4396,-1,4440,4396,4441,-1,4441,4396,4419,-1,4441,4419,4442,-1,4442,4419,4421,-1,4442,4421,4443,-1,4443,4421,4423,-1,4443,4423,4444,-1,4444,4423,4425,-1,4444,4425,4445,-1,4445,4425,4427,-1,4445,4427,4446,-1,4446,4427,4429,-1,4446,4429,4430,-1,4430,4429,4404,-1,4437,4438,4447,-1,4447,4438,4448,-1,4437,4447,4449,-1,4437,4449,4436,-1,4436,4449,4450,-1,4436,4450,4435,-1,4435,4450,4451,-1,4435,4451,4434,-1,4434,4451,4452,-1,4434,4452,4433,-1,4433,4452,4453,-1,4433,4453,4432,-1,4432,4453,4454,-1,4432,4454,4431,-1,4431,4454,4455,-1,4431,4455,4430,-1,4430,4455,4456,-1,4430,4456,4446,-1,4446,4456,4457,-1,4446,4457,4445,-1,4445,4457,4458,-1,4445,4458,4444,-1,4444,4458,4459,-1,4444,4459,4443,-1,4443,4459,4460,-1,4443,4460,4442,-1,4442,4460,4461,-1,4442,4461,4441,-1,4441,4461,4462,-1,4441,4462,4440,-1,4439,4440,4463,-1,4463,4440,4462,-1,4438,4439,4448,-1,4448,4439,4463,-1,4464,4465,4466,-1,4466,4465,4467,-1,4468,4469,4470,-1,4470,4469,4471,-1,4466,4468,4464,-1,4464,4468,4470,-1,4468,4466,4469,-1,4469,4466,4467,-1,4472,4473,4474,-1,4474,4473,4475,-1,4476,4472,4477,-1,4477,4472,4474,-1,4477,4478,4476,-1,4476,4478,4479,-1,4472,4476,4473,-1,4473,4476,4479,-1,4480,4481,4482,-1,4482,4481,4483,-1,4484,4485,4481,-1,4481,4485,4483,-1,4481,4480,4484,-1,4484,4480,4486,-1,4480,4482,4486,-1,4486,4482,4487,-1,4388,4389,4390,-1,4390,4389,4395,-1,4390,4395,4391,-1,4391,4395,4394,-1,4391,4394,4392,-1,4392,4394,4393,-1,4448,4463,4447,-1,4447,4463,4462,-1,4447,4462,4461,-1,4455,4454,4447,-1,4447,4454,4453,-1,4447,4453,4449,-1,4461,4460,4447,-1,4447,4460,4459,-1,4447,4459,4458,-1,4458,4457,4447,-1,4447,4457,4456,-1,4447,4456,4455,-1,4452,4451,4453,-1,4453,4451,4450,-1,4453,4450,4449,-1,140,4488,4489,-1,4487,4478,4482,-1,4482,4478,4479,-1,4479,4473,6,-1,2269,2267,3194,-1,4490,4491,4492,-1,4493,4494,2505,-1,2701,4495,453,-1,453,4495,4496,-1,453,4496,4497,-1,2265,2263,3188,-1,3188,2263,2261,-1,3188,2261,2259,-1,4498,4499,2258,-1,4493,2505,4500,-1,4501,4502,2846,-1,2846,4502,2504,-1,2846,2504,4503,-1,4503,2504,2505,-1,4503,2505,4504,-1,4504,2505,4494,-1,4479,6,4482,-1,4482,6,2701,-1,4482,2701,4483,-1,4483,2701,453,-1,4483,453,4485,-1,2507,4505,2506,-1,2506,4505,441,-1,3194,2267,3193,-1,4490,4492,4506,-1,447,4507,445,-1,445,4507,2689,-1,445,2689,2855,-1,2507,2508,4505,-1,4505,2508,2509,-1,4505,2509,3194,-1,3194,2509,2510,-1,3194,2510,2269,-1,4498,2258,4492,-1,4492,2258,4508,-1,4492,4508,4506,-1,4497,4509,453,-1,453,4509,4510,-1,453,4510,451,-1,451,4510,4507,-1,451,4507,449,-1,449,4507,447,-1,441,445,2506,-1,2506,445,2855,-1,2506,2855,2505,-1,2505,2855,4511,-1,2505,4511,4500,-1,4499,2881,2258,-1,2258,2881,2882,-1,2258,2882,2884,-1,2869,2871,6,-1,6,2871,2873,-1,2265,3188,2267,-1,2267,3188,3189,-1,2267,3189,3190,-1,4475,4465,4473,-1,4473,4465,4467,-1,4473,4467,6,-1,6,4467,4469,-1,6,4469,2869,-1,2869,4469,4471,-1,2879,1,4489,-1,3190,3191,2267,-1,2267,3191,3192,-1,2267,3192,3193,-1,2259,2258,3188,-1,3188,2258,2890,-1,3188,2890,2892,-1,2884,2886,2258,-1,2258,2886,2888,-1,2258,2888,2890,-1,2873,2875,6,-1,6,2875,2877,-1,6,2877,7,-1,7,2877,2879,-1,7,2879,8,-1,8,2879,4489,-1,1,3,144,-1,1,144,4489,-1,4489,144,141,-1,4489,141,140,-1,2856,2864,3,-1,3,2864,2866,-1,3,2866,144,-1,2856,2858,2864,-1,2864,2858,2860,-1,2864,2860,2862,-1,4512,4485,453,-1,4513,4514,4515,-1,2869,4471,4516,-1,4516,4471,4517,-1,4513,4515,4518,-1,4518,4515,4519,-1,4518,4519,4520,-1,4521,4522,4523,-1,4523,4522,4524,-1,4523,4524,4525,-1,4526,4527,4528,-1,4514,4529,4515,-1,4515,4529,4530,-1,4515,4530,4531,-1,4532,4533,4515,-1,4515,4533,4534,-1,4535,4536,4537,-1,4537,4536,4538,-1,4534,4539,4515,-1,4515,4539,4538,-1,4515,4538,4540,-1,4540,4538,4536,-1,4541,4520,453,-1,453,4520,4519,-1,453,4519,4512,-1,4512,4519,4517,-1,4519,4542,4517,-1,4517,4542,4543,-1,4517,4543,4516,-1,4516,4543,4544,-1,4524,4545,4525,-1,4525,4545,4546,-1,4525,4546,4528,-1,4528,4546,4547,-1,4528,4547,4526,-1,4548,4549,453,-1,453,4549,4550,-1,4531,4551,4515,-1,4515,4551,4552,-1,4515,4552,4532,-1,4553,4554,4555,-1,4555,4554,4556,-1,4555,4556,4523,-1,4523,4556,4557,-1,4523,4557,4521,-1,4527,4548,4528,-1,4528,4548,453,-1,4528,453,4558,-1,4558,453,4559,-1,4558,4559,4553,-1,4553,4559,4516,-1,4553,4516,4554,-1,4554,4516,4544,-1,4550,4560,453,-1,453,4560,4561,-1,453,4561,4541,-1,4562,4478,4563,-1,4563,4478,4487,-1,4564,4465,4565,-1,4565,4465,4475,-1,4566,4567,4568,-1,4568,4569,4566,-1,4566,4569,4570,-1,4566,4570,4571,-1,4572,4573,4574,-1,4574,4573,4566,-1,4574,4566,4575,-1,4575,4566,4571,-1,4576,4577,144,-1,4578,4579,4580,-1,4581,4582,4583,-1,4583,4582,4584,-1,4583,4584,4578,-1,4578,4584,4585,-1,4578,4585,4579,-1,2866,4586,4587,-1,4587,4588,2866,-1,2866,4588,4589,-1,2866,4589,144,-1,144,4589,4590,-1,144,4590,4576,-1,4580,4591,4578,-1,4578,4591,4592,-1,4578,4592,2866,-1,2866,4592,4593,-1,2866,4593,4586,-1,4594,4595,4596,-1,4596,4595,4597,-1,4598,4489,4599,-1,4599,4489,4488,-1,4600,8,4598,-1,4598,8,4489,-1,4599,4488,4601,-1,4601,4488,140,-1,4602,4603,4604,-1,4604,4603,4605,-1,4606,2701,4607,-1,4607,2701,6,-1,6,4608,4609,-1,4609,4610,6,-1,6,4610,4611,-1,6,4611,4607,-1,4607,4611,4612,-1,4607,4612,4613,-1,4614,4602,4615,-1,4615,4602,4616,-1,4613,4617,4607,-1,4607,4617,4618,-1,4607,4618,4604,-1,4604,4618,4619,-1,4604,4619,4620,-1,4620,4621,4604,-1,4604,4621,4622,-1,4604,4622,4602,-1,4602,4622,4623,-1,4602,4623,4616,-1,4624,4625,4626,-1,4627,4628,4629,-1,4629,4628,4630,-1,4629,4630,4631,-1,4632,4633,4634,-1,4634,4633,4635,-1,4634,4635,4626,-1,4626,4635,4636,-1,4626,4636,4637,-1,4637,4638,4626,-1,4626,4638,4639,-1,4626,4639,4640,-1,4627,4629,4634,-1,4634,4629,4641,-1,4634,4641,4632,-1,4640,4642,4626,-1,4626,4642,4643,-1,4626,4643,4624,-1,4644,4645,4646,-1,2510,4647,2269,-1,2269,4647,4648,-1,2269,4648,4649,-1,4650,4651,2269,-1,2269,4651,4652,-1,2269,4652,4653,-1,4653,4652,4654,-1,4653,4654,4655,-1,4649,4656,2269,-1,2269,4656,4657,-1,2269,4657,4650,-1,4646,4658,4644,-1,4644,4658,4659,-1,4644,4659,4660,-1,4660,4659,4653,-1,4660,4653,4661,-1,4661,4653,4655,-1,4662,4663,2689,-1,4662,2689,4664,-1,4665,4666,2689,-1,2689,4666,4667,-1,4663,4668,2689,-1,2689,4668,4669,-1,2689,4669,4670,-1,4670,4671,2689,-1,2689,4671,4672,-1,2689,4672,2855,-1,4667,4673,2689,-1,2689,4673,4674,-1,2689,4674,4664,-1,4675,4676,4677,-1,4678,4679,4677,-1,4679,4680,4677,-1,4677,4680,4681,-1,4677,4681,4682,-1,4683,4684,4677,-1,4677,4684,4685,-1,4682,4686,4677,-1,4677,4686,4687,-1,4677,4687,4675,-1,4685,4688,4677,-1,4677,4688,4689,-1,4677,4689,4678,-1,4690,4691,4692,-1,4692,4691,4693,-1,4693,4694,4692,-1,4692,4694,4695,-1,4692,4695,4696,-1,4696,4695,4697,-1,4696,4697,4698,-1,4698,4697,4699,-1,4698,4699,4700,-1,4700,4699,4701,-1,4701,4699,4702,-1,4701,4702,4703,-1,4703,4702,4704,-1,4703,4704,4705,-1,4705,4704,4706,-1,4705,4706,4707,-1,4707,4706,4708,-1,4707,4708,4709,-1,4708,4710,4709,-1,4709,4710,4711,-1,4709,4711,4712,-1,4712,4711,4713,-1,4712,4713,4714,-1,4713,4715,4714,-1,4714,4715,4716,-1,4714,4716,4717,-1,4717,4716,4718,-1,4717,4718,4719,-1,4719,4718,4720,-1,4719,4720,4721,-1,4721,4720,4722,-1,4721,4722,4723,-1,4723,4722,4724,-1,4725,4726,4727,-1,4722,4728,4724,-1,4724,4728,4729,-1,4724,4729,4727,-1,4727,4729,4730,-1,4727,4730,4725,-1,4508,2258,4731,-1,4731,2258,4732,-1,4733,4734,4505,-1,4505,4734,4735,-1,4735,4736,4505,-1,4505,4736,4737,-1,4505,4737,4738,-1,3194,4739,4505,-1,4505,4739,4740,-1,4505,4740,4733,-1,4741,4742,4743,-1,4743,4742,4744,-1,4745,4746,4747,-1,4747,4746,4748,-1,4749,4750,4751,-1,4751,4750,4746,-1,4751,4746,4752,-1,4752,4746,4745,-1,4752,4745,4753,-1,4753,4745,4754,-1,4499,4755,2881,-1,2881,4755,4756,-1,4756,4757,2881,-1,2881,4757,4758,-1,2881,4758,4759,-1,4760,4761,4762,-1,4747,4748,4763,-1,4763,4748,4760,-1,4763,4760,4764,-1,4764,4760,4762,-1,4759,4765,2881,-1,2881,4765,4766,-1,2881,4766,4760,-1,4760,4766,4767,-1,4760,4767,4761,-1,4768,4769,4770,-1,4771,4772,4773,-1,4773,4772,4774,-1,4773,4774,4770,-1,4770,4774,4775,-1,4770,4775,4768,-1,2892,4776,4777,-1,2892,4777,3188,-1,3188,4777,4778,-1,3188,4778,4779,-1,4780,4781,2892,-1,2892,4781,4782,-1,2892,4782,4776,-1,4769,4783,4770,-1,4770,4783,4784,-1,4770,4784,2892,-1,2892,4784,4785,-1,2892,4785,4780,-1,4786,4787,4773,-1,4786,4773,4746,-1,4788,4789,4559,-1,4788,4559,4790,-1,4746,4773,4748,-1,4748,4773,4770,-1,4748,4770,4760,-1,4791,4792,4793,-1,4787,4794,4773,-1,4773,4794,4795,-1,4773,4795,4796,-1,4796,4795,4797,-1,4798,4566,4625,-1,4625,4566,4573,-1,4625,4573,4626,-1,4799,4800,4602,-1,4602,4800,4801,-1,4602,4801,4802,-1,4770,4803,4760,-1,4760,4803,4791,-1,4760,4791,4804,-1,4804,4791,4793,-1,4805,4806,4807,-1,4683,4677,4808,-1,4808,4677,4809,-1,4808,4809,4810,-1,4810,4809,4811,-1,4802,4812,4602,-1,4602,4812,4516,-1,4602,4516,4603,-1,4603,4516,4559,-1,4603,4559,4813,-1,4813,4559,4789,-1,4626,4573,4797,-1,4797,4573,4814,-1,4797,4814,4815,-1,4807,4683,4805,-1,4805,4683,4808,-1,4805,4808,4816,-1,4816,4808,4817,-1,4816,4817,4818,-1,4818,4817,4566,-1,4818,4566,4819,-1,4819,4566,4798,-1,4790,4559,4809,-1,4809,4559,4820,-1,4809,4820,4811,-1,4742,4821,4744,-1,4744,4821,4822,-1,4744,4822,4583,-1,4602,4823,4799,-1,4799,4823,4824,-1,4799,4824,4825,-1,4825,4824,4744,-1,4825,4744,4826,-1,4826,4744,4583,-1,4826,4583,4578,-1,4815,4827,4797,-1,4797,4827,4828,-1,4797,4828,4796,-1,4829,4805,4830,-1,4831,4832,4833,-1,4834,4835,4830,-1,4830,4835,4836,-1,4830,4836,4829,-1,4829,4837,4805,-1,4805,4837,4838,-1,4805,4838,4839,-1,4578,4840,4826,-1,4826,4840,4831,-1,4826,4831,4841,-1,4841,4831,4833,-1,4839,4842,4805,-1,4805,4842,4843,-1,4805,4843,4806,-1,4844,4845,4830,-1,4830,4845,4834,-1,4845,4844,4846,-1,4846,4844,4847,-1,4846,4847,4848,-1,4848,4847,4849,-1,4848,4849,4850,-1,4850,4849,4851,-1,4850,4851,4852,-1,4852,4851,4853,-1,4852,4853,4854,-1,4854,4853,4855,-1,4855,4856,4854,-1,4854,4856,4857,-1,4858,4859,4860,-1,4860,4859,4857,-1,4860,4857,4861,-1,4861,4857,4856,-1,4859,4858,4862,-1,4862,4858,4863,-1,4862,4863,4864,-1,4864,4863,4865,-1,4864,4865,4866,-1,4866,4865,4867,-1,4866,4867,4868,-1,4868,4867,4869,-1,4870,4868,4871,-1,4871,4868,4869,-1,4872,4873,4874,-1,4874,4873,4875,-1,4875,4873,4876,-1,4876,4873,4877,-1,4876,4877,4878,-1,4878,4877,4879,-1,4878,4879,4880,-1,4880,4879,4881,-1,4880,4881,4882,-1,4882,4881,4883,-1,4883,4884,4882,-1,4882,4884,4885,-1,4886,4887,4888,-1,4888,4887,4885,-1,4888,4885,4889,-1,4889,4885,4884,-1,4887,4886,4890,-1,4890,4886,4891,-1,4890,4891,4892,-1,4892,4891,4893,-1,4892,4893,4894,-1,4894,4893,4895,-1,4894,4895,4896,-1,4896,4895,4897,-1,4896,4897,4898,-1,4898,4897,4899,-1,2504,4502,4899,-1,4899,4502,4898,-1,4900,4901,2846,-1,2846,4901,4501,-1,4901,4900,4902,-1,4902,4900,4903,-1,4902,4903,4904,-1,4904,4903,4905,-1,4904,4905,4906,-1,4906,4905,4907,-1,4906,4907,4908,-1,4908,4907,4909,-1,4908,4909,4910,-1,4908,4910,4911,-1,4911,4910,4912,-1,4911,4912,4913,-1,4913,4912,4914,-1,4913,4914,4915,-1,4915,4914,4916,-1,4916,4914,4917,-1,4916,4917,4918,-1,4918,4917,4919,-1,4918,4919,4920,-1,4920,4919,4921,-1,4920,4921,4922,-1,4922,4921,4923,-1,4924,4922,4925,-1,4925,4922,4923,-1,4926,4927,4928,-1,4928,4927,4929,-1,4929,4927,4930,-1,4930,4927,4931,-1,4930,4931,4932,-1,4932,4931,4933,-1,4932,4933,4934,-1,4934,4933,4935,-1,4934,4935,4936,-1,4936,4935,4937,-1,4936,4937,4938,-1,4936,4938,4939,-1,4939,4938,4940,-1,4939,4940,4941,-1,4941,4940,4942,-1,4941,4942,4943,-1,4943,4942,4944,-1,4944,4942,4945,-1,4944,4945,4946,-1,4946,4945,4947,-1,4946,4947,4948,-1,4948,4947,4949,-1,4948,4949,4950,-1,4950,4949,4951,-1,4836,4835,4951,-1,4951,4835,4950,-1,4952,4953,4954,-1,4955,4956,4957,-1,4950,4835,4958,-1,4959,4960,4961,-1,4952,4962,4953,-1,4953,4962,4963,-1,4953,4963,4964,-1,4961,4965,4959,-1,4959,4965,4966,-1,4959,4966,4957,-1,4957,4966,4967,-1,4957,4967,4955,-1,4502,4501,4898,-1,4898,4501,4901,-1,4898,4901,4896,-1,4896,4901,4902,-1,4850,4968,4848,-1,4848,4968,4958,-1,4848,4958,4846,-1,4969,4970,4852,-1,4894,4971,4892,-1,4892,4971,4972,-1,4846,4958,4845,-1,4845,4958,4835,-1,4845,4835,4834,-1,4973,4944,4974,-1,4974,4944,4946,-1,4974,4946,4958,-1,4958,4946,4948,-1,4958,4948,4950,-1,4970,4975,4852,-1,4852,4975,4976,-1,4852,4976,4850,-1,4850,4976,4977,-1,4850,4977,4968,-1,4969,4852,4978,-1,4978,4852,4854,-1,4978,4854,4857,-1,4857,4859,4978,-1,4978,4859,4862,-1,4978,4862,4979,-1,4979,4862,4864,-1,4972,4980,4892,-1,4892,4980,4981,-1,4892,4981,4890,-1,4890,4981,4982,-1,4890,4982,4887,-1,4887,4982,4983,-1,4887,4983,4885,-1,4885,4983,4984,-1,4885,4984,4882,-1,4882,4984,4985,-1,4882,4985,4880,-1,4880,4985,4986,-1,4880,4986,4878,-1,4878,4986,4987,-1,4878,4987,4876,-1,4876,4987,4988,-1,4876,4988,4989,-1,4868,4870,4874,-1,4874,4870,4957,-1,4874,4957,4954,-1,4954,4957,4956,-1,4954,4956,4952,-1,4902,4904,4896,-1,4896,4904,4906,-1,4896,4906,4894,-1,4894,4906,4990,-1,4894,4990,4971,-1,4906,4908,4990,-1,4990,4908,4911,-1,4990,4911,4991,-1,4991,4911,4913,-1,4991,4913,4992,-1,4992,4913,4915,-1,4992,4915,4993,-1,4993,4915,4916,-1,4993,4916,4994,-1,4994,4916,4918,-1,4994,4918,4995,-1,4995,4918,4920,-1,4995,4920,4996,-1,4996,4920,4997,-1,4920,4922,4930,-1,4874,4875,4868,-1,4868,4875,4876,-1,4868,4876,4866,-1,4866,4876,4989,-1,4866,4989,4864,-1,4864,4989,4998,-1,4864,4998,4979,-1,4924,4928,4922,-1,4922,4928,4929,-1,4922,4929,4930,-1,4997,4920,4999,-1,4999,4920,4930,-1,4999,4930,5000,-1,5000,4930,4932,-1,5000,4932,5001,-1,5001,4932,4934,-1,5001,4934,5002,-1,5002,4934,4936,-1,5002,4936,5003,-1,5003,4936,4939,-1,5003,4939,5004,-1,5004,4939,4941,-1,5004,4941,4973,-1,4973,4941,4943,-1,4973,4943,4944,-1,5005,5006,5007,-1,5007,5006,5008,-1,5007,5008,5009,-1,5009,5008,5010,-1,5009,5010,5011,-1,5012,5013,5014,-1,5014,5013,5015,-1,5014,5015,5016,-1,5016,5015,5017,-1,5016,5017,5018,-1,5019,5020,5021,-1,5011,5010,5022,-1,5022,5010,5023,-1,5022,5023,5024,-1,5024,5023,5025,-1,5024,5025,5026,-1,5026,5025,5027,-1,5026,5027,5028,-1,5029,5030,5031,-1,5031,5030,5032,-1,5031,5032,5033,-1,5033,5032,5034,-1,5033,5034,5035,-1,5012,5036,5013,-1,5013,5036,5037,-1,5013,5037,5005,-1,5005,5037,5038,-1,5005,5038,5006,-1,5017,5039,5018,-1,5018,5039,5040,-1,5018,5040,5041,-1,5041,5040,5042,-1,5041,5042,5043,-1,5043,5042,5044,-1,5021,5020,5045,-1,5045,5020,5046,-1,5045,5046,5047,-1,5034,5048,5035,-1,5035,5048,5049,-1,5035,5049,5050,-1,5050,5049,5051,-1,5050,5051,5052,-1,5052,5051,5053,-1,5052,5053,5054,-1,5054,5053,5045,-1,5054,5045,5055,-1,5055,5045,5047,-1,5021,5056,5019,-1,5019,5056,5057,-1,5019,5057,5058,-1,5058,5057,5059,-1,5058,5059,5060,-1,5060,5059,5061,-1,5060,5061,5062,-1,5062,5061,5063,-1,5062,5063,5064,-1,5064,5063,5026,-1,5064,5026,5065,-1,5065,5026,5028,-1,5029,5066,5030,-1,5030,5066,5067,-1,5030,5067,5044,-1,5044,5067,5068,-1,5044,5068,5043,-1,5069,5070,5071,-1,5071,5070,5072,-1,5071,5072,5073,-1,5073,5072,5074,-1,5074,5072,5075,-1,5074,5075,5076,-1,5076,5075,5077,-1,5076,5077,5078,-1,5079,5080,5081,-1,5081,5080,5082,-1,5081,5082,5083,-1,5083,5082,5084,-1,5083,5084,5085,-1,5085,5084,5086,-1,5085,5086,5087,-1,5087,5086,5078,-1,5087,5078,5088,-1,5088,5078,5077,-1,5089,5090,5091,-1,5091,5090,5092,-1,5091,5092,5093,-1,5081,5094,5079,-1,5079,5094,5095,-1,5079,5095,5096,-1,5096,5095,5097,-1,5096,5097,5098,-1,5098,5097,5099,-1,5098,5099,5100,-1,5100,5099,5101,-1,5100,5101,5102,-1,5102,5101,5103,-1,5102,5103,5104,-1,5104,5103,5105,-1,5104,5105,5106,-1,5106,5105,5107,-1,5106,5107,5108,-1,5108,5107,5109,-1,5108,5109,5110,-1,5110,5109,5111,-1,5110,5111,5112,-1,5112,5111,5113,-1,5112,5113,5114,-1,5114,5113,5115,-1,5114,5115,5116,-1,5116,5115,5117,-1,5116,5117,5118,-1,5118,5117,5119,-1,5118,5119,5120,-1,5120,5119,5121,-1,5120,5121,5122,-1,5122,5121,5123,-1,5122,5123,5124,-1,5124,5123,5125,-1,5124,5125,5126,-1,5126,5125,5127,-1,5126,5127,5128,-1,5128,5127,5129,-1,5128,5129,5130,-1,5130,5129,5131,-1,5130,5131,5132,-1,5132,5131,5133,-1,5132,5133,5089,-1,5089,5133,5134,-1,5089,5134,5090,-1,5093,5092,5135,-1,5135,5092,5136,-1,5135,5136,5137,-1,5137,5136,5138,-1,5137,5138,5139,-1,5140,5141,5142,-1,5142,5141,5143,-1,5142,5143,5144,-1,5144,5143,5145,-1,5144,5145,5146,-1,5146,5145,5147,-1,5146,5147,5148,-1,5148,5147,5139,-1,5148,5139,5149,-1,5149,5139,5138,-1,5142,5150,5140,-1,5140,5150,5151,-1,5140,5151,5152,-1,5152,5151,5153,-1,5152,5153,5154,-1,5154,5153,5155,-1,5154,5155,5156,-1,5156,5155,5157,-1,5156,5157,5158,-1,5158,5157,5159,-1,5158,5159,5160,-1,5160,5159,5161,-1,5160,5161,5162,-1,5162,5161,5163,-1,5162,5163,5164,-1,5164,5163,5165,-1,5164,5165,5166,-1,5166,5165,5167,-1,5166,5167,5168,-1,5168,5167,5169,-1,5168,5169,5170,-1,5170,5169,5171,-1,5170,5171,5172,-1,5172,5171,5173,-1,5172,5173,5174,-1,5174,5173,5175,-1,5174,5175,5176,-1,5176,5175,5177,-1,5176,5177,5178,-1,5178,5177,5179,-1,5178,5179,5180,-1,5180,5179,5181,-1,5180,5181,5182,-1,5182,5181,5183,-1,5182,5183,5184,-1,5184,5183,5185,-1,5184,5185,5186,-1,5186,5185,5187,-1,5186,5187,5188,-1,5188,5187,5189,-1,5188,5189,5069,-1,5069,5189,5190,-1,5069,5190,5070,-1,4743,4744,5191,-1,5191,4744,4824,-1,5192,4821,4741,-1,4741,4821,4742,-1,5193,5194,5195,-1,5195,5194,5196,-1,5197,5198,5199,-1,5197,5199,5200,-1,5200,5199,5201,-1,5200,5201,5202,-1,5203,5204,5205,-1,5205,5204,5206,-1,5205,5206,5207,-1,5207,5206,5208,-1,5209,5210,5211,-1,5211,5210,5212,-1,5211,5212,5213,-1,5214,5215,5216,-1,5216,5215,5211,-1,5216,5211,5217,-1,5217,5211,5213,-1,5218,5219,5211,-1,5211,5219,5220,-1,5211,5220,5209,-1,5221,5222,5223,-1,5223,5222,5224,-1,5223,5224,5225,-1,5226,5227,5228,-1,5228,5227,5223,-1,5228,5223,5229,-1,5229,5223,5230,-1,5225,5231,5223,-1,5223,5231,5232,-1,5223,5232,5230,-1,5233,5234,5235,-1,5235,5234,5236,-1,5235,5236,5237,-1,5238,5239,5240,-1,5240,5239,5235,-1,5240,5235,5241,-1,5241,5235,5237,-1,5242,5243,5244,-1,5244,5243,5245,-1,5244,5245,5246,-1,5242,5244,5247,-1,5247,5244,5248,-1,5247,5248,5249,-1,5246,5250,5244,-1,5244,5250,5251,-1,5244,5251,5235,-1,5235,5251,5252,-1,5235,5252,5233,-1,5253,5254,5255,-1,5255,5254,5256,-1,5257,5258,5259,-1,5259,5258,5260,-1,5261,5262,5263,-1,5264,5265,5266,-1,5266,5265,5267,-1,5268,5269,5270,-1,5270,5269,5265,-1,5270,5265,5271,-1,5271,5265,5272,-1,5273,5274,5263,-1,5263,5274,5275,-1,5263,5275,5261,-1,5276,5277,5263,-1,5263,5277,5278,-1,5278,5279,5263,-1,5263,5279,5280,-1,5263,5280,5281,-1,5281,5282,5263,-1,5263,5282,5283,-1,5263,5283,5284,-1,5285,5286,5265,-1,5262,5287,5263,-1,5263,5287,5288,-1,5263,5288,5265,-1,5265,5288,5289,-1,5265,5289,5267,-1,5286,5290,5265,-1,5265,5290,5291,-1,5265,5291,5272,-1,5284,5292,5263,-1,5263,5292,5293,-1,5263,5293,5273,-1,5294,5285,5295,-1,5295,5285,5265,-1,5295,5265,5296,-1,5296,5265,5264,-1,5297,5298,5299,-1,5298,5297,5300,-1,5300,5297,5301,-1,5300,5301,5302,-1,5299,5303,5297,-1,5297,5303,5304,-1,5297,5304,5305,-1,5306,5307,5305,-1,5307,5308,5305,-1,5305,5308,5309,-1,5305,5309,5297,-1,5297,5309,5310,-1,5297,5310,5311,-1,5030,5044,5312,-1,5312,5044,5313,-1,5312,5313,5305,-1,5305,5313,5314,-1,5305,5314,5306,-1,5315,5316,5317,-1,5317,5316,5318,-1,5319,5320,5321,-1,5321,5320,5322,-1,5323,5324,5325,-1,5325,5324,5326,-1,5327,5328,5329,-1,5329,5328,5330,-1,5331,5332,5333,-1,5334,5335,5336,-1,5336,5335,5337,-1,5336,5337,5338,-1,5338,5337,5339,-1,5340,5026,5063,-1,5333,5341,5337,-1,5337,5341,5342,-1,5337,5342,5339,-1,5343,5344,5337,-1,5337,5344,5345,-1,5337,5345,5333,-1,5333,5345,5346,-1,5333,5346,5331,-1,5332,5347,5333,-1,5333,5347,5340,-1,5333,5340,5348,-1,5348,5340,5063,-1,5349,5350,5351,-1,5351,5350,5352,-1,5353,5354,5355,-1,5355,5354,5356,-1,5357,5358,5359,-1,5359,5358,5360,-1,5359,5360,5354,-1,5354,5360,5361,-1,5354,5361,5362,-1,5363,5362,5364,-1,5365,5366,5367,-1,5363,5368,5362,-1,5362,5368,5369,-1,5362,5369,5354,-1,5354,5369,5370,-1,5354,5370,5356,-1,5364,5371,5363,-1,5363,5371,5365,-1,5363,5365,5372,-1,5372,5365,5367,-1,5373,5374,5053,-1,5053,5374,5045,-1,5375,5376,5005,-1,5005,5376,5013,-1,3,1,4826,-1,4826,1,4825,-1,4614,5377,4602,-1,4602,5377,4823,-1,4823,5377,4824,-1,4824,5377,5378,-1,4824,5378,5191,-1,4743,5191,5379,-1,5379,5191,5380,-1,5379,5380,5381,-1,5380,5382,5381,-1,5381,5382,5383,-1,5381,5383,5384,-1,5383,5385,5384,-1,5384,5385,5386,-1,5384,5386,5387,-1,5387,5386,5388,-1,5387,5388,5389,-1,5389,5388,5390,-1,5389,5390,5391,-1,5391,5390,5392,-1,5392,5393,5391,-1,5391,5393,5394,-1,5391,5394,5395,-1,5395,5394,5396,-1,5396,5397,5395,-1,5395,5397,5206,-1,5395,5206,5204,-1,5199,5398,5201,-1,5201,5398,5399,-1,5399,5398,5400,-1,5400,5398,5401,-1,5400,5401,5402,-1,5402,5401,5403,-1,5402,5403,5404,-1,5404,5403,5405,-1,5404,5405,5406,-1,5405,5407,5406,-1,5406,5407,5408,-1,5406,5408,5409,-1,5409,5408,5410,-1,5409,5410,5411,-1,5411,5410,5412,-1,5411,5412,5413,-1,5413,5412,5414,-1,5413,5414,5415,-1,5416,5417,5415,-1,5415,5417,5418,-1,5415,5418,5413,-1,4600,4598,5419,-1,5419,4598,5420,-1,5419,5420,5416,-1,5416,5420,5421,-1,5416,5421,5417,-1,6,7,4608,-1,4608,7,5422,-1,5422,7,5423,-1,5423,7,8,-1,5423,8,4600,-1,5191,5378,5424,-1,5425,5382,5424,-1,5424,5382,5380,-1,5424,5380,5191,-1,5426,5386,5427,-1,5427,5386,5385,-1,5427,5385,5425,-1,5425,5385,5383,-1,5425,5383,5382,-1,5392,5390,5426,-1,5426,5390,5388,-1,5426,5388,5386,-1,5428,5429,5396,-1,5396,5429,5430,-1,5396,5430,5397,-1,5397,5430,5206,-1,5396,5394,5428,-1,5428,5394,5393,-1,5428,5393,5431,-1,5431,5393,5392,-1,5431,5392,5432,-1,5432,5392,5426,-1,5432,5426,5433,-1,5433,5426,5427,-1,5433,5427,5434,-1,5434,5427,5435,-1,5435,5427,5425,-1,5435,5425,5436,-1,5377,4614,5437,-1,5436,5425,5438,-1,5438,5425,5424,-1,5438,5424,5437,-1,5437,5424,5378,-1,5437,5378,5377,-1,4741,4743,5379,-1,4741,5379,5439,-1,5439,5379,5381,-1,5439,5381,5440,-1,5440,5381,5441,-1,5441,5381,5384,-1,5441,5384,5442,-1,5442,5384,5443,-1,5443,5384,5387,-1,5443,5387,5444,-1,5444,5387,5445,-1,5445,5387,5389,-1,5445,5389,5446,-1,5447,5448,5391,-1,5391,5448,5449,-1,5391,5449,5389,-1,5389,5449,5450,-1,5389,5450,5446,-1,5391,5395,5447,-1,5447,5395,5204,-1,5447,5204,5203,-1,5451,5202,5201,-1,5201,5399,5451,-1,5451,5399,5400,-1,5451,5400,5452,-1,5452,5400,5402,-1,5402,5404,5452,-1,5452,5404,5406,-1,5452,5406,5453,-1,4598,4599,5420,-1,5420,4599,5454,-1,5420,5454,5421,-1,5421,5454,5455,-1,5421,5455,5417,-1,5417,5455,5456,-1,5417,5456,5418,-1,5418,5456,5457,-1,5418,5457,5413,-1,5413,5457,5458,-1,5413,5458,5411,-1,5411,5458,5453,-1,5411,5453,5409,-1,5409,5453,5406,-1,5422,5423,5459,-1,5398,5199,5460,-1,5398,5460,5401,-1,5401,5460,5461,-1,5401,5461,5403,-1,5403,5461,5462,-1,5403,5462,5405,-1,5407,5463,5408,-1,5408,5463,5410,-1,5410,5463,5412,-1,5412,5463,5464,-1,5412,5464,5414,-1,5415,5465,5416,-1,5416,5465,5459,-1,5416,5459,5419,-1,5419,5459,5423,-1,5419,5423,4600,-1,4608,5422,5466,-1,5466,5422,5459,-1,5466,5459,5467,-1,5467,5459,5465,-1,5467,5465,5468,-1,5468,5465,5469,-1,5470,5469,5464,-1,5464,5469,5465,-1,5464,5465,5414,-1,5414,5465,5415,-1,5405,5462,5407,-1,5407,5462,5471,-1,5407,5471,5463,-1,5463,5471,5472,-1,5463,5472,5464,-1,5464,5472,5473,-1,5464,5473,5470,-1,4614,4615,5437,-1,5437,4615,5474,-1,5437,5474,5438,-1,5438,5474,5436,-1,5436,5474,5475,-1,5436,5475,5435,-1,5435,5475,5434,-1,5434,5475,5476,-1,5434,5476,5433,-1,5433,5476,5432,-1,5432,5476,5477,-1,5432,5477,5431,-1,5431,5477,5428,-1,5428,5477,5478,-1,5428,5478,5429,-1,5429,5478,5430,-1,5430,5478,5208,-1,5430,5208,5206,-1,5203,5205,5447,-1,5447,5205,5479,-1,5447,5479,5448,-1,5448,5479,5449,-1,5449,5479,5480,-1,5449,5480,5450,-1,5450,5480,5481,-1,5450,5481,5446,-1,5446,5481,5482,-1,5446,5482,5445,-1,5482,5483,5445,-1,5445,5483,5484,-1,5445,5484,5444,-1,5444,5484,5485,-1,5444,5485,5443,-1,5443,5485,5486,-1,5443,5486,5442,-1,5442,5486,5487,-1,5488,5192,4741,-1,4741,5439,5488,-1,5488,5439,5440,-1,5488,5440,5487,-1,5487,5440,5441,-1,5487,5441,5442,-1,5192,5489,4821,-1,4821,5489,4822,-1,5489,5490,4822,-1,4822,5490,4581,-1,4822,4581,4583,-1,5491,4601,140,-1,5491,140,5492,-1,140,141,5492,-1,5492,141,144,-1,5492,144,4577,-1,4599,4601,5454,-1,5454,4601,5493,-1,5454,5493,5455,-1,5455,5493,5494,-1,5455,5494,5456,-1,5456,5494,5495,-1,5456,5495,5457,-1,5457,5495,5496,-1,5457,5496,5458,-1,5458,5496,5497,-1,5458,5497,5453,-1,5498,5452,5499,-1,5499,5452,5453,-1,5499,5453,5500,-1,5500,5453,5497,-1,5498,5501,5452,-1,5452,5501,5502,-1,5452,5502,5451,-1,5200,5202,5503,-1,5503,5202,5451,-1,5503,5451,5504,-1,5504,5451,5502,-1,4608,5466,4609,-1,4609,5466,5505,-1,5466,5467,5505,-1,5505,5467,5468,-1,5505,5468,5506,-1,5468,5469,5506,-1,5506,5469,5470,-1,5506,5470,5507,-1,5470,5473,5507,-1,5507,5473,5472,-1,5507,5472,5508,-1,5472,5471,5508,-1,5508,5471,5462,-1,5508,5462,5509,-1,5199,5198,5460,-1,5460,5198,5509,-1,5460,5509,5461,-1,5461,5509,5462,-1,4619,4618,5510,-1,4619,5510,5511,-1,5511,5510,5512,-1,5511,5512,5513,-1,5513,5512,5514,-1,5513,5514,5515,-1,5515,5514,5516,-1,5515,5516,5517,-1,5517,5516,5518,-1,5517,5518,5519,-1,5519,5518,5195,-1,5519,5195,5196,-1,4615,4616,5474,-1,5474,4616,5520,-1,5474,5520,5475,-1,5475,5520,5521,-1,5475,5521,5476,-1,5476,5521,5522,-1,5476,5522,5477,-1,5477,5522,5523,-1,5477,5523,5478,-1,5478,5523,5524,-1,5478,5524,5208,-1,5208,5524,5525,-1,4616,4623,5520,-1,5520,4623,5526,-1,5520,5526,5521,-1,5521,5526,5527,-1,5521,5527,5522,-1,5522,5527,5528,-1,5522,5528,5523,-1,5523,5528,5529,-1,5523,5529,5524,-1,5524,5529,5530,-1,5524,5530,5525,-1,5525,5530,5531,-1,4623,4622,5526,-1,5526,4622,5532,-1,5526,5532,5527,-1,5527,5532,5533,-1,5527,5533,5528,-1,5528,5533,5534,-1,5528,5534,5529,-1,5529,5534,5535,-1,5529,5535,5530,-1,5530,5535,5536,-1,5530,5536,5531,-1,5531,5536,5537,-1,4622,4621,5532,-1,5532,4621,5538,-1,5532,5538,5533,-1,5533,5538,5539,-1,5533,5539,5534,-1,5534,5539,5540,-1,5534,5540,5535,-1,5535,5540,5541,-1,5535,5541,5536,-1,5536,5541,5542,-1,5536,5542,5537,-1,5537,5542,5543,-1,4621,4620,5538,-1,5538,4620,5544,-1,5538,5544,5539,-1,5539,5544,5545,-1,5539,5545,5540,-1,5540,5545,5546,-1,5540,5546,5541,-1,5541,5546,5547,-1,5541,5547,5542,-1,5542,5547,5548,-1,5542,5548,5543,-1,5543,5548,5549,-1,4620,4619,5544,-1,5544,4619,5511,-1,5544,5511,5545,-1,5545,5511,5513,-1,5545,5513,5546,-1,5546,5513,5515,-1,5546,5515,5547,-1,5547,5515,5517,-1,5547,5517,5548,-1,5548,5517,5519,-1,5548,5519,5549,-1,5549,5519,5196,-1,5482,5550,5483,-1,5205,5551,5479,-1,5479,5551,5480,-1,5480,5551,5481,-1,5481,5551,5552,-1,5481,5552,5482,-1,5483,5550,5484,-1,5484,5550,5553,-1,5484,5553,5485,-1,5485,5553,5554,-1,5485,5554,5486,-1,5486,5554,5487,-1,5487,5554,5555,-1,5487,5555,5488,-1,5488,5555,5489,-1,5488,5489,5192,-1,5556,4581,5490,-1,5482,5552,5550,-1,5550,5552,5557,-1,5550,5557,5553,-1,5553,5557,5558,-1,5553,5558,5554,-1,5554,5558,5556,-1,5554,5556,5555,-1,5555,5556,5490,-1,5555,5490,5489,-1,5503,5559,5200,-1,5499,5560,5498,-1,5491,5561,4601,-1,4601,5561,5493,-1,5493,5561,5494,-1,5494,5561,5562,-1,5494,5562,5495,-1,5495,5562,5496,-1,5496,5562,5563,-1,5496,5563,5497,-1,5560,5499,5563,-1,5563,5499,5500,-1,5563,5500,5497,-1,5559,5503,5564,-1,5564,5503,5504,-1,5564,5504,5565,-1,5504,5502,5565,-1,5565,5502,5501,-1,5565,5501,5566,-1,5566,5501,5498,-1,5566,5498,5567,-1,5567,5498,5560,-1,5567,5560,5568,-1,5568,5560,5563,-1,5568,5563,5569,-1,5569,5563,5570,-1,5570,5563,5562,-1,5570,5562,5571,-1,5492,4577,5572,-1,5571,5562,5573,-1,5573,5562,5561,-1,5573,5561,5572,-1,5572,5561,5491,-1,5572,5491,5492,-1,4618,4617,5510,-1,5510,4617,5574,-1,5510,5574,5512,-1,5512,5574,5575,-1,5512,5575,5514,-1,5514,5575,5576,-1,5514,5576,5516,-1,5516,5576,5577,-1,5516,5577,5518,-1,5518,5577,5578,-1,5518,5578,5195,-1,5195,5578,5579,-1,4617,4613,5574,-1,5574,4613,5580,-1,5574,5580,5575,-1,5575,5580,5581,-1,5575,5581,5576,-1,5576,5581,5582,-1,5576,5582,5577,-1,5577,5582,5583,-1,5577,5583,5578,-1,5578,5583,5584,-1,5578,5584,5579,-1,5579,5584,5585,-1,4613,4612,5580,-1,5580,4612,5586,-1,5580,5586,5581,-1,5581,5586,5587,-1,5581,5587,5582,-1,5582,5587,5588,-1,5582,5588,5583,-1,5583,5588,5589,-1,5583,5589,5584,-1,5584,5589,5590,-1,5584,5590,5585,-1,5585,5590,5591,-1,4612,4611,5586,-1,5586,4611,5592,-1,5586,5592,5587,-1,5587,5592,5593,-1,5587,5593,5588,-1,5588,5593,5594,-1,5588,5594,5589,-1,5589,5594,5595,-1,5589,5595,5590,-1,5590,5595,5596,-1,5590,5596,5591,-1,5591,5596,5597,-1,4611,4610,5592,-1,5592,4610,5598,-1,5592,5598,5593,-1,5593,5598,5599,-1,5593,5599,5594,-1,5594,5599,5600,-1,5594,5600,5595,-1,5595,5600,5601,-1,5595,5601,5596,-1,5596,5601,5602,-1,5596,5602,5597,-1,5597,5602,5603,-1,4610,4609,5598,-1,5598,4609,5505,-1,5598,5505,5599,-1,5599,5505,5506,-1,5599,5506,5600,-1,5600,5506,5507,-1,5600,5507,5601,-1,5601,5507,5508,-1,5601,5508,5602,-1,5602,5508,5509,-1,5602,5509,5603,-1,5603,5509,5198,-1,5196,5194,5549,-1,5549,5194,5604,-1,5549,5604,5543,-1,5543,5604,5605,-1,5543,5605,5537,-1,5537,5605,5606,-1,5537,5606,5531,-1,5531,5606,5607,-1,5531,5607,5525,-1,5525,5607,5608,-1,5525,5608,5208,-1,5208,5608,5207,-1,5205,5207,5609,-1,5205,5609,5551,-1,5551,5609,5610,-1,5551,5610,5552,-1,5552,5610,5611,-1,5552,5611,5557,-1,5557,5611,5612,-1,5557,5612,5558,-1,5558,5612,5613,-1,5558,5613,5556,-1,5556,5613,4582,-1,5556,4582,4581,-1,5200,5559,5197,-1,5197,5559,5614,-1,5559,5564,5614,-1,5614,5564,5565,-1,5614,5565,5615,-1,5565,5566,5615,-1,5615,5566,5567,-1,5615,5567,5616,-1,5567,5568,5616,-1,5616,5568,5569,-1,5616,5569,5617,-1,5569,5570,5617,-1,5617,5570,5571,-1,5617,5571,5618,-1,4577,4576,5572,-1,5572,4576,5618,-1,5572,5618,5573,-1,5573,5618,5571,-1,5198,5197,5603,-1,5603,5197,5619,-1,5603,5619,5597,-1,5597,5619,5620,-1,5597,5620,5591,-1,5591,5620,5621,-1,5591,5621,5585,-1,5585,5621,5622,-1,5585,5622,5579,-1,5579,5622,5623,-1,5579,5623,5195,-1,5195,5623,5193,-1,4592,4591,5624,-1,5624,4591,5625,-1,5624,5625,5626,-1,5626,5625,5627,-1,5626,5627,5628,-1,5628,5627,5629,-1,5628,5629,5630,-1,5630,5629,5631,-1,5630,5631,5632,-1,5632,5631,5633,-1,5632,5633,5194,-1,5194,5633,5604,-1,4591,4580,5625,-1,5625,4580,5634,-1,5625,5634,5627,-1,5627,5634,5635,-1,5627,5635,5629,-1,5629,5635,5636,-1,5629,5636,5631,-1,5631,5636,5637,-1,5631,5637,5633,-1,5633,5637,5638,-1,5633,5638,5604,-1,5604,5638,5605,-1,4580,4579,5634,-1,5634,4579,5639,-1,5634,5639,5635,-1,5635,5639,5640,-1,5635,5640,5636,-1,5636,5640,5641,-1,5636,5641,5637,-1,5637,5641,5642,-1,5637,5642,5638,-1,5638,5642,5643,-1,5638,5643,5605,-1,5605,5643,5606,-1,4579,4585,5639,-1,5639,4585,5644,-1,5639,5644,5640,-1,5640,5644,5645,-1,5640,5645,5641,-1,5641,5645,5646,-1,5641,5646,5642,-1,5642,5646,5647,-1,5642,5647,5643,-1,5643,5647,5648,-1,5643,5648,5606,-1,5606,5648,5607,-1,4585,4584,5644,-1,5644,4584,5649,-1,5644,5649,5645,-1,5645,5649,5650,-1,5645,5650,5646,-1,5646,5650,5651,-1,5646,5651,5647,-1,5647,5651,5652,-1,5647,5652,5648,-1,5648,5652,5653,-1,5648,5653,5607,-1,5607,5653,5608,-1,4584,4582,5649,-1,5649,4582,5613,-1,5649,5613,5650,-1,5650,5613,5612,-1,5650,5612,5651,-1,5651,5612,5611,-1,5651,5611,5652,-1,5652,5611,5610,-1,5652,5610,5653,-1,5653,5610,5609,-1,5653,5609,5608,-1,5608,5609,5207,-1,4576,4590,5618,-1,5618,4590,5654,-1,5618,5654,5617,-1,5617,5654,5655,-1,5617,5655,5616,-1,5616,5655,5656,-1,5616,5656,5615,-1,5615,5656,5657,-1,5615,5657,5614,-1,5614,5657,5658,-1,5614,5658,5197,-1,5197,5658,5619,-1,4590,4589,5654,-1,5654,4589,5659,-1,5654,5659,5655,-1,5655,5659,5660,-1,5655,5660,5656,-1,5656,5660,5661,-1,5656,5661,5657,-1,5657,5661,5662,-1,5657,5662,5658,-1,5658,5662,5663,-1,5658,5663,5619,-1,5619,5663,5620,-1,4589,4588,5659,-1,5659,4588,5664,-1,5659,5664,5660,-1,5660,5664,5665,-1,5660,5665,5661,-1,5661,5665,5666,-1,5661,5666,5662,-1,5662,5666,5667,-1,5662,5667,5663,-1,5663,5667,5668,-1,5663,5668,5620,-1,5620,5668,5621,-1,4588,4587,5664,-1,5664,4587,5669,-1,5664,5669,5665,-1,5665,5669,5670,-1,5665,5670,5666,-1,5666,5670,5671,-1,5666,5671,5667,-1,5667,5671,5672,-1,5667,5672,5668,-1,5668,5672,5673,-1,5668,5673,5621,-1,5621,5673,5622,-1,4587,4586,5669,-1,5669,4586,5674,-1,5669,5674,5670,-1,5670,5674,5675,-1,5670,5675,5671,-1,5671,5675,5676,-1,5671,5676,5672,-1,5672,5676,5677,-1,5672,5677,5673,-1,5673,5677,5678,-1,5673,5678,5622,-1,5622,5678,5623,-1,4586,4593,5674,-1,5674,4593,5679,-1,5674,5679,5675,-1,5675,5679,5680,-1,5675,5680,5676,-1,5676,5680,5681,-1,5676,5681,5677,-1,5677,5681,5682,-1,5677,5682,5678,-1,5678,5682,5683,-1,5678,5683,5623,-1,5623,5683,5193,-1,5194,5193,5683,-1,5194,5683,5632,-1,5632,5683,5682,-1,5632,5682,5630,-1,5630,5682,5681,-1,5630,5681,5628,-1,5628,5681,5680,-1,5628,5680,5626,-1,5626,5680,5679,-1,5626,5679,5624,-1,5624,5679,4593,-1,5624,4593,4592,-1,4572,4574,5684,-1,4572,5684,5685,-1,5685,5684,5686,-1,5685,5686,5687,-1,5687,5686,5688,-1,5687,5688,5689,-1,5689,5688,5690,-1,5689,5690,5691,-1,5691,5690,5692,-1,5691,5692,5693,-1,5693,5692,5218,-1,5693,5218,5211,-1,4567,4566,4817,-1,441,4505,4738,-1,4567,4817,4738,-1,4738,4817,441,-1,441,4817,4808,-1,441,4808,445,-1,445,4808,4810,-1,445,4810,447,-1,447,4810,4811,-1,447,4811,449,-1,449,4811,4820,-1,449,4820,451,-1,451,4820,4559,-1,451,4559,453,-1,5694,5695,5696,-1,5697,5698,5699,-1,5700,5701,5702,-1,5703,5704,5705,-1,5706,5707,5708,-1,5709,5218,5692,-1,5707,5709,5708,-1,5708,5709,5692,-1,5708,5692,5710,-1,5710,5692,5690,-1,5710,5690,5711,-1,5711,5690,5688,-1,5711,5688,5712,-1,5712,5688,5686,-1,5712,5686,5713,-1,5713,5686,5684,-1,5713,5684,4575,-1,4575,5684,4574,-1,5704,5706,5705,-1,5705,5706,5708,-1,5705,5708,5714,-1,5714,5708,5710,-1,5714,5710,5715,-1,5715,5710,5711,-1,5715,5711,5716,-1,5716,5711,5712,-1,5716,5712,5717,-1,5717,5712,5713,-1,5717,5713,4571,-1,4571,5713,4575,-1,5701,5703,5702,-1,5702,5703,5705,-1,5702,5705,5718,-1,5718,5705,5714,-1,5718,5714,5719,-1,5719,5714,5715,-1,5719,5715,5720,-1,5720,5715,5716,-1,5720,5716,5721,-1,5721,5716,5717,-1,5721,5717,4570,-1,4570,5717,4571,-1,5698,5700,5699,-1,5699,5700,5702,-1,5699,5702,5722,-1,5722,5702,5718,-1,5722,5718,5723,-1,5723,5718,5719,-1,5723,5719,5724,-1,5724,5719,5720,-1,5724,5720,5725,-1,5725,5720,5721,-1,5725,5721,4569,-1,4569,5721,4570,-1,5695,5697,5696,-1,5696,5697,5699,-1,5696,5699,5726,-1,5726,5699,5722,-1,5726,5722,5727,-1,5727,5722,5723,-1,5727,5723,5728,-1,5728,5723,5724,-1,5728,5724,5729,-1,5729,5724,5725,-1,5729,5725,4568,-1,4568,5725,4569,-1,5255,5694,5730,-1,5730,5694,5696,-1,5730,5696,5731,-1,5731,5696,5726,-1,5731,5726,5732,-1,5732,5726,5727,-1,5732,5727,5733,-1,5733,5727,5728,-1,5733,5728,5734,-1,5734,5728,5729,-1,5734,5729,4567,-1,4567,5729,4568,-1,4740,4739,5735,-1,4740,5735,5736,-1,5736,5735,5737,-1,5736,5737,5738,-1,5738,5737,5739,-1,5738,5739,5740,-1,5740,5739,5741,-1,5740,5741,5742,-1,5742,5741,5743,-1,5742,5743,5744,-1,5744,5743,5223,-1,5744,5223,5227,-1,4567,4738,5745,-1,4567,5745,5734,-1,5734,5745,5746,-1,5734,5746,5733,-1,5733,5746,5747,-1,5733,5747,5732,-1,5732,5747,5748,-1,5732,5748,5731,-1,5731,5748,5749,-1,5731,5749,5730,-1,5730,5749,5253,-1,5730,5253,5255,-1,5255,5256,5694,-1,5694,5256,5750,-1,5694,5750,5695,-1,5695,5750,5751,-1,5695,5751,5697,-1,5697,5751,5752,-1,5697,5752,5698,-1,5698,5752,5753,-1,5698,5753,5700,-1,5700,5753,5754,-1,5700,5754,5701,-1,5701,5754,5755,-1,5701,5755,5703,-1,5703,5755,5756,-1,5703,5756,5704,-1,5704,5756,5757,-1,5704,5757,5706,-1,5706,5757,5758,-1,5706,5758,5707,-1,5707,5758,5759,-1,5707,5759,5709,-1,5709,5759,5760,-1,5709,5760,5218,-1,5218,5760,5219,-1,5235,5239,5761,-1,5761,5239,5762,-1,5761,5762,5763,-1,5763,5762,5764,-1,5763,5764,5765,-1,5765,5764,5766,-1,5765,5766,5767,-1,5767,5766,5768,-1,5767,5768,5769,-1,5769,5768,5770,-1,5769,5770,5771,-1,5771,5770,5772,-1,5771,5772,5773,-1,5773,5772,5774,-1,5773,5774,5775,-1,5775,5774,5776,-1,5775,5776,5777,-1,5777,5776,5778,-1,5777,5778,5779,-1,5779,5778,5780,-1,5779,5780,5781,-1,5781,5780,5782,-1,5781,5782,5219,-1,5219,5782,5220,-1,5276,5263,5783,-1,5783,5263,5784,-1,5783,5784,5785,-1,5785,5784,5786,-1,5785,5786,5787,-1,5787,5786,5788,-1,5787,5788,5789,-1,5789,5788,5790,-1,5789,5790,5791,-1,5791,5790,5792,-1,5791,5792,5793,-1,5793,5792,5794,-1,5793,5794,5795,-1,5795,5794,5796,-1,5795,5796,5797,-1,5797,5796,5798,-1,5797,5798,5799,-1,5799,5798,5800,-1,5799,5800,5801,-1,5801,5800,5802,-1,5801,5802,5803,-1,5803,5802,5804,-1,5803,5804,5216,-1,5216,5804,5214,-1,4738,4737,5745,-1,5745,4737,5805,-1,5745,5805,5746,-1,5746,5805,5806,-1,5746,5806,5747,-1,5747,5806,5807,-1,5747,5807,5748,-1,5748,5807,5808,-1,5748,5808,5749,-1,5749,5808,5809,-1,5749,5809,5253,-1,5253,5809,5810,-1,4737,4736,5805,-1,5805,4736,5811,-1,5805,5811,5806,-1,5806,5811,5812,-1,5806,5812,5807,-1,5807,5812,5813,-1,5807,5813,5808,-1,5808,5813,5814,-1,5808,5814,5809,-1,5809,5814,5815,-1,5809,5815,5810,-1,5810,5815,5816,-1,4736,4735,5811,-1,5811,4735,5817,-1,5811,5817,5812,-1,5812,5817,5818,-1,5812,5818,5813,-1,5813,5818,5819,-1,5813,5819,5814,-1,5814,5819,5820,-1,5814,5820,5815,-1,5815,5820,5821,-1,5815,5821,5816,-1,5816,5821,5822,-1,4735,4734,5817,-1,5817,4734,5823,-1,5817,5823,5818,-1,5818,5823,5824,-1,5818,5824,5819,-1,5819,5824,5825,-1,5819,5825,5820,-1,5820,5825,5826,-1,5820,5826,5821,-1,5821,5826,5827,-1,5821,5827,5822,-1,5822,5827,5828,-1,4734,4733,5823,-1,5823,4733,5829,-1,5823,5829,5824,-1,5824,5829,5830,-1,5824,5830,5825,-1,5825,5830,5831,-1,5825,5831,5826,-1,5826,5831,5832,-1,5826,5832,5827,-1,5827,5832,5833,-1,5827,5833,5828,-1,5828,5833,5834,-1,4733,4740,5829,-1,5829,4740,5736,-1,5829,5736,5830,-1,5830,5736,5738,-1,5830,5738,5831,-1,5831,5738,5740,-1,5831,5740,5832,-1,5832,5740,5742,-1,5832,5742,5833,-1,5833,5742,5744,-1,5833,5744,5834,-1,5834,5744,5227,-1,5835,5779,5781,-1,5781,5219,5760,-1,5781,5760,5835,-1,5835,5760,5759,-1,5835,5759,5758,-1,5758,5757,5836,-1,5836,5757,5756,-1,5756,5755,5837,-1,5837,5755,5754,-1,5754,5753,5838,-1,5838,5753,5752,-1,5839,5751,5750,-1,5779,5835,5777,-1,5777,5835,5840,-1,5777,5840,5775,-1,5841,5769,5842,-1,5842,5769,5771,-1,5842,5771,5840,-1,5840,5771,5773,-1,5840,5773,5775,-1,5843,5765,5841,-1,5841,5765,5767,-1,5841,5767,5769,-1,5754,5838,5837,-1,5837,5838,5844,-1,5837,5844,5845,-1,5845,5844,5846,-1,5845,5846,5847,-1,5847,5846,5848,-1,5847,5848,5849,-1,5849,5848,5850,-1,5849,5850,5851,-1,5235,5850,5852,-1,5852,5850,5848,-1,5852,5848,5853,-1,5853,5848,5846,-1,5853,5846,5854,-1,5854,5846,5844,-1,5854,5844,5855,-1,5855,5844,5838,-1,5855,5838,5839,-1,5839,5838,5752,-1,5839,5752,5751,-1,5235,5852,5856,-1,5856,5852,5853,-1,5856,5853,5857,-1,5857,5853,5854,-1,5857,5854,5858,-1,5858,5854,5855,-1,5858,5855,5859,-1,5859,5855,5839,-1,5859,5839,5860,-1,5860,5839,5750,-1,5860,5750,5256,-1,5851,5850,5235,-1,5235,5761,5843,-1,5843,5761,5763,-1,5843,5763,5765,-1,5758,5836,5835,-1,5835,5836,5861,-1,5835,5861,5840,-1,5840,5861,5862,-1,5840,5862,5842,-1,5842,5862,5863,-1,5842,5863,5841,-1,5841,5863,5864,-1,5841,5864,5843,-1,5843,5864,5235,-1,5756,5837,5836,-1,5836,5837,5845,-1,5836,5845,5861,-1,5861,5845,5847,-1,5861,5847,5862,-1,5862,5847,5849,-1,5862,5849,5863,-1,5863,5849,5851,-1,5863,5851,5864,-1,5864,5851,5235,-1,5212,5210,5865,-1,5213,5212,5866,-1,5217,5213,5867,-1,5216,5217,5803,-1,5803,5217,5868,-1,5803,5868,5801,-1,5220,5782,5209,-1,5209,5782,5869,-1,5209,5869,5210,-1,5801,5868,5799,-1,5799,5868,5870,-1,5799,5870,5797,-1,5782,5780,5869,-1,5869,5780,5778,-1,5869,5778,5871,-1,5797,5870,5795,-1,5795,5870,5872,-1,5795,5872,5793,-1,5778,5776,5871,-1,5871,5776,5774,-1,5871,5774,5873,-1,5793,5872,5791,-1,5791,5872,5874,-1,5791,5874,5789,-1,5774,5772,5873,-1,5873,5772,5770,-1,5873,5770,5875,-1,5789,5874,5787,-1,5787,5874,5876,-1,5787,5876,5785,-1,5770,5768,5875,-1,5875,5768,5766,-1,5875,5766,5877,-1,5876,5878,5879,-1,5785,5876,5783,-1,5783,5876,5879,-1,5783,5879,5276,-1,5880,5881,5882,-1,5217,5867,5868,-1,5868,5867,5883,-1,5868,5883,5870,-1,5870,5883,5884,-1,5870,5884,5872,-1,5872,5884,5885,-1,5872,5885,5874,-1,5874,5885,5880,-1,5874,5880,5876,-1,5876,5880,5882,-1,5876,5882,5878,-1,5886,5887,5888,-1,5213,5866,5867,-1,5867,5866,5889,-1,5867,5889,5883,-1,5883,5889,5890,-1,5883,5890,5884,-1,5884,5890,5891,-1,5884,5891,5885,-1,5885,5891,5886,-1,5885,5886,5880,-1,5880,5886,5888,-1,5880,5888,5881,-1,5892,5893,5894,-1,5212,5865,5866,-1,5866,5865,5895,-1,5866,5895,5889,-1,5889,5895,5896,-1,5889,5896,5890,-1,5890,5896,5897,-1,5890,5897,5891,-1,5891,5897,5892,-1,5891,5892,5886,-1,5886,5892,5894,-1,5886,5894,5887,-1,5898,5899,5877,-1,5877,5899,5900,-1,5210,5869,5865,-1,5865,5869,5871,-1,5865,5871,5895,-1,5895,5871,5873,-1,5895,5873,5896,-1,5896,5873,5875,-1,5896,5875,5897,-1,5897,5875,5877,-1,5897,5877,5892,-1,5892,5877,5900,-1,5892,5900,5893,-1,5239,5898,5762,-1,5762,5898,5877,-1,5762,5877,5764,-1,5764,5877,5766,-1,5227,5226,5834,-1,5834,5226,5901,-1,5834,5901,5828,-1,5828,5901,5902,-1,5828,5902,5822,-1,5822,5902,5903,-1,5822,5903,5816,-1,5816,5903,5904,-1,5816,5904,5810,-1,5810,5904,5905,-1,5810,5905,5253,-1,5253,5905,5254,-1,5326,5324,5906,-1,5906,5324,5907,-1,5906,5907,5908,-1,5908,5907,5909,-1,5908,5909,5910,-1,5910,5909,5911,-1,5910,5911,5912,-1,5912,5911,5913,-1,5912,5913,5914,-1,5914,5913,5915,-1,5914,5915,5353,-1,5353,5915,5354,-1,5244,5235,5916,-1,5916,5235,5856,-1,5916,5856,5917,-1,5917,5856,5857,-1,5917,5857,5918,-1,5918,5857,5858,-1,5918,5858,5919,-1,5919,5858,5859,-1,5919,5859,5920,-1,5920,5859,5860,-1,5920,5860,5254,-1,5254,5860,5256,-1,5324,5323,5921,-1,5324,5921,5922,-1,5922,5921,5923,-1,5922,5923,5924,-1,5924,5923,5925,-1,5924,5925,5926,-1,5926,5925,5927,-1,5926,5927,5928,-1,5928,5927,5929,-1,5928,5929,5930,-1,5930,5929,5238,-1,5930,5238,5240,-1,5238,5931,5239,-1,5239,5931,5898,-1,5898,5931,5899,-1,5899,5931,5932,-1,5899,5932,5900,-1,5900,5932,5933,-1,5900,5933,5893,-1,5893,5933,5934,-1,5893,5934,5894,-1,5894,5934,5935,-1,5894,5935,5887,-1,5887,5935,5936,-1,5887,5936,5888,-1,5888,5936,5937,-1,5888,5937,5881,-1,5881,5937,5938,-1,5881,5938,5882,-1,5882,5938,5939,-1,5882,5939,5878,-1,5878,5939,5940,-1,5878,5940,5879,-1,5940,5941,5879,-1,5879,5941,5277,-1,5879,5277,5276,-1,5254,5905,5942,-1,5254,5942,5920,-1,5920,5942,5943,-1,5920,5943,5919,-1,5944,5943,5945,-1,5945,5943,5942,-1,5945,5942,5946,-1,5946,5942,5905,-1,5946,5905,5904,-1,5947,5918,5919,-1,5948,5944,5949,-1,5949,5944,5945,-1,5949,5945,5950,-1,5950,5945,5946,-1,5950,5946,5951,-1,5951,5946,5904,-1,5951,5904,5903,-1,5952,5917,5918,-1,5953,5948,5954,-1,5954,5948,5949,-1,5954,5949,5955,-1,5955,5949,5950,-1,5955,5950,5956,-1,5956,5950,5951,-1,5956,5951,5957,-1,5957,5951,5903,-1,5957,5903,5902,-1,5244,5916,5958,-1,5958,5916,5917,-1,5917,5952,5958,-1,5958,5952,5959,-1,5958,5959,5244,-1,5918,5947,5952,-1,5952,5947,5960,-1,5952,5960,5959,-1,5959,5960,5961,-1,5959,5961,5244,-1,5244,5953,5962,-1,5962,5953,5954,-1,5962,5954,5963,-1,5963,5954,5955,-1,5963,5955,5964,-1,5964,5955,5956,-1,5964,5956,5965,-1,5965,5956,5957,-1,5965,5957,5966,-1,5966,5957,5902,-1,5966,5902,5901,-1,5244,5962,5967,-1,5967,5962,5963,-1,5967,5963,5968,-1,5968,5963,5964,-1,5968,5964,5969,-1,5969,5964,5965,-1,5969,5965,5970,-1,5970,5965,5966,-1,5970,5966,5971,-1,5971,5966,5901,-1,5971,5901,5226,-1,5919,5943,5947,-1,5947,5943,5944,-1,5947,5944,5960,-1,5960,5944,5948,-1,5960,5948,5961,-1,5961,5948,5953,-1,5961,5953,5244,-1,5026,5340,5024,-1,5024,5340,5972,-1,5024,5972,5022,-1,5022,5972,5973,-1,5022,5973,5011,-1,5011,5973,5974,-1,5011,5974,5009,-1,5009,5974,5975,-1,5009,5975,5007,-1,5007,5975,5976,-1,5007,5976,5005,-1,5005,5976,5375,-1,5240,5241,5930,-1,5930,5241,5977,-1,5930,5977,5928,-1,5928,5977,5978,-1,5928,5978,5926,-1,5926,5978,5979,-1,5926,5979,5924,-1,5924,5979,5980,-1,5924,5980,5922,-1,5922,5980,5981,-1,5922,5981,5324,-1,5324,5981,5907,-1,5241,5237,5977,-1,5977,5237,5982,-1,5977,5982,5978,-1,5978,5982,5983,-1,5978,5983,5979,-1,5979,5983,5984,-1,5979,5984,5980,-1,5980,5984,5985,-1,5980,5985,5981,-1,5981,5985,5986,-1,5981,5986,5907,-1,5907,5986,5909,-1,5237,5236,5982,-1,5982,5236,5987,-1,5982,5987,5983,-1,5983,5987,5988,-1,5983,5988,5984,-1,5984,5988,5989,-1,5984,5989,5985,-1,5985,5989,5990,-1,5985,5990,5986,-1,5986,5990,5991,-1,5986,5991,5909,-1,5909,5991,5911,-1,5236,5234,5987,-1,5987,5234,5992,-1,5987,5992,5988,-1,5988,5992,5993,-1,5988,5993,5989,-1,5989,5993,5994,-1,5989,5994,5990,-1,5990,5994,5995,-1,5990,5995,5991,-1,5991,5995,5996,-1,5991,5996,5911,-1,5911,5996,5913,-1,5234,5233,5992,-1,5992,5233,5997,-1,5992,5997,5993,-1,5993,5997,5998,-1,5993,5998,5994,-1,5994,5998,5999,-1,5994,5999,5995,-1,5995,5999,6000,-1,5995,6000,5996,-1,5996,6000,6001,-1,5996,6001,5913,-1,5913,6001,5915,-1,5233,5252,5997,-1,5997,5252,6002,-1,5997,6002,5998,-1,5998,6002,6003,-1,5998,6003,5999,-1,5999,6003,6004,-1,5999,6004,6000,-1,6000,6004,6005,-1,6000,6005,6001,-1,6001,6005,6006,-1,6001,6006,5915,-1,5915,6006,5354,-1,5326,5906,6007,-1,5326,6007,6008,-1,6008,6007,6009,-1,6008,6009,6010,-1,6011,6009,6012,-1,6012,6009,6007,-1,6012,6007,6013,-1,6013,6007,5906,-1,6013,5906,5908,-1,6014,6015,6010,-1,6016,6011,6017,-1,6017,6011,6012,-1,6017,6012,6018,-1,6018,6012,6013,-1,6018,6013,6019,-1,6019,6013,5908,-1,6019,5908,5910,-1,6020,6021,6015,-1,6022,6016,6023,-1,6023,6016,6017,-1,6023,6017,6024,-1,6024,6017,6018,-1,6024,6018,6025,-1,6025,6018,6019,-1,6025,6019,6026,-1,6026,6019,5910,-1,6026,5910,5912,-1,5328,6027,6028,-1,6028,6027,6021,-1,6021,6020,6028,-1,6028,6020,6029,-1,6028,6029,5328,-1,6015,6014,6020,-1,6020,6014,6030,-1,6020,6030,6029,-1,6029,6030,6031,-1,6029,6031,5328,-1,5328,6022,6032,-1,6032,6022,6023,-1,6032,6023,6033,-1,6033,6023,6024,-1,6033,6024,6034,-1,6034,6024,6025,-1,6034,6025,6035,-1,6035,6025,6026,-1,6035,6026,6036,-1,6036,6026,5912,-1,6036,5912,5914,-1,5328,6032,6037,-1,6037,6032,6033,-1,6037,6033,6038,-1,6038,6033,6034,-1,6038,6034,6039,-1,6039,6034,6035,-1,6039,6035,6040,-1,6040,6035,6036,-1,6040,6036,6041,-1,6041,6036,5914,-1,6041,5914,5353,-1,6010,6009,6014,-1,6014,6009,6011,-1,6014,6011,6030,-1,6030,6011,6016,-1,6030,6016,6031,-1,6031,6016,6022,-1,6031,6022,5328,-1,5931,5238,6042,-1,5277,5941,6043,-1,6043,5941,6044,-1,5941,5940,6044,-1,6044,5940,5939,-1,6044,5939,6045,-1,5939,5938,6045,-1,6045,5938,5937,-1,6045,5937,6046,-1,5937,5936,6046,-1,6046,5936,5935,-1,6046,5935,6047,-1,6048,6049,6050,-1,6050,6049,6051,-1,6050,6051,6052,-1,6052,6051,6053,-1,6052,6053,6054,-1,6054,6053,6055,-1,6054,6055,6056,-1,6056,6055,6057,-1,6056,6057,6058,-1,6058,6057,6059,-1,6058,6059,5238,-1,6049,6060,6051,-1,6051,6060,6061,-1,6051,6061,6053,-1,6053,6061,6062,-1,6053,6062,6055,-1,6055,6062,6063,-1,6055,6063,6057,-1,6057,6063,6064,-1,6057,6064,6059,-1,6059,6064,6065,-1,6059,6065,5238,-1,5323,6048,5921,-1,5921,6048,6050,-1,5921,6050,5923,-1,5923,6050,6052,-1,5923,6052,5925,-1,5925,6052,6054,-1,5925,6054,5927,-1,5927,6054,6056,-1,5927,6056,5929,-1,5929,6056,6058,-1,5929,6058,5238,-1,6066,6043,6067,-1,6067,6043,6044,-1,6067,6044,6068,-1,6068,6044,6045,-1,6068,6045,6069,-1,6069,6045,6046,-1,6069,6046,6070,-1,6070,6046,6047,-1,6070,6047,6071,-1,6071,6047,6042,-1,6071,6042,5238,-1,5935,5934,6047,-1,6047,5934,5933,-1,6047,5933,6042,-1,6042,5933,5932,-1,6042,5932,5931,-1,6060,6066,6061,-1,6061,6066,6067,-1,6061,6067,6062,-1,6062,6067,6068,-1,6062,6068,6063,-1,6063,6068,6069,-1,6063,6069,6064,-1,6064,6069,6070,-1,6064,6070,6065,-1,6065,6070,6071,-1,6065,6071,5238,-1,5224,5222,6072,-1,6072,5222,6073,-1,6072,6073,6074,-1,6074,6073,6075,-1,6074,6075,6076,-1,6076,6075,6077,-1,6076,6077,6078,-1,6078,6077,6079,-1,6078,6079,6080,-1,6080,6079,6081,-1,6080,6081,5269,-1,5269,6081,5265,-1,5248,5244,6082,-1,6082,5244,5967,-1,6082,5967,6083,-1,6083,5967,5968,-1,6083,5968,6084,-1,6084,5968,5969,-1,6084,5969,6085,-1,6085,5969,5970,-1,6085,5970,6086,-1,6086,5970,5971,-1,6086,5971,5228,-1,5228,5971,5226,-1,5344,6087,5345,-1,5345,6087,6088,-1,5345,6088,5346,-1,5346,6088,6089,-1,5346,6089,5331,-1,5331,6089,6090,-1,5331,6090,5332,-1,5332,6090,6091,-1,5332,6091,5347,-1,5347,6091,6092,-1,5347,6092,5340,-1,5340,6092,5972,-1,6087,6093,6088,-1,6088,6093,6094,-1,6088,6094,6089,-1,6089,6094,6095,-1,6089,6095,6090,-1,6090,6095,6096,-1,6090,6096,6091,-1,6091,6096,6097,-1,6091,6097,6092,-1,6092,6097,6098,-1,6092,6098,5972,-1,5972,6098,5973,-1,6093,6099,6094,-1,6094,6099,6100,-1,6094,6100,6095,-1,6095,6100,6101,-1,6095,6101,6096,-1,6096,6101,6102,-1,6096,6102,6097,-1,6097,6102,6103,-1,6097,6103,6098,-1,6098,6103,6104,-1,6098,6104,5973,-1,5973,6104,5974,-1,6099,6105,6100,-1,6100,6105,6106,-1,6100,6106,6101,-1,6101,6106,6107,-1,6101,6107,6102,-1,6102,6107,6108,-1,6102,6108,6103,-1,6103,6108,6109,-1,6103,6109,6104,-1,6104,6109,6110,-1,6104,6110,5974,-1,5974,6110,5975,-1,6105,6111,6106,-1,6106,6111,6112,-1,6106,6112,6107,-1,6107,6112,6113,-1,6107,6113,6108,-1,6108,6113,6114,-1,6108,6114,6109,-1,6109,6114,6115,-1,6109,6115,6110,-1,6110,6115,6116,-1,6110,6116,5975,-1,5975,6116,5976,-1,6111,5351,6112,-1,6112,5351,6117,-1,6112,6117,6113,-1,6113,6117,6118,-1,6113,6118,6114,-1,6114,6118,6119,-1,6114,6119,6115,-1,6115,6119,6120,-1,6115,6120,6116,-1,6116,6120,6121,-1,6116,6121,5976,-1,5976,6121,5375,-1,5344,5343,6087,-1,6087,5343,6122,-1,6087,6122,6093,-1,6093,6122,6123,-1,6093,6123,6099,-1,6099,6123,6124,-1,6099,6124,6105,-1,6105,6124,6125,-1,6105,6125,6111,-1,6111,6125,6126,-1,6111,6126,5351,-1,5351,6126,5349,-1,5376,5375,6121,-1,5376,6121,6127,-1,6127,6121,6120,-1,6127,6120,6128,-1,6128,6120,6119,-1,6128,6119,6129,-1,6129,6119,6118,-1,6129,6118,6130,-1,6130,6118,6117,-1,6130,6117,6131,-1,6131,6117,5351,-1,6131,5351,5352,-1,5013,5376,5015,-1,5015,5376,6132,-1,5015,6132,5017,-1,5017,6132,6133,-1,5017,6133,5039,-1,5039,6133,6134,-1,5039,6134,5040,-1,5040,6134,6135,-1,5040,6135,5042,-1,5042,6135,6136,-1,5042,6136,5044,-1,5044,6136,5313,-1,5359,5354,6006,-1,5359,6006,6137,-1,6137,6006,6005,-1,6137,6005,6138,-1,6138,6005,6004,-1,6138,6004,6139,-1,6139,6004,6003,-1,6139,6003,6140,-1,6140,6003,6002,-1,6140,6002,6141,-1,6141,6002,5252,-1,6141,5252,5251,-1,5343,5337,6142,-1,6142,5337,6143,-1,6142,6143,6144,-1,6144,6143,6145,-1,6144,6145,6146,-1,6146,6145,6147,-1,6146,6147,6148,-1,6148,6147,6149,-1,6148,6149,6150,-1,6150,6149,6151,-1,6150,6151,5367,-1,5367,6151,5372,-1,5330,5328,6152,-1,6152,5328,6037,-1,6152,6037,6153,-1,6153,6037,6038,-1,6153,6038,6154,-1,6154,6038,6039,-1,6154,6039,6155,-1,6155,6039,6040,-1,6155,6040,6156,-1,6156,6040,6041,-1,6156,6041,5355,-1,5355,6041,5353,-1,5325,5326,6157,-1,6157,5326,6008,-1,6157,6008,6158,-1,6158,6008,6010,-1,6158,6010,6159,-1,6159,6010,6015,-1,6159,6015,6160,-1,6160,6015,6021,-1,6160,6021,6161,-1,6161,6021,6027,-1,6161,6027,5327,-1,5327,6027,5328,-1,5278,5277,6043,-1,5278,6043,6162,-1,6162,6043,6066,-1,6162,6066,6163,-1,6163,6066,6060,-1,6163,6060,6164,-1,6164,6060,6049,-1,6164,6049,6165,-1,6165,6049,6048,-1,6165,6048,6166,-1,6166,6048,5323,-1,6166,5323,5325,-1,5224,6072,5225,-1,5225,6072,6167,-1,5225,6167,5231,-1,5231,6167,6168,-1,5231,6168,5232,-1,5232,6168,6169,-1,5232,6169,5230,-1,5230,6169,6170,-1,5230,6170,5229,-1,5229,6170,6171,-1,5229,6171,5228,-1,5228,6171,6086,-1,6072,6074,6167,-1,6167,6074,6172,-1,6167,6172,6168,-1,6168,6172,6173,-1,6168,6173,6169,-1,6169,6173,6174,-1,6169,6174,6170,-1,6170,6174,6175,-1,6170,6175,6171,-1,6171,6175,6176,-1,6171,6176,6086,-1,6086,6176,6085,-1,6074,6076,6172,-1,6172,6076,6177,-1,6172,6177,6173,-1,6173,6177,6178,-1,6173,6178,6174,-1,6174,6178,6179,-1,6174,6179,6175,-1,6175,6179,6180,-1,6175,6180,6176,-1,6176,6180,6181,-1,6176,6181,6085,-1,6085,6181,6084,-1,6076,6078,6177,-1,6177,6078,6182,-1,6177,6182,6178,-1,6178,6182,6183,-1,6178,6183,6179,-1,6179,6183,6184,-1,6179,6184,6180,-1,6180,6184,6185,-1,6180,6185,6181,-1,6181,6185,6186,-1,6181,6186,6084,-1,6084,6186,6083,-1,6078,6080,6182,-1,6182,6080,6187,-1,6182,6187,6183,-1,6183,6187,6188,-1,6183,6188,6184,-1,6184,6188,6189,-1,6184,6189,6185,-1,6185,6189,6190,-1,6185,6190,6186,-1,6186,6190,6191,-1,6186,6191,6083,-1,6083,6191,6082,-1,6080,5269,6187,-1,6187,5269,6192,-1,6187,6192,6188,-1,6188,6192,6193,-1,6188,6193,6189,-1,6189,6193,6194,-1,6189,6194,6190,-1,6190,6194,6195,-1,6190,6195,6191,-1,6191,6195,6196,-1,6191,6196,6082,-1,6082,6196,5248,-1,5247,6197,5242,-1,5242,6197,6198,-1,6197,6199,6198,-1,6198,6199,6200,-1,6198,6200,6201,-1,6200,6202,6201,-1,6201,6202,6203,-1,6201,6203,6204,-1,6203,6205,6204,-1,6204,6205,6206,-1,6204,6206,6207,-1,5251,5250,6141,-1,6141,5250,6208,-1,6141,6208,6140,-1,6140,6208,6209,-1,6140,6209,6139,-1,6139,6209,6210,-1,6139,6210,6138,-1,6138,6210,6211,-1,6138,6211,6137,-1,6137,6211,6212,-1,6137,6212,5359,-1,5250,5246,6208,-1,6208,5246,6213,-1,6208,6213,6209,-1,6209,6213,6214,-1,6209,6214,6210,-1,6210,6214,6215,-1,6210,6215,6211,-1,6211,6215,6216,-1,6211,6216,6212,-1,6212,6216,6217,-1,5246,5245,6213,-1,6213,5245,6218,-1,6213,6218,6214,-1,6214,6218,6219,-1,6214,6219,6215,-1,6215,6219,6220,-1,6215,6220,6216,-1,6216,6220,6221,-1,6216,6221,6217,-1,6217,6221,6222,-1,5245,5243,6218,-1,6218,5243,6223,-1,6218,6223,6219,-1,6219,6223,6224,-1,6219,6224,6220,-1,6220,6224,6225,-1,6220,6225,6221,-1,6221,6225,6226,-1,6221,6226,6222,-1,6222,6226,6227,-1,5243,5242,6223,-1,6223,5242,6198,-1,6223,6198,6224,-1,6224,6198,6201,-1,6224,6201,6225,-1,6225,6201,6204,-1,6225,6204,6226,-1,6226,6204,6207,-1,6226,6207,6227,-1,6227,6207,6228,-1,6206,6229,6207,-1,6207,6229,6230,-1,6207,6230,6228,-1,6228,6230,6231,-1,6228,6231,6232,-1,5359,6212,6233,-1,6233,6212,6217,-1,6233,6217,6234,-1,6234,6217,6222,-1,6234,6222,6235,-1,6235,6222,6227,-1,6235,6227,6236,-1,6236,6227,6228,-1,6236,6228,6237,-1,6237,6228,6232,-1,6237,6232,5322,-1,5343,6142,6238,-1,5343,6238,6122,-1,6122,6238,6239,-1,6122,6239,6123,-1,6240,6239,6241,-1,6241,6239,6238,-1,6241,6238,6242,-1,6242,6238,6142,-1,6242,6142,6144,-1,6243,6124,6123,-1,6244,6240,6245,-1,6245,6240,6241,-1,6245,6241,6246,-1,6246,6241,6242,-1,6246,6242,6247,-1,6247,6242,6144,-1,6247,6144,6146,-1,6248,6125,6124,-1,6249,6244,6250,-1,6250,6244,6245,-1,6250,6245,6251,-1,6251,6245,6246,-1,6251,6246,6252,-1,6252,6246,6247,-1,6252,6247,6253,-1,6253,6247,6146,-1,6253,6146,6148,-1,5349,6126,6254,-1,6254,6126,6125,-1,6125,6248,6254,-1,6254,6248,6255,-1,6254,6255,5349,-1,6124,6243,6248,-1,6248,6243,6256,-1,6248,6256,6255,-1,6255,6256,6257,-1,6255,6257,5349,-1,5349,6249,6258,-1,6258,6249,6250,-1,6258,6250,6259,-1,6259,6250,6251,-1,6259,6251,6260,-1,6260,6251,6252,-1,6260,6252,6261,-1,6261,6252,6253,-1,6261,6253,6262,-1,6262,6253,6148,-1,6262,6148,6150,-1,5349,6258,6263,-1,6263,6258,6259,-1,6263,6259,6264,-1,6264,6259,6260,-1,6264,6260,6265,-1,6265,6260,6261,-1,6265,6261,6266,-1,6266,6261,6262,-1,6266,6262,6267,-1,6267,6262,6150,-1,6267,6150,5367,-1,6123,6239,6243,-1,6243,6239,6240,-1,6243,6240,6256,-1,6256,6240,6244,-1,6256,6244,6257,-1,6257,6244,6249,-1,6257,6249,5349,-1,5313,6136,5314,-1,5314,6136,6268,-1,5314,6268,5306,-1,5306,6268,6269,-1,5306,6269,5307,-1,5307,6269,6270,-1,5307,6270,5308,-1,5308,6270,6271,-1,5308,6271,5309,-1,5309,6271,6272,-1,5309,6272,5310,-1,5310,6272,6273,-1,6136,6135,6268,-1,6268,6135,6274,-1,6268,6274,6269,-1,6269,6274,6275,-1,6269,6275,6270,-1,6270,6275,6276,-1,6270,6276,6271,-1,6271,6276,6277,-1,6271,6277,6272,-1,6272,6277,6278,-1,6272,6278,6273,-1,6273,6278,6279,-1,6135,6134,6274,-1,6274,6134,6280,-1,6274,6280,6275,-1,6275,6280,6281,-1,6275,6281,6276,-1,6276,6281,6282,-1,6276,6282,6277,-1,6277,6282,6283,-1,6277,6283,6278,-1,6278,6283,6284,-1,6278,6284,6279,-1,6279,6284,6285,-1,6134,6133,6280,-1,6280,6133,6286,-1,6280,6286,6281,-1,6281,6286,6287,-1,6281,6287,6282,-1,6282,6287,6288,-1,6282,6288,6283,-1,6283,6288,6289,-1,6283,6289,6284,-1,6284,6289,6290,-1,6284,6290,6285,-1,6285,6290,6291,-1,6133,6132,6286,-1,6286,6132,6292,-1,6286,6292,6287,-1,6287,6292,6293,-1,6287,6293,6288,-1,6288,6293,6294,-1,6288,6294,6289,-1,6289,6294,6295,-1,6289,6295,6290,-1,6290,6295,6296,-1,6290,6296,6291,-1,6291,6296,6297,-1,6132,5376,6292,-1,6292,5376,6127,-1,6292,6127,6293,-1,6293,6127,6128,-1,6293,6128,6294,-1,6294,6128,6129,-1,6294,6129,6295,-1,6295,6129,6130,-1,6295,6130,6296,-1,6296,6130,6131,-1,6296,6131,6297,-1,6297,6131,5352,-1,5330,6152,6298,-1,6298,6152,6299,-1,6298,6299,6300,-1,6300,6299,6301,-1,6300,6301,6302,-1,6302,6301,6303,-1,6302,6303,6304,-1,6304,6303,6305,-1,6304,6305,6306,-1,6306,6305,6307,-1,6306,6307,5337,-1,5337,6307,6143,-1,6152,6153,6299,-1,6299,6153,6308,-1,6299,6308,6301,-1,6301,6308,6309,-1,6301,6309,6303,-1,6303,6309,6310,-1,6303,6310,6305,-1,6305,6310,6311,-1,6305,6311,6307,-1,6307,6311,6312,-1,6307,6312,6143,-1,6143,6312,6145,-1,6153,6154,6308,-1,6308,6154,6313,-1,6308,6313,6309,-1,6309,6313,6314,-1,6309,6314,6310,-1,6310,6314,6315,-1,6310,6315,6311,-1,6311,6315,6316,-1,6311,6316,6312,-1,6312,6316,6317,-1,6312,6317,6145,-1,6145,6317,6147,-1,6154,6155,6313,-1,6313,6155,6318,-1,6313,6318,6314,-1,6314,6318,6319,-1,6314,6319,6315,-1,6315,6319,6320,-1,6315,6320,6316,-1,6316,6320,6321,-1,6316,6321,6317,-1,6317,6321,6322,-1,6317,6322,6147,-1,6147,6322,6149,-1,6155,6156,6318,-1,6318,6156,6323,-1,6318,6323,6319,-1,6319,6323,6324,-1,6319,6324,6320,-1,6320,6324,6325,-1,6320,6325,6321,-1,6321,6325,6326,-1,6321,6326,6322,-1,6322,6326,6327,-1,6322,6327,6149,-1,6149,6327,6151,-1,6156,5355,6323,-1,6323,5355,5356,-1,6323,5356,6324,-1,6324,5356,5370,-1,6324,5370,6325,-1,6325,5370,5369,-1,6325,5369,6326,-1,6326,5369,5368,-1,6326,5368,6327,-1,6327,5368,5363,-1,6327,5363,6151,-1,6151,5363,5372,-1,5284,5283,6328,-1,6328,5283,6329,-1,6328,6329,6330,-1,6330,6329,6331,-1,6330,6331,6332,-1,6332,6331,6333,-1,6332,6333,6334,-1,6334,6333,6335,-1,6334,6335,6336,-1,6336,6335,6337,-1,6336,6337,5327,-1,5327,6337,6161,-1,5283,5282,6329,-1,6329,5282,6338,-1,6329,6338,6331,-1,6331,6338,6339,-1,6331,6339,6333,-1,6333,6339,6340,-1,6333,6340,6335,-1,6335,6340,6341,-1,6335,6341,6337,-1,6337,6341,6342,-1,6337,6342,6161,-1,6161,6342,6160,-1,5282,5281,6338,-1,6338,5281,6343,-1,6338,6343,6339,-1,6339,6343,6344,-1,6339,6344,6340,-1,6340,6344,6345,-1,6340,6345,6341,-1,6341,6345,6346,-1,6341,6346,6342,-1,6342,6346,6347,-1,6342,6347,6160,-1,6160,6347,6159,-1,5281,5280,6343,-1,6343,5280,6348,-1,6343,6348,6344,-1,6344,6348,6349,-1,6344,6349,6345,-1,6345,6349,6350,-1,6345,6350,6346,-1,6346,6350,6351,-1,6346,6351,6347,-1,6347,6351,6352,-1,6347,6352,6159,-1,6159,6352,6158,-1,5280,5279,6348,-1,6348,5279,6353,-1,6348,6353,6349,-1,6349,6353,6354,-1,6349,6354,6350,-1,6350,6354,6355,-1,6350,6355,6351,-1,6351,6355,6356,-1,6351,6356,6352,-1,6352,6356,6357,-1,6352,6357,6158,-1,6158,6357,6157,-1,5279,5278,6353,-1,6353,5278,6162,-1,6353,6162,6354,-1,6354,6162,6163,-1,6354,6163,6355,-1,6355,6163,6164,-1,6355,6164,6356,-1,6356,6164,6165,-1,6356,6165,6357,-1,6357,6165,6166,-1,6357,6166,6157,-1,6157,6166,5325,-1,5249,5248,6196,-1,5249,6196,6358,-1,6358,6196,6195,-1,6358,6195,6359,-1,6359,6195,6194,-1,6359,6194,6360,-1,6360,6194,6193,-1,6360,6193,6361,-1,6361,6193,6192,-1,6361,6192,6362,-1,6362,6192,5269,-1,6362,5269,5268,-1,5249,6363,5247,-1,5247,6363,6197,-1,6197,6363,6199,-1,6199,6363,6364,-1,6199,6364,6200,-1,6200,6364,6365,-1,6200,6365,6202,-1,6202,6365,6366,-1,6202,6366,6203,-1,6203,6366,6367,-1,6203,6367,6205,-1,6205,6367,6368,-1,6205,6368,6206,-1,6206,6368,6369,-1,6206,6369,6229,-1,6229,6369,6370,-1,6229,6370,6230,-1,6230,6370,6371,-1,6230,6371,6231,-1,6231,6371,6372,-1,6231,6372,6232,-1,6372,6373,6232,-1,6232,6373,5321,-1,6232,5321,5322,-1,5322,5320,6237,-1,6237,5320,6374,-1,6237,6374,6236,-1,6236,6374,6375,-1,6236,6375,6235,-1,6235,6375,6376,-1,6235,6376,6234,-1,6234,6376,6377,-1,6234,6377,6233,-1,6233,6377,6378,-1,6233,6378,5359,-1,5359,6378,5357,-1,5350,5349,6379,-1,6379,5349,6263,-1,6379,6263,6380,-1,6380,6263,6264,-1,6380,6264,6381,-1,6381,6264,6265,-1,6381,6265,6382,-1,6382,6265,6266,-1,6382,6266,6383,-1,6383,6266,6267,-1,6383,6267,5366,-1,5366,6267,5367,-1,5352,5350,6297,-1,6297,5350,6384,-1,6297,6384,6291,-1,6291,6384,6385,-1,6291,6385,6285,-1,6285,6385,6386,-1,6285,6386,6279,-1,6279,6386,6387,-1,6279,6387,6273,-1,6273,6387,6388,-1,6273,6388,5310,-1,5310,6388,5311,-1,5374,6389,5045,-1,5045,6389,5021,-1,6389,6390,5021,-1,5021,6390,6391,-1,5021,6391,5056,-1,6391,6392,5056,-1,5056,6392,6393,-1,5056,6393,5057,-1,6393,6394,5057,-1,5057,6394,6395,-1,5057,6395,5059,-1,5059,6395,6396,-1,5059,6396,5061,-1,6396,6397,5061,-1,5061,6397,6398,-1,5061,6398,5063,-1,5063,6398,6399,-1,5063,6399,5348,-1,5337,5335,6400,-1,5337,6400,6306,-1,6306,6400,6401,-1,6306,6401,6304,-1,6304,6401,6402,-1,6304,6402,6302,-1,6302,6402,6403,-1,6302,6403,6300,-1,6300,6403,6404,-1,6300,6404,6298,-1,6298,6404,5329,-1,6298,5329,5330,-1,5292,5284,6328,-1,5292,6328,6405,-1,6405,6328,6330,-1,6405,6330,6406,-1,6406,6330,6332,-1,6406,6332,6407,-1,6407,6332,6334,-1,6407,6334,6408,-1,6408,6334,6336,-1,6408,6336,6409,-1,6409,6336,5327,-1,6409,5327,5329,-1,6363,5249,6410,-1,5321,6373,6411,-1,6411,6373,6412,-1,6373,6372,6412,-1,6412,6372,6371,-1,6412,6371,6413,-1,6371,6370,6413,-1,6413,6370,6369,-1,6413,6369,6414,-1,6369,6368,6414,-1,6414,6368,6367,-1,6414,6367,6415,-1,6416,6417,6418,-1,6418,6417,6419,-1,6418,6419,6420,-1,6420,6419,6421,-1,6420,6421,6422,-1,6422,6421,6423,-1,6422,6423,6424,-1,6424,6423,6425,-1,6424,6425,6426,-1,6426,6425,6427,-1,6426,6427,5249,-1,6417,6428,6419,-1,6419,6428,6429,-1,6419,6429,6421,-1,6421,6429,6430,-1,6421,6430,6423,-1,6423,6430,6431,-1,6423,6431,6425,-1,6425,6431,6432,-1,6425,6432,6427,-1,6427,6432,6433,-1,6427,6433,5249,-1,5268,6416,6362,-1,6362,6416,6418,-1,6362,6418,6361,-1,6361,6418,6420,-1,6361,6420,6360,-1,6360,6420,6422,-1,6360,6422,6359,-1,6359,6422,6424,-1,6359,6424,6358,-1,6358,6424,6426,-1,6358,6426,5249,-1,6434,6411,6435,-1,6435,6411,6412,-1,6435,6412,6436,-1,6436,6412,6413,-1,6436,6413,6437,-1,6437,6413,6414,-1,6437,6414,6438,-1,6438,6414,6415,-1,6438,6415,6439,-1,6439,6415,6410,-1,6439,6410,5249,-1,6367,6366,6415,-1,6415,6366,6365,-1,6415,6365,6410,-1,6410,6365,6364,-1,6410,6364,6363,-1,6428,6434,6429,-1,6429,6434,6435,-1,6429,6435,6430,-1,6430,6435,6436,-1,6430,6436,6431,-1,6431,6436,6437,-1,6431,6437,6432,-1,6432,6437,6438,-1,6432,6438,6433,-1,6433,6438,6439,-1,6433,6439,5249,-1,5357,6378,6440,-1,5357,6440,6441,-1,6441,6440,6442,-1,6441,6442,6443,-1,6444,6442,6445,-1,6445,6442,6440,-1,6445,6440,6446,-1,6446,6440,6378,-1,6446,6378,6377,-1,6447,6448,6443,-1,6449,6444,6450,-1,6450,6444,6445,-1,6450,6445,6451,-1,6451,6445,6446,-1,6451,6446,6452,-1,6452,6446,6377,-1,6452,6377,6376,-1,6453,6454,6448,-1,6455,6449,6456,-1,6456,6449,6450,-1,6456,6450,6457,-1,6457,6450,6451,-1,6457,6451,6458,-1,6458,6451,6452,-1,6458,6452,6459,-1,6459,6452,6376,-1,6459,6376,6375,-1,5318,6460,6461,-1,6461,6460,6454,-1,6454,6453,6461,-1,6461,6453,6462,-1,6461,6462,5318,-1,6448,6447,6453,-1,6453,6447,6463,-1,6453,6463,6462,-1,6462,6463,6464,-1,6462,6464,5318,-1,5318,6455,6465,-1,6465,6455,6456,-1,6465,6456,6466,-1,6466,6456,6457,-1,6466,6457,6467,-1,6467,6457,6458,-1,6467,6458,6468,-1,6468,6458,6459,-1,6468,6459,6469,-1,6469,6459,6375,-1,6469,6375,6374,-1,5318,6465,6470,-1,6470,6465,6466,-1,6470,6466,6471,-1,6471,6466,6467,-1,6471,6467,6472,-1,6472,6467,6468,-1,6472,6468,6473,-1,6473,6468,6469,-1,6473,6469,6474,-1,6474,6469,6374,-1,6474,6374,5320,-1,6443,6442,6447,-1,6447,6442,6444,-1,6447,6444,6463,-1,6463,6444,6449,-1,6463,6449,6464,-1,6464,6449,6455,-1,6464,6455,5318,-1,5366,6475,6476,-1,5366,6476,6383,-1,6383,6476,6477,-1,6383,6477,6382,-1,6478,6477,6479,-1,6479,6477,6476,-1,6479,6476,6480,-1,6480,6476,6475,-1,6480,6475,6481,-1,6482,6381,6382,-1,6483,6478,6484,-1,6484,6478,6479,-1,6484,6479,6485,-1,6485,6479,6480,-1,6485,6480,6486,-1,6486,6480,6481,-1,6486,6481,6487,-1,6488,6380,6381,-1,6489,6483,6490,-1,6490,6483,6484,-1,6490,6484,6491,-1,6491,6484,6485,-1,6491,6485,6492,-1,6492,6485,6486,-1,6492,6486,6493,-1,6493,6486,6487,-1,6493,6487,6494,-1,5350,6379,6495,-1,6495,6379,6380,-1,6380,6488,6495,-1,6495,6488,6496,-1,6495,6496,5350,-1,6381,6482,6488,-1,6488,6482,6497,-1,6488,6497,6496,-1,6496,6497,6498,-1,6496,6498,5350,-1,5350,6489,6499,-1,6499,6489,6490,-1,6499,6490,6500,-1,6500,6490,6491,-1,6500,6491,6501,-1,6501,6491,6492,-1,6501,6492,6502,-1,6502,6492,6493,-1,6502,6493,6503,-1,6503,6493,6494,-1,6503,6494,6504,-1,5350,6499,6384,-1,6384,6499,6500,-1,6384,6500,6385,-1,6385,6500,6501,-1,6385,6501,6386,-1,6386,6501,6502,-1,6386,6502,6387,-1,6387,6502,6503,-1,6387,6503,6388,-1,6388,6503,6504,-1,6388,6504,5311,-1,6382,6477,6482,-1,6482,6477,6478,-1,6482,6478,6497,-1,6497,6478,6483,-1,6497,6483,6498,-1,6498,6483,6489,-1,6498,6489,5350,-1,6390,6389,6505,-1,6392,6391,6506,-1,6394,6393,6507,-1,6396,6395,6508,-1,6398,6397,6509,-1,5348,6399,5333,-1,5333,6399,6510,-1,5333,6510,5341,-1,5341,6510,6511,-1,5341,6511,5342,-1,5342,6511,6512,-1,5342,6512,5339,-1,5339,6512,6513,-1,5339,6513,5338,-1,5338,6513,6514,-1,5338,6514,5336,-1,5336,6514,6515,-1,6399,6398,6510,-1,6510,6398,6509,-1,6510,6509,6511,-1,6511,6509,6516,-1,6511,6516,6512,-1,6512,6516,6517,-1,6512,6517,6513,-1,6513,6517,6518,-1,6513,6518,6514,-1,6514,6518,6519,-1,6514,6519,6515,-1,6515,6519,6520,-1,6397,6396,6509,-1,6509,6396,6508,-1,6509,6508,6516,-1,6516,6508,6521,-1,6516,6521,6517,-1,6517,6521,6522,-1,6517,6522,6518,-1,6518,6522,6523,-1,6518,6523,6519,-1,6519,6523,6524,-1,6519,6524,6520,-1,6520,6524,6525,-1,6395,6394,6508,-1,6508,6394,6507,-1,6508,6507,6521,-1,6521,6507,6526,-1,6521,6526,6522,-1,6522,6526,6527,-1,6522,6527,6523,-1,6523,6527,6528,-1,6523,6528,6524,-1,6524,6528,6529,-1,6524,6529,6525,-1,6525,6529,6530,-1,6393,6392,6507,-1,6507,6392,6506,-1,6507,6506,6526,-1,6526,6506,6531,-1,6526,6531,6527,-1,6527,6531,6532,-1,6527,6532,6528,-1,6528,6532,6533,-1,6528,6533,6529,-1,6529,6533,6534,-1,6529,6534,6530,-1,6530,6534,6535,-1,6391,6390,6506,-1,6506,6390,6505,-1,6506,6505,6531,-1,6531,6505,6536,-1,6531,6536,6532,-1,6532,6536,6537,-1,6532,6537,6533,-1,6533,6537,6538,-1,6533,6538,6534,-1,6534,6538,6539,-1,6534,6539,6535,-1,6535,6539,6540,-1,6389,5374,6505,-1,6505,5374,6541,-1,6505,6541,6536,-1,6536,6541,6542,-1,6536,6542,6537,-1,6537,6542,6543,-1,6537,6543,6538,-1,6538,6543,6544,-1,6538,6544,6539,-1,6539,6544,6545,-1,6539,6545,6540,-1,6540,6545,4595,-1,6546,6547,6548,-1,6548,6547,6549,-1,6548,6549,6550,-1,6550,6549,6551,-1,6550,6551,6552,-1,6552,6551,6553,-1,6552,6553,6554,-1,6554,6553,6555,-1,6554,6555,6556,-1,6556,6555,6557,-1,6556,6557,5329,-1,6547,6558,6549,-1,6549,6558,6559,-1,6549,6559,6551,-1,6551,6559,6560,-1,6551,6560,6553,-1,6553,6560,6561,-1,6553,6561,6555,-1,6555,6561,6562,-1,6555,6562,6557,-1,6557,6562,6563,-1,6557,6563,5329,-1,5335,6546,6400,-1,6400,6546,6548,-1,6400,6548,6401,-1,6401,6548,6550,-1,6401,6550,6402,-1,6402,6550,6552,-1,6402,6552,6403,-1,6403,6552,6554,-1,6403,6554,6404,-1,6404,6554,6556,-1,6404,6556,5329,-1,6564,6565,6566,-1,6566,6565,6567,-1,6566,6567,6568,-1,6568,6567,6569,-1,6568,6569,6570,-1,6570,6569,6571,-1,6570,6571,6572,-1,6572,6571,6573,-1,6572,6573,6574,-1,6574,6573,6575,-1,6574,6575,5329,-1,6565,5292,6567,-1,6567,5292,6405,-1,6567,6405,6569,-1,6569,6405,6406,-1,6569,6406,6571,-1,6571,6406,6407,-1,6571,6407,6573,-1,6573,6407,6408,-1,6573,6408,6575,-1,6575,6408,6409,-1,6575,6409,5329,-1,6558,6564,6559,-1,6559,6564,6566,-1,6559,6566,6560,-1,6560,6566,6568,-1,6560,6568,6561,-1,6561,6568,6570,-1,6561,6570,6562,-1,6562,6570,6572,-1,6562,6572,6563,-1,6563,6572,6574,-1,6563,6574,5329,-1,5268,5270,6576,-1,5268,6576,6416,-1,6416,6576,6577,-1,6416,6577,6417,-1,6417,6577,6578,-1,6417,6578,6428,-1,6428,6578,6579,-1,6428,6579,6434,-1,6434,6579,6580,-1,6434,6580,6411,-1,6411,6580,5319,-1,6411,5319,5321,-1,5317,5318,6581,-1,6581,5318,6470,-1,6581,6470,6582,-1,6582,6470,6471,-1,6582,6471,6583,-1,6583,6471,6472,-1,6583,6472,6584,-1,6584,6472,6473,-1,6584,6473,6585,-1,6585,6473,6474,-1,6585,6474,5319,-1,5319,6474,5320,-1,5318,5316,6460,-1,6460,5316,6586,-1,6460,6586,6454,-1,6454,6586,6587,-1,6454,6587,6448,-1,6448,6587,6588,-1,6448,6588,6443,-1,6443,6588,6589,-1,6443,6589,6441,-1,6441,6589,6590,-1,6441,6590,5357,-1,5357,6590,5358,-1,5297,5311,6591,-1,6591,5311,6504,-1,6591,6504,6592,-1,6592,6504,6494,-1,6592,6494,6593,-1,6593,6494,6487,-1,6593,6487,6594,-1,6594,6487,6481,-1,6594,6481,6595,-1,6595,6481,6475,-1,6595,6475,5365,-1,5365,6475,5366,-1,5030,5312,5032,-1,5032,5312,6596,-1,5032,6596,5034,-1,5034,6596,6597,-1,5034,6597,5048,-1,5048,6597,6598,-1,5048,6598,5049,-1,5049,6598,6599,-1,5049,6599,5051,-1,5051,6599,6600,-1,5051,6600,5053,-1,5053,6600,5373,-1,5374,5373,6601,-1,5374,6601,6541,-1,6541,6601,6602,-1,6541,6602,6542,-1,6542,6602,6603,-1,6542,6603,6543,-1,6543,6603,6604,-1,6543,6604,6544,-1,6544,6604,6605,-1,6544,6605,6545,-1,6545,6605,4597,-1,6545,4597,4595,-1,5334,5336,6606,-1,6606,5336,6515,-1,6606,6515,6607,-1,6607,6515,6520,-1,6607,6520,6608,-1,6608,6520,6609,-1,6609,6520,6525,-1,6609,6525,6610,-1,6530,6535,6611,-1,6611,6612,6530,-1,6530,6612,6613,-1,6530,6613,6525,-1,6525,6613,6614,-1,6525,6614,6610,-1,4595,4594,6540,-1,6540,4594,6615,-1,6540,6615,6535,-1,6535,6615,6616,-1,6535,6616,6611,-1,5293,5292,6565,-1,5293,6565,6617,-1,6617,6565,6564,-1,6617,6564,6618,-1,6618,6564,6558,-1,6618,6558,6619,-1,6619,6558,6547,-1,6619,6547,6620,-1,6620,6547,6546,-1,6620,6546,6621,-1,6621,6546,5335,-1,6621,5335,5334,-1,5270,5271,6576,-1,6576,5271,6622,-1,6576,6622,6577,-1,6577,6622,6623,-1,6577,6623,6578,-1,6578,6623,6624,-1,6578,6624,6579,-1,6579,6624,6625,-1,6579,6625,6580,-1,6580,6625,6626,-1,6580,6626,5319,-1,5319,6626,6585,-1,5271,5272,6622,-1,6622,5272,6627,-1,6622,6627,6623,-1,6623,6627,6628,-1,6623,6628,6624,-1,6624,6628,6629,-1,6624,6629,6625,-1,6625,6629,6630,-1,6625,6630,6626,-1,6626,6630,6631,-1,6626,6631,6585,-1,6585,6631,6584,-1,5272,5291,6627,-1,6627,5291,6632,-1,6627,6632,6628,-1,6628,6632,6633,-1,6628,6633,6629,-1,6629,6633,6634,-1,6629,6634,6630,-1,6630,6634,6635,-1,6630,6635,6631,-1,6631,6635,6636,-1,6631,6636,6584,-1,6584,6636,6583,-1,5291,5290,6632,-1,6632,5290,6637,-1,6632,6637,6633,-1,6633,6637,6638,-1,6633,6638,6634,-1,6634,6638,6639,-1,6634,6639,6635,-1,6635,6639,6640,-1,6635,6640,6636,-1,6636,6640,6641,-1,6636,6641,6583,-1,6583,6641,6582,-1,5290,5286,6637,-1,6637,5286,6642,-1,6637,6642,6638,-1,6638,6642,6643,-1,6638,6643,6639,-1,6639,6643,6644,-1,6639,6644,6640,-1,6640,6644,6645,-1,6640,6645,6641,-1,6641,6645,6646,-1,6641,6646,6582,-1,6582,6646,6581,-1,5286,5285,6642,-1,6642,5285,6647,-1,6642,6647,6643,-1,6643,6647,6648,-1,6643,6648,6644,-1,6644,6648,6649,-1,6644,6649,6645,-1,6645,6649,6650,-1,6645,6650,6646,-1,6646,6650,6651,-1,6646,6651,6581,-1,6581,6651,5317,-1,5297,6591,6652,-1,6652,6591,6653,-1,6652,6653,6654,-1,6654,6653,6655,-1,6654,6655,6656,-1,6656,6655,6657,-1,6656,6657,6658,-1,6658,6657,6659,-1,6658,6659,6660,-1,6660,6659,6661,-1,6660,6661,5316,-1,5316,6661,6586,-1,6591,6592,6653,-1,6653,6592,6662,-1,6653,6662,6655,-1,6655,6662,6663,-1,6655,6663,6657,-1,6657,6663,6664,-1,6657,6664,6659,-1,6659,6664,6665,-1,6659,6665,6661,-1,6661,6665,6666,-1,6661,6666,6586,-1,6586,6666,6587,-1,6592,6593,6662,-1,6662,6593,6667,-1,6662,6667,6663,-1,6663,6667,6668,-1,6663,6668,6664,-1,6664,6668,6669,-1,6664,6669,6665,-1,6665,6669,6670,-1,6665,6670,6666,-1,6666,6670,6671,-1,6666,6671,6587,-1,6587,6671,6588,-1,6593,6594,6667,-1,6667,6594,6672,-1,6667,6672,6668,-1,6668,6672,6673,-1,6668,6673,6669,-1,6669,6673,6674,-1,6669,6674,6670,-1,6670,6674,6675,-1,6670,6675,6671,-1,6671,6675,6676,-1,6671,6676,6588,-1,6588,6676,6589,-1,6594,6595,6672,-1,6672,6595,6677,-1,6672,6677,6673,-1,6673,6677,6678,-1,6673,6678,6674,-1,6674,6678,6679,-1,6674,6679,6675,-1,6675,6679,6680,-1,6675,6680,6676,-1,6676,6680,6681,-1,6676,6681,6589,-1,6589,6681,6590,-1,6595,5365,6677,-1,6677,5365,5371,-1,6677,5371,6678,-1,6678,5371,5364,-1,6678,5364,6679,-1,6679,5364,5362,-1,6679,5362,6680,-1,6680,5362,5361,-1,6680,5361,6681,-1,6681,5361,5360,-1,6681,5360,6590,-1,6590,5360,5358,-1,5300,6682,5298,-1,5298,6682,6683,-1,5298,6683,5299,-1,5299,6683,6684,-1,5299,6684,5303,-1,5303,6684,6685,-1,5303,6685,5304,-1,5304,6685,6686,-1,5304,6686,5305,-1,5305,6686,6687,-1,5305,6687,5312,-1,5312,6687,6596,-1,6682,6688,6683,-1,6683,6688,6689,-1,6683,6689,6684,-1,6684,6689,6690,-1,6684,6690,6685,-1,6685,6690,6691,-1,6685,6691,6686,-1,6686,6691,6692,-1,6686,6692,6687,-1,6687,6692,6693,-1,6687,6693,6596,-1,6596,6693,6597,-1,6688,6694,6689,-1,6689,6694,6695,-1,6689,6695,6690,-1,6690,6695,6696,-1,6690,6696,6691,-1,6691,6696,6697,-1,6691,6697,6692,-1,6692,6697,6698,-1,6692,6698,6693,-1,6693,6698,6699,-1,6693,6699,6597,-1,6597,6699,6598,-1,6694,6700,6695,-1,6695,6700,6701,-1,6695,6701,6696,-1,6696,6701,6702,-1,6696,6702,6697,-1,6697,6702,6703,-1,6697,6703,6698,-1,6698,6703,6704,-1,6698,6704,6699,-1,6699,6704,6705,-1,6699,6705,6598,-1,6598,6705,6599,-1,6700,6706,6701,-1,6701,6706,6707,-1,6701,6707,6702,-1,6702,6707,6708,-1,6702,6708,6703,-1,6703,6708,6709,-1,6703,6709,6704,-1,6704,6709,6710,-1,6704,6710,6705,-1,6705,6710,6711,-1,6705,6711,6599,-1,6599,6711,6600,-1,6706,4597,6707,-1,6707,4597,6605,-1,6707,6605,6708,-1,6708,6605,6604,-1,6708,6604,6709,-1,6709,6604,6603,-1,6709,6603,6710,-1,6710,6603,6602,-1,6710,6602,6711,-1,6711,6602,6601,-1,6711,6601,6600,-1,6600,6601,5373,-1,6606,6607,6712,-1,6608,6609,6713,-1,6610,6614,6714,-1,6613,6612,6715,-1,6611,6616,6716,-1,6615,4594,6717,-1,6616,6615,6716,-1,6716,6615,6717,-1,6716,6717,6718,-1,6718,6717,6719,-1,6718,6719,6720,-1,6720,6719,6721,-1,6720,6721,6722,-1,6722,6721,6723,-1,6722,6723,6724,-1,6724,6723,6725,-1,6724,6725,5262,-1,5262,6725,5287,-1,6612,6611,6715,-1,6715,6611,6716,-1,6715,6716,6726,-1,6726,6716,6718,-1,6726,6718,6727,-1,6727,6718,6720,-1,6727,6720,6728,-1,6728,6720,6722,-1,6728,6722,6729,-1,6729,6722,6724,-1,6729,6724,5261,-1,5261,6724,5262,-1,6614,6613,6714,-1,6714,6613,6715,-1,6714,6715,6730,-1,6730,6715,6726,-1,6730,6726,6731,-1,6731,6726,6727,-1,6731,6727,6732,-1,6732,6727,6728,-1,6732,6728,6733,-1,6733,6728,6729,-1,6733,6729,5275,-1,5275,6729,5261,-1,6609,6610,6713,-1,6713,6610,6714,-1,6713,6714,6734,-1,6734,6714,6730,-1,6734,6730,6735,-1,6735,6730,6731,-1,6735,6731,6736,-1,6736,6731,6732,-1,6736,6732,6737,-1,6737,6732,6733,-1,6737,6733,5274,-1,5274,6733,5275,-1,6607,6608,6712,-1,6712,6608,6713,-1,6712,6713,6738,-1,6738,6713,6734,-1,6738,6734,6739,-1,6739,6734,6735,-1,6739,6735,6740,-1,6740,6735,6736,-1,6740,6736,6741,-1,6741,6736,6737,-1,6741,6737,5273,-1,5273,6737,5274,-1,5334,6606,6621,-1,6621,6606,6712,-1,6621,6712,6620,-1,6620,6712,6738,-1,6620,6738,6619,-1,6619,6738,6739,-1,6619,6739,6618,-1,6618,6739,6740,-1,6618,6740,6617,-1,6617,6740,6741,-1,6617,6741,5293,-1,5293,6741,5273,-1,5285,5294,6742,-1,5285,6742,6647,-1,6647,6742,6743,-1,6647,6743,6648,-1,6648,6743,6744,-1,6648,6744,6649,-1,6649,6744,6745,-1,6649,6745,6650,-1,6650,6745,6746,-1,6650,6746,6651,-1,6651,6746,5315,-1,6651,5315,5317,-1,5316,5315,6747,-1,5316,6747,6660,-1,6660,6747,6748,-1,6660,6748,6658,-1,6658,6748,6749,-1,6658,6749,6656,-1,6656,6749,6750,-1,6656,6750,6654,-1,6654,6750,6751,-1,6654,6751,6652,-1,6652,6751,5301,-1,6652,5301,5297,-1,4596,4597,6752,-1,6752,4597,6706,-1,6752,6706,6753,-1,6753,6706,6700,-1,6753,6700,6754,-1,6754,6700,6694,-1,6754,6694,6755,-1,6755,6694,6688,-1,6755,6688,6756,-1,6756,6688,6682,-1,6756,6682,5302,-1,5302,6682,5300,-1,6757,5288,5287,-1,6757,5287,6758,-1,6758,5287,6725,-1,6758,6725,6759,-1,6759,6725,6723,-1,6759,6723,6760,-1,6760,6723,6761,-1,6761,6723,6721,-1,6761,6721,6762,-1,6762,6721,6763,-1,6763,6721,6719,-1,6763,6719,6764,-1,6764,6719,6765,-1,6765,6719,6717,-1,6765,6717,6766,-1,6766,6717,6767,-1,6767,6717,4594,-1,6767,4594,4596,-1,6768,6769,6770,-1,6770,6769,6771,-1,6770,6771,6772,-1,6772,6771,6773,-1,6772,6773,6774,-1,6774,6773,6775,-1,6774,6775,6776,-1,6776,6775,6777,-1,6776,6777,6778,-1,6778,6777,6779,-1,6778,6779,5315,-1,6769,6780,6771,-1,6771,6780,6781,-1,6771,6781,6773,-1,6773,6781,6782,-1,6773,6782,6775,-1,6775,6782,6783,-1,6775,6783,6777,-1,6777,6783,6784,-1,6777,6784,6779,-1,6779,6784,6785,-1,6779,6785,5315,-1,5294,6768,6742,-1,6742,6768,6770,-1,6742,6770,6743,-1,6743,6770,6772,-1,6743,6772,6744,-1,6744,6772,6774,-1,6744,6774,6745,-1,6745,6774,6776,-1,6745,6776,6746,-1,6746,6776,6778,-1,6746,6778,5315,-1,6786,6787,6788,-1,6788,6787,6789,-1,6788,6789,6790,-1,6790,6789,6791,-1,6790,6791,6792,-1,6792,6791,6793,-1,6792,6793,6794,-1,6794,6793,6795,-1,6794,6795,6796,-1,6796,6795,6797,-1,6796,6797,5315,-1,6787,5301,6789,-1,6789,5301,6751,-1,6789,6751,6791,-1,6791,6751,6750,-1,6791,6750,6793,-1,6793,6750,6749,-1,6793,6749,6795,-1,6795,6749,6748,-1,6795,6748,6797,-1,6797,6748,6747,-1,6797,6747,5315,-1,6780,6786,6781,-1,6781,6786,6788,-1,6781,6788,6782,-1,6782,6788,6790,-1,6782,6790,6783,-1,6783,6790,6792,-1,6783,6792,6784,-1,6784,6792,6794,-1,6784,6794,6785,-1,6785,6794,6796,-1,6785,6796,5315,-1,6798,5289,5288,-1,5295,5296,6799,-1,6799,5296,6800,-1,6799,6800,6801,-1,6801,6800,6802,-1,5288,6757,6798,-1,6798,6757,6758,-1,6798,6758,6803,-1,6804,6805,6802,-1,6802,6805,6806,-1,6802,6806,6801,-1,6758,6759,6803,-1,6803,6759,6760,-1,6803,6760,6807,-1,6808,6809,6804,-1,6804,6809,6810,-1,6804,6810,6805,-1,6760,6761,6807,-1,6807,6761,6762,-1,6807,6762,6811,-1,6812,6813,6814,-1,6814,6813,6815,-1,6814,6815,6808,-1,6808,6815,6816,-1,6808,6816,6809,-1,5296,5264,6800,-1,6800,5264,6817,-1,6800,6817,6802,-1,6802,6817,6818,-1,6802,6818,6804,-1,6804,6818,6819,-1,6804,6819,6808,-1,6808,6819,6820,-1,6808,6820,6814,-1,6814,6820,6821,-1,5264,5266,6817,-1,6817,5266,6822,-1,6817,6822,6818,-1,6818,6822,6823,-1,6818,6823,6819,-1,6819,6823,6824,-1,6819,6824,6820,-1,6820,6824,6825,-1,6820,6825,6821,-1,6821,6825,6826,-1,5266,5267,6822,-1,6822,5267,6827,-1,6822,6827,6823,-1,6823,6827,6828,-1,6823,6828,6824,-1,6824,6828,6829,-1,6824,6829,6825,-1,6825,6829,6830,-1,6825,6830,6826,-1,6826,6830,6831,-1,5267,5289,6827,-1,6827,5289,6798,-1,6827,6798,6828,-1,6828,6798,6803,-1,6828,6803,6829,-1,6829,6803,6807,-1,6829,6807,6830,-1,6830,6807,6811,-1,6830,6811,6831,-1,6831,6811,6832,-1,5302,6833,6834,-1,6834,6833,6812,-1,6762,6763,6811,-1,6811,6763,6764,-1,6811,6764,6832,-1,6832,6764,6765,-1,6832,6765,6766,-1,6812,6814,6834,-1,6834,6814,6821,-1,6834,6821,6835,-1,6835,6821,6826,-1,6835,6826,6836,-1,6836,6826,6831,-1,6836,6831,6837,-1,6837,6831,6832,-1,6837,6832,6838,-1,6838,6832,6766,-1,6838,6766,6767,-1,5302,6834,6756,-1,6756,6834,6835,-1,6756,6835,6755,-1,6755,6835,6836,-1,6755,6836,6754,-1,6754,6836,6837,-1,6754,6837,6753,-1,6753,6837,6838,-1,6753,6838,6752,-1,6752,6838,6767,-1,6752,6767,4596,-1,5295,6799,5294,-1,5294,6799,6768,-1,6799,6801,6768,-1,6768,6801,6806,-1,6768,6806,6769,-1,6806,6805,6769,-1,6769,6805,6810,-1,6769,6810,6780,-1,6810,6809,6780,-1,6780,6809,6816,-1,6780,6816,6786,-1,6816,6815,6786,-1,6786,6815,6813,-1,6786,6813,6787,-1,5302,5301,6833,-1,6833,5301,6787,-1,6833,6787,6812,-1,6812,6787,6813,-1,2504,4899,2505,-1,2505,4899,6839,-1,2505,6839,2506,-1,2506,6839,6840,-1,2506,6840,2507,-1,2507,6840,6841,-1,2507,6841,2508,-1,2508,6841,6842,-1,2508,6842,2509,-1,2509,6842,6843,-1,2509,6843,2510,-1,2510,6843,4647,-1,4891,4886,6844,-1,4893,4891,6845,-1,4895,4893,6846,-1,4897,4895,6847,-1,4899,4897,6848,-1,4899,6848,6839,-1,6839,6848,6849,-1,6839,6849,6840,-1,6840,6849,6850,-1,6840,6850,6841,-1,6841,6850,6851,-1,6841,6851,6842,-1,6842,6851,6852,-1,6842,6852,6843,-1,6843,6852,4648,-1,6843,4648,4647,-1,4897,6847,6848,-1,6848,6847,6853,-1,6848,6853,6849,-1,6849,6853,6854,-1,6849,6854,6850,-1,6850,6854,6855,-1,6850,6855,6851,-1,6851,6855,6856,-1,6851,6856,6852,-1,6852,6856,4649,-1,6852,4649,4648,-1,4895,6846,6847,-1,6847,6846,6857,-1,6847,6857,6853,-1,6853,6857,6858,-1,6853,6858,6854,-1,6854,6858,6859,-1,6854,6859,6855,-1,6855,6859,6860,-1,6855,6860,6856,-1,6856,6860,4656,-1,6856,4656,4649,-1,4893,6845,6846,-1,6846,6845,6861,-1,6846,6861,6857,-1,6857,6861,6862,-1,6857,6862,6858,-1,6858,6862,6863,-1,6858,6863,6859,-1,6859,6863,6864,-1,6859,6864,6860,-1,6860,6864,4657,-1,6860,4657,4656,-1,4891,6844,6845,-1,6845,6844,6865,-1,6845,6865,6861,-1,6861,6865,6866,-1,6861,6866,6862,-1,6862,6866,6867,-1,6862,6867,6863,-1,6863,6867,6868,-1,6863,6868,6864,-1,6864,6868,4650,-1,6864,4650,4657,-1,4651,4650,6868,-1,4652,4651,6869,-1,4654,4652,6870,-1,4654,6870,6871,-1,6871,6870,6872,-1,6871,6872,6873,-1,6873,6872,6874,-1,6873,6874,6875,-1,6875,6874,6876,-1,6875,6876,6877,-1,6877,6876,6878,-1,6877,6878,6879,-1,6879,6878,4884,-1,6879,4884,4883,-1,6880,4888,4889,-1,4652,6869,6870,-1,6870,6869,6881,-1,6870,6881,6872,-1,6872,6881,6882,-1,6872,6882,6874,-1,6874,6882,6883,-1,6874,6883,6876,-1,6876,6883,6880,-1,6876,6880,6878,-1,6878,6880,4889,-1,6878,4889,4884,-1,4651,6868,6869,-1,6869,6868,6867,-1,6869,6867,6881,-1,6881,6867,6866,-1,6881,6866,6882,-1,6882,6866,6865,-1,6882,6865,6883,-1,6883,6865,6844,-1,6883,6844,6880,-1,6880,6844,4886,-1,6880,4886,4888,-1,4732,2258,6884,-1,6884,2258,2259,-1,6884,2259,6885,-1,6885,2259,2261,-1,6885,2261,6886,-1,6886,2261,2263,-1,6886,2263,6887,-1,6887,2263,2265,-1,6887,2265,6888,-1,6888,2265,2267,-1,6888,2267,4653,-1,4653,2267,2269,-1,4725,4730,6889,-1,4725,6889,6890,-1,6890,6889,6891,-1,6890,6891,6892,-1,6892,6891,4731,-1,6892,4731,4732,-1,4508,4731,6893,-1,4508,6893,4506,-1,4506,6893,6894,-1,4506,6894,4490,-1,4490,6894,6895,-1,4490,6895,4491,-1,4491,6895,6896,-1,4491,6896,4492,-1,4492,6896,6897,-1,4492,6897,4498,-1,4498,6897,4755,-1,4498,4755,4499,-1,6898,6899,6900,-1,6901,6902,6903,-1,4873,6901,4877,-1,4877,6901,6903,-1,4877,6903,4879,-1,4879,6903,6904,-1,4879,6904,4881,-1,4881,6904,6905,-1,4881,6905,4883,-1,6906,6877,6879,-1,6902,6907,6903,-1,6903,6907,6899,-1,6903,6899,6904,-1,6904,6899,6898,-1,6904,6898,6905,-1,6908,6875,6877,-1,6909,6873,6875,-1,6877,6906,6908,-1,6908,6906,6910,-1,6908,6910,6911,-1,6911,6910,6912,-1,6911,6912,6913,-1,6907,6914,6899,-1,6899,6914,6915,-1,6899,6915,6900,-1,6900,6915,6916,-1,6900,6916,6917,-1,6917,6912,6900,-1,6900,6912,6910,-1,6900,6910,6898,-1,6898,6910,6906,-1,6898,6906,6905,-1,6905,6906,6879,-1,6905,6879,4883,-1,6871,6873,6918,-1,6918,6873,6909,-1,6918,6909,6919,-1,4654,6871,4655,-1,4655,6871,6918,-1,4655,6918,4661,-1,4661,6918,6919,-1,4661,6919,4660,-1,6917,6920,6912,-1,6912,6920,6921,-1,6912,6921,6913,-1,6913,6921,6922,-1,6913,6922,6923,-1,6875,6908,6909,-1,6909,6908,6911,-1,6909,6911,6919,-1,6919,6911,6913,-1,6919,6913,4660,-1,4660,6913,6923,-1,4660,6923,4644,-1,4658,4646,6924,-1,4659,4658,6925,-1,4653,4659,6926,-1,4653,6926,6888,-1,6888,6926,6927,-1,6888,6927,6887,-1,6887,6927,6928,-1,6887,6928,6886,-1,6886,6928,6929,-1,6886,6929,6885,-1,6885,6929,6930,-1,6885,6930,6884,-1,6884,6930,6892,-1,6884,6892,4732,-1,4659,6925,6926,-1,6926,6925,6931,-1,6926,6931,6927,-1,6927,6931,6932,-1,6927,6932,6928,-1,6928,6932,6933,-1,6928,6933,6929,-1,6929,6933,6934,-1,6929,6934,6930,-1,6930,6934,6890,-1,6930,6890,6892,-1,4658,6924,6925,-1,6925,6924,6935,-1,6925,6935,6931,-1,6931,6935,6936,-1,6931,6936,6932,-1,6932,6936,6937,-1,6932,6937,6933,-1,6933,6937,6938,-1,6933,6938,6934,-1,6934,6938,4725,-1,6934,4725,6890,-1,6889,4730,6939,-1,6939,4730,6940,-1,6939,6940,6941,-1,6941,6940,6942,-1,6941,6942,6943,-1,6943,6942,6944,-1,6943,6944,6945,-1,6945,6944,6946,-1,6945,6946,6947,-1,6947,6948,6945,-1,6945,6948,6949,-1,6945,6949,6943,-1,6943,6949,6950,-1,6943,6950,6941,-1,6941,6950,6951,-1,6941,6951,6939,-1,6939,6951,6952,-1,6939,6952,6889,-1,6889,6952,6891,-1,4731,6891,6893,-1,6893,6891,6952,-1,6893,6952,6894,-1,6894,6952,6951,-1,6894,6951,6895,-1,6895,6951,6950,-1,6895,6950,6896,-1,6896,6950,6949,-1,6896,6949,6897,-1,6897,6949,6948,-1,6897,6948,4755,-1,6947,4755,6948,-1,6946,6953,6947,-1,6947,6953,4755,-1,6917,6916,6954,-1,6954,6916,6955,-1,6955,6916,6915,-1,6955,6915,6956,-1,6956,6915,6914,-1,6956,6914,6957,-1,6957,6914,6907,-1,6957,6907,6958,-1,6958,6907,6902,-1,6958,6902,6959,-1,6902,6901,6959,-1,6959,6901,4873,-1,6959,4873,4872,-1,4645,4644,6960,-1,6960,4644,6923,-1,6960,6923,6961,-1,6962,6963,6921,-1,6954,6964,6917,-1,6917,6964,6965,-1,6917,6965,6920,-1,6920,6965,6966,-1,6920,6966,6921,-1,6921,6966,6967,-1,6921,6967,6962,-1,6961,6923,6963,-1,6963,6923,6922,-1,6963,6922,6921,-1,6961,6963,6924,-1,4726,4725,6968,-1,6968,4725,6938,-1,6968,6938,6969,-1,6937,6970,6971,-1,6971,6972,6937,-1,6937,6972,6973,-1,6937,6973,6938,-1,6938,6973,6974,-1,6938,6974,6969,-1,6970,6937,6975,-1,6975,6937,6936,-1,6975,6936,6976,-1,6977,6978,6935,-1,6935,6978,6979,-1,6935,6979,6936,-1,6936,6979,6980,-1,6936,6980,6976,-1,6924,6963,6935,-1,6966,6977,6967,-1,6967,6977,6935,-1,6967,6935,6962,-1,6962,6935,6963,-1,4646,4645,6924,-1,6924,4645,6960,-1,6924,6960,6961,-1,4728,4722,6981,-1,4715,4713,6982,-1,4706,4704,6983,-1,4702,4699,6984,-1,6985,6986,6987,-1,4763,6988,4747,-1,4747,6988,4745,-1,4752,4753,6988,-1,6988,4753,4754,-1,6988,4754,4745,-1,6988,6989,4752,-1,4752,6989,6990,-1,4752,6990,4751,-1,6991,6992,6993,-1,6993,6992,6994,-1,6993,6994,6990,-1,6990,6994,4749,-1,6990,4749,4751,-1,6987,6986,6993,-1,6993,6986,6995,-1,6993,6995,6991,-1,4694,4693,6987,-1,6987,4693,6996,-1,6987,6996,6985,-1,4764,4762,6997,-1,6997,4762,6998,-1,6997,6998,6999,-1,6999,6998,7000,-1,6999,7000,7001,-1,7001,7000,7002,-1,7001,7002,7003,-1,7003,7002,7004,-1,7003,7004,7005,-1,7005,7004,6984,-1,4766,4765,7006,-1,7006,4765,7007,-1,7006,7007,7008,-1,7008,7007,7009,-1,7008,7009,7010,-1,7010,7009,7011,-1,7010,7011,7012,-1,7012,7011,7013,-1,7012,7013,7014,-1,7014,7013,6982,-1,4758,4757,7015,-1,7015,4757,7016,-1,7015,7016,7017,-1,7017,7016,7018,-1,7017,7018,7019,-1,7019,7018,7020,-1,7019,7020,7021,-1,7021,7020,7022,-1,7021,7022,7023,-1,7023,7022,6981,-1,4763,4764,6988,-1,6988,4764,6997,-1,6988,6997,6989,-1,6989,6997,6999,-1,6989,6999,6990,-1,6990,6999,7001,-1,6990,7001,6993,-1,6993,7001,7003,-1,6993,7003,6987,-1,6987,7003,7005,-1,6987,7005,4694,-1,4694,7005,4695,-1,6984,4699,7005,-1,7005,4699,4697,-1,7005,4697,4695,-1,4762,4761,6998,-1,6998,4761,7024,-1,6998,7024,7000,-1,7000,7024,7025,-1,7000,7025,7002,-1,7002,7025,7026,-1,7002,7026,7004,-1,7004,7026,7027,-1,7004,7027,6984,-1,6984,7027,6983,-1,6984,6983,4702,-1,4702,6983,4704,-1,4708,4706,7028,-1,7028,4706,6983,-1,7028,6983,7029,-1,7029,6983,7027,-1,7029,7027,7030,-1,7030,7027,7026,-1,7030,7026,7031,-1,7031,7026,7025,-1,7031,7025,7032,-1,7032,7025,7024,-1,7032,7024,4767,-1,4767,7024,4761,-1,4767,4766,7032,-1,7032,4766,7006,-1,7032,7006,7031,-1,7031,7006,7008,-1,7031,7008,7030,-1,7030,7008,7010,-1,7030,7010,7029,-1,7029,7010,7012,-1,7029,7012,7028,-1,7028,7012,7014,-1,7028,7014,4708,-1,4708,7014,4710,-1,6982,4713,7014,-1,7014,4713,4711,-1,7014,4711,4710,-1,4716,4715,7033,-1,7033,4715,6982,-1,7033,6982,7034,-1,7034,6982,7013,-1,7034,7013,7035,-1,7035,7013,7011,-1,7035,7011,7036,-1,7036,7011,7009,-1,7036,7009,7037,-1,7037,7009,7007,-1,7037,7007,4759,-1,4759,7007,4765,-1,4759,4758,7037,-1,7037,4758,7015,-1,7037,7015,7036,-1,7036,7015,7017,-1,7036,7017,7035,-1,7035,7017,7019,-1,7035,7019,7034,-1,7034,7019,7021,-1,7034,7021,7033,-1,7033,7021,7023,-1,7033,7023,4716,-1,4716,7023,4718,-1,6981,4722,7023,-1,7023,4722,4720,-1,7023,4720,4718,-1,4729,4728,7038,-1,7038,4728,6981,-1,7038,6981,7039,-1,7039,6981,7022,-1,7039,7022,7040,-1,7040,7022,7020,-1,7040,7020,7041,-1,7041,7020,7018,-1,7041,7018,7042,-1,7042,7018,7016,-1,7042,7016,4756,-1,4756,7016,4757,-1,4756,4755,7042,-1,7042,4755,6953,-1,7042,6953,7041,-1,7041,6953,6946,-1,7041,6946,7040,-1,7040,6946,6944,-1,7040,6944,7039,-1,7039,6944,6942,-1,7039,6942,7038,-1,7038,6942,6940,-1,7038,6940,4729,-1,4729,6940,4730,-1,7043,4727,4726,-1,7044,7045,6969,-1,7046,7047,6965,-1,4872,4874,6959,-1,6959,4874,4954,-1,6959,4954,6958,-1,6958,4954,6957,-1,6957,4954,4953,-1,6957,4953,6956,-1,6956,4953,6955,-1,6955,4953,4964,-1,6955,4964,6954,-1,4964,7048,6954,-1,6954,7048,7049,-1,6954,7049,6964,-1,6964,7049,7050,-1,6964,7050,6965,-1,6965,7050,7051,-1,6965,7051,7046,-1,6966,6965,6977,-1,6977,6965,7047,-1,6977,7047,6978,-1,6978,7047,7052,-1,6978,7052,7053,-1,7054,6975,7055,-1,7055,6975,6976,-1,7055,6976,6980,-1,7053,7056,6978,-1,6978,7056,7055,-1,6978,7055,6979,-1,6979,7055,6980,-1,7054,7057,6975,-1,6975,7057,7058,-1,6975,7058,6970,-1,7059,6972,7058,-1,7058,6972,6971,-1,7058,6971,6970,-1,7059,7060,6972,-1,6972,7060,7061,-1,6972,7061,6973,-1,6973,7061,6974,-1,6974,7061,6969,-1,6969,7061,7062,-1,6969,7062,7044,-1,7043,4726,7045,-1,7045,4726,6968,-1,7045,6968,6969,-1,4693,4691,6996,-1,6996,4691,7063,-1,6996,7063,6985,-1,6992,6991,7064,-1,7064,6991,6995,-1,7064,6995,7063,-1,7063,6995,6986,-1,7063,6986,6985,-1,4750,4749,7064,-1,7064,4749,6994,-1,7064,6994,6992,-1,4750,7065,4746,-1,4746,7065,4786,-1,7065,7066,4786,-1,4786,7066,7067,-1,4786,7067,4787,-1,7067,7068,4787,-1,4787,7068,7069,-1,4787,7069,4794,-1,7069,7070,4794,-1,4794,7070,7071,-1,4794,7071,4795,-1,7071,7072,4795,-1,4795,7072,7073,-1,4795,7073,4797,-1,4797,7073,7074,-1,4797,7074,4626,-1,4626,7074,7075,-1,4626,7075,4634,-1,7076,4692,4696,-1,7056,7053,7077,-1,7048,4964,4963,-1,7051,7050,7078,-1,7078,7050,7049,-1,7053,7052,7077,-1,7077,7052,7047,-1,7077,7047,7046,-1,7057,7054,7079,-1,7079,7054,7055,-1,7061,7060,7080,-1,7080,7060,7059,-1,7080,7059,7058,-1,4724,4727,7043,-1,7062,7081,7044,-1,7044,7081,4724,-1,7044,4724,7045,-1,7045,4724,7043,-1,7076,4696,7082,-1,7083,7084,7082,-1,7085,7086,7083,-1,7083,7086,7087,-1,7083,7087,7084,-1,7088,7089,7090,-1,7090,7089,7091,-1,7090,7091,7092,-1,7093,7094,7095,-1,7095,7094,7096,-1,7097,7098,7099,-1,7099,7098,7100,-1,7099,7100,7101,-1,4960,7102,7103,-1,7103,7102,7104,-1,7082,4696,7083,-1,7083,4696,4698,-1,7083,4698,7105,-1,4698,4700,7105,-1,7105,4700,4701,-1,7105,4701,7106,-1,4701,4703,7106,-1,7106,4703,4705,-1,7106,4705,7107,-1,7107,4705,4707,-1,7107,4707,7108,-1,7108,4707,4709,-1,7108,4709,7109,-1,4709,4712,7109,-1,7109,4712,4714,-1,7109,4714,7110,-1,7110,4714,4717,-1,7110,4717,7111,-1,4717,4719,7111,-1,7111,4719,4721,-1,7111,4721,7081,-1,7081,4721,4723,-1,7081,4723,4724,-1,7062,7061,7081,-1,7081,7061,7080,-1,7081,7080,7111,-1,7111,7080,7112,-1,7111,7112,7110,-1,7110,7112,7113,-1,7110,7113,7109,-1,7109,7113,7114,-1,7109,7114,7108,-1,7108,7114,7115,-1,7108,7115,7107,-1,7107,7115,7116,-1,7107,7116,7106,-1,7106,7116,7117,-1,7106,7117,7105,-1,7105,7117,7118,-1,7105,7118,7083,-1,7083,7118,7090,-1,7083,7090,7085,-1,7085,7090,7092,-1,7058,7057,7080,-1,7080,7057,7079,-1,7080,7079,7112,-1,7112,7079,7119,-1,7112,7119,7113,-1,7113,7119,7120,-1,7113,7120,7114,-1,7114,7120,7121,-1,7114,7121,7115,-1,7115,7121,7122,-1,7115,7122,7116,-1,7116,7122,7123,-1,7116,7123,7117,-1,7117,7123,7124,-1,7117,7124,7118,-1,7118,7124,7125,-1,7118,7125,7090,-1,7090,7125,7095,-1,7090,7095,7088,-1,7088,7095,7096,-1,7055,7056,7079,-1,7079,7056,7077,-1,7079,7077,7119,-1,7119,7077,7126,-1,7119,7126,7120,-1,7120,7126,7127,-1,7120,7127,7121,-1,7121,7127,7128,-1,7121,7128,7122,-1,7122,7128,7129,-1,7122,7129,7123,-1,7123,7129,7130,-1,7123,7130,7124,-1,7124,7130,7131,-1,7124,7131,7125,-1,7125,7131,7132,-1,7125,7132,7095,-1,7095,7132,7099,-1,7095,7099,7093,-1,7093,7099,7101,-1,7046,7051,7077,-1,7077,7051,7078,-1,7077,7078,7126,-1,7126,7078,7133,-1,7126,7133,7127,-1,7127,7133,7134,-1,7127,7134,7128,-1,7128,7134,7135,-1,7128,7135,7129,-1,7129,7135,7136,-1,7129,7136,7130,-1,7130,7136,7137,-1,7130,7137,7131,-1,7131,7137,7138,-1,7131,7138,7132,-1,7132,7138,7139,-1,7132,7139,7099,-1,7099,7139,7103,-1,7099,7103,7097,-1,7097,7103,7104,-1,7049,7048,7078,-1,7078,7048,4963,-1,7078,4963,7133,-1,7133,4963,4962,-1,7133,4962,7134,-1,7134,4962,4952,-1,7134,4952,7135,-1,7135,4952,4956,-1,7135,4956,7136,-1,7136,4956,4955,-1,7136,4955,7137,-1,7137,4955,4967,-1,7137,4967,7138,-1,7138,4967,4966,-1,7138,4966,7139,-1,7139,4966,4965,-1,7139,4965,7103,-1,7103,4965,4961,-1,7103,4961,4960,-1,7066,7065,7140,-1,7141,7142,7143,-1,7068,7067,7144,-1,7145,7146,7147,-1,7148,7149,7150,-1,7151,7152,7148,-1,7153,7154,7155,-1,4634,7075,4627,-1,4627,7075,7156,-1,4627,7156,4628,-1,4628,7156,7155,-1,4628,7155,4630,-1,4630,7155,7154,-1,7075,7074,7156,-1,7156,7074,7149,-1,7156,7149,7155,-1,7155,7149,7148,-1,7155,7148,7153,-1,7153,7148,7152,-1,7157,7158,7159,-1,7159,7158,7151,-1,7146,7157,7147,-1,7147,7157,7159,-1,7147,7159,7160,-1,7074,7073,7149,-1,7149,7073,7072,-1,7149,7072,7150,-1,7150,7072,7071,-1,7150,7071,7070,-1,7151,7148,7159,-1,7159,7148,7150,-1,7159,7150,7160,-1,7160,7150,7070,-1,7160,7070,7069,-1,7069,7068,7160,-1,7160,7068,7144,-1,7160,7144,7147,-1,7147,7144,7143,-1,7147,7143,7145,-1,7145,7143,7142,-1,7067,7066,7144,-1,7144,7066,7140,-1,7144,7140,7143,-1,7143,7140,7161,-1,7143,7161,7141,-1,7141,7161,7162,-1,7065,4750,7140,-1,7140,4750,7064,-1,7140,7064,7161,-1,7161,7064,7063,-1,7161,7063,7162,-1,7162,7063,4691,-1,7163,7164,7094,-1,7165,7096,7166,-1,7166,7096,7094,-1,7166,7094,7167,-1,7167,7094,7164,-1,7093,7168,7094,-1,7094,7168,7169,-1,7094,7169,7163,-1,7093,7101,7168,-1,7168,7101,7100,-1,7168,7100,7098,-1,7097,7170,7098,-1,7098,7170,7171,-1,7098,7171,7168,-1,7097,7104,7170,-1,7170,7104,7102,-1,7170,7102,4960,-1,7172,7173,4959,-1,4959,7173,7174,-1,4959,7174,4960,-1,4960,7174,7175,-1,4960,7175,7170,-1,4959,4957,7172,-1,7172,4957,4870,-1,7172,4870,4871,-1,7091,7089,7176,-1,7176,7089,7088,-1,7176,7088,7177,-1,7177,7088,7096,-1,7177,7096,7178,-1,7178,7096,7165,-1,7086,7085,7179,-1,7179,7085,7092,-1,7179,7092,7180,-1,7180,7092,7091,-1,7180,7091,7181,-1,7181,7091,7176,-1,7179,7182,7086,-1,7086,7182,7183,-1,7086,7183,7087,-1,7087,7183,7184,-1,7087,7184,7084,-1,4690,4692,7185,-1,7185,4692,7076,-1,7185,7076,7184,-1,7184,7076,7082,-1,7184,7082,7084,-1,7186,7187,7151,-1,7151,7167,7186,-1,7186,7167,7164,-1,7186,7164,7163,-1,4631,4630,7188,-1,7188,4630,7154,-1,7188,7154,7189,-1,7189,7154,7153,-1,7189,7153,7187,-1,7187,7153,7152,-1,7187,7152,7151,-1,7145,7180,7146,-1,7146,7180,7181,-1,7146,7181,7157,-1,7157,7181,7176,-1,7176,7177,7157,-1,7157,7177,7178,-1,7157,7178,7158,-1,7158,7178,7165,-1,7158,7165,7151,-1,7151,7165,7166,-1,7151,7166,7167,-1,7162,4691,4690,-1,4690,7185,7162,-1,7162,7185,7184,-1,7162,7184,7141,-1,7141,7184,7183,-1,7141,7183,7142,-1,7142,7183,7182,-1,7142,7182,7145,-1,7145,7182,7179,-1,7145,7179,7180,-1,7186,7190,7187,-1,7187,7190,7191,-1,7187,7191,7189,-1,4629,4631,7191,-1,7191,4631,7188,-1,7191,7188,7189,-1,4871,4869,7172,-1,7172,4869,7192,-1,7172,7192,7173,-1,7173,7192,7174,-1,7174,7192,7193,-1,7174,7193,7175,-1,7175,7193,7170,-1,7170,7193,7194,-1,7170,7194,7171,-1,7171,7194,7168,-1,7168,7194,7190,-1,7168,7190,7169,-1,7169,7190,7186,-1,7169,7186,7163,-1,7195,7196,7197,-1,7198,7199,7200,-1,4858,7198,4863,-1,4863,7198,7200,-1,4863,7200,4865,-1,4865,7200,7201,-1,4865,7201,4867,-1,4867,7201,7202,-1,4867,7202,4869,-1,7203,7193,7192,-1,7199,7204,7200,-1,7200,7204,7196,-1,7200,7196,7201,-1,7201,7196,7195,-1,7201,7195,7202,-1,7205,7194,7193,-1,7206,7190,7194,-1,7193,7203,7205,-1,7205,7203,7207,-1,7205,7207,7208,-1,7208,7207,7209,-1,7208,7209,7210,-1,7204,7211,7196,-1,7196,7211,7212,-1,7196,7212,7197,-1,7197,7212,7213,-1,7197,7213,7214,-1,7214,7209,7197,-1,7197,7209,7207,-1,7197,7207,7195,-1,7195,7207,7203,-1,7195,7203,7202,-1,7202,7203,7192,-1,7202,7192,4869,-1,7191,7190,7215,-1,7215,7190,7206,-1,7215,7206,7216,-1,4629,7191,4641,-1,4641,7191,7215,-1,4641,7215,4632,-1,4632,7215,7216,-1,4632,7216,4633,-1,7214,7217,7209,-1,7209,7217,7218,-1,7209,7218,7210,-1,7210,7218,7219,-1,7210,7219,7220,-1,7194,7205,7206,-1,7206,7205,7208,-1,7206,7208,7216,-1,7216,7208,7210,-1,7216,7210,4633,-1,4633,7210,7220,-1,4633,7220,4635,-1,7221,7198,4858,-1,4636,4635,7220,-1,4637,4636,7222,-1,4637,7223,4638,-1,4638,7223,7224,-1,7224,7223,7225,-1,7225,7223,7226,-1,7225,7226,7227,-1,4636,7220,7222,-1,7222,7220,7219,-1,7222,7219,7228,-1,7227,7226,7229,-1,7229,7226,7230,-1,7229,7230,7231,-1,7219,7218,7228,-1,7228,7218,7217,-1,7228,7217,7232,-1,7231,7230,7233,-1,7233,7230,7234,-1,7233,7234,7235,-1,7217,7214,7232,-1,7232,7214,7213,-1,7232,7213,7236,-1,7235,7234,7237,-1,7237,7234,7238,-1,7237,7238,7239,-1,7239,7238,7240,-1,7240,7238,7241,-1,7240,7241,7242,-1,4637,7222,7223,-1,7223,7222,7228,-1,7223,7228,7226,-1,7226,7228,7232,-1,7226,7232,7230,-1,7230,7232,7236,-1,7230,7236,7234,-1,7234,7236,7243,-1,7234,7243,7238,-1,7238,7243,7221,-1,7238,7221,7241,-1,7213,7212,7236,-1,7236,7212,7211,-1,7236,7211,7243,-1,7243,7211,7204,-1,7243,7204,7221,-1,7221,7204,7199,-1,7221,7199,7198,-1,4855,7242,4856,-1,4856,7242,7241,-1,4856,7241,4861,-1,4861,7241,7221,-1,4861,7221,4860,-1,4860,7221,4858,-1,4847,4844,7244,-1,4849,4847,7245,-1,4851,4849,7246,-1,4853,4851,7247,-1,4855,4853,7242,-1,7242,4853,7248,-1,7242,7248,7240,-1,7240,7248,7239,-1,7239,7248,7249,-1,7239,7249,7237,-1,7237,7249,7235,-1,7235,7249,7250,-1,7235,7250,7233,-1,7233,7250,7231,-1,7231,7250,7251,-1,7231,7251,7229,-1,7229,7251,7227,-1,7227,7251,7252,-1,7227,7252,7225,-1,7225,7252,7224,-1,7224,7252,4639,-1,7224,4639,4638,-1,4853,7247,7248,-1,7248,7247,7253,-1,7248,7253,7249,-1,7249,7253,7254,-1,7249,7254,7250,-1,7250,7254,7255,-1,7250,7255,7251,-1,7251,7255,7256,-1,7251,7256,7252,-1,7252,7256,4640,-1,7252,4640,4639,-1,4851,7246,7247,-1,7247,7246,7257,-1,7247,7257,7253,-1,7253,7257,7258,-1,7253,7258,7254,-1,7254,7258,7259,-1,7254,7259,7255,-1,7255,7259,7260,-1,7255,7260,7256,-1,7256,7260,4642,-1,7256,4642,4640,-1,4849,7245,7246,-1,7246,7245,7261,-1,7246,7261,7257,-1,7257,7261,7262,-1,7257,7262,7258,-1,7258,7262,7263,-1,7258,7263,7259,-1,7259,7263,7264,-1,7259,7264,7260,-1,7260,7264,4643,-1,7260,4643,4642,-1,4847,7244,7245,-1,7245,7244,7265,-1,7245,7265,7261,-1,7261,7265,7266,-1,7261,7266,7262,-1,7262,7266,7267,-1,7262,7267,7263,-1,7263,7267,7268,-1,7263,7268,7264,-1,7264,7268,4624,-1,7264,4624,4643,-1,4844,4830,7244,-1,7244,4830,4805,-1,7244,4805,7265,-1,7265,4805,4816,-1,7265,4816,7266,-1,7266,4816,4818,-1,7266,4818,7267,-1,7267,4818,4819,-1,7267,4819,7268,-1,7268,4819,4798,-1,7268,4798,4624,-1,4624,4798,4625,-1,2855,4672,7269,-1,2855,7269,4511,-1,4511,7269,7270,-1,4511,7270,4500,-1,7270,7271,4500,-1,4500,7271,7272,-1,4500,7272,4493,-1,7272,7273,4493,-1,4493,7273,7274,-1,4493,7274,4494,-1,7274,7275,4494,-1,4494,7275,7276,-1,4494,7276,4504,-1,7276,7277,4504,-1,4504,7277,7278,-1,4504,7278,4503,-1,7278,7279,4503,-1,4503,7279,4900,-1,4503,4900,2846,-1,7280,7281,7282,-1,7279,7278,7283,-1,4900,7279,4903,-1,4903,7279,7283,-1,4903,7283,4905,-1,4905,7283,7284,-1,4905,7284,4907,-1,4907,7284,7285,-1,4907,7285,4909,-1,7286,7287,7288,-1,7278,7277,7283,-1,7283,7277,7281,-1,7283,7281,7284,-1,7284,7281,7280,-1,7284,7280,7285,-1,7289,7290,7287,-1,7291,7292,7290,-1,7287,7286,7289,-1,7289,7286,7293,-1,7289,7293,7294,-1,7294,7293,7295,-1,7294,7295,7296,-1,7277,7276,7281,-1,7281,7276,7275,-1,7281,7275,7282,-1,7282,7275,7274,-1,7282,7274,7273,-1,7273,7295,7282,-1,7282,7295,7293,-1,7282,7293,7280,-1,7280,7293,7286,-1,7280,7286,7285,-1,7285,7286,7288,-1,7285,7288,4909,-1,7297,7292,7298,-1,7298,7292,7291,-1,7298,7291,7299,-1,4668,7297,4669,-1,4669,7297,7298,-1,4669,7298,4670,-1,4670,7298,7299,-1,4670,7299,4671,-1,7273,7272,7295,-1,7295,7272,7271,-1,7295,7271,7296,-1,7296,7271,7270,-1,7296,7270,7269,-1,7290,7289,7291,-1,7291,7289,7294,-1,7291,7294,7299,-1,7299,7294,7296,-1,7299,7296,4671,-1,4671,7296,7269,-1,4671,7269,4672,-1,4662,4664,7300,-1,4663,4662,7301,-1,4668,4663,7302,-1,4668,7302,7297,-1,7297,7302,7303,-1,7297,7303,7292,-1,7292,7303,7304,-1,7292,7304,7290,-1,7290,7304,7305,-1,7290,7305,7287,-1,7287,7305,7306,-1,7287,7306,7288,-1,7288,7306,4910,-1,7288,4910,4909,-1,4663,7301,7302,-1,7302,7301,7307,-1,7302,7307,7303,-1,7303,7307,7308,-1,7303,7308,7304,-1,7304,7308,7309,-1,7304,7309,7305,-1,7305,7309,7310,-1,7305,7310,7306,-1,7306,7310,4912,-1,7306,4912,4910,-1,4662,7300,7301,-1,7301,7300,7311,-1,7301,7311,7307,-1,7307,7311,7312,-1,7307,7312,7308,-1,7308,7312,7313,-1,7308,7313,7309,-1,7309,7313,7314,-1,7309,7314,7310,-1,7310,7314,4914,-1,7310,4914,4912,-1,4917,4914,7314,-1,4919,4917,7315,-1,4921,4919,7316,-1,4923,4921,7317,-1,7317,4921,7318,-1,7317,7318,7319,-1,7319,7318,7320,-1,7320,7318,7321,-1,7320,7321,7322,-1,7322,7321,7323,-1,7323,7321,7324,-1,7323,7324,7325,-1,7325,7324,7326,-1,7326,7324,7327,-1,7326,7327,7328,-1,7328,7327,7329,-1,7329,7327,7330,-1,7329,7330,7331,-1,7331,7330,7332,-1,7332,7330,4667,-1,7332,4667,4666,-1,4921,7316,7318,-1,7318,7316,7333,-1,7318,7333,7321,-1,7321,7333,7334,-1,7321,7334,7324,-1,7324,7334,7335,-1,7324,7335,7327,-1,7327,7335,7336,-1,7327,7336,7330,-1,7330,7336,4673,-1,7330,4673,4667,-1,4919,7315,7316,-1,7316,7315,7337,-1,7316,7337,7333,-1,7333,7337,7338,-1,7333,7338,7334,-1,7334,7338,7339,-1,7334,7339,7335,-1,7335,7339,7340,-1,7335,7340,7336,-1,7336,7340,4674,-1,7336,4674,4673,-1,4917,7314,7315,-1,7315,7314,7313,-1,7315,7313,7337,-1,7337,7313,7312,-1,7337,7312,7338,-1,7338,7312,7311,-1,7338,7311,7339,-1,7339,7311,7300,-1,7339,7300,7340,-1,7340,7300,4664,-1,7340,4664,4674,-1,4665,2689,7341,-1,7341,2689,4507,-1,7341,4507,7342,-1,7342,4507,4510,-1,7342,4510,7343,-1,7343,4510,7344,-1,7344,4510,4509,-1,7344,4509,7345,-1,7345,4509,7346,-1,7346,4509,4497,-1,7346,4497,7347,-1,7347,4497,7348,-1,7348,4497,4496,-1,7348,4496,7349,-1,2701,4606,4495,-1,4495,4606,7350,-1,4495,7350,4496,-1,4496,7350,7351,-1,4496,7351,7349,-1,4925,4923,7352,-1,7352,4923,7317,-1,7352,7317,7353,-1,7353,7317,7319,-1,7353,7319,7354,-1,7354,7319,7320,-1,7354,7320,7355,-1,7355,7320,7322,-1,7355,7322,7356,-1,7356,7322,7323,-1,7356,7323,7357,-1,7357,7323,7325,-1,7357,7325,7358,-1,7358,7325,7326,-1,7358,7326,7359,-1,7359,7326,7328,-1,7359,7328,7360,-1,7360,7328,7329,-1,7360,7329,7361,-1,7361,7329,7331,-1,7361,7331,7362,-1,7362,7331,7332,-1,7362,7332,4665,-1,4665,7332,4666,-1,4665,7363,7362,-1,7362,7363,7361,-1,7364,4665,7341,-1,7361,7363,7360,-1,7360,7363,7365,-1,7360,7365,7359,-1,7341,7342,7364,-1,7364,7342,7343,-1,7364,7343,7366,-1,7359,7365,7358,-1,7358,7365,7367,-1,7358,7367,7357,-1,7357,7367,7356,-1,7356,7367,7368,-1,7356,7368,7355,-1,7343,7344,7366,-1,7366,7344,7345,-1,7366,7345,7369,-1,7369,7345,7346,-1,7369,7346,7370,-1,7370,7346,7347,-1,7355,7368,7354,-1,7354,7368,7371,-1,7354,7371,7353,-1,7347,7348,7370,-1,7370,7348,7349,-1,7370,7349,7372,-1,7371,7373,7374,-1,7353,7371,7352,-1,7352,7371,7374,-1,7352,7374,4925,-1,7375,7376,7377,-1,4665,7378,7363,-1,7363,7378,7379,-1,7363,7379,7365,-1,7365,7379,7380,-1,7365,7380,7367,-1,7367,7380,7381,-1,7367,7381,7368,-1,7368,7381,7375,-1,7368,7375,7371,-1,7371,7375,7377,-1,7371,7377,7373,-1,7382,7383,7384,-1,4665,7385,7378,-1,7378,7385,7386,-1,7378,7386,7379,-1,7379,7386,7387,-1,7379,7387,7380,-1,7380,7387,7388,-1,7380,7388,7381,-1,7381,7388,7382,-1,7381,7382,7375,-1,7375,7382,7384,-1,7375,7384,7376,-1,7389,7390,7391,-1,4665,7392,7385,-1,7385,7392,7393,-1,7385,7393,7386,-1,7386,7393,7394,-1,7386,7394,7387,-1,7387,7394,7395,-1,7387,7395,7388,-1,7388,7395,7389,-1,7388,7389,7382,-1,7382,7389,7391,-1,7382,7391,7383,-1,7396,7397,7372,-1,7372,7397,7398,-1,4665,7364,7392,-1,7392,7364,7366,-1,7392,7366,7393,-1,7393,7366,7369,-1,7393,7369,7394,-1,7394,7369,7370,-1,7394,7370,7395,-1,7395,7370,7372,-1,7395,7372,7389,-1,7389,7372,7398,-1,7389,7398,7390,-1,4606,7396,7350,-1,7350,7396,7372,-1,7350,7372,7351,-1,7351,7372,7349,-1,4924,4925,7399,-1,7399,4925,7374,-1,7399,7374,7400,-1,7400,7374,7373,-1,7400,7373,7401,-1,7401,7373,7377,-1,7401,7377,7402,-1,7402,7377,7403,-1,7403,7377,7376,-1,7403,7376,7404,-1,7404,7376,7384,-1,7404,7384,7405,-1,7405,7384,7383,-1,7405,7383,7406,-1,7406,7383,7391,-1,7406,7391,7407,-1,7407,7391,7390,-1,7407,7390,7408,-1,7408,7390,7398,-1,7408,7398,7409,-1,7398,7397,7409,-1,7409,7397,7396,-1,7409,7396,7410,-1,7410,7396,4606,-1,7410,4606,4607,-1,4928,4924,7411,-1,7411,4924,7399,-1,7411,7399,7412,-1,7399,7400,7412,-1,7412,7400,7401,-1,7412,7401,7413,-1,7413,7401,7402,-1,7413,7402,7414,-1,7414,7402,7403,-1,7414,7403,7415,-1,7415,7403,7404,-1,7415,7404,7416,-1,7416,7404,7405,-1,7416,7405,7417,-1,7405,7406,7417,-1,7417,7406,7407,-1,7417,7407,7418,-1,7407,7408,7418,-1,7418,7408,7409,-1,7418,7409,4604,-1,4604,7409,7410,-1,4604,7410,4607,-1,4677,4676,4809,-1,4809,4676,7419,-1,4809,7419,4790,-1,4790,7419,7420,-1,4790,7420,4788,-1,4788,7420,7421,-1,4788,7421,4789,-1,4789,7421,7422,-1,4789,7422,4813,-1,4813,7422,7423,-1,4813,7423,4603,-1,4603,7423,4605,-1,4604,4605,7424,-1,4604,7424,7418,-1,7418,7424,7425,-1,7418,7425,7417,-1,7417,7425,7426,-1,7417,7426,7416,-1,7427,7414,7426,-1,7426,7414,7415,-1,7426,7415,7416,-1,7428,4926,4928,-1,4928,7411,7428,-1,7428,7411,7412,-1,7428,7412,7427,-1,7427,7412,7413,-1,7427,7413,7414,-1,7429,7430,7431,-1,7430,7429,4676,-1,4676,7432,7419,-1,7433,7432,4676,-1,7420,7419,7434,-1,7434,7419,7432,-1,7434,7432,7435,-1,7435,7432,7433,-1,7435,7433,7436,-1,7437,7431,7438,-1,7438,7431,7430,-1,7438,7430,7439,-1,7439,7430,4676,-1,7421,7420,7440,-1,7440,7420,7434,-1,7440,7434,7441,-1,7441,7434,7435,-1,7441,7435,7442,-1,7442,7435,7436,-1,7442,7436,7443,-1,7444,7437,7445,-1,7445,7437,7438,-1,7445,7438,7446,-1,7446,7438,7439,-1,7446,7439,7447,-1,7447,7439,4676,-1,7422,7421,7448,-1,7448,7421,7440,-1,7448,7440,7449,-1,7449,7440,7441,-1,7449,7441,7450,-1,7450,7441,7442,-1,7450,7442,7451,-1,7451,7442,7443,-1,7451,7443,7452,-1,7444,7452,7437,-1,7437,7452,7443,-1,7437,7443,7431,-1,7431,7443,7436,-1,7431,7436,7429,-1,7429,7436,7433,-1,7429,7433,4676,-1,7444,7453,7452,-1,7452,7453,7454,-1,7452,7454,7451,-1,7451,7454,7455,-1,7451,7455,7450,-1,7450,7455,7456,-1,7450,7456,7449,-1,7449,7456,7457,-1,7449,7457,7448,-1,7448,7457,7458,-1,7448,7458,7422,-1,7422,7458,7423,-1,7453,4926,7454,-1,7454,4926,7428,-1,7454,7428,7455,-1,7455,7428,7427,-1,7455,7427,7456,-1,7456,7427,7426,-1,7456,7426,7457,-1,7457,7426,7425,-1,7457,7425,7458,-1,7458,7425,7424,-1,7458,7424,7423,-1,7423,7424,4605,-1,4927,4926,7459,-1,7459,4926,7453,-1,7459,7453,7460,-1,7460,7453,7444,-1,7460,7444,7461,-1,7461,7444,7445,-1,7461,7445,7462,-1,7462,7445,7446,-1,7462,7446,7463,-1,7463,7446,7447,-1,7463,7447,4675,-1,4675,7447,4676,-1,4931,4927,7459,-1,4933,4931,7464,-1,4935,4933,7465,-1,4937,4935,7466,-1,4937,7466,7467,-1,7467,7466,7468,-1,7467,7468,7469,-1,7469,7468,7470,-1,7469,7470,7471,-1,7471,7470,7472,-1,7471,7472,7473,-1,7473,7472,7474,-1,7473,7474,7475,-1,7475,7474,4682,-1,7475,4682,4681,-1,4935,7465,7466,-1,7466,7465,7476,-1,7466,7476,7468,-1,7468,7476,7477,-1,7468,7477,7470,-1,7470,7477,7478,-1,7470,7478,7472,-1,7472,7478,7479,-1,7472,7479,7474,-1,7474,7479,4686,-1,7474,4686,4682,-1,4933,7464,7465,-1,7465,7464,7480,-1,7465,7480,7476,-1,7476,7480,7481,-1,7476,7481,7477,-1,7477,7481,7482,-1,7477,7482,7478,-1,7478,7482,7483,-1,7478,7483,7479,-1,7479,7483,4687,-1,7479,4687,4686,-1,4931,7459,7464,-1,7464,7459,7460,-1,7464,7460,7480,-1,7480,7460,7461,-1,7480,7461,7481,-1,7481,7461,7462,-1,7481,7462,7482,-1,7482,7462,7463,-1,7482,7463,7483,-1,7483,7463,4675,-1,7483,4675,4687,-1,4679,4678,7484,-1,4680,4679,7485,-1,4681,4680,7486,-1,4681,7486,7475,-1,7475,7486,7487,-1,7475,7487,7473,-1,7473,7487,7488,-1,7473,7488,7471,-1,7471,7488,7489,-1,7471,7489,7469,-1,7469,7489,7490,-1,7469,7490,7467,-1,7467,7490,4938,-1,7467,4938,4937,-1,4680,7485,7486,-1,7486,7485,7491,-1,7486,7491,7487,-1,7487,7491,7492,-1,7487,7492,7488,-1,7488,7492,7493,-1,7488,7493,7489,-1,7489,7493,7494,-1,7489,7494,7490,-1,7490,7494,4940,-1,7490,4940,4938,-1,4679,7484,7485,-1,7485,7484,7495,-1,7485,7495,7491,-1,7491,7495,7496,-1,7491,7496,7492,-1,7492,7496,7497,-1,7492,7497,7493,-1,7493,7497,7498,-1,7493,7498,7494,-1,7494,7498,4942,-1,7494,4942,4940,-1,4945,4942,7498,-1,4947,4945,7499,-1,4949,4947,7500,-1,4951,4949,7501,-1,4951,7501,7502,-1,7502,7501,7503,-1,7502,7503,7504,-1,7504,7503,7505,-1,7504,7505,7506,-1,7506,7505,7507,-1,7506,7507,7508,-1,7508,7507,7509,-1,7508,7509,7510,-1,7510,7509,4685,-1,7510,4685,4684,-1,4949,7500,7501,-1,7501,7500,7511,-1,7501,7511,7503,-1,7503,7511,7512,-1,7503,7512,7505,-1,7505,7512,7513,-1,7505,7513,7507,-1,7507,7513,7514,-1,7507,7514,7509,-1,7509,7514,4688,-1,7509,4688,4685,-1,4947,7499,7500,-1,7500,7499,7515,-1,7500,7515,7511,-1,7511,7515,7516,-1,7511,7516,7512,-1,7512,7516,7517,-1,7512,7517,7513,-1,7513,7517,7518,-1,7513,7518,7514,-1,7514,7518,4689,-1,7514,4689,4688,-1,4945,7498,7499,-1,7499,7498,7497,-1,7499,7497,7515,-1,7515,7497,7496,-1,7515,7496,7516,-1,7516,7496,7495,-1,7516,7495,7517,-1,7517,7495,7484,-1,7517,7484,7518,-1,7518,7484,4678,-1,7518,4678,4689,-1,4836,4951,4829,-1,4829,4951,7502,-1,4829,7502,4837,-1,4837,7502,4838,-1,4838,7502,7504,-1,4838,7504,4839,-1,4839,7504,4842,-1,4842,7504,7506,-1,4842,7506,4843,-1,4843,7506,7508,-1,4843,7508,4806,-1,4806,7508,7510,-1,4806,7510,4807,-1,4807,7510,4684,-1,4807,4684,4683,-1,3,4826,4841,-1,3,4841,2856,-1,2856,4841,4833,-1,2856,4833,2858,-1,2858,4833,4832,-1,2858,4832,2860,-1,2860,4832,4831,-1,2860,4831,2862,-1,2862,4831,4840,-1,2862,4840,2864,-1,2864,4840,4578,-1,2864,4578,2866,-1,2869,4516,2871,-1,2871,4516,4812,-1,2871,4812,2873,-1,2873,4812,4802,-1,2873,4802,2875,-1,2875,4802,4801,-1,2875,4801,2877,-1,2877,4801,4800,-1,2877,4800,2879,-1,2879,4800,4799,-1,2879,4799,1,-1,1,4799,4825,-1,2881,4760,4804,-1,2881,4804,2882,-1,2882,4804,4793,-1,2882,4793,2884,-1,2884,4793,4792,-1,2884,4792,2886,-1,2886,4792,4791,-1,2886,4791,2888,-1,2888,4791,4803,-1,2888,4803,2890,-1,2890,4803,4770,-1,2890,4770,2892,-1,3188,4779,7519,-1,3188,7519,3189,-1,3189,7519,7520,-1,3189,7520,3190,-1,3190,7520,7521,-1,3190,7521,3191,-1,3191,7521,7522,-1,3191,7522,3192,-1,3192,7522,7523,-1,3192,7523,3193,-1,3193,7523,4739,-1,3193,4739,3194,-1,5743,5741,7524,-1,7524,5741,7525,-1,7524,7525,7526,-1,7526,7525,7527,-1,7526,7527,7528,-1,7528,7527,7529,-1,7528,7529,7530,-1,7530,7529,7531,-1,7530,7531,7532,-1,7532,7531,7533,-1,7532,7533,4779,-1,5741,5739,7525,-1,7525,5739,7534,-1,7525,7534,7527,-1,7527,7534,7535,-1,7527,7535,7529,-1,7529,7535,7536,-1,7529,7536,7531,-1,7531,7536,7537,-1,7531,7537,7533,-1,7533,7537,7538,-1,7533,7538,4779,-1,5223,5743,7539,-1,7539,5743,7524,-1,7539,7524,7540,-1,7540,7524,7526,-1,7540,7526,7541,-1,7541,7526,7528,-1,7541,7528,7542,-1,7542,7528,7530,-1,7542,7530,7543,-1,7543,7530,7532,-1,7543,7532,4779,-1,5737,5735,7544,-1,7544,5735,7545,-1,7544,7545,7546,-1,7546,7545,7547,-1,7546,7547,7548,-1,7548,7547,7549,-1,7548,7549,7550,-1,7550,7549,7551,-1,7550,7551,7552,-1,7552,7551,7553,-1,7552,7553,4779,-1,5735,4739,7545,-1,7545,4739,7523,-1,7545,7523,7547,-1,7547,7523,7522,-1,7547,7522,7549,-1,7549,7522,7521,-1,7549,7521,7551,-1,7551,7521,7520,-1,7551,7520,7553,-1,7553,7520,7519,-1,7553,7519,4779,-1,5739,5737,7534,-1,7534,5737,7544,-1,7534,7544,7535,-1,7535,7544,7546,-1,7535,7546,7536,-1,7536,7546,7548,-1,7536,7548,7537,-1,7537,7548,7550,-1,7537,7550,7538,-1,7538,7550,7552,-1,7538,7552,4779,-1,5265,6081,7554,-1,5265,7554,7555,-1,7555,7554,7556,-1,7555,7556,7557,-1,7558,7556,7559,-1,7559,7556,7554,-1,7559,7554,7560,-1,7560,7554,6081,-1,7560,6081,6079,-1,7561,7562,7557,-1,7563,7558,7564,-1,7564,7558,7559,-1,7564,7559,7565,-1,7565,7559,7560,-1,7565,7560,7566,-1,7566,7560,6079,-1,7566,6079,6077,-1,7567,7568,7562,-1,7569,7563,7570,-1,7570,7563,7564,-1,7570,7564,7571,-1,7571,7564,7565,-1,7571,7565,7572,-1,7572,7565,7566,-1,7572,7566,7573,-1,7573,7566,6077,-1,7573,6077,6075,-1,5258,7574,7575,-1,7575,7574,7568,-1,7568,7567,7575,-1,7575,7567,7576,-1,7575,7576,5258,-1,7562,7561,7567,-1,7567,7561,7577,-1,7567,7577,7576,-1,7576,7577,7578,-1,7576,7578,5258,-1,5258,7569,7579,-1,7579,7569,7570,-1,7579,7570,7580,-1,7580,7570,7571,-1,7580,7571,7581,-1,7581,7571,7572,-1,7581,7572,7582,-1,7582,7572,7573,-1,7582,7573,7583,-1,7583,7573,6075,-1,7583,6075,6073,-1,5258,7579,7584,-1,7584,7579,7580,-1,7584,7580,7585,-1,7585,7580,7581,-1,7585,7581,7586,-1,7586,7581,7582,-1,7586,7582,7587,-1,7587,7582,7583,-1,7587,7583,7588,-1,7588,7583,6073,-1,7588,6073,5222,-1,7557,7556,7561,-1,7561,7556,7558,-1,7561,7558,7577,-1,7577,7558,7563,-1,7577,7563,7578,-1,7578,7563,7569,-1,7578,7569,5258,-1,5221,5223,7539,-1,5221,7539,7589,-1,7589,7539,7540,-1,7589,7540,7590,-1,7590,7540,7541,-1,7590,7541,7591,-1,7591,7541,7542,-1,7591,7542,7592,-1,7592,7542,7543,-1,7592,7543,7593,-1,7593,7543,4779,-1,7593,4779,4778,-1,5260,5258,7594,-1,7594,5258,7584,-1,7594,7584,7595,-1,7595,7584,7585,-1,7595,7585,7596,-1,7596,7585,7586,-1,7596,7586,7597,-1,7597,7586,7587,-1,7597,7587,7598,-1,7598,7587,7588,-1,7598,7588,5221,-1,5221,7588,5222,-1,5258,5257,7574,-1,7574,5257,7599,-1,7574,7599,7568,-1,7568,7599,7600,-1,7568,7600,7562,-1,7562,7600,7601,-1,7562,7601,7557,-1,7557,7601,7602,-1,7557,7602,7555,-1,7555,7602,7603,-1,7555,7603,5265,-1,5265,7603,5263,-1,4778,4777,7593,-1,7593,4777,7604,-1,7593,7604,7592,-1,7592,7604,7605,-1,7592,7605,7591,-1,7591,7605,7606,-1,7591,7606,7590,-1,7590,7606,7607,-1,7590,7607,7589,-1,7589,7607,7608,-1,7589,7608,5221,-1,5221,7608,7598,-1,4777,4776,7604,-1,7604,4776,7609,-1,7604,7609,7605,-1,7605,7609,7610,-1,7605,7610,7606,-1,7606,7610,7611,-1,7606,7611,7607,-1,7607,7611,7612,-1,7607,7612,7608,-1,7608,7612,7613,-1,7608,7613,7598,-1,7598,7613,7597,-1,4776,4782,7609,-1,7609,4782,7614,-1,7609,7614,7610,-1,7610,7614,7615,-1,7610,7615,7611,-1,7611,7615,7616,-1,7611,7616,7612,-1,7612,7616,7617,-1,7612,7617,7613,-1,7613,7617,7618,-1,7613,7618,7597,-1,7597,7618,7596,-1,4782,4781,7614,-1,7614,4781,7619,-1,7614,7619,7615,-1,7615,7619,7620,-1,7615,7620,7616,-1,7616,7620,7621,-1,7616,7621,7617,-1,7617,7621,7622,-1,7617,7622,7618,-1,7618,7622,7623,-1,7618,7623,7596,-1,7596,7623,7595,-1,4781,4780,7619,-1,7619,4780,7624,-1,7619,7624,7620,-1,7620,7624,7625,-1,7620,7625,7621,-1,7621,7625,7626,-1,7621,7626,7622,-1,7622,7626,7627,-1,7622,7627,7623,-1,7623,7627,7628,-1,7623,7628,7595,-1,7595,7628,7594,-1,4780,4785,7624,-1,7624,4785,7629,-1,7624,7629,7625,-1,7625,7629,7630,-1,7625,7630,7626,-1,7626,7630,7631,-1,7626,7631,7627,-1,7627,7631,7632,-1,7627,7632,7628,-1,7628,7632,7633,-1,7628,7633,7594,-1,7594,7633,5260,-1,7634,5214,5804,-1,5804,5802,7635,-1,7635,5802,5800,-1,7636,5798,5796,-1,7637,5794,5792,-1,7638,5790,5788,-1,7639,5786,5784,-1,5804,7635,7634,-1,7634,7635,7640,-1,7634,7640,7641,-1,7642,7640,7643,-1,7643,7640,7635,-1,7643,7635,7636,-1,7636,7635,5800,-1,7636,5800,5798,-1,7644,7645,7641,-1,7646,7642,7647,-1,7647,7642,7643,-1,7647,7643,7648,-1,7648,7643,7636,-1,7648,7636,7637,-1,7637,7636,5796,-1,7637,5796,5794,-1,7649,7650,7645,-1,7651,7646,7652,-1,7652,7646,7647,-1,7652,7647,7653,-1,7653,7647,7648,-1,7653,7648,7654,-1,7654,7648,7637,-1,7654,7637,7638,-1,7638,7637,5792,-1,7638,5792,5790,-1,5257,7655,7656,-1,7656,7655,7650,-1,7650,7649,7656,-1,7656,7649,7657,-1,7656,7657,5257,-1,7645,7644,7649,-1,7649,7644,7658,-1,7649,7658,7657,-1,7657,7658,7659,-1,7657,7659,5257,-1,5257,7651,7660,-1,7660,7651,7652,-1,7660,7652,7661,-1,7661,7652,7653,-1,7661,7653,7662,-1,7662,7653,7654,-1,7662,7654,7663,-1,7663,7654,7638,-1,7663,7638,7639,-1,7639,7638,5788,-1,7639,5788,5786,-1,5257,7660,7599,-1,7599,7660,7661,-1,7599,7661,7600,-1,7600,7661,7662,-1,7600,7662,7601,-1,7601,7662,7663,-1,7601,7663,7602,-1,7602,7663,7639,-1,7602,7639,7603,-1,7603,7639,5784,-1,7603,5784,5263,-1,7641,7640,7644,-1,7644,7640,7642,-1,7644,7642,7658,-1,7658,7642,7646,-1,7658,7646,7659,-1,7659,7646,7651,-1,7659,7651,5257,-1,7664,5259,5260,-1,7664,5260,7665,-1,7665,5260,7633,-1,7665,7633,7666,-1,7666,7633,7667,-1,7667,7633,7632,-1,7667,7632,7668,-1,7668,7632,7669,-1,7669,7632,7631,-1,7669,7631,7670,-1,7670,7631,7630,-1,7670,7630,7671,-1,7671,7630,7672,-1,7672,7630,7629,-1,7672,7629,7673,-1,7673,7629,7674,-1,7674,7629,4785,-1,7674,4785,4784,-1,5257,5259,7655,-1,7655,5259,7675,-1,7655,7675,7650,-1,7650,7675,7676,-1,7650,7676,7645,-1,7645,7676,7677,-1,7645,7677,7641,-1,7641,7677,7678,-1,7641,7678,7634,-1,7634,7678,7679,-1,7634,7679,5214,-1,5214,7679,5215,-1,4784,4783,7674,-1,7674,4783,7680,-1,7674,7680,7673,-1,7673,7680,7681,-1,7682,7671,7681,-1,7681,7671,7672,-1,7681,7672,7673,-1,7683,7669,7682,-1,7682,7669,7670,-1,7682,7670,7671,-1,7684,7667,7683,-1,7683,7667,7668,-1,7683,7668,7669,-1,7685,7665,7684,-1,7684,7665,7666,-1,7684,7666,7667,-1,7675,5259,7685,-1,7685,5259,7664,-1,7685,7664,7665,-1,4783,4769,7680,-1,7680,4769,7686,-1,7680,7686,7681,-1,7681,7686,7687,-1,7681,7687,7682,-1,7682,7687,7688,-1,7682,7688,7683,-1,7683,7688,7689,-1,7683,7689,7684,-1,7684,7689,7690,-1,7684,7690,7685,-1,7685,7690,7691,-1,7685,7691,7675,-1,7675,7691,7676,-1,4769,4768,7686,-1,7686,4768,7692,-1,7686,7692,7687,-1,7687,7692,7693,-1,7687,7693,7688,-1,7688,7693,7694,-1,7688,7694,7689,-1,7689,7694,7695,-1,7689,7695,7690,-1,7690,7695,7696,-1,7690,7696,7691,-1,7691,7696,7697,-1,7691,7697,7676,-1,7676,7697,7677,-1,4768,4775,7692,-1,7692,4775,7698,-1,7692,7698,7693,-1,7693,7698,7699,-1,7693,7699,7694,-1,7694,7699,7700,-1,7694,7700,7695,-1,7695,7700,7701,-1,7695,7701,7696,-1,7696,7701,7702,-1,7696,7702,7697,-1,7697,7702,7703,-1,7697,7703,7677,-1,7677,7703,7678,-1,4775,4774,7698,-1,7698,4774,7704,-1,7698,7704,7699,-1,7699,7704,7705,-1,7699,7705,7700,-1,7700,7705,7706,-1,7700,7706,7701,-1,7701,7706,7707,-1,7701,7707,7702,-1,7702,7707,7708,-1,7702,7708,7703,-1,7703,7708,7709,-1,7703,7709,7678,-1,7678,7709,7679,-1,4774,4772,7704,-1,7704,4772,7710,-1,7704,7710,7705,-1,7705,7710,7711,-1,7705,7711,7706,-1,7706,7711,7712,-1,7706,7712,7707,-1,7707,7712,7713,-1,7707,7713,7708,-1,7708,7713,7714,-1,7708,7714,7709,-1,7709,7714,7715,-1,7709,7715,7679,-1,7679,7715,5215,-1,5215,7715,5211,-1,5211,7715,7716,-1,7716,7715,7717,-1,7717,7715,7714,-1,7717,7714,7718,-1,7718,7714,7719,-1,7719,7714,7713,-1,7719,7713,7720,-1,7712,7721,7713,-1,7713,7721,7722,-1,7713,7722,7720,-1,7723,7724,7711,-1,7711,7724,7725,-1,7711,7725,7712,-1,7712,7725,7726,-1,7712,7726,7721,-1,7711,7710,7723,-1,7723,7710,4772,-1,7723,4772,4771,-1,7723,4771,7727,-1,5211,7716,5693,-1,5693,7716,7728,-1,7716,7717,7728,-1,7728,7717,7718,-1,7728,7718,7729,-1,7718,7719,7729,-1,7729,7719,7720,-1,7729,7720,7730,-1,7720,7722,7730,-1,7730,7722,7721,-1,7730,7721,7731,-1,5685,5687,7732,-1,7732,5687,7733,-1,7732,7733,7734,-1,7734,7733,7735,-1,7734,7735,7736,-1,7736,7735,7737,-1,7736,7737,7738,-1,7738,7737,7739,-1,7738,7739,7740,-1,7740,7739,7741,-1,7740,7741,4771,-1,5687,5689,7733,-1,7733,5689,7742,-1,7733,7742,7735,-1,7735,7742,7743,-1,7735,7743,7737,-1,7737,7743,7744,-1,7737,7744,7739,-1,7739,7744,7745,-1,7739,7745,7741,-1,7741,7745,7746,-1,7741,7746,4771,-1,4572,5685,7747,-1,7747,5685,7732,-1,7747,7732,7748,-1,7748,7732,7734,-1,7748,7734,7749,-1,7749,7734,7736,-1,7749,7736,7750,-1,7750,7736,7738,-1,7750,7738,7751,-1,7751,7738,7740,-1,7751,7740,4771,-1,5691,5693,7752,-1,7752,5693,7728,-1,7752,7728,7753,-1,7753,7728,7729,-1,7753,7729,7754,-1,7754,7729,7730,-1,7754,7730,7755,-1,7755,7730,7731,-1,7755,7731,7756,-1,7756,7731,7727,-1,7756,7727,4771,-1,7721,7726,7731,-1,7731,7726,7725,-1,7731,7725,7727,-1,7727,7725,7724,-1,7727,7724,7723,-1,5689,5691,7742,-1,7742,5691,7752,-1,7742,7752,7743,-1,7743,7752,7753,-1,7743,7753,7744,-1,7744,7753,7754,-1,7744,7754,7745,-1,7745,7754,7755,-1,7745,7755,7746,-1,7746,7755,7756,-1,7746,7756,4771,-1,4771,4773,4796,-1,4771,4796,7751,-1,7751,4796,4828,-1,7751,4828,7750,-1,7750,4828,4827,-1,7750,4827,7749,-1,7749,4827,4815,-1,7749,4815,7748,-1,7748,4815,4814,-1,7748,4814,7747,-1,7747,4814,4573,-1,7747,4573,4572,-1,5173,5171,7757,-1,5163,5161,7758,-1,5153,5151,7759,-1,5146,5148,7760,-1,5092,5090,7761,-1,7762,7763,7764,-1,4973,4974,7765,-1,5004,4973,7766,-1,5003,5004,7767,-1,5002,5003,7768,-1,5001,5002,7769,-1,5000,5001,7770,-1,4999,5000,7771,-1,4997,4999,7772,-1,4996,4997,7773,-1,4995,4996,7774,-1,4994,4995,7775,-1,4993,4994,7776,-1,4992,4993,7777,-1,4991,4992,7778,-1,4990,4991,7779,-1,4971,4990,7780,-1,4981,7763,4982,-1,4982,7763,7762,-1,4982,7762,4983,-1,4987,4986,7781,-1,7781,4986,7782,-1,7781,7782,7783,-1,7783,7782,7784,-1,7783,7784,7785,-1,7786,7764,7787,-1,7787,7764,7763,-1,7787,7763,7788,-1,7788,7763,4981,-1,7788,4981,4980,-1,7789,7790,7791,-1,4988,4987,7792,-1,7792,4987,7781,-1,7792,7781,7793,-1,7793,7781,7783,-1,7793,7783,7794,-1,7794,7783,7785,-1,7794,7785,7795,-1,7796,7786,7797,-1,7797,7786,7787,-1,7797,7787,7798,-1,7798,7787,7788,-1,7798,7788,7799,-1,7799,7788,4980,-1,7799,4980,4972,-1,7800,7801,7790,-1,4989,4988,7802,-1,7802,4988,7792,-1,7802,7792,7803,-1,7803,7792,7793,-1,7803,7793,7804,-1,7804,7793,7794,-1,7804,7794,7805,-1,7805,7794,7795,-1,7805,7795,7806,-1,7807,7808,7809,-1,7810,7796,7811,-1,7811,7796,7797,-1,7811,7797,7812,-1,7812,7797,7798,-1,7812,7798,7813,-1,7813,7798,7799,-1,7813,7799,7814,-1,7814,7799,4972,-1,7814,4972,4971,-1,7815,7801,7816,-1,7816,7801,7800,-1,7816,7800,7817,-1,7818,7819,7820,-1,7820,7819,7821,-1,7820,7821,7822,-1,7822,7821,7789,-1,7822,7789,7823,-1,7823,7789,7791,-1,7823,7791,7824,-1,4968,4977,7825,-1,7825,4977,7826,-1,7825,7826,7827,-1,7827,7826,7828,-1,7827,7828,7829,-1,7829,7828,7830,-1,7829,7830,7831,-1,7831,7830,7832,-1,7831,7832,7833,-1,7833,7832,7834,-1,4975,4970,7835,-1,7835,4970,7836,-1,7835,7836,7837,-1,7837,7836,7838,-1,7837,7838,7839,-1,7839,7838,7840,-1,7839,7840,7841,-1,7841,7840,7842,-1,7841,7842,7843,-1,7843,7842,7844,-1,4978,4979,7845,-1,7845,4979,7846,-1,7845,7846,7847,-1,7847,7846,7848,-1,7847,7848,7849,-1,7849,7848,7850,-1,7849,7850,7851,-1,7851,7850,7852,-1,7851,7852,7853,-1,7853,7852,7854,-1,7855,7808,7856,-1,7856,7808,7807,-1,7856,7807,7857,-1,4985,4984,7858,-1,7858,4984,7859,-1,7858,7859,7860,-1,7860,7859,7861,-1,7860,7861,7862,-1,7862,7861,7863,-1,7862,7863,7864,-1,7864,7863,7865,-1,7864,7865,7866,-1,7866,7865,7867,-1,7866,7867,5127,-1,5127,7867,5129,-1,5189,5187,7817,-1,7817,5187,5185,-1,7817,5185,7816,-1,7816,5185,5183,-1,7816,5183,7815,-1,7815,5183,5181,-1,7790,7789,7800,-1,7800,7789,7821,-1,7800,7821,7817,-1,7817,7821,7819,-1,7817,7819,5189,-1,5077,5075,7868,-1,7868,5075,7818,-1,7868,7818,7869,-1,7869,7818,7820,-1,7869,7820,7870,-1,7870,7820,7822,-1,7870,7822,7871,-1,7871,7822,7823,-1,7871,7823,7872,-1,7872,7823,7824,-1,7872,7824,4958,-1,4958,7824,4974,-1,5075,5072,7818,-1,7818,5072,5070,-1,7818,5070,7819,-1,7819,5070,5190,-1,7819,5190,5189,-1,4958,4968,7872,-1,7872,4968,7825,-1,7872,7825,7871,-1,7871,7825,7827,-1,7871,7827,7870,-1,7870,7827,7829,-1,7870,7829,7869,-1,7869,7829,7831,-1,7869,7831,7868,-1,7868,7831,7833,-1,7868,7833,5077,-1,5081,5083,7873,-1,7873,5083,7834,-1,7873,7834,7874,-1,7874,7834,7832,-1,7874,7832,7875,-1,7875,7832,7830,-1,7875,7830,7876,-1,7876,7830,7828,-1,7876,7828,7877,-1,7877,7828,7826,-1,7877,7826,4976,-1,4976,7826,4977,-1,5083,5085,7834,-1,7834,5085,5087,-1,7834,5087,7833,-1,7833,5087,5088,-1,7833,5088,5077,-1,4976,4975,7877,-1,7877,4975,7835,-1,7877,7835,7876,-1,7876,7835,7837,-1,7876,7837,7875,-1,7875,7837,7839,-1,7875,7839,7874,-1,7874,7839,7841,-1,7874,7841,7873,-1,7873,7841,7843,-1,7873,7843,5081,-1,5101,5099,7878,-1,7878,5099,7844,-1,7878,7844,7879,-1,7879,7844,7842,-1,7879,7842,7880,-1,7880,7842,7840,-1,7880,7840,7881,-1,7881,7840,7838,-1,7881,7838,7882,-1,7882,7838,7836,-1,7882,7836,4969,-1,4969,7836,4970,-1,5099,5097,7844,-1,7844,5097,5095,-1,7844,5095,7843,-1,7843,5095,5094,-1,7843,5094,5081,-1,4969,4978,7882,-1,7882,4978,7845,-1,7882,7845,7881,-1,7881,7845,7847,-1,7881,7847,7880,-1,7880,7847,7849,-1,7880,7849,7879,-1,7879,7849,7851,-1,7879,7851,7878,-1,7878,7851,7853,-1,7878,7853,5101,-1,5111,5109,7883,-1,7883,5109,7854,-1,7883,7854,7884,-1,7884,7854,7852,-1,7884,7852,7885,-1,7885,7852,7850,-1,7885,7850,7886,-1,7886,7850,7848,-1,7886,7848,7887,-1,7887,7848,7846,-1,7887,7846,4998,-1,4998,7846,4979,-1,5109,5107,7854,-1,7854,5107,5105,-1,7854,5105,7853,-1,7853,5105,5103,-1,7853,5103,5101,-1,5113,5111,7806,-1,7806,5111,7883,-1,7806,7883,7805,-1,7805,7883,7884,-1,7805,7884,7804,-1,7804,7884,7885,-1,7804,7885,7803,-1,7803,7885,7886,-1,7803,7886,7802,-1,7802,7886,7887,-1,7802,7887,4989,-1,4989,7887,4998,-1,7784,7809,7785,-1,7785,7809,7808,-1,7785,7808,7795,-1,7795,7808,7855,-1,7795,7855,7806,-1,7806,7855,5115,-1,7806,5115,5113,-1,5125,5123,7857,-1,7857,5123,5121,-1,7857,5121,7856,-1,7856,5121,5119,-1,7856,5119,7855,-1,7855,5119,5117,-1,7855,5117,5115,-1,4986,4985,7782,-1,7782,4985,7858,-1,7782,7858,7784,-1,7784,7858,7860,-1,7784,7860,7809,-1,7809,7860,7862,-1,7809,7862,7807,-1,7807,7862,7864,-1,7807,7864,7857,-1,7857,7864,7866,-1,7857,7866,5125,-1,5125,7866,5127,-1,4984,4983,7859,-1,7859,4983,7762,-1,7859,7762,7861,-1,7861,7762,7764,-1,7861,7764,7863,-1,7863,7764,7786,-1,7863,7786,7865,-1,7865,7786,7796,-1,7865,7796,7867,-1,7867,7796,7810,-1,7867,7810,5129,-1,5129,7810,5131,-1,7888,5134,5133,-1,4971,7780,7814,-1,7814,7780,7889,-1,7814,7889,7813,-1,7813,7889,7890,-1,7813,7890,7812,-1,7812,7890,7891,-1,7812,7891,7811,-1,7811,7891,7888,-1,7811,7888,7810,-1,7810,7888,5133,-1,7810,5133,5131,-1,4990,7779,7780,-1,7780,7779,7892,-1,7780,7892,7889,-1,7889,7892,7893,-1,7889,7893,7890,-1,7890,7893,7894,-1,7890,7894,7891,-1,7891,7894,7761,-1,7891,7761,7888,-1,7888,7761,5090,-1,7888,5090,5134,-1,4991,7778,7779,-1,7779,7778,7895,-1,7779,7895,7892,-1,7892,7895,7896,-1,7892,7896,7893,-1,7893,7896,7897,-1,7893,7897,7894,-1,7894,7897,7898,-1,7894,7898,7761,-1,7761,7898,5136,-1,7761,5136,5092,-1,7899,5149,5138,-1,4992,7777,7778,-1,7778,7777,7900,-1,7778,7900,7895,-1,7895,7900,7901,-1,7895,7901,7896,-1,7896,7901,7902,-1,7896,7902,7897,-1,7897,7902,7899,-1,7897,7899,7898,-1,7898,7899,5138,-1,7898,5138,5136,-1,4993,7776,7777,-1,7777,7776,7903,-1,7777,7903,7900,-1,7900,7903,7904,-1,7900,7904,7901,-1,7901,7904,7905,-1,7901,7905,7902,-1,7902,7905,7760,-1,7902,7760,7899,-1,7899,7760,5148,-1,7899,5148,5149,-1,4994,7775,7776,-1,7776,7775,7906,-1,7776,7906,7903,-1,7903,7906,7907,-1,7903,7907,7904,-1,7904,7907,7908,-1,7904,7908,7905,-1,7905,7908,7909,-1,7905,7909,7760,-1,7760,7909,5144,-1,7760,5144,5146,-1,7910,5150,5142,-1,4995,7774,7775,-1,7775,7774,7911,-1,7775,7911,7906,-1,7906,7911,7912,-1,7906,7912,7907,-1,7907,7912,7913,-1,7907,7913,7908,-1,7908,7913,7910,-1,7908,7910,7909,-1,7909,7910,5142,-1,7909,5142,5144,-1,4996,7773,7774,-1,7774,7773,7914,-1,7774,7914,7911,-1,7911,7914,7915,-1,7911,7915,7912,-1,7912,7915,7916,-1,7912,7916,7913,-1,7913,7916,7759,-1,7913,7759,7910,-1,7910,7759,5151,-1,7910,5151,5150,-1,4997,7772,7773,-1,7773,7772,7917,-1,7773,7917,7914,-1,7914,7917,7918,-1,7914,7918,7915,-1,7915,7918,7919,-1,7915,7919,7916,-1,7916,7919,7920,-1,7916,7920,7759,-1,7759,7920,5155,-1,7759,5155,5153,-1,7921,5159,5157,-1,4999,7771,7772,-1,7772,7771,7922,-1,7772,7922,7917,-1,7917,7922,7923,-1,7917,7923,7918,-1,7918,7923,7924,-1,7918,7924,7919,-1,7919,7924,7921,-1,7919,7921,7920,-1,7920,7921,5157,-1,7920,5157,5155,-1,5000,7770,7771,-1,7771,7770,7925,-1,7771,7925,7922,-1,7922,7925,7926,-1,7922,7926,7923,-1,7923,7926,7927,-1,7923,7927,7924,-1,7924,7927,7758,-1,7924,7758,7921,-1,7921,7758,5161,-1,7921,5161,5159,-1,5001,7769,7770,-1,7770,7769,7928,-1,7770,7928,7925,-1,7925,7928,7929,-1,7925,7929,7926,-1,7926,7929,7930,-1,7926,7930,7927,-1,7927,7930,7931,-1,7927,7931,7758,-1,7758,7931,5165,-1,7758,5165,5163,-1,7932,5169,5167,-1,5002,7768,7769,-1,7769,7768,7933,-1,7769,7933,7928,-1,7928,7933,7934,-1,7928,7934,7929,-1,7929,7934,7935,-1,7929,7935,7930,-1,7930,7935,7932,-1,7930,7932,7931,-1,7931,7932,5167,-1,7931,5167,5165,-1,5003,7767,7768,-1,7768,7767,7936,-1,7768,7936,7933,-1,7933,7936,7937,-1,7933,7937,7934,-1,7934,7937,7938,-1,7934,7938,7935,-1,7935,7938,7757,-1,7935,7757,7932,-1,7932,7757,5171,-1,7932,5171,5169,-1,5004,7766,7767,-1,7767,7766,7939,-1,7767,7939,7936,-1,7936,7939,7940,-1,7936,7940,7937,-1,7937,7940,7941,-1,7937,7941,7938,-1,7938,7941,7942,-1,7938,7942,7757,-1,7757,7942,5175,-1,7757,5175,5173,-1,7943,5179,5177,-1,4973,7765,7766,-1,7766,7765,7944,-1,7766,7944,7939,-1,7939,7944,7945,-1,7939,7945,7940,-1,7940,7945,7946,-1,7940,7946,7941,-1,7941,7946,7943,-1,7941,7943,7942,-1,7942,7943,5177,-1,7942,5177,5175,-1,4974,7824,7765,-1,7765,7824,7791,-1,7765,7791,7944,-1,7944,7791,7790,-1,7944,7790,7945,-1,7945,7790,7801,-1,7945,7801,7946,-1,7946,7801,7815,-1,7946,7815,7943,-1,7943,7815,5181,-1,7943,5181,5179,-1,5128,5130,7947,-1,5093,5135,7948,-1,5137,5139,7949,-1,5141,5140,7950,-1,5158,5160,7951,-1,5162,5164,7952,-1,5172,5174,7953,-1,5176,5178,7954,-1,5184,5186,7955,-1,5073,5074,7956,-1,5076,5078,7957,-1,5080,5079,7958,-1,5102,5104,7959,-1,5106,5108,7960,-1,5116,5118,7961,-1,5120,5122,7962,-1,5033,5035,7963,-1,7963,5035,7964,-1,7963,7964,7965,-1,7965,7964,7966,-1,7965,7966,7967,-1,7967,7966,7968,-1,7967,7968,7969,-1,7969,7968,7970,-1,7969,7970,7971,-1,7971,7970,7960,-1,5054,5055,7972,-1,7972,5055,7973,-1,7972,7973,7974,-1,7974,7973,7975,-1,7974,7975,7976,-1,7976,7975,7977,-1,7976,7977,7978,-1,7978,7977,7979,-1,7978,7979,7980,-1,7980,7979,7958,-1,5046,5020,7981,-1,7981,5020,7982,-1,7981,7982,7983,-1,7983,7982,7984,-1,7983,7984,7985,-1,7985,7984,7986,-1,7985,7986,7987,-1,7987,7986,7988,-1,7987,7988,7989,-1,7989,7988,7957,-1,5060,5062,7990,-1,7990,5062,7991,-1,7990,7991,7992,-1,7992,7991,7993,-1,7992,7993,7994,-1,7994,7993,7995,-1,7994,7995,7996,-1,7996,7995,7997,-1,7996,7997,7998,-1,7998,7997,7955,-1,5023,5010,7999,-1,7999,5010,8000,-1,7999,8000,8001,-1,8001,8000,8002,-1,8001,8002,8003,-1,8003,8002,8004,-1,8003,8004,8005,-1,8005,8004,8006,-1,8005,8006,8007,-1,8007,8006,7952,-1,5038,5037,8008,-1,8008,5037,8009,-1,8008,8009,8010,-1,8010,8009,8011,-1,8010,8011,8012,-1,8012,8011,8013,-1,8012,8013,8014,-1,8014,8013,8015,-1,8014,8015,8016,-1,8016,8015,7950,-1,5012,5014,8017,-1,8017,5014,8018,-1,8017,8018,8019,-1,8019,8018,8020,-1,8019,8020,8021,-1,8021,8020,8022,-1,8021,8022,8023,-1,8023,8022,8024,-1,8023,8024,8025,-1,8025,8024,7949,-1,5041,5043,8026,-1,8026,5043,8027,-1,8026,8027,8028,-1,8028,8027,8029,-1,8028,8029,8030,-1,8030,8029,8031,-1,8030,8031,8032,-1,8032,8031,8033,-1,8032,8033,8034,-1,8034,8033,7947,-1,5067,5066,8035,-1,8035,5066,8036,-1,8035,8036,8037,-1,8037,8036,8038,-1,8037,8038,8039,-1,8039,8038,8040,-1,8039,8040,8041,-1,8041,8040,8042,-1,8041,8042,8043,-1,8043,8042,7962,-1,8043,7962,5124,-1,5124,7962,5122,-1,5066,5029,8036,-1,8036,5029,8044,-1,8036,8044,8038,-1,8038,8044,8045,-1,8038,8045,8040,-1,8040,8045,8046,-1,8040,8046,8042,-1,8042,8046,8047,-1,8042,8047,7962,-1,7962,8047,7961,-1,7962,7961,5120,-1,5120,7961,5118,-1,5114,5116,8048,-1,8048,5116,7961,-1,8048,7961,8049,-1,8049,7961,8047,-1,8049,8047,8050,-1,8050,8047,8046,-1,8050,8046,8051,-1,8051,8046,8045,-1,8051,8045,8052,-1,8052,8045,8044,-1,8052,8044,5031,-1,5031,8044,5029,-1,5031,5033,8052,-1,8052,5033,7963,-1,8052,7963,8051,-1,8051,7963,7965,-1,8051,7965,8050,-1,8050,7965,7967,-1,8050,7967,8049,-1,8049,7967,7969,-1,8049,7969,8048,-1,8048,7969,7971,-1,8048,7971,5114,-1,5114,7971,5112,-1,7960,5108,7971,-1,7971,5108,5110,-1,7971,5110,5112,-1,5104,5106,7959,-1,7959,5106,7960,-1,7959,7960,8053,-1,8053,7960,7970,-1,8053,7970,8054,-1,8054,7970,7968,-1,8054,7968,8055,-1,8055,7968,7966,-1,8055,7966,8056,-1,8056,7966,7964,-1,8056,7964,5050,-1,5050,7964,5035,-1,5100,5102,8057,-1,8057,5102,7959,-1,8057,7959,8058,-1,8058,7959,8053,-1,8058,8053,8059,-1,8059,8053,8054,-1,8059,8054,8060,-1,8060,8054,8055,-1,8060,8055,8061,-1,8061,8055,8056,-1,8061,8056,5052,-1,5052,8056,5050,-1,5052,5054,8061,-1,8061,5054,7972,-1,8061,7972,8060,-1,8060,7972,7974,-1,8060,7974,8059,-1,8059,7974,7976,-1,8059,7976,8058,-1,8058,7976,7978,-1,8058,7978,8057,-1,8057,7978,7980,-1,8057,7980,5100,-1,5100,7980,5098,-1,7958,5079,7980,-1,7980,5079,5096,-1,7980,5096,5098,-1,5082,5080,8062,-1,8062,5080,7958,-1,8062,7958,8063,-1,8063,7958,7979,-1,8063,7979,8064,-1,8064,7979,7977,-1,8064,7977,8065,-1,8065,7977,7975,-1,8065,7975,8066,-1,8066,7975,7973,-1,8066,7973,5047,-1,5047,7973,5055,-1,5047,5046,8066,-1,8066,5046,7981,-1,8066,7981,8065,-1,8065,7981,7983,-1,8065,7983,8064,-1,8064,7983,7985,-1,8064,7985,8063,-1,8063,7985,7987,-1,8063,7987,8062,-1,8062,7987,7989,-1,8062,7989,5082,-1,5082,7989,5084,-1,7957,5078,7989,-1,7989,5078,5086,-1,7989,5086,5084,-1,5020,5019,7982,-1,7982,5019,8067,-1,7982,8067,7984,-1,7984,8067,8068,-1,7984,8068,7986,-1,7986,8068,8069,-1,7986,8069,7988,-1,7988,8069,8070,-1,7988,8070,7957,-1,7957,8070,7956,-1,7957,7956,5076,-1,5076,7956,5074,-1,5071,5073,8071,-1,8071,5073,7956,-1,8071,7956,8072,-1,8072,7956,8070,-1,8072,8070,8073,-1,8073,8070,8069,-1,8073,8069,8074,-1,8074,8069,8068,-1,8074,8068,8075,-1,8075,8068,8067,-1,8075,8067,5058,-1,5058,8067,5019,-1,5058,5060,8075,-1,8075,5060,7990,-1,8075,7990,8074,-1,8074,7990,7992,-1,8074,7992,8073,-1,8073,7992,7994,-1,8073,7994,8072,-1,8072,7994,7996,-1,8072,7996,8071,-1,8071,7996,7998,-1,8071,7998,5071,-1,5071,7998,5069,-1,7955,5186,7998,-1,7998,5186,5188,-1,7998,5188,5069,-1,5182,5184,8076,-1,8076,5184,7955,-1,8076,7955,8077,-1,8077,7955,7997,-1,8077,7997,8078,-1,8078,7997,7995,-1,8078,7995,8079,-1,8079,7995,7993,-1,8079,7993,8080,-1,8080,7993,7991,-1,8080,7991,5064,-1,5064,7991,5062,-1,5064,5065,8080,-1,8080,5065,8081,-1,8080,8081,8079,-1,8079,8081,8082,-1,8079,8082,8078,-1,8078,8082,8083,-1,8078,8083,8077,-1,8077,8083,8084,-1,8077,8084,8076,-1,8076,8084,8085,-1,8076,8085,5182,-1,5182,8085,5180,-1,5065,5028,8081,-1,8081,5028,8086,-1,8081,8086,8082,-1,8082,8086,8087,-1,8082,8087,8083,-1,8083,8087,8088,-1,8083,8088,8084,-1,8084,8088,8089,-1,8084,8089,8085,-1,8085,8089,7954,-1,8085,7954,5180,-1,5180,7954,5178,-1,5028,5027,8086,-1,8086,5027,8090,-1,8086,8090,8087,-1,8087,8090,8091,-1,8087,8091,8088,-1,8088,8091,8092,-1,8088,8092,8089,-1,8089,8092,8093,-1,8089,8093,7954,-1,7954,8093,7953,-1,7954,7953,5176,-1,5176,7953,5174,-1,5170,5172,8094,-1,8094,5172,7953,-1,8094,7953,8095,-1,8095,7953,8093,-1,8095,8093,8096,-1,8096,8093,8092,-1,8096,8092,8097,-1,8097,8092,8091,-1,8097,8091,8098,-1,8098,8091,8090,-1,8098,8090,5025,-1,5025,8090,5027,-1,5025,5023,8098,-1,8098,5023,7999,-1,8098,7999,8097,-1,8097,7999,8001,-1,8097,8001,8096,-1,8096,8001,8003,-1,8096,8003,8095,-1,8095,8003,8005,-1,8095,8005,8094,-1,8094,8005,8007,-1,8094,8007,5170,-1,5170,8007,5168,-1,7952,5164,8007,-1,8007,5164,5166,-1,8007,5166,5168,-1,5160,5162,7951,-1,7951,5162,7952,-1,7951,7952,8099,-1,8099,7952,8006,-1,8099,8006,8100,-1,8100,8006,8004,-1,8100,8004,8101,-1,8101,8004,8002,-1,8101,8002,8102,-1,8102,8002,8000,-1,8102,8000,5008,-1,5008,8000,5010,-1,5156,5158,8103,-1,8103,5158,7951,-1,8103,7951,8104,-1,8104,7951,8099,-1,8104,8099,8105,-1,8105,8099,8100,-1,8105,8100,8106,-1,8106,8100,8101,-1,8106,8101,8107,-1,8107,8101,8102,-1,8107,8102,5006,-1,5006,8102,5008,-1,5006,5038,8107,-1,8107,5038,8008,-1,8107,8008,8106,-1,8106,8008,8010,-1,8106,8010,8105,-1,8105,8010,8012,-1,8105,8012,8104,-1,8104,8012,8014,-1,8104,8014,8103,-1,8103,8014,8016,-1,8103,8016,5156,-1,5156,8016,5154,-1,7950,5140,8016,-1,8016,5140,5152,-1,8016,5152,5154,-1,5143,5141,8108,-1,8108,5141,7950,-1,8108,7950,8109,-1,8109,7950,8015,-1,8109,8015,8110,-1,8110,8015,8013,-1,8110,8013,8111,-1,8111,8013,8011,-1,8111,8011,8112,-1,8112,8011,8009,-1,8112,8009,5036,-1,5036,8009,5037,-1,5036,5012,8112,-1,8112,5012,8017,-1,8112,8017,8111,-1,8111,8017,8019,-1,8111,8019,8110,-1,8110,8019,8021,-1,8110,8021,8109,-1,8109,8021,8023,-1,8109,8023,8108,-1,8108,8023,8025,-1,8108,8025,5143,-1,5143,8025,5145,-1,7949,5139,8025,-1,8025,5139,5147,-1,8025,5147,5145,-1,5014,5016,8018,-1,8018,5016,8113,-1,8018,8113,8020,-1,8020,8113,8114,-1,8020,8114,8022,-1,8022,8114,8115,-1,8022,8115,8024,-1,8024,8115,8116,-1,8024,8116,7949,-1,7949,8116,7948,-1,7949,7948,5137,-1,5137,7948,5135,-1,5091,5093,8117,-1,8117,5093,7948,-1,8117,7948,8118,-1,8118,7948,8116,-1,8118,8116,8119,-1,8119,8116,8115,-1,8119,8115,8120,-1,8120,8115,8114,-1,8120,8114,8121,-1,8121,8114,8113,-1,8121,8113,5018,-1,5018,8113,5016,-1,5018,5041,8121,-1,8121,5041,8026,-1,8121,8026,8120,-1,8120,8026,8028,-1,8120,8028,8119,-1,8119,8028,8030,-1,8119,8030,8118,-1,8118,8030,8032,-1,8118,8032,8117,-1,8117,8032,8034,-1,8117,8034,5091,-1,5091,8034,5089,-1,7947,5130,8034,-1,8034,5130,5132,-1,8034,5132,5089,-1,5126,5128,8122,-1,8122,5128,7947,-1,8122,7947,8123,-1,8123,7947,8033,-1,8123,8033,8124,-1,8124,8033,8031,-1,8124,8031,8125,-1,8125,8031,8029,-1,8125,8029,8126,-1,8126,8029,8027,-1,8126,8027,5068,-1,5068,8027,5043,-1,5068,5067,8126,-1,8126,5067,8035,-1,8126,8035,8125,-1,8125,8035,8037,-1,8125,8037,8124,-1,8124,8037,8039,-1,8124,8039,8123,-1,8123,8039,8041,-1,8123,8041,8122,-1,8122,8041,8043,-1,8122,8043,5126,-1,5126,8043,5124,-1,8127,4469,4467,-1,4467,8128,8127,-1,8127,8128,8129,-1,8127,8129,8130,-1,4482,4483,8131,-1,8131,4483,8130,-1,8131,8130,8132,-1,8132,8130,8129,-1,8132,8129,4479,-1,4479,8129,4473,-1,8127,4517,4469,-1,4469,4517,4471,-1,4512,8130,4485,-1,4485,8130,4483,-1,8131,4563,4482,-1,4482,4563,4487,-1,4562,8132,4478,-1,4478,8132,4479,-1,8129,4565,4473,-1,4473,4565,4475,-1,4564,8128,4465,-1,4465,8128,4467,-1,8127,8130,4517,-1,4517,8130,4512,-1,8131,8132,4563,-1,4563,8132,4562,-1,8129,8128,4565,-1,4565,8128,4564,-1,8133,8134,4519,-1,4519,8134,4542,-1,8135,4554,4544,-1,8135,4544,8136,-1,8136,4544,4543,-1,8136,4543,8137,-1,8137,4543,4542,-1,8137,4542,8134,-1,8138,4546,4545,-1,8138,4545,8139,-1,8139,4545,4524,-1,8139,4524,8140,-1,8140,4524,4522,-1,8140,4522,8141,-1,8141,4522,4521,-1,8141,4521,8142,-1,8142,4521,4557,-1,8142,4557,8143,-1,8143,4557,4556,-1,8143,4556,8144,-1,8144,4556,4554,-1,8144,4554,8135,-1,8145,4560,4550,-1,8145,4550,8146,-1,8146,4550,4549,-1,8146,4549,8147,-1,8147,4549,4548,-1,8147,4548,8148,-1,8148,4548,4527,-1,8148,4527,8149,-1,8149,4527,4526,-1,8149,4526,8150,-1,8150,4526,4547,-1,8150,4547,8151,-1,8151,4547,4546,-1,8151,4546,8138,-1,8152,4541,4561,-1,8152,4561,8153,-1,8153,4561,4560,-1,8153,4560,8145,-1,8152,8154,4541,-1,4541,8154,4520,-1,8155,4513,4518,-1,8155,4518,8156,-1,8156,4518,4520,-1,8156,4520,8154,-1,8157,4532,4552,-1,8157,4552,8158,-1,8158,4552,4551,-1,8158,4551,8159,-1,8159,4551,4531,-1,8159,4531,8160,-1,8160,4531,4530,-1,8160,4530,8161,-1,8161,4530,4529,-1,8161,4529,8162,-1,8162,4529,4514,-1,8162,4514,8163,-1,8163,4514,4513,-1,8163,4513,8155,-1,8164,4536,4535,-1,8164,4535,8165,-1,8165,4535,4537,-1,8165,4537,8166,-1,8166,4537,4538,-1,8166,4538,8167,-1,8167,4538,4539,-1,8167,4539,8168,-1,8168,4539,4534,-1,8168,4534,8169,-1,8169,4534,4533,-1,8169,4533,8170,-1,8170,4533,4532,-1,8170,4532,8157,-1,8133,4519,4515,-1,8133,4515,8171,-1,8171,4515,4540,-1,8171,4540,8172,-1,8172,4540,4536,-1,8172,4536,8164,-1,8165,8135,8164,-1,8164,8135,8136,-1,8164,8136,8172,-1,8172,8136,8137,-1,8172,8137,8171,-1,8171,8137,8134,-1,8171,8134,8133,-1,8154,8152,8156,-1,8156,8152,8153,-1,8156,8153,8155,-1,8155,8153,8145,-1,8155,8145,8163,-1,8163,8145,8146,-1,8163,8146,8162,-1,8162,8146,8147,-1,8162,8147,8161,-1,8161,8147,8148,-1,8161,8148,8160,-1,8160,8148,8149,-1,8160,8149,8159,-1,8159,8149,8150,-1,8159,8150,8158,-1,8158,8150,8151,-1,8158,8151,8157,-1,8157,8151,8138,-1,8157,8138,8170,-1,8170,8138,8139,-1,8170,8139,8169,-1,8169,8139,8140,-1,8169,8140,8168,-1,8168,8140,8141,-1,8168,8141,8167,-1,8167,8141,8142,-1,8167,8142,8166,-1,8166,8142,8143,-1,8166,8143,8165,-1,8165,8143,8144,-1,8165,8144,8135,-1,8173,8174,4523,-1,4523,8174,4555,-1,8174,8175,4555,-1,4555,8175,4553,-1,8175,8176,4553,-1,4553,8176,4558,-1,8176,8177,4558,-1,4558,8177,4528,-1,8177,8178,4528,-1,4528,8178,4525,-1,8178,8173,4525,-1,4525,8173,4523,-1,8177,8176,8178,-1,8178,8176,8175,-1,8178,8175,8173,-1,8173,8175,8174,-1,
        ]
    }
}
Shape{
    appearance Appearance {
        material  Material {
            diffuseColor 1.0 1.0 1.0
            specularColor 0.8784313725490196 0.8784313725490196 0.8784313725490196
            ambientIntensity 1.0
            transparency 0.0
            shininess 0.5
        }
    }
    geometry IndexedFaceSet {
        ccw TRUE
        solid FALSE
        coord DEF co Coordinate {
            point [
                1.8031 0.1575 -1.3386, 1.8031 -0.1575 -1.3386, 1.8031 0.1575 3.7008, 1.8031 -0.1575 3.7008, 1.8425 -0.1969 -1.3386, 2.1575 -0.1969 -1.3386, 1.8425 -0.1969 3.7008, 2.1575 -0.1969 3.7008, 2.1969 0.1575 3.7008, 2.1969 -0.1575 3.7008, 2.1969 0.1575 -1.3386, 2.1969 -0.1575 -1.3386, 1.8425 0.1969 3.7008, 2.1575 0.1969 3.7008, 1.8425 0.1969 -1.3386, 2.1575 0.1969 -1.3386, 2.0897 -0.0897 3.937, 2.0897 0.0897 3.937, 1.9103 -0.0897 3.937, 1.9103 0.0897 3.937, 2.0897 -0.0897 -1.5748, 1.9103 -0.0897 -1.5748, 2.0897 0.0897 -1.5748, 1.9103 0.0897 -1.5748, 1.8405 -0.1968 -1.3387, 1.9103 -0.1271 -1.5479, 2.0897 -0.1271 -1.5479, 2.1595 -0.1968 -1.3387, 2.1595 0.1968 -1.3387, 2.0897 0.1271 -1.5479, 1.9103 0.1271 -1.5479, 1.8405 0.1968 -1.3387, 1.8405 0.1968 3.7009, 1.9103 0.1271 3.9101, 2.0897 0.1271 3.9101, 2.1595 0.1968 3.7009, 2.1595 -0.1968 3.7009, 2.0897 -0.1271 3.9101, 1.9103 -0.1271 3.9101, 1.8405 -0.1968 3.7009, 2.1968 -0.1595 -1.3387, 2.1271 -0.0897 -1.5479, 2.1271 0.0897 -1.5479, 2.1968 0.1595 -1.3387, 1.8032 -0.1595 3.7009, 1.8729 -0.0897 3.9101, 1.8729 0.0897 3.9101, 1.8032 0.1595 3.7009, 2.1968 0.1595 3.7009, 2.1271 0.0897 3.9101, 2.1271 -0.0897 3.9101, 2.1968 -0.1595 3.7009, 1.8032 0.1595 -1.3387, 1.8729 0.0897 -1.5479, 1.8729 -0.0897 -1.5479, 1.8032 -0.1595 -1.3387, 1.9103 0.123 -1.5565, 2.0897 0.123 -1.5565, 1.9103 0.1228 -1.5567, 2.0897 0.1228 -1.5567, 1.9103 0.1167 -1.5641, 2.0897 0.1167 -1.5641, 1.9103 0.1165 -1.5642, 2.0897 0.1165 -1.5642, 1.9103 0.1087 -1.5699, 2.0897 0.1087 -1.5699, 1.9103 0.1086 -1.57, 2.0897 0.1086 -1.57, 1.9103 0.0995 -1.5736, 2.0897 0.0995 -1.5736, 1.9103 0.0995 -1.5736, 2.0897 0.0995 -1.5736, 2.0995 0.0897 -1.5736, 2.0992 0.0923 -1.5736, 2.0946 0.1081 -1.5699, 2.0967 0.1158 -1.5641, 2.0983 0.1218 -1.5565, 2.1064 0.1185 -1.5565, 2.1251 0.0988 -1.5502, 2.123 0.0897 -1.5565, 2.1209 0.1074 -1.5517, 2.1249 0.0992 -1.5503, 2.1218 0.0983 -1.5565, 2.0988 0.1251 -1.5502, 2.0991 0.1249 -1.5503, 2.1074 0.1209 -1.5517, 2.1076 0.1207 -1.5517, 2.1149 0.1149 -1.5522, 2.1228 0.0897 -1.5567, 2.1158 0.0967 -1.5641, 2.1032 0.1131 -1.5641, 2.1132 0.1132 -1.5565, 2.1167 0.0897 -1.5641, 2.1165 0.0897 -1.5642, 2.1081 0.0946 -1.5699, 2.1088 0.1088 -1.5641, 2.0992 0.1062 -1.5699, 2.0923 0.0992 -1.5736, 2.1207 0.1076 -1.5517, 2.1185 0.1064 -1.5565, 2.1131 0.1032 -1.5641, 2.1062 0.0992 -1.5699, 2.0982 0.0946 -1.5736, 2.1031 0.1031 -1.5699, 2.0946 0.0982 -1.5736, 2.0967 0.0967 -1.5736, 2.1087 0.0897 -1.5699, 2.1086 0.0897 -1.57, 2.0995 0.0897 -1.5736, 1.9077 0.0992 -1.5736, 1.8914 0.0897 -1.57, 1.8913 0.0897 -1.5699, 1.8919 0.0946 -1.5699, 1.8842 0.0967 -1.5641, 1.8782 0.0983 -1.5565, 1.8815 0.1064 -1.5565, 1.9012 0.1251 -1.5502, 1.8926 0.1209 -1.5517, 1.9009 0.1249 -1.5503, 1.9017 0.1218 -1.5565, 1.8749 0.0988 -1.5502, 1.8751 0.0992 -1.5503, 1.8791 0.1074 -1.5517, 1.8793 0.1076 -1.5517, 1.8851 0.1149 -1.5522, 1.877 0.0897 -1.5565, 1.8772 0.0897 -1.5567, 1.8833 0.0897 -1.5641, 1.8835 0.0897 -1.5642, 1.9033 0.1158 -1.5641, 1.8869 0.1032 -1.5641, 1.8868 0.1132 -1.5565, 1.9054 0.1081 -1.5699, 1.8912 0.1088 -1.5641, 1.8938 0.0992 -1.5699, 1.9008 0.0923 -1.5736, 1.8924 0.1207 -1.5517, 1.8936 0.1185 -1.5565, 1.8968 0.1131 -1.5641, 1.9008 0.1062 -1.5699, 1.9054 0.0982 -1.5736, 1.9005 0.0897 -1.5736, 1.9005 0.0897 -1.5736, 1.8969 0.1031 -1.5699, 1.9018 0.0946 -1.5736, 1.9033 0.0967 -1.5736, 2.1954 0.1676 -1.3398, 2.1912 0.1777 -1.3407, 2.1915 0.1771 -1.3407, 2.1951 0.1689 -1.34, 2.1853 0.1853 -1.341, 2.1777 0.1912 -1.3407, 2.1771 0.1915 -1.3407, 2.1689 0.1951 -1.34, 2.1676 0.1954 -1.3398, 2.123 -0.0897 -1.5565, 2.1228 -0.0897 -1.5567, 2.1167 -0.0897 -1.5641, 2.1165 -0.0897 -1.5642, 2.1087 -0.0897 -1.5699, 2.1086 -0.0897 -1.57, 2.0995 -0.0897 -1.5736, 2.0995 -0.0897 -1.5736, 2.0897 -0.123 -1.5565, 1.9103 -0.123 -1.5565, 2.0897 -0.1228 -1.5567, 1.9103 -0.1228 -1.5567, 2.0897 -0.1167 -1.5641, 1.9103 -0.1167 -1.5641, 2.0897 -0.1165 -1.5642, 1.9103 -0.1165 -1.5642, 2.0897 -0.1087 -1.5699, 1.9103 -0.1087 -1.5699, 2.0897 -0.1086 -1.57, 1.9103 -0.1086 -1.57, 2.0897 -0.0995 -1.5736, 1.9103 -0.0995 -1.5736, 2.0897 -0.0995 -1.5736, 1.9103 -0.0995 -1.5736, 1.9005 -0.0897 -1.5736, 1.877 -0.0897 -1.5565, 1.8772 -0.0897 -1.5567, 1.8833 -0.0897 -1.5641, 1.8835 -0.0897 -1.5642, 1.8913 -0.0897 -1.5699, 1.8914 -0.0897 -1.57, 1.9005 -0.0897 -1.5736, 1.8338 0.1956 -1.3396, 1.8311 0.1951 -1.34, 1.8147 0.1853 -1.341, 1.8182 0.188 -1.3409, 1.8255 0.1927 -1.3405, 1.8223 0.1912 -1.3407, 1.812 0.1818 -1.3409, 1.8088 0.1777 -1.3407, 1.8073 0.1745 -1.3405, 1.8049 0.1689 -1.34, 1.8044 0.1662 -1.3396, 2.1676 0.1954 3.702, 2.1689 0.1951 3.7022, 2.1853 0.1853 3.7032, 2.1777 0.1912 3.7029, 2.1771 0.1915 3.7029, 2.1954 0.1676 3.702, 2.1951 0.1689 3.7022, 2.1915 0.1771 3.7029, 2.1912 0.1777 3.7029, 2.0923 -0.0992 -1.5736, 2.1081 -0.0946 -1.5699, 2.1158 -0.0967 -1.5641, 2.1218 -0.0983 -1.5565, 2.1185 -0.1064 -1.5565, 2.0988 -0.1251 -1.5502, 2.1074 -0.1209 -1.5517, 2.0991 -0.1249 -1.5503, 2.0983 -0.1218 -1.5565, 2.1251 -0.0988 -1.5502, 2.1249 -0.0992 -1.5503, 2.1209 -0.1074 -1.5517, 2.1207 -0.1076 -1.5517, 2.1149 -0.1149 -1.5522, 2.0967 -0.1158 -1.5641, 2.1131 -0.1032 -1.5641, 2.1132 -0.1132 -1.5565, 2.0946 -0.1081 -1.5699, 2.1088 -0.1088 -1.5641, 2.1062 -0.0992 -1.5699, 2.0992 -0.0923 -1.5736, 2.1076 -0.1207 -1.5517, 2.1064 -0.1185 -1.5565, 2.1032 -0.1131 -1.5641, 2.0992 -0.1062 -1.5699, 2.0946 -0.0982 -1.5736, 2.1031 -0.1031 -1.5699, 2.0982 -0.0946 -1.5736, 2.0967 -0.0967 -1.5736, 1.9008 -0.0923 -1.5736, 1.9054 -0.1081 -1.5699, 1.9033 -0.1158 -1.5641, 1.9017 -0.1218 -1.5565, 1.8936 -0.1185 -1.5565, 1.8749 -0.0988 -1.5502, 1.8791 -0.1074 -1.5517, 1.8751 -0.0992 -1.5503, 1.8782 -0.0983 -1.5565, 1.9012 -0.1251 -1.5502, 1.9009 -0.1249 -1.5503, 1.8926 -0.1209 -1.5517, 1.8924 -0.1207 -1.5517, 1.8851 -0.1149 -1.5522, 1.8842 -0.0967 -1.5641, 1.8968 -0.1131 -1.5641, 1.8868 -0.1132 -1.5565, 1.8919 -0.0946 -1.5699, 1.8912 -0.1088 -1.5641, 1.9008 -0.1062 -1.5699, 1.9077 -0.0992 -1.5736, 1.8793 -0.1076 -1.5517, 1.8815 -0.1064 -1.5565, 1.8869 -0.1032 -1.5641, 1.8938 -0.0992 -1.5699, 1.9018 -0.0946 -1.5736, 1.8969 -0.1031 -1.5699, 1.9054 -0.0982 -1.5736, 1.9033 -0.0967 -1.5736, 1.812 0.1818 3.7031, 1.8088 0.1777 3.7029, 1.8073 0.1745 3.7027, 1.8049 0.1689 3.7022, 1.8044 0.1662 3.7018, 1.8338 0.1956 3.7018, 1.8311 0.1951 3.7022, 1.8255 0.1927 3.7027, 1.8223 0.1912 3.7029, 1.8182 0.188 3.7031, 1.8147 0.1853 3.7032, 2.0978 0.1253 3.9122, 2.0988 0.1251 3.9124, 2.1053 0.122 3.9136, 2.1074 0.1209 3.9139, 2.1118 0.1174 3.9142, 2.1149 0.1149 3.9144, 2.1174 0.1118 3.9142, 2.1209 0.1074 3.9139, 2.122 0.1053 3.9136, 2.1251 0.0988 3.9124, 2.1253 0.0978 3.9122, 2.1662 -0.1956 -1.3396, 2.1689 -0.1951 -1.34, 2.1745 -0.1927 -1.3405, 2.1777 -0.1912 -1.3407, 2.1818 -0.188 -1.3409, 2.1853 -0.1853 -1.341, 2.188 -0.1818 -1.3409, 2.1912 -0.1777 -1.3407, 2.1927 -0.1745 -1.3405, 2.1951 -0.1689 -1.34, 2.1956 -0.1662 -1.3396, 1.8046 -0.1676 -1.3398, 1.8088 -0.1777 -1.3407, 1.8085 -0.1771 -1.3407, 1.8049 -0.1689 -1.34, 1.8147 -0.1853 -1.341, 1.8223 -0.1912 -1.3407, 1.8229 -0.1915 -1.3407, 1.8311 -0.1951 -1.34, 1.8324 -0.1954 -1.3398, 1.8747 0.0978 3.9122, 1.8749 0.0988 3.9124, 1.878 0.1053 3.9136, 1.8791 0.1074 3.9139, 1.8826 0.1118 3.9142, 1.8851 0.1149 3.9144, 1.8882 0.1174 3.9142, 1.8926 0.1209 3.9139, 1.8947 0.122 3.9136, 1.9012 0.1251 3.9124, 1.9022 0.1253 3.9122, 2.0897 0.123 3.9187, 1.9103 0.123 3.9187, 2.0897 0.1228 3.9189, 1.9103 0.1228 3.9189, 2.0897 0.1167 3.9263, 1.9103 0.1167 3.9263, 2.0897 0.1165 3.9264, 1.9103 0.1165 3.9264, 2.0897 0.1087 3.9321, 1.9103 0.1087 3.9321, 2.0897 0.1086 3.9322, 1.9103 0.1086 3.9322, 2.0897 0.0995 3.9358, 1.9103 0.0995 3.9358, 2.0897 0.0995 3.9358, 1.9103 0.0995 3.9358, 2.0974 0.0958 3.9358, 2.0958 0.0974 3.9358, 2.0986 0.094 3.9358, 2.0993 0.0919 3.9358, 2.094 0.0986 3.9358, 2.0919 0.0993 3.9358, 2.0971 0.1221 3.9187, 2.1042 0.1197 3.9187, 2.1105 0.1157 3.9187, 2.1157 0.1105 3.9187, 2.1197 0.1042 3.9187, 2.1221 0.0971 3.9187, 2.123 0.0897 3.9187, 2.094 0.1082 3.9321, 2.0995 0.0897 3.9358, 2.0995 0.0897 3.9358, 2.1086 0.0897 3.9322, 2.1082 0.094 3.9321, 2.1068 0.098 3.9321, 2.1046 0.1016 3.9321, 2.1016 0.1046 3.9321, 2.098 0.1068 3.9321, 2.0957 0.116 3.9263, 2.1014 0.114 3.9263, 2.1065 0.1108 3.9263, 2.1108 0.1065 3.9263, 2.114 0.1014 3.9263, 2.116 0.0957 3.9263, 2.1087 0.0897 3.9321, 2.1165 0.0897 3.9264, 2.1167 0.0897 3.9263, 2.1228 0.0897 3.9189, 2.1956 -0.1662 3.7018, 2.1951 -0.1689 3.7022, 2.1927 -0.1745 3.7027, 2.1912 -0.1777 3.7029, 2.188 -0.1818 3.7031, 2.1853 -0.1853 3.7032, 2.1818 -0.188 3.7031, 2.1777 -0.1912 3.7029, 2.1745 -0.1927 3.7027, 2.1662 -0.1956 3.7018, 2.1689 -0.1951 3.7022, 1.8046 -0.1676 3.702, 1.8324 -0.1954 3.702, 1.8311 -0.1951 3.7022, 1.8229 -0.1915 3.7029, 1.8223 -0.1912 3.7029, 1.8147 -0.1853 3.7032, 1.8088 -0.1777 3.7029, 1.8085 -0.1771 3.7029, 1.8049 -0.1689 3.7022, 1.9042 0.0974 3.9358, 1.9026 0.0958 3.9358, 1.906 0.0986 3.9358, 1.9081 0.0993 3.9358, 1.9014 0.094 3.9358, 1.9007 0.0919 3.9358, 1.8779 0.0971 3.9187, 1.8803 0.1042 3.9187, 1.8843 0.1105 3.9187, 1.8895 0.1157 3.9187, 1.8958 0.1197 3.9187, 1.9029 0.1221 3.9187, 1.9005 0.0897 3.9358, 1.9005 0.0897 3.9358, 1.8835 0.0897 3.9264, 1.8913 0.0897 3.9321, 1.8918 0.094 3.9321, 1.8914 0.0897 3.9322, 1.906 0.1082 3.9321, 1.902 0.1068 3.9321, 1.8984 0.1046 3.9321, 1.8954 0.1016 3.9321, 1.8932 0.098 3.9321, 1.8772 0.0897 3.9189, 1.8833 0.0897 3.9263, 1.884 0.0957 3.9263, 1.886 0.1014 3.9263, 1.8892 0.1065 3.9263, 1.8935 0.1108 3.9263, 1.8986 0.114 3.9263, 1.9043 0.116 3.9263, 1.877 0.0897 3.9187, 2.123 -0.0897 3.9187, 2.1228 -0.0897 3.9189, 2.1167 -0.0897 3.9263, 2.1165 -0.0897 3.9264, 2.1087 -0.0897 3.9321, 2.1086 -0.0897 3.9322, 2.0995 -0.0897 3.9358, 2.0995 -0.0897 3.9358, 2.0988 -0.1251 3.9124, 2.1209 -0.1074 3.9139, 2.122 -0.1053 3.9136, 2.1251 -0.0988 3.9124, 2.1253 -0.0978 3.9122, 2.1053 -0.122 3.9136, 2.1074 -0.1209 3.9139, 2.1118 -0.1174 3.9142, 2.1149 -0.1149 3.9144, 2.1174 -0.1118 3.9142, 2.0978 -0.1253 3.9122, 1.9012 -0.1251 3.9124, 1.9022 -0.1253 3.9122, 1.8947 -0.122 3.9136, 1.8926 -0.1209 3.9139, 1.8882 -0.1174 3.9142, 1.8851 -0.1149 3.9144, 1.8826 -0.1118 3.9142, 1.8791 -0.1074 3.9139, 1.878 -0.1053 3.9136, 1.8749 -0.0988 3.9124, 1.8747 -0.0978 3.9122, 1.877 -0.0897 3.9187, 1.8772 -0.0897 3.9189, 1.8833 -0.0897 3.9263, 1.8835 -0.0897 3.9264, 1.8913 -0.0897 3.9321, 1.8914 -0.0897 3.9322, 1.9005 -0.0897 3.9358, 1.9005 -0.0897 3.9358, 2.0958 -0.0974 3.9358, 2.0974 -0.0958 3.9358, 2.094 -0.0986 3.9358, 2.0919 -0.0993 3.9358, 2.0986 -0.094 3.9358, 2.0993 -0.0919 3.9358, 2.1221 -0.0971 3.9187, 2.1197 -0.1042 3.9187, 2.1157 -0.1105 3.9187, 2.1105 -0.1157 3.9187, 2.1042 -0.1197 3.9187, 2.0971 -0.1221 3.9187, 2.0897 -0.123 3.9187, 2.1082 -0.094 3.9321, 2.0897 -0.0995 3.9358, 2.0897 -0.0995 3.9358, 2.0897 -0.1086 3.9322, 2.094 -0.1082 3.9321, 2.098 -0.1068 3.9321, 2.1016 -0.1046 3.9321, 2.1046 -0.1016 3.9321, 2.1068 -0.098 3.9321, 2.116 -0.0957 3.9263, 2.114 -0.1014 3.9263, 2.1108 -0.1065 3.9263, 2.1065 -0.1108 3.9263, 2.1014 -0.114 3.9263, 2.0957 -0.116 3.9263, 2.0897 -0.1087 3.9321, 2.0897 -0.1165 3.9264, 2.0897 -0.1167 3.9263, 2.0897 -0.1228 3.9189, 1.9026 -0.0958 3.9358, 1.9042 -0.0974 3.9358, 1.9014 -0.094 3.9358, 1.9007 -0.0919 3.9358, 1.906 -0.0986 3.9358, 1.9081 -0.0993 3.9358, 1.9029 -0.1221 3.9187, 1.8958 -0.1197 3.9187, 1.8895 -0.1157 3.9187, 1.8843 -0.1105 3.9187, 1.8803 -0.1042 3.9187, 1.8779 -0.0971 3.9187, 1.9103 -0.0995 3.9358, 1.9103 -0.0995 3.9358, 1.9103 -0.1165 3.9264, 1.9103 -0.1087 3.9321, 1.906 -0.1082 3.9321, 1.9103 -0.1086 3.9322, 1.8918 -0.094 3.9321, 1.8932 -0.098 3.9321, 1.8954 -0.1016 3.9321, 1.8984 -0.1046 3.9321, 1.902 -0.1068 3.9321, 1.9103 -0.1228 3.9189, 1.9103 -0.1167 3.9263, 1.9043 -0.116 3.9263, 1.8986 -0.114 3.9263, 1.8935 -0.1108 3.9263, 1.8892 -0.1065 3.9263, 1.886 -0.1014 3.9263, 1.884 -0.0957 3.9263, 1.9103 -0.123 3.9187
            ]
        }
        coordIndex [
            0,1,2,-1,2,1,3,-1,4,5,6,-1,6,5,7,-1,8,9,10,-1,10,9,11,-1,12,13,14,-1,14,13,15,-1,16,17,18,-1,18,17,19,-1,20,21,22,-1,22,21,23,-1,4,24,25,-1,4,25,5,-1,5,25,26,-1,5,26,27,-1,15,28,29,-1,15,29,14,-1,14,29,30,-1,14,30,31,-1,12,32,33,-1,12,33,13,-1,13,33,34,-1,13,34,35,-1,7,36,37,-1,7,37,6,-1,6,37,38,-1,6,38,39,-1,11,40,41,-1,11,41,10,-1,10,41,42,-1,10,42,43,-1,3,44,45,-1,3,45,2,-1,2,45,46,-1,2,46,47,-1,8,48,49,-1,8,49,9,-1,9,49,50,-1,9,50,51,-1,0,52,53,-1,0,53,1,-1,1,53,54,-1,1,54,55,-1,30,29,56,-1,56,29,57,-1,56,57,58,-1,58,57,59,-1,58,59,60,-1,60,59,61,-1,60,61,62,-1,62,61,63,-1,62,63,64,-1,64,63,65,-1,64,65,66,-1,66,65,67,-1,66,67,68,-1,68,67,69,-1,68,69,70,-1,69,71,70,-1,70,71,22,-1,70,22,23,-1,72,22,73,-1,67,65,74,-1,75,76,77,-1,78,42,79,-1,80,81,82,-1,82,81,78,-1,83,84,76,-1,76,84,85,-1,76,85,77,-1,77,85,86,-1,77,86,87,-1,29,83,57,-1,57,83,76,-1,57,76,59,-1,59,76,75,-1,59,75,61,-1,61,75,63,-1,78,79,82,-1,82,79,88,-1,82,88,89,-1,65,63,74,-1,74,63,75,-1,74,75,90,-1,90,75,77,-1,90,77,91,-1,91,77,87,-1,88,92,89,-1,89,92,93,-1,89,93,94,-1,91,95,90,-1,90,95,96,-1,90,96,74,-1,74,96,97,-1,74,97,67,-1,98,80,99,-1,99,80,82,-1,99,82,100,-1,100,82,89,-1,100,89,101,-1,101,89,94,-1,101,94,102,-1,102,94,73,-1,102,73,22,-1,22,71,97,-1,97,71,69,-1,97,69,67,-1,95,103,96,-1,96,103,104,-1,96,104,97,-1,97,104,22,-1,103,105,104,-1,104,105,22,-1,93,106,94,-1,94,106,107,-1,94,107,73,-1,73,107,108,-1,73,108,72,-1,87,98,91,-1,91,98,99,-1,91,99,95,-1,95,99,100,-1,95,100,103,-1,103,100,101,-1,103,101,105,-1,105,101,102,-1,105,102,22,-1,70,23,109,-1,110,111,112,-1,113,114,115,-1,116,30,56,-1,117,118,119,-1,119,118,116,-1,120,121,114,-1,114,121,122,-1,114,122,115,-1,115,122,123,-1,115,123,124,-1,53,120,125,-1,125,120,114,-1,125,114,126,-1,126,114,113,-1,126,113,127,-1,127,113,128,-1,116,56,119,-1,119,56,58,-1,119,58,129,-1,111,128,112,-1,112,128,113,-1,112,113,130,-1,130,113,115,-1,130,115,131,-1,131,115,124,-1,58,60,129,-1,129,60,62,-1,129,62,132,-1,131,133,130,-1,130,133,134,-1,130,134,112,-1,112,134,135,-1,112,135,110,-1,136,117,137,-1,137,117,119,-1,137,119,138,-1,138,119,129,-1,138,129,139,-1,139,129,132,-1,139,132,140,-1,140,132,109,-1,140,109,23,-1,23,141,135,-1,135,141,142,-1,135,142,110,-1,133,143,134,-1,134,143,144,-1,134,144,135,-1,135,144,23,-1,143,145,144,-1,144,145,23,-1,62,64,132,-1,132,64,66,-1,132,66,109,-1,109,66,68,-1,109,68,70,-1,124,136,131,-1,131,136,137,-1,131,137,133,-1,133,137,138,-1,133,138,143,-1,143,138,139,-1,143,139,145,-1,145,139,140,-1,145,140,23,-1,43,42,146,-1,146,42,78,-1,147,148,78,-1,78,148,149,-1,78,149,146,-1,78,81,147,-1,147,81,80,-1,147,80,150,-1,150,80,98,-1,98,87,150,-1,150,87,86,-1,150,86,151,-1,151,86,85,-1,151,85,152,-1,152,85,84,-1,152,84,153,-1,153,84,83,-1,153,83,154,-1,154,83,29,-1,154,29,28,-1,42,41,79,-1,79,41,155,-1,79,155,88,-1,88,155,156,-1,88,156,92,-1,92,156,157,-1,92,157,93,-1,93,157,158,-1,93,158,106,-1,106,158,159,-1,106,159,107,-1,107,159,160,-1,107,160,108,-1,108,160,161,-1,108,161,72,-1,161,162,72,-1,72,162,20,-1,72,20,22,-1,26,25,163,-1,163,25,164,-1,163,164,165,-1,165,164,166,-1,165,166,167,-1,167,166,168,-1,167,168,169,-1,169,168,170,-1,169,170,171,-1,171,170,172,-1,171,172,173,-1,173,172,174,-1,173,174,175,-1,175,174,176,-1,175,176,177,-1,176,178,177,-1,177,178,21,-1,177,21,20,-1,23,21,179,-1,54,53,180,-1,180,53,125,-1,180,125,181,-1,181,125,126,-1,181,126,182,-1,182,126,127,-1,182,127,183,-1,183,127,128,-1,183,128,184,-1,184,128,111,-1,184,111,185,-1,185,111,110,-1,185,110,186,-1,186,110,142,-1,186,142,179,-1,179,142,141,-1,179,141,23,-1,31,30,187,-1,187,30,116,-1,187,116,188,-1,124,189,190,-1,188,116,191,-1,191,116,118,-1,191,118,192,-1,192,118,117,-1,192,117,190,-1,190,117,136,-1,190,136,124,-1,189,124,193,-1,193,124,123,-1,193,123,194,-1,194,123,122,-1,194,122,195,-1,195,122,121,-1,195,121,196,-1,196,121,120,-1,196,120,197,-1,197,120,53,-1,197,53,52,-1,28,15,13,-1,28,13,154,-1,13,35,154,-1,154,35,198,-1,154,198,153,-1,153,198,199,-1,153,199,152,-1,200,151,201,-1,201,151,152,-1,201,152,202,-1,202,152,199,-1,48,8,10,-1,48,10,203,-1,10,43,203,-1,203,43,146,-1,203,146,204,-1,204,146,149,-1,204,149,205,-1,205,149,148,-1,205,148,206,-1,206,148,147,-1,206,147,200,-1,200,147,150,-1,200,150,151,-1,177,20,207,-1,160,159,208,-1,209,210,211,-1,212,26,163,-1,213,214,215,-1,215,214,212,-1,216,217,210,-1,210,217,218,-1,210,218,211,-1,211,218,219,-1,211,219,220,-1,41,216,155,-1,155,216,210,-1,155,210,156,-1,156,210,209,-1,156,209,157,-1,157,209,158,-1,212,163,215,-1,215,163,165,-1,215,165,221,-1,159,158,208,-1,208,158,209,-1,208,209,222,-1,222,209,211,-1,222,211,223,-1,223,211,220,-1,165,167,221,-1,221,167,169,-1,221,169,224,-1,223,225,222,-1,222,225,226,-1,222,226,208,-1,208,226,227,-1,208,227,160,-1,228,213,229,-1,229,213,215,-1,229,215,230,-1,230,215,221,-1,230,221,231,-1,231,221,224,-1,231,224,232,-1,232,224,207,-1,232,207,20,-1,20,162,227,-1,227,162,161,-1,227,161,160,-1,225,233,226,-1,226,233,234,-1,226,234,227,-1,227,234,20,-1,233,235,234,-1,234,235,20,-1,169,171,224,-1,224,171,173,-1,224,173,207,-1,207,173,175,-1,207,175,177,-1,220,228,223,-1,223,228,229,-1,223,229,225,-1,225,229,230,-1,225,230,233,-1,233,230,231,-1,233,231,235,-1,235,231,232,-1,235,232,20,-1,179,21,236,-1,174,172,237,-1,238,239,240,-1,241,54,180,-1,242,243,244,-1,244,243,241,-1,245,246,239,-1,239,246,247,-1,239,247,240,-1,240,247,248,-1,240,248,249,-1,25,245,164,-1,164,245,239,-1,164,239,166,-1,166,239,238,-1,166,238,168,-1,168,238,170,-1,241,180,244,-1,244,180,181,-1,244,181,250,-1,172,170,237,-1,237,170,238,-1,237,238,251,-1,251,238,240,-1,251,240,252,-1,252,240,249,-1,181,182,250,-1,250,182,183,-1,250,183,253,-1,252,254,251,-1,251,254,255,-1,251,255,237,-1,237,255,256,-1,237,256,174,-1,257,242,258,-1,258,242,244,-1,258,244,259,-1,259,244,250,-1,259,250,260,-1,260,250,253,-1,260,253,261,-1,261,253,236,-1,261,236,21,-1,21,178,256,-1,256,178,176,-1,256,176,174,-1,254,262,255,-1,255,262,263,-1,255,263,256,-1,256,263,21,-1,262,264,263,-1,263,264,21,-1,183,184,253,-1,253,184,185,-1,253,185,236,-1,236,185,186,-1,236,186,179,-1,249,257,252,-1,252,257,258,-1,252,258,254,-1,254,258,259,-1,254,259,262,-1,262,259,260,-1,262,260,264,-1,264,260,261,-1,264,261,21,-1,47,197,2,-1,2,197,52,-1,2,52,0,-1,265,194,266,-1,266,194,195,-1,266,195,267,-1,267,195,196,-1,267,196,268,-1,268,196,197,-1,268,197,269,-1,269,197,47,-1,32,12,14,-1,32,14,270,-1,14,31,270,-1,270,31,187,-1,270,187,271,-1,271,187,188,-1,271,188,272,-1,272,188,191,-1,272,191,273,-1,273,191,192,-1,273,192,274,-1,274,192,190,-1,274,190,275,-1,275,190,189,-1,275,189,265,-1,265,189,193,-1,265,193,194,-1,35,34,198,-1,198,34,276,-1,198,276,199,-1,199,276,277,-1,199,277,202,-1,202,277,278,-1,202,278,201,-1,278,279,201,-1,201,279,280,-1,201,280,200,-1,280,281,200,-1,200,281,282,-1,200,282,206,-1,206,282,283,-1,206,283,205,-1,205,283,284,-1,205,284,204,-1,204,284,285,-1,204,285,203,-1,203,285,48,-1,48,285,286,-1,48,286,49,-1,27,26,287,-1,287,26,212,-1,287,212,288,-1,288,212,289,-1,289,212,214,-1,289,214,290,-1,290,214,213,-1,290,213,291,-1,291,213,228,-1,291,228,292,-1,292,228,220,-1,292,220,293,-1,293,220,219,-1,293,219,294,-1,294,219,218,-1,294,218,295,-1,295,218,217,-1,295,217,296,-1,296,217,216,-1,296,216,297,-1,297,216,41,-1,297,41,40,-1,55,54,298,-1,298,54,241,-1,299,300,241,-1,241,300,301,-1,241,301,298,-1,241,243,299,-1,299,243,242,-1,299,242,302,-1,302,242,257,-1,257,249,302,-1,302,249,248,-1,302,248,303,-1,303,248,247,-1,303,247,304,-1,304,247,246,-1,304,246,305,-1,305,246,245,-1,305,245,306,-1,306,245,25,-1,306,25,24,-1,47,46,269,-1,269,46,307,-1,269,307,268,-1,268,307,308,-1,268,308,267,-1,267,308,309,-1,267,309,266,-1,266,309,310,-1,266,310,265,-1,265,310,311,-1,265,311,275,-1,275,311,312,-1,275,312,274,-1,274,312,313,-1,274,313,273,-1,273,313,314,-1,273,314,272,-1,272,314,315,-1,272,315,271,-1,271,315,316,-1,271,316,270,-1,270,316,32,-1,32,316,317,-1,32,317,33,-1,34,33,318,-1,318,33,319,-1,318,319,320,-1,320,319,321,-1,320,321,322,-1,322,321,323,-1,322,323,324,-1,324,323,325,-1,324,325,326,-1,326,325,327,-1,326,327,328,-1,328,327,329,-1,328,329,330,-1,330,329,331,-1,330,331,332,-1,331,333,332,-1,332,333,19,-1,332,19,17,-1,17,334,335,-1,336,334,17,-1,337,336,17,-1,17,338,339,-1,276,340,277,-1,277,340,341,-1,277,341,278,-1,278,341,279,-1,279,341,342,-1,279,342,280,-1,280,342,281,-1,281,342,343,-1,281,343,282,-1,282,343,283,-1,283,343,344,-1,283,344,284,-1,284,344,285,-1,285,344,345,-1,285,345,286,-1,286,345,346,-1,286,346,49,-1,330,332,339,-1,339,332,17,-1,335,338,17,-1,324,326,347,-1,347,326,328,-1,17,348,337,-1,337,348,349,-1,337,349,350,-1,350,351,337,-1,337,351,352,-1,337,352,336,-1,336,352,353,-1,336,353,334,-1,334,353,354,-1,334,354,335,-1,335,354,355,-1,335,355,338,-1,338,355,347,-1,338,347,339,-1,339,347,328,-1,339,328,330,-1,320,322,356,-1,356,322,324,-1,324,347,356,-1,356,347,355,-1,356,355,357,-1,357,355,354,-1,357,354,358,-1,358,354,353,-1,358,353,359,-1,359,353,352,-1,359,352,360,-1,360,352,351,-1,360,351,361,-1,276,34,340,-1,340,34,318,-1,340,318,320,-1,350,362,351,-1,351,362,363,-1,351,363,361,-1,361,363,364,-1,361,364,365,-1,320,356,340,-1,340,356,357,-1,340,357,341,-1,341,357,358,-1,341,358,342,-1,342,358,359,-1,342,359,343,-1,343,359,360,-1,343,360,344,-1,344,360,361,-1,344,361,345,-1,345,361,365,-1,345,365,346,-1,40,11,9,-1,40,9,297,-1,9,51,297,-1,297,51,366,-1,297,366,296,-1,296,366,367,-1,296,367,295,-1,367,368,295,-1,295,368,369,-1,295,369,294,-1,294,369,370,-1,294,370,293,-1,293,370,292,-1,292,370,371,-1,292,371,291,-1,371,372,291,-1,291,372,373,-1,291,373,290,-1,290,373,374,-1,36,7,5,-1,36,5,375,-1,5,27,375,-1,375,27,287,-1,375,287,376,-1,376,287,288,-1,376,288,374,-1,374,288,289,-1,374,289,290,-1,24,4,6,-1,24,6,306,-1,44,3,1,-1,44,1,377,-1,6,39,306,-1,306,39,378,-1,306,378,305,-1,305,378,379,-1,305,379,304,-1,304,379,380,-1,304,380,303,-1,303,380,381,-1,303,381,302,-1,302,381,382,-1,302,382,299,-1,299,382,383,-1,299,383,300,-1,300,383,384,-1,300,384,301,-1,301,384,385,-1,301,385,298,-1,298,385,377,-1,298,377,55,-1,55,377,1,-1,19,386,387,-1,388,386,19,-1,389,388,19,-1,19,390,391,-1,307,392,308,-1,308,392,393,-1,312,311,394,-1,394,311,310,-1,394,310,393,-1,393,310,309,-1,393,309,308,-1,312,394,313,-1,313,394,395,-1,313,395,314,-1,314,395,396,-1,314,396,315,-1,315,396,316,-1,316,396,397,-1,316,397,317,-1,317,397,319,-1,317,319,33,-1,398,399,391,-1,391,399,19,-1,387,390,19,-1,400,401,402,-1,402,401,403,-1,19,333,389,-1,389,333,331,-1,389,331,329,-1,329,404,389,-1,389,404,405,-1,389,405,388,-1,388,405,406,-1,388,406,386,-1,386,406,407,-1,386,407,387,-1,387,407,408,-1,387,408,390,-1,390,408,402,-1,390,402,391,-1,391,402,403,-1,391,403,398,-1,409,410,411,-1,411,410,400,-1,400,402,411,-1,411,402,408,-1,411,408,412,-1,412,408,407,-1,412,407,413,-1,413,407,406,-1,413,406,414,-1,414,406,405,-1,414,405,415,-1,415,405,404,-1,415,404,416,-1,307,46,392,-1,392,46,417,-1,392,417,409,-1,329,327,404,-1,404,327,325,-1,404,325,416,-1,416,325,323,-1,416,323,321,-1,409,411,392,-1,392,411,412,-1,392,412,393,-1,393,412,413,-1,393,413,394,-1,394,413,414,-1,394,414,395,-1,395,414,415,-1,395,415,396,-1,396,415,416,-1,396,416,397,-1,397,416,321,-1,397,321,319,-1,50,49,418,-1,418,49,346,-1,418,346,419,-1,419,346,365,-1,419,365,420,-1,420,365,364,-1,420,364,421,-1,421,364,363,-1,421,363,422,-1,422,363,362,-1,422,362,423,-1,423,362,350,-1,423,350,424,-1,424,350,349,-1,424,349,425,-1,349,348,425,-1,425,348,17,-1,425,17,16,-1,375,376,426,-1,427,368,428,-1,428,368,367,-1,428,367,429,-1,429,367,366,-1,429,366,430,-1,430,366,51,-1,430,51,50,-1,426,376,431,-1,431,376,374,-1,431,374,432,-1,432,374,373,-1,432,373,433,-1,433,373,372,-1,433,372,434,-1,434,372,371,-1,434,371,435,-1,435,371,370,-1,435,370,427,-1,427,370,369,-1,427,369,368,-1,375,426,36,-1,36,426,436,-1,36,436,37,-1,437,379,378,-1,437,378,438,-1,438,378,39,-1,438,39,38,-1,379,437,380,-1,380,437,439,-1,380,439,381,-1,439,440,381,-1,381,440,441,-1,381,441,382,-1,441,442,382,-1,382,442,443,-1,382,443,383,-1,383,443,444,-1,383,444,384,-1,384,444,445,-1,384,445,385,-1,385,445,446,-1,385,446,377,-1,377,446,44,-1,44,446,447,-1,44,447,45,-1,18,19,399,-1,46,45,417,-1,417,45,448,-1,417,448,409,-1,409,448,449,-1,409,449,410,-1,410,449,450,-1,410,450,400,-1,400,450,451,-1,400,451,401,-1,401,451,452,-1,401,452,403,-1,403,452,453,-1,403,453,398,-1,398,453,454,-1,398,454,399,-1,399,454,455,-1,399,455,18,-1,16,456,457,-1,458,456,16,-1,459,458,16,-1,16,460,461,-1,430,462,429,-1,429,462,463,-1,434,435,464,-1,464,435,427,-1,464,427,463,-1,463,427,428,-1,463,428,429,-1,434,464,433,-1,433,464,465,-1,433,465,432,-1,432,465,466,-1,432,466,431,-1,431,466,426,-1,426,466,467,-1,426,467,436,-1,436,467,468,-1,436,468,37,-1,424,425,461,-1,461,425,16,-1,457,460,16,-1,421,422,469,-1,469,422,423,-1,16,470,459,-1,459,470,471,-1,459,471,472,-1,472,473,459,-1,459,473,474,-1,459,474,458,-1,458,474,475,-1,458,475,456,-1,456,475,476,-1,456,476,457,-1,457,476,477,-1,457,477,460,-1,460,477,469,-1,460,469,461,-1,461,469,423,-1,461,423,424,-1,419,420,478,-1,478,420,421,-1,421,469,478,-1,478,469,477,-1,478,477,479,-1,479,477,476,-1,479,476,480,-1,480,476,475,-1,480,475,481,-1,481,475,474,-1,481,474,482,-1,482,474,473,-1,482,473,483,-1,430,50,462,-1,462,50,418,-1,462,418,419,-1,472,484,473,-1,473,484,485,-1,473,485,483,-1,483,485,486,-1,483,486,487,-1,419,478,462,-1,462,478,479,-1,462,479,463,-1,463,479,480,-1,463,480,464,-1,464,480,481,-1,464,481,465,-1,465,481,482,-1,465,482,466,-1,466,482,483,-1,466,483,467,-1,467,483,487,-1,467,487,468,-1,18,488,489,-1,490,488,18,-1,491,490,18,-1,18,492,493,-1,438,494,437,-1,437,494,495,-1,442,441,496,-1,496,441,440,-1,496,440,495,-1,495,440,439,-1,495,439,437,-1,442,496,443,-1,443,496,497,-1,443,497,444,-1,444,497,498,-1,444,498,445,-1,445,498,446,-1,446,498,499,-1,446,499,447,-1,447,499,448,-1,447,448,45,-1,500,501,493,-1,493,501,18,-1,489,492,18,-1,502,503,504,-1,504,503,505,-1,18,455,491,-1,491,455,454,-1,491,454,453,-1,453,506,491,-1,491,506,507,-1,491,507,490,-1,490,507,508,-1,490,508,488,-1,488,508,509,-1,488,509,489,-1,489,509,510,-1,489,510,492,-1,492,510,504,-1,492,504,493,-1,493,504,505,-1,493,505,500,-1,511,512,513,-1,513,512,502,-1,502,504,513,-1,513,504,510,-1,513,510,514,-1,514,510,509,-1,514,509,515,-1,515,509,508,-1,515,508,516,-1,516,508,507,-1,516,507,517,-1,517,507,506,-1,517,506,518,-1,438,38,494,-1,494,38,519,-1,494,519,511,-1,453,452,506,-1,506,452,451,-1,506,451,518,-1,518,451,450,-1,518,450,449,-1,511,513,494,-1,494,513,514,-1,494,514,495,-1,495,514,515,-1,495,515,496,-1,496,515,516,-1,496,516,497,-1,497,516,517,-1,497,517,498,-1,498,517,518,-1,498,518,499,-1,499,518,449,-1,499,449,448,-1,38,37,519,-1,519,37,468,-1,519,468,511,-1,511,468,487,-1,511,487,512,-1,512,487,486,-1,512,486,502,-1,502,486,485,-1,502,485,503,-1,503,485,484,-1,503,484,505,-1,505,484,472,-1,505,472,500,-1,500,472,471,-1,500,471,501,-1,471,470,501,-1,501,470,16,-1,501,16,18,-1,
        ]
    }
}
Shape{
    appearance Appearance {
        material  Material {
            diffuseColor 0.5019607843137255 1.0 0.5019607843137255
            specularColor 0.25098039215686274 0.5019607843137255 0.25098039215686274
            ambientIntensity 0.7943
            transparency 0.0
            shininess 0.5
        }
    }
    geometry IndexedFaceSet {
        ccw TRUE
        solid FALSE
        coord DEF co Coordinate {
            point [
                2.9606 -1.5157 0.0, 2.5669 -1.5157 0.0, 2.5873 -1.5131 0.0, 2.6063 -1.5052 0.0, 2.6226 -1.4927 0.0, 2.6351 -1.4764 0.0, 2.6457 1.437 0.0, 2.9606 1.437 0.0, 2.6457 -1.437 0.0, 2.643 -1.4574 0.0, 1.5669 -1.8701 4.3701, 1.5669 -1.8701 4.4818, 1.0 -1.8701 4.4818, 2.41 -1.8701 4.3144, 2.3937 -1.8701 4.3019, 2.9606 -1.8701 3.5827, 1.0 -1.8701 3.5827, 1.6253 -1.8701 4.294, 1.6063 -1.8701 4.3019, 2.4331 -1.8701 4.4818, 2.4331 -1.8701 4.3701, 2.9606 -1.8701 4.4818, 2.4304 -1.8701 4.3497, 2.4225 -1.8701 4.3307, 1.59 -1.8701 4.3144, 1.5775 -1.8701 4.3307, 1.5696 -1.8701 4.3497, 2.3747 -1.8701 4.294, 2.3543 -1.8701 4.2913, 1.6457 -1.8701 4.2913, 2.1575 1.122 0.7874, 2.1575 0.2362 0.7874, 1.8425 1.122 0.7874, 1.8425 0.2362 0.7874, 1.5669 -1.3583 4.7244, 1.0 -1.3583 4.7244, 1.5669 -1.7913 4.7244, 1.0 -1.7913 4.7244, 1.5669 -1.2815 4.4943, 1.0 -1.2815 4.4943, 1.5669 -1.8681 4.4943, 1.0 -1.8681 4.4943, 2.9606 -1.2795 4.4818, 2.9606 -1.2795 1.0236, 2.4331 -1.2795 1.2205, 2.4331 -1.2795 1.0236, 1.5669 -1.2795 1.0236, 1.0 -1.2795 1.0236, 1.5669 -1.2795 1.2205, 1.0 -1.2795 4.4818, 1.5669 -1.2795 4.4818, 1.5669 -1.2795 4.3701, 2.3747 -1.2795 4.294, 2.3937 -1.2795 4.3019, 2.41 -1.2795 4.3144, 2.4225 -1.2795 4.3307, 1.5696 -1.2795 4.3497, 1.5775 -1.2795 4.3307, 1.59 -1.2795 4.3144, 1.6063 -1.2795 4.3019, 2.4304 -1.2795 4.3497, 2.4331 -1.2795 4.3701, 2.4331 -1.2795 4.4818, 1.6253 -1.2795 4.294, 1.6457 -1.2795 4.2913, 2.3543 -1.2795 4.2913, 2.7935 0.2362 0.9843, 2.9606 0.2362 0.9843, 2.9606 1.0433 0.9843, 2.5172 1.0455 0.9843, 2.4999 1.0518 0.9843, 2.4331 0.6603 0.9843, 2.4845 1.0621 0.9843, 2.4331 1.102 0.9843, 2.4468 0.596 0.9843, 2.4634 0.5674 0.9843, 2.5355 1.0433 0.9843, 2.4856 0.5429 0.9843, 2.5503 0.4771 0.9843, 2.6063 0.4036 0.9843, 2.6525 0.3237 0.9843, 2.6713 0.2944 0.9843, 2.6962 0.2699 0.9843, 2.4365 0.6274 0.9843, 2.7259 0.2515 0.9843, 2.7588 0.2401 0.9843, 1.3937 0.4036 0.9843, 1.4497 0.4771 0.9843, 1.0 1.0433 0.9843, 1.5669 0.6603 0.9843, 1.5669 1.102 0.9843, 1.5155 1.0621 0.9843, 1.4645 1.0433 0.9843, 1.5144 0.5429 0.9843, 1.5366 0.5674 0.9843, 1.0 0.2362 0.9843, 1.2065 0.2362 0.9843, 1.5001 1.0518 0.9843, 1.4828 1.0455 0.9843, 1.5635 0.6274 0.9843, 1.5532 0.596 0.9843, 1.2412 0.2401 0.9843, 1.2741 0.2515 0.9843, 1.3038 0.2699 0.9843, 1.3287 0.2944 0.9843, 1.3475 0.3237 0.9843, 1.2337 -0.2071 0.9843, 1.0 -0.1394 0.9843, 1.0 -1.2402 0.9843, 1.4427 -0.469 0.9843, 1.3821 -0.3857 0.9843, 1.3339 -0.2947 0.9843, 1.2654 -0.2202 0.9843, 1.5669 -1.2402 0.9843, 1.5669 -0.6603 0.9843, 1.5635 -0.6274 0.9843, 1.5532 -0.596 0.9843, 1.5366 -0.5674 0.9843, 1.5144 -0.5429 0.9843, 1.3167 -0.265 0.9843, 1.2935 -0.2398 0.9843, 2.6179 -0.3857 0.9843, 2.5573 -0.469 0.9843, 2.9606 -1.2402 0.9843, 2.6661 -0.2947 0.9843, 2.4856 -0.5429 0.9843, 2.4634 -0.5674 0.9843, 2.4468 -0.596 0.9843, 2.9606 -0.1508 0.9843, 2.7663 -0.2071 0.9843, 2.7346 -0.2202 0.9843, 2.4365 -0.6274 0.9843, 2.4331 -0.6603 0.9843, 2.4331 -1.2402 0.9843, 2.7065 -0.2398 0.9843, 2.6833 -0.265 0.9843, 2.4559 1.1341 1.0236, 2.51 1.0921 1.0236, 2.4559 1.1341 1.2205, 2.51 1.0921 4.685, 2.4828 1.1142 4.685, 2.4021 1.1691 4.685, 2.3964 1.1713 1.2205, 2.3968 1.1718 4.685, 2.3774 1.1832 1.2205, 2.3152 1.2137 4.685, 2.2883 1.2248 1.2205, 2.2714 1.2303 1.2205, 2.2712 1.2298 4.685, 2.1948 1.2551 1.2205, 2.2235 1.2471 4.685, 2.1377 1.2659 1.2205, 2.1379 1.2668 4.685, 2.0981 1.2734 1.2205, 2.1284 1.269 4.685, 2.0 1.2795 1.2205, 2.0313 1.2789 4.685, 2.0 1.2782 4.685, 1.9019 1.2734 1.2205, 1.9337 1.2767 4.685, 1.8623 1.2659 1.2205, 1.8622 1.2662 4.685, 1.8371 1.2625 4.685, 1.8052 1.2551 1.2205, 1.7431 1.2364 4.685, 1.7286 1.2303 1.2205, 1.7286 1.2304 4.685, 1.7117 1.2248 1.2205, 1.6529 1.1989 4.685, 1.6226 1.1832 1.2205, 1.6036 1.1713 1.2205, 1.49 1.0921 1.0236, 1.5441 1.1341 1.0236, 1.5441 1.1341 1.2205, 1.6038 1.1709 4.685, 1.5682 1.1505 4.685, 1.49 1.0921 4.685, 1.0 1.0827 4.685, 1.0 1.0827 1.0236, 1.4645 1.0827 4.685, 1.4645 1.0827 1.0236, 1.3649 -1.4764 0.0, 1.3774 -1.4927 0.0, 1.0 -1.5157 0.0, 1.357 -1.4574 0.0, 1.3937 -1.5052 0.0, 1.4127 -1.5131 0.0, 1.4331 -1.5157 0.0, 1.0 1.437 0.0, 1.3543 1.437 0.0, 1.3543 -1.437 0.0, 2.9606 -1.3583 4.7244, 2.4331 -1.3583 4.7244, 2.9606 -1.7913 4.7244, 2.4331 -1.7913 4.7244, 2.564 1.0827 4.7227, 2.9606 1.0827 1.0236, 2.5786 1.0827 4.7244, 2.9606 1.0827 4.7244, 2.5355 1.0827 4.711, 2.5355 1.0827 1.0236, 2.5391 1.0827 4.7136, 2.5503 1.0827 4.719, 2.5522 1.0827 4.7199, 2.5602 1.0827 4.7223, 1.0 1.122 4.7244, 1.4645 1.122 4.7244, 1.0 1.437 4.7244, 1.5466 1.1835 4.7244, 1.6356 1.2343 4.7244, 1.7302 1.2736 4.7244, 1.829 1.301 4.7244, 2.9606 1.437 4.7244, 2.2347 1.2849 4.7244, 2.331 1.2497 4.7244, 2.5069 1.1453 4.7244, 2.4222 1.203 4.7244, 1.9304 1.316 4.7244, 2.0329 1.3182 4.7244, 2.1348 1.3078 4.7244, 2.643 1.4764 0.9653, 2.9606 1.4764 4.685, 2.6457 1.4764 0.9449, 2.9606 1.4764 0.0394, 2.6457 1.4764 0.0394, 2.6351 1.4764 0.9843, 2.6226 1.4764 1.0006, 2.6063 1.4764 1.0131, 1.3774 1.4764 1.0006, 1.0 1.4764 4.685, 1.3937 1.4764 1.0131, 1.4127 1.4764 1.0209, 1.3649 1.4764 0.9843, 1.357 1.4764 0.9653, 1.0 1.4764 0.0394, 1.3543 1.4764 0.9449, 1.3543 1.4764 0.0394, 2.5873 1.4764 1.0209, 2.5669 1.4764 1.0236, 1.4331 1.4764 1.0236, 1.0 1.088 4.7047, 1.0 1.0942 4.7129, 1.0 1.1024 4.7191, 1.0 1.063 0.9895, 1.0 1.0711 0.9958, 1.0 1.0774 1.0039, 1.0 1.0813 1.0134, 1.0 1.1119 4.7231, 1.0 -1.5565 3.5141, 1.0 -1.5604 3.5236, 1.0 1.4472 0.0013, 1.0 1.0535 0.9856, 1.0 -1.5843 3.542, 1.0 -1.5945 3.5433, 1.0 1.084 4.6952, 1.0 -1.5666 3.5318, 1.0 -1.5748 3.538, 1.0 -1.28 4.4881, 1.0 -1.8307 3.5433, 1.0 -1.8696 4.4881, 1.0 1.4472 4.7231, 1.0 1.4567 4.7191, 1.0 -0.1074 0.9991, 1.0 -0.1025 1.0065, 1.0 -0.0995 1.0149, 1.0 0.2191 0.9882, 1.0 0.2117 0.9928, 1.0 0.2054 0.9991, 1.0 1.475 0.0292, 1.0 1.4711 0.0197, 1.0 0.2275 0.9852, 1.0 -0.0984 1.0236, 1.0 -0.0984 1.1811, 1.0 0.1969 1.1811, 1.0 1.4648 0.0115, 1.0 1.4567 0.0053, 1.0 1.475 4.6952, 1.0 1.4648 4.7129, 1.0 1.4711 4.7047, 1.0 -1.2756 1.0065, 1.0 -1.2709 0.9991, 1.0 -1.5551 0.0394, 1.0 -1.2647 0.9928, 1.0 0.1969 1.0236, 1.0 0.1978 1.0149, 1.0 0.2007 1.0065, 1.0 -1.8409 3.5446, 1.0 -1.8687 3.5725, 1.0 -1.8504 3.5486, 1.0 -1.8585 3.5548, 1.0 -1.8648 3.563, 1.0 -1.5551 3.5039, 1.0 -1.2785 1.0149, 1.0 -0.1303 0.9852, 1.0 -0.1216 0.9882, 1.0 -0.1139 0.9928, 1.0 -1.5538 0.0292, 1.0 -1.5259 0.0013, 1.0 -1.5354 0.0053, 1.0 -1.5436 0.0115, 1.0 -1.5498 0.0197, 1.0 -1.2572 0.9882, 1.0 -1.2489 0.9852, 3.0 0.1969 0.9554, 3.0 0.1805 0.9679, 3.0 -0.0714 1.004, 3.0 1.1194 1.0032, 3.0 1.1115 0.9843, 3.0 1.437 0.0394, 3.0 0.1575 1.1417, 3.0 -0.0688 1.1417, 3.0 0.1575 1.0236, 3.0 -0.0688 1.0236, 3.0 0.1602 1.0032, 3.0 0.168 0.9843, 3.0 1.099 0.9679, 3.0 1.0827 0.9554, 3.0 1.0637 0.9476, 3.0 -1.8307 4.4818, 3.0 -1.8307 3.5827, 3.0 -1.5945 3.5827, 3.0 1.122 1.0236, 3.0 1.437 4.685, 3.0 1.122 4.685, 3.0 1.0433 0.9449, 3.0 0.2362 0.9449, 3.0 0.2158 0.9476, 3.0 -1.763 4.685, 3.0 -1.3866 4.685, 3.0 -1.3189 4.4818, 3.0 -1.5741 3.58, 3.0 -1.2605 0.9476, 3.0 -1.2795 0.9554, 3.0 -1.5157 0.0394, 3.0 -1.2958 0.9679, 3.0 -1.3083 0.9843, 3.0 -0.0791 0.9854, 3.0 -0.0917 0.9691, 3.0 -0.1086 0.9561, 3.0 -1.5551 3.5721, 3.0 -1.5388 3.5596, 3.0 -1.5263 3.5433, 3.0 -1.5184 3.5243, 3.0 -1.5157 3.5039, 3.0 -1.3189 1.0236, 3.0 -1.3162 1.0032, 3.0 -0.1288 0.9478, 3.0 -0.1508 0.9449, 3.0 -1.2402 0.9449, 2.9606 0.1969 1.0236, 2.7935 0.1969 1.0236, 2.9606 0.1969 1.1811, 2.7935 0.1969 1.1811, 2.7502 0.2017 1.1811, 2.7502 0.2017 1.0236, 2.709 0.2159 1.1811, 2.709 0.2159 1.0236, 2.6719 0.2389 1.1811, 2.6719 0.2389 1.0236, 2.6408 0.2695 1.1811, 2.6408 0.2695 1.0236, 2.6172 0.3062 1.1811, 2.6172 0.3062 1.0236, 2.5735 0.3818 1.0236, 2.5481 0.4174 1.1811, 2.4593 0.5135 1.0236, 2.4593 0.5135 1.1811, 2.5206 0.4513 1.0236, 2.547 0.4166 1.0236, 2.4316 0.5442 1.1811, 2.4316 0.5442 1.0236, 2.4109 0.5799 1.1811, 2.4109 0.5799 1.0236, 2.398 0.6192 1.1811, 2.398 0.6192 1.0236, 2.3937 0.6603 1.1811, 2.3937 0.6603 1.0236, 2.3937 1.102 1.1811, 2.3937 1.102 1.0236, 1.6063 1.102 1.0236, 1.6063 0.6603 1.0236, 1.6063 1.102 1.1811, 1.6063 0.6603 1.1811, 1.602 0.6192 1.1811, 1.602 0.6192 1.0236, 1.5891 0.5799 1.1811, 1.5891 0.5799 1.0236, 1.5684 0.5442 1.1811, 1.5684 0.5442 1.0236, 1.5407 0.5135 1.1811, 1.5407 0.5135 1.0236, 1.4794 0.4513 1.0236, 1.4519 0.4174 1.1811, 1.3828 0.3062 1.0236, 1.3828 0.3062 1.1811, 1.4265 0.3818 1.0236, 1.453 0.4166 1.0236, 1.3592 0.2695 1.1811, 1.3592 0.2695 1.0236, 1.3281 0.2389 1.1811, 1.3281 0.2389 1.0236, 1.291 0.2159 1.1811, 1.291 0.2159 1.0236, 1.2498 0.2017 1.1811, 1.2498 0.2017 1.0236, 1.2065 0.1969 1.1811, 1.2065 0.1969 1.0236, 1.2447 -0.1693 1.0236, 1.2447 -0.1693 1.1811, 1.2843 -0.1856 1.1811, 1.2843 -0.1856 1.0236, 1.3194 -0.2102 1.1811, 1.3194 -0.2102 1.0236, 1.3484 -0.2417 1.1811, 1.3484 -0.2417 1.0236, 1.3699 -0.2787 1.1811, 1.3699 -0.2787 1.0236, 1.4155 -0.3648 1.0236, 1.4155 -0.3648 1.1811, 1.4728 -0.4436 1.0236, 1.4728 -0.4436 1.1811, 1.5407 -0.5135 1.0236, 1.5407 -0.5135 1.1811, 1.5684 -0.5442 1.1811, 1.5684 -0.5442 1.0236, 1.5891 -0.5799 1.1811, 1.5891 -0.5799 1.0236, 1.602 -0.6192 1.1811, 1.602 -0.6192 1.0236, 1.6063 -0.6603 1.1811, 1.6063 -0.6603 1.0236, 1.6063 -1.2402 1.1811, 1.6063 -1.2402 1.0236, 2.3937 -1.2402 1.0236, 2.3937 -0.6603 1.0236, 2.3937 -1.2402 1.1811, 2.3937 -0.6603 1.1811, 2.398 -0.6192 1.1811, 2.398 -0.6192 1.0236, 2.4109 -0.5799 1.1811, 2.4109 -0.5799 1.0236, 2.4316 -0.5442 1.1811, 2.4316 -0.5442 1.0236, 2.4593 -0.5135 1.1811, 2.4593 -0.5135 1.0236, 2.5272 -0.4436 1.0236, 2.5272 -0.4436 1.1811, 2.5845 -0.3648 1.0236, 2.5845 -0.3648 1.1811, 2.6301 -0.2787 1.0236, 2.6301 -0.2787 1.1811, 2.6516 -0.2417 1.1811, 2.6516 -0.2417 1.0236, 2.6806 -0.2102 1.1811, 2.6806 -0.2102 1.0236, 2.7157 -0.1856 1.1811, 2.7157 -0.1856 1.0236, 2.7553 -0.1693 1.1811, 2.7553 -0.1693 1.0236, 2.9606 -0.1098 1.1811, 2.9716 -0.1067 1.0236, 2.9708 -0.1069 1.1798, 2.9716 -0.1067 1.1795, 2.0 1.2402 1.1811, 1.9068 1.2343 1.1811, 2.3949 1.1115 1.1811, 1.6415 1.1486 1.1811, 1.5996 1.124 1.1811, 1.6017 1.1204 1.1811, 2.5242 0.0875 1.1811, 2.5315 0.0 1.1811, 2.3983 1.1204 1.1811, 2.4004 1.124 1.1811, 2.3585 1.1486 1.1811, 1.6051 1.1115 1.1811, 1.815 1.2169 1.1811, 1.7261 1.1882 1.1811, 2.2739 1.1882 1.1811, 2.185 1.2169 1.1811, 2.0932 1.2343 1.1811, 2.36 0.391 1.1811, 2.4194 0.3265 1.1811, 2.4674 0.253 1.1811, 2.5027 0.1726 1.1811, 2.5027 -0.1726 1.1811, 2.5242 -0.0875 1.1811, 2.2907 0.445 1.1811, 2.1305 -0.5152 1.1811, 2.0439 -0.5297 1.1811, 1.9561 0.5297 1.1811, 2.0439 0.5297 1.1811, 2.1305 0.5152 1.1811, 2.2135 0.4867 1.1811, 1.4973 -0.1726 1.1811, 1.4758 -0.0875 1.1811, 1.4685 0.0 1.1811, 1.4758 0.0875 1.1811, 1.4973 0.1726 1.1811, 1.5326 0.253 1.1811, 1.5806 0.3265 1.1811, 1.64 0.391 1.1811, 1.7093 0.445 1.1811, 1.7865 0.4867 1.1811, 1.8695 0.5152 1.1811, 1.5326 -0.253 1.1811, 1.5806 -0.3265 1.1811, 1.64 -0.391 1.1811, 1.7093 -0.445 1.1811, 1.7865 -0.4867 1.1811, 1.8695 -0.5152 1.1811, 1.9561 -0.5297 1.1811, 2.2135 -0.4867 1.1811, 2.2907 -0.445 1.1811, 2.36 -0.391 1.1811, 2.4194 -0.3265 1.1811, 2.4674 -0.253 1.1811, 1.8451 -0.4255 1.5748, 1.8425 -0.1969 1.5748, 1.7736 -0.3921 1.5748, 1.8323 -0.1955 1.5748, 1.709 -0.3468 1.5748, 1.8228 -0.1916 1.5748, 1.6532 -0.291 1.5748, 2.1575 -0.1969 1.5748, 2.1549 -0.4255 1.5748, 2.1662 -0.1959 1.5748, 2.2264 -0.3921 1.5748, 2.1746 -0.193 1.5748, 2.182 -0.1883 1.5748, 2.291 -0.3468 1.5748, 2.1883 -0.182 1.5748, 2.3468 -0.291 1.5748, 2.193 -0.1746 1.5748, 2.3921 -0.2264 1.5748, 2.1959 -0.1662 1.5748, 1.9214 -0.4459 1.5748, 2.0 -0.4528 1.5748, 2.0786 -0.4459 1.5748, 2.1969 -0.1575 1.5748, 2.4255 -0.1549 1.5748, 2.4459 -0.0786 1.5748, 2.291 0.3468 1.5748, 2.1853 0.1853 1.5748, 2.3468 0.291 1.5748, 2.1916 0.1772 1.5748, 2.3921 0.2264 1.5748, 2.1955 0.1677 1.5748, 2.4255 0.1549 1.5748, 2.1969 0.1575 1.5748, 2.4459 0.0786 1.5748, 2.4528 0.0 1.5748, 2.1549 0.4255 1.5748, 2.1575 0.1969 1.5748, 2.2264 0.3921 1.5748, 2.1677 0.1955 1.5748, 2.1772 0.1916 1.5748, 1.8147 -0.1853 1.5748, 1.8084 -0.1772 1.5748, 1.6079 -0.2264 1.5748, 1.8045 -0.1677 1.5748, 1.5745 -0.1549 1.5748, 1.8031 -0.1575 1.5748, 1.6079 0.2264 1.5748, 1.807 0.1746 1.5748, 1.6532 0.291 1.5748, 1.8117 0.182 1.5748, 1.709 0.3468 1.5748, 1.818 0.1883 1.5748, 1.7736 0.3921 1.5748, 1.8254 0.193 1.5748, 1.8338 0.1959 1.5748, 1.8451 0.4255 1.5748, 1.8425 0.1969 1.5748, 1.5745 0.1549 1.5748, 1.8031 0.1575 1.5748, 1.8041 0.1662 1.5748, 1.5541 0.0786 1.5748, 1.5472 0.0 1.5748, 1.5541 -0.0786 1.5748, 2.0786 0.4459 1.5748, 2.0 0.4528 1.5748, 1.9214 0.4459 1.5748, 2.4262 0.2461 1.5354, 2.3884 0.3023 1.2205, 2.377 0.3163 1.5354, 2.3672 0.3253 1.2205, 2.3677 0.3257 1.5354, 2.3163 0.377 1.5354, 2.3333 0.3621 1.2205, 2.2785 0.4035 1.5354, 2.279 0.4043 1.2205, 2.2461 0.4262 1.5354, 2.0 0.4921 1.5354, 2.0592 0.4869 1.5354, 2.0591 0.4874 1.2205, 2.0855 0.4846 1.5354, 2.1208 0.4771 1.2205, 2.1683 0.4624 1.5354, 2.174 0.4588 1.2205, 2.1743 0.4597 1.5354, 2.1977 0.4507 1.2205, 2.2692 0.412 1.2205, 1.5738 -0.2461 1.5354, 1.6116 -0.3023 1.2205, 1.623 -0.3163 1.5354, 1.6328 -0.3253 1.2205, 1.6323 -0.3257 1.5354, 2.0406 0.4904 1.2205, 1.9594 0.4904 1.2205, 1.9408 0.4869 1.5354, 1.9409 0.4874 1.2205, 1.9145 0.4846 1.5354, 1.8792 0.4771 1.2205, 1.8317 0.4624 1.5354, 1.826 0.4588 1.2205, 1.8257 0.4597 1.5354, 1.8023 0.4507 1.2205, 1.7539 0.4262 1.5354, 1.7308 0.412 1.2205, 1.7215 0.4035 1.5354, 1.721 0.4043 1.2205, 1.6837 0.377 1.5354, 1.6667 0.3621 1.2205, 1.6323 0.3257 1.5354, 1.6328 0.3253 1.2205, 1.623 0.3163 1.5354, 1.6116 0.3023 1.2205, 1.5738 0.2461 1.5354, 1.5672 0.2342 1.2205, 1.5654 0.2281 1.5354, 1.5647 0.2285 1.2205, 1.5376 0.1683 1.5354, 1.5345 0.1598 1.2205, 1.5239 0.1173 1.5354, 1.5238 0.1174 1.2205, 1.5154 0.0855 1.5354, 1.5146 0.081 1.2205, 1.5079 0.0 1.5354, 1.5079 0.0 1.2205, 1.5154 -0.0855 1.5354, 1.5146 -0.081 1.2205, 1.5239 -0.1173 1.5354, 1.5238 -0.1174 1.2205, 1.5376 -0.1683 1.5354, 1.5345 -0.1598 1.2205, 1.5654 -0.2281 1.5354, 1.5647 -0.2285 1.2205, 1.5672 -0.2342 1.2205, 1.6837 -0.377 1.5354, 1.6667 -0.3621 1.2205, 1.7215 -0.4035 1.5354, 1.721 -0.4043 1.2205, 1.7539 -0.4262 1.5354, 2.0 -0.4921 1.5354, 1.9408 -0.4869 1.5354, 1.9409 -0.4874 1.2205, 1.9145 -0.4846 1.5354, 1.8792 -0.4771 1.2205, 1.8317 -0.4624 1.5354, 1.826 -0.4588 1.2205, 1.8257 -0.4597 1.5354, 1.8023 -0.4507 1.2205, 1.7308 -0.412 1.2205, 1.9594 -0.4904 1.2205, 2.0406 -0.4904 1.2205, 2.0592 -0.4869 1.5354, 2.0591 -0.4874 1.2205, 2.0855 -0.4846 1.5354, 2.1208 -0.4771 1.2205, 2.1683 -0.4624 1.5354, 2.174 -0.4588 1.2205, 2.1743 -0.4597 1.5354, 2.1977 -0.4507 1.2205, 2.2461 -0.4262 1.5354, 2.2692 -0.412 1.2205, 2.2785 -0.4035 1.5354, 2.279 -0.4043 1.2205, 2.3163 -0.377 1.5354, 2.3333 -0.3621 1.2205, 2.3677 -0.3257 1.5354, 2.3672 -0.3253 1.2205, 2.377 -0.3163 1.5354, 2.3884 -0.3023 1.2205, 2.4262 -0.2461 1.5354, 2.4328 -0.2342 1.2205, 2.4346 -0.2281 1.5354, 2.4353 -0.2285 1.2205, 2.4624 -0.1683 1.5354, 2.4655 -0.1598 1.2205, 2.4761 -0.1173 1.5354, 2.4762 -0.1174 1.2205, 2.4846 -0.0855 1.5354, 2.4854 -0.081 1.2205, 2.4921 0.0 1.5354, 2.4921 0.0 1.2205, 2.4846 0.0855 1.5354, 2.4854 0.081 1.2205, 2.4761 0.1173 1.5354, 2.4762 0.1174 1.2205, 2.4624 0.1683 1.5354, 2.4655 0.1598 1.2205, 2.4346 0.2281 1.5354, 2.4353 0.2285 1.2205, 2.4328 0.2342 1.2205, 2.9606 -1.2815 4.4943, 2.4331 -1.2815 4.4943, 2.9606 -1.8681 4.4943, 2.4331 -1.8681 4.4943, 1.6457 -1.8307 4.3307, 2.3543 -1.8307 4.3307, 1.6457 -1.3189 4.3307, 2.3543 -1.3189 4.3307, 1.6063 -1.3866 4.685, 1.6063 -1.763 4.685, 1.6063 -1.3189 4.4818, 1.6063 -1.8307 4.4818, 1.6063 -1.3189 4.3701, 1.6063 -1.8307 4.3701, 2.3937 -1.763 4.685, 2.3937 -1.3866 4.685, 2.3937 -1.8307 4.4818, 2.3937 -1.3189 4.4818, 2.3937 -1.8307 4.3701, 2.3937 -1.3189 4.3701, 2.6063 1.1424 0.1602, 2.6063 1.1614 0.168, 2.6063 1.437 0.0394, 2.6063 1.1777 0.1805, 2.6063 1.1902 0.1969, 2.6063 1.2008 0.9449, 2.6063 1.437 0.9449, 2.6063 1.2008 0.2362, 2.6063 1.1981 0.2158, 2.6063 -1.437 0.0394, 2.6063 -1.437 0.1575, 2.6063 1.122 0.1575, 1.3937 1.437 0.9449, 1.3937 1.2008 0.9449, 1.3937 1.437 0.0394, 1.3937 1.2008 0.2362, 1.3937 1.1981 0.2158, 1.3937 1.1902 0.1969, 1.3937 1.1777 0.1805, 1.3937 1.1614 0.168, 1.3937 -1.437 0.1575, 1.3937 -1.437 0.0394, 1.3937 1.122 0.1575, 1.3937 1.1424 0.1602, 1.5696 -0.7881 0.1969, 1.5775 -0.8071 0.1969, 1.4331 -1.437 0.1969, 1.59 -0.8234 0.1969, 1.6063 -0.8359 0.1969, 2.3747 -0.8438 0.1969, 2.3937 -0.8359 0.1969, 2.5669 -1.437 0.1969, 2.41 -0.8234 0.1969, 2.4225 -0.8071 0.1969, 1.5669 -0.7677 0.1969, 1.4331 1.122 0.1969, 1.5669 1.122 0.1969, 2.4331 1.122 0.1969, 2.5669 1.122 0.1969, 2.4331 -0.7677 0.1969, 2.4304 -0.7881 0.1969, 1.6253 -0.8438 0.1969, 1.6457 -0.8465 0.1969, 2.3543 -0.8465 0.1969, 1.4331 -1.4764 0.0394, 1.4331 -1.4764 0.1575, 2.5669 -1.4764 0.0394, 2.5669 -1.4764 0.1575, 2.5669 1.2008 0.9843, 1.4331 1.2008 0.9843, 2.5669 1.437 0.9843, 1.4331 1.437 0.9843, 2.2335 1.1614 0.7684, 2.2257 1.1614 0.7874, 2.5669 1.1614 0.9449, 2.4304 1.1614 0.5716, 2.4225 1.1614 0.5906, 2.41 1.1614 0.6069, 2.5669 1.1614 0.2362, 2.4331 1.1614 0.2362, 2.4331 1.1614 0.5512, 2.3937 1.1614 0.6194, 2.3747 1.1614 0.6272, 2.3543 1.1614 0.6299, 2.2132 1.1614 0.8037, 2.1969 1.1614 0.8162, 2.1779 1.1614 0.8241, 2.2362 1.1614 0.6299, 2.2362 1.1614 0.748, 1.6457 1.1614 0.6299, 1.6253 1.1614 0.6272, 1.4331 1.1614 0.9449, 1.7743 1.1614 0.7874, 1.7868 1.1614 0.8037, 1.8031 1.1614 0.8162, 1.6063 1.1614 0.6194, 1.59 1.1614 0.6069, 1.5775 1.1614 0.5906, 1.5669 1.1614 0.2362, 1.4331 1.1614 0.2362, 1.5669 1.1614 0.5512, 1.5696 1.1614 0.5716, 2.1575 1.1614 0.8268, 1.8425 1.1614 0.8268, 1.8221 1.1614 0.8241, 1.7638 1.1614 0.6299, 1.7638 1.1614 0.748, 1.7665 1.1614 0.7684, 1.8031 0.2158 0.7507, 1.8031 0.1969 0.7586, 1.8031 -0.7677 0.6299, 1.8031 0.1805 0.7711, 1.8031 0.168 0.7874, 1.8031 0.1602 0.8064, 1.8031 0.1575 0.8268, 1.8031 -0.1805 0.7711, 1.8031 -0.1969 0.7586, 1.8031 -0.2158 0.7507, 1.8031 -0.2362 0.748, 1.8031 -0.7677 0.748, 1.8031 0.2362 0.748, 1.8031 1.122 0.6299, 1.8031 1.122 0.748, 1.8031 -0.1575 0.8268, 1.8031 -0.1602 0.8064, 1.8031 -0.168 0.7874, 1.7638 1.122 0.5906, 1.7638 -0.7677 0.5906, 1.6457 1.122 0.5906, 1.6457 -0.7677 0.5906, 1.6063 1.122 0.5512, 1.6063 -0.7677 0.5512, 1.6063 1.122 0.2362, 1.6063 -0.7677 0.2362, 2.3937 1.122 0.2362, 2.3937 -0.7677 0.2362, 2.3937 1.122 0.5512, 2.3937 -0.7677 0.5512, 2.3543 1.122 0.5906, 2.3543 -0.7677 0.5906, 2.2362 1.122 0.5906, 2.2362 -0.7677 0.5906, 2.1969 -0.1805 0.7711, 2.1969 -0.168 0.7874, 2.1969 0.168 0.7874, 2.1969 -0.1602 0.8064, 2.1969 0.1805 0.7711, 2.1969 -0.7677 0.6299, 2.1969 0.1969 0.7586, 2.1969 1.122 0.748, 2.1969 1.122 0.6299, 2.1969 0.2362 0.748, 2.1969 0.2158 0.7507, 2.1969 -0.7677 0.748, 2.1969 -0.2362 0.748, 2.1969 -0.2158 0.7507, 2.1969 -0.1969 0.7586, 2.1969 -0.1575 0.8268, 2.1969 0.1575 0.8268, 2.1969 0.1602 0.8064, 2.1575 -0.7677 0.7874, 1.8425 -0.7677 0.7874, 2.1575 -0.2362 0.7874, 1.8425 -0.2362 0.7874, 1.8425 -0.8071 0.6299, 1.8425 -0.8071 0.748, 2.1575 -0.8071 0.748, 1.8031 -0.8071 0.5617, 2.3543 -0.8071 0.2362, 1.7842 -0.8071 0.5539, 1.6457 -0.8071 0.2362, 1.7638 -0.8071 0.5512, 1.6457 -0.8071 0.5512, 1.8195 -0.8071 0.5742, 1.832 -0.8071 0.5906, 1.8398 -0.8071 0.6095, 2.1575 -0.8071 0.6299, 2.1602 -0.8071 0.6095, 2.168 -0.8071 0.5906, 2.1805 -0.8071 0.5742, 2.1969 -0.8071 0.5617, 2.2158 -0.8071 0.5539, 2.2362 -0.8071 0.5512, 2.3543 -0.8071 0.5512, 1.8425 0.1969 0.8268, 2.1575 0.1969 0.8268, 2.1575 -0.1969 0.8268, 1.8425 -0.1969 0.8268, 2.9606 -1.8307 3.5433, 2.9606 -1.5945 3.5433, 2.9606 -1.5551 3.5039, 2.9606 -1.5551 0.0394, 2.4331 -1.28 4.4881, 2.9606 -1.28 4.4881, 2.4331 -1.28 4.4881, 2.3979 -1.3023 4.4873, 2.3976 -1.3027 4.4872, 2.3976 -1.3743 4.7021, 2.4287 -1.3584 4.7242, 2.4247 -1.2824 4.494, 2.4243 -1.359 4.7233, 2.4243 -1.2825 4.4939, 2.4229 -1.3592 4.7231, 2.4166 -1.285 4.4931, 2.416 -1.3611 4.7205, 2.416 -1.2852 4.493, 2.4135 -1.3622 4.7189, 2.4085 -1.2897 4.4915, 2.3995 -1.2999 4.4881, 2.3992 -1.3725 4.7046, 2.4023 -1.2956 4.4896, 2.4023 -1.369 4.7096, 2.4029 -1.2951 4.4897, 2.4054 -1.3667 4.7127, 2.4085 -1.3645 4.7158, 2.3947 -1.3105 4.4846, 2.3947 -1.3803 4.6938, 2.3952 -1.3793 4.6952, 2.3947 -1.3106 4.4846, 1.605 -1.3793 4.6952, 1.6051 -1.3105 4.4846, 1.605 -1.3092 4.485, 1.601 -1.3725 4.7047, 1.6019 -1.3023 4.4873, 1.601 -1.3002 4.488, 1.5948 -1.3666 4.7129, 1.6007 -1.2999 4.4881, 1.597 -1.2952 4.4897, 1.5948 -1.2925 4.4906, 1.5909 -1.3641 4.7163, 1.5906 -1.2895 4.4916, 1.5866 -1.3621 4.7191, 1.5866 -1.2866 4.4926, 1.582 -1.3604 4.7214, 1.5833 -1.2852 4.493, 1.5771 -1.3592 4.7231, 1.5771 -1.2828 4.4938, 1.5753 -1.2826 4.4939, 1.5721 -1.3585 4.7241, 1.5669 -1.28 4.4881, 1.5669 -1.28 4.4881, 2.4244 -1.281 4.4881, 2.4161 -1.2839 4.4881, 2.4026 -1.2948 4.4881, 2.4087 -1.2886 4.4881, 2.3975 -1.3021 4.4818, 2.3952 -1.3088 4.4818, 2.3946 -1.3104 4.4818, 2.3992 -1.2993 4.4818, 2.4022 -1.2945 4.4818, 2.4054 -1.2912 4.4818, 2.4084 -1.2882 4.4818, 2.4135 -1.285 4.4818, 2.4159 -1.2835 4.4818, 2.4243 -1.2805 4.4818, 2.4229 -1.281 4.4818, 2.4023 -1.7807 4.7096, 2.4054 -1.7829 4.7127, 2.4243 -1.7906 4.7233, 2.4229 -1.7904 4.7231, 2.4287 -1.7912 4.7242, 2.416 -1.7885 4.7205, 2.4135 -1.7874 4.7189, 2.4085 -1.7851 4.7158, 2.3992 -1.7771 4.7046, 2.3976 -1.7753 4.7021, 2.3952 -1.7703 4.6952, 2.3947 -1.7693 4.6938, 1.6051 -1.7693 4.6938, 1.605 -1.7703 4.6952, 1.6021 -1.7752 4.702, 1.601 -1.7772 4.7047, 1.5974 -1.7805 4.7094, 1.5948 -1.783 4.7129, 1.5915 -1.7851 4.7158, 1.5865 -1.7874 4.7189, 1.584 -1.7885 4.7205, 1.5771 -1.7903 4.7229, 1.5757 -1.7906 4.7234, 1.5713 -1.7912 4.7242, 1.5974 -1.2948 4.4881, 1.6054 -1.3104 4.4818, 1.6053 -1.3101 4.4818, 1.6025 -1.3021 4.4818, 1.6024 -1.3018 4.4818, 1.5978 -1.2945 4.4818, 1.5913 -1.2886 4.4881, 1.5839 -1.2839 4.4881, 1.5756 -1.281 4.4881, 1.5757 -1.2805 4.4818, 1.5757 -1.2805 4.4818, 1.584 -1.2834 4.4818, 1.5841 -1.2835 4.4818, 1.5915 -1.2881 4.4818, 1.5916 -1.2882 4.4818, 1.5977 -1.2944 4.4818, 2.4229 -1.2809 4.3701, 2.4134 -1.2848 4.3701, 2.4052 -1.2911 4.3701, 2.399 -1.2992 4.3701, 2.395 -1.3087 4.3701, 2.3947 -1.839 4.4846, 2.3976 -1.8469 4.4872, 2.3953 -1.8408 4.4852, 2.3995 -1.8497 4.4881, 2.3996 -1.85 4.4882, 2.4023 -1.854 4.4896, 2.4061 -1.8576 4.4908, 2.4085 -1.8599 4.4915, 2.4142 -1.8633 4.4927, 2.416 -1.8644 4.493, 2.4234 -1.8668 4.4938, 2.4243 -1.8671 4.4939, 2.4331 -1.8696 4.4881, 2.9606 -1.8696 4.4881, 2.4331 -1.8696 4.4881, 1.5669 -1.8696 4.4881, 1.5669 -1.8696 4.4881, 1.5753 -1.8672 4.494, 1.5757 -1.8671 4.4939, 1.5834 -1.8646 4.4931, 1.584 -1.8644 4.493, 1.5915 -1.8599 4.4915, 1.5971 -1.8545 4.4897, 1.5977 -1.854 4.4896, 1.6005 -1.8497 4.4881, 1.6024 -1.8469 4.4872, 1.6053 -1.8391 4.4846, 1.6021 -1.8474 4.4873, 1.6053 -1.839 4.4846, 1.584 -1.2834 4.3701, 1.5757 -1.2805 4.3701, 1.5915 -1.2881 4.3701, 1.5977 -1.2944 4.3701, 1.6024 -1.3018 4.3701, 1.6053 -1.3101 4.3701, 1.6457 -1.2805 4.3001, 2.3543 -1.2809 4.3015, 1.6457 -1.281 4.3015, 1.6457 -1.2834 4.3084, 2.3543 -1.2848 4.311, 1.6457 -1.285 4.3109, 1.6457 -1.2881 4.3159, 2.3543 -1.2911 4.3192, 1.6457 -1.2912 4.319, 1.6457 -1.2944 4.3221, 2.3543 -1.2992 4.3254, 1.6457 -1.2993 4.3252, 2.3543 -1.3087 4.3294, 1.6457 -1.3018 4.3268, 1.6457 -1.3088 4.3292, 1.6457 -1.3101 4.3297, 2.4205 -1.2809 4.3523, 2.4114 -1.2848 4.3548, 2.4035 -1.2911 4.3569, 2.3975 -1.2992 4.3585, 2.3937 -1.3087 4.3595, 2.3924 -1.3189 4.3599, 2.4137 -1.2809 4.3358, 2.4055 -1.2848 4.3406, 2.3984 -1.2911 4.3446, 2.393 -1.2992 4.3478, 2.3896 -1.3087 4.3497, 2.3884 -1.3189 4.3504, 2.4028 -1.2809 4.3216, 2.3961 -1.2848 4.3283, 2.3903 -1.2911 4.3341, 2.3859 -1.2992 4.3385, 2.3831 -1.3087 4.3413, 2.3822 -1.3189 4.3422, 2.3886 -1.2809 4.3107, 2.3839 -1.2848 4.3189, 2.3798 -1.2911 4.326, 2.3767 -1.2992 4.3314, 2.3747 -1.3087 4.3348, 2.374 -1.3189 4.336, 2.3721 -1.2809 4.3039, 2.3696 -1.2848 4.313, 2.3675 -1.2911 4.3209, 2.3659 -1.2992 4.327, 2.3649 -1.3087 4.3308, 2.3645 -1.3189 4.332, 2.395 -1.8409 4.4818, 2.399 -1.8504 4.4818, 2.4056 -1.8582 4.4881, 2.3996 -1.85 4.488, 2.4136 -1.8644 4.4881, 2.423 -1.8682 4.4881, 2.4229 -1.8687 4.4818, 2.4052 -1.8585 4.4818, 2.4134 -1.8648 4.4818, 1.5839 -1.8657 4.4881, 1.5756 -1.8686 4.4881, 1.5974 -1.8548 4.4881, 1.5913 -1.861 4.4881, 1.6054 -1.8392 4.4818, 1.6053 -1.8395 4.4818, 1.6025 -1.8476 4.4818, 1.6024 -1.8478 4.4818, 1.5978 -1.8551 4.4818, 1.5977 -1.8552 4.4818, 1.5916 -1.8614 4.4818, 1.5915 -1.8615 4.4818, 1.5757 -1.8691 4.4818, 1.5757 -1.8691 4.4818, 1.584 -1.8662 4.4818, 1.5841 -1.8661 4.4818, 1.6276 -1.2805 4.3025, 1.6297 -1.2834 4.3105, 1.6316 -1.2881 4.3177, 1.6333 -1.2944 4.3238, 1.6345 -1.3018 4.3283, 1.6352 -1.3101 4.3311, 1.6355 -1.3189 4.332, 1.6107 -1.2805 4.3095, 1.6148 -1.2834 4.3167, 1.6186 -1.2881 4.3231, 1.6217 -1.2944 4.3285, 1.624 -1.3018 4.3326, 1.6255 -1.3101 4.3351, 1.626 -1.3189 4.336, 1.5962 -1.2805 4.3206, 1.6021 -1.2834 4.3265, 1.6073 -1.2881 4.3318, 1.6118 -1.2944 4.3362, 1.6151 -1.3018 4.3395, 1.6171 -1.3101 4.3415, 1.6178 -1.3189 4.3422, 1.5851 -1.2805 4.3351, 1.5923 -1.2834 4.3392, 1.5987 -1.2881 4.343, 1.6041 -1.2944 4.3461, 1.6082 -1.3018 4.3484, 1.6107 -1.3101 4.3499, 1.6116 -1.3189 4.3504, 1.5781 -1.2805 4.352, 1.5861 -1.2834 4.3541, 1.5933 -1.2881 4.3561, 1.5993 -1.2944 4.3577, 1.6039 -1.3018 4.3589, 1.6067 -1.3101 4.3596, 1.6076 -1.3189 4.3599, 2.3645 -1.8307 4.332, 2.374 -1.8307 4.336, 2.3822 -1.8307 4.3422, 2.3884 -1.8307 4.3504, 2.3924 -1.8307 4.3599, 2.3947 -1.8395 4.3701, 2.3952 -1.8409 4.3701, 2.3976 -1.8478 4.3701, 2.3992 -1.8503 4.3701, 2.4023 -1.8553 4.3701, 2.4054 -1.8584 4.3701, 2.4085 -1.8615 4.3701, 2.4135 -1.8646 4.3701, 2.416 -1.8662 4.3701, 2.4243 -1.8691 4.3701, 2.4229 -1.8686 4.3701, 1.6051 -1.8394 4.3701, 1.605 -1.8409 4.3701, 1.6021 -1.8477 4.3701, 1.601 -1.8504 4.3701, 1.5974 -1.8551 4.3701, 1.5948 -1.8585 4.3701, 1.5913 -1.8612 4.3701, 1.5866 -1.8648 4.3701, 1.5839 -1.8659 4.3701, 1.5771 -1.8687 4.3701, 1.5757 -1.8689 4.3701, 1.6076 -1.8307 4.3599, 1.6116 -1.8307 4.3504, 1.6178 -1.8307 4.3422, 1.626 -1.8307 4.336, 1.6355 -1.8307 4.332, 2.4219 -1.8691 4.352, 2.3543 -1.8691 4.3001, 2.3724 -1.8691 4.3025, 2.3543 -1.8686 4.3015, 2.3703 -1.8662 4.3105, 2.4139 -1.8662 4.3541, 2.3684 -1.8615 4.3177, 2.3543 -1.8646 4.3109, 2.3543 -1.8662 4.3084, 2.4067 -1.8615 4.3561, 2.3667 -1.8553 4.3238, 2.3543 -1.8584 4.319, 2.3543 -1.8615 4.3159, 2.4007 -1.8553 4.3577, 2.3543 -1.8409 4.3292, 2.3543 -1.8478 4.3268, 2.3655 -1.8478 4.3283, 2.3543 -1.8503 4.3252, 2.3543 -1.8553 4.3221, 2.3893 -1.8691 4.3095, 2.3852 -1.8662 4.3167, 2.3814 -1.8615 4.3231, 2.3783 -1.8553 4.3285, 2.376 -1.8478 4.3326, 2.4038 -1.8691 4.3206, 2.3979 -1.8662 4.3265, 2.3927 -1.8615 4.3318, 2.3882 -1.8553 4.3362, 2.3849 -1.8478 4.3395, 2.4149 -1.8691 4.3351, 2.4077 -1.8662 4.3392, 2.4013 -1.8615 4.343, 2.3959 -1.8553 4.3461, 2.3918 -1.8478 4.3484, 2.3961 -1.8478 4.3589, 2.3543 -1.8395 4.3297, 2.3648 -1.8395 4.3311, 2.3745 -1.8395 4.3351, 2.3829 -1.8395 4.3415, 2.3893 -1.8395 4.3499, 2.3933 -1.8395 4.3596, 1.5795 -1.8687 4.3523, 1.5886 -1.8648 4.3548, 1.5965 -1.8585 4.3569, 1.6025 -1.8504 4.3585, 1.6063 -1.8409 4.3595, 1.5863 -1.8687 4.3358, 1.5945 -1.8648 4.3406, 1.6016 -1.8585 4.3446, 1.607 -1.8504 4.3478, 1.6104 -1.8409 4.3497, 1.5972 -1.8687 4.3216, 1.6039 -1.8648 4.3283, 1.6097 -1.8585 4.3341, 1.6141 -1.8504 4.3385, 1.6169 -1.8409 4.3413, 1.6114 -1.8687 4.3107, 1.6161 -1.8648 4.3189, 1.6202 -1.8585 4.326, 1.6233 -1.8504 4.3314, 1.6253 -1.8409 4.3348, 1.6279 -1.8687 4.3039, 1.6304 -1.8648 4.313, 1.6325 -1.8585 4.3209, 1.6341 -1.8504 4.327, 1.6351 -1.8409 4.3308, 1.6457 -1.8687 4.3015, 1.6457 -1.8648 4.311, 1.6457 -1.8585 4.3192, 1.6457 -1.8504 4.3254, 1.6457 -1.8409 4.3294, 2.6355 -1.437 0.0013, 2.6355 1.437 0.0013, 2.626 -1.437 0.0053, 2.626 1.437 0.0053, 2.6178 -1.437 0.0115, 2.6178 1.437 0.0115, 2.6116 -1.437 0.0197, 2.6116 1.437 0.0197, 2.6076 -1.437 0.0292, 2.6076 1.437 0.0292, 2.9606 -1.5259 0.0013, 2.9606 -1.5354 0.0053, 2.9606 -1.5436 0.0115, 2.9606 -1.5498 0.0197, 2.9606 -1.5538 0.0292, 2.5757 -1.4752 0.0394, 2.5771 -1.475 0.0394, 2.5775 -1.4763 0.0292, 2.5839 -1.4722 0.0394, 2.5866 -1.4711 0.0394, 2.5873 -1.4723 0.0292, 2.5913 -1.4675 0.0394, 2.5948 -1.4648 0.0394, 2.5957 -1.4658 0.0292, 2.5974 -1.4614 0.0394, 2.601 -1.4567 0.0394, 2.6022 -1.4574 0.0292, 2.6021 -1.454 0.0394, 2.605 -1.4472 0.0394, 2.6063 -1.4475 0.0292, 2.6051 -1.4457 0.0394, 2.6101 -1.4486 0.0197, 2.6161 -1.4502 0.0115, 2.624 -1.4523 0.0053, 2.6331 -1.4547 0.0013, 2.6056 -1.4593 0.0197, 2.611 -1.4625 0.0115, 2.6181 -1.4665 0.0053, 2.6263 -1.4713 0.0013, 2.5985 -1.4686 0.0197, 2.6029 -1.473 0.0115, 2.6087 -1.4788 0.0053, 2.6154 -1.4855 0.0013, 2.5893 -1.4757 0.0197, 2.5924 -1.4811 0.0115, 2.5965 -1.4882 0.0053, 2.6012 -1.4964 0.0013, 2.5785 -1.4801 0.0197, 2.5801 -1.4862 0.0115, 2.5822 -1.4941 0.0053, 2.5847 -1.5032 0.0013, 2.5669 -1.4777 0.0292, 2.5669 -1.4817 0.0197, 2.5669 -1.4879 0.0115, 2.5669 -1.4961 0.0053, 2.5669 -1.5056 0.0013, 1.3645 1.437 0.0013, 1.3645 -1.437 0.0013, 1.374 1.437 0.0053, 1.374 -1.437 0.0053, 1.3822 1.437 0.0115, 1.3822 -1.437 0.0115, 1.3884 1.437 0.0197, 1.3884 -1.437 0.0197, 1.3924 1.437 0.0292, 1.3924 -1.437 0.0292, 1.4331 -1.5056 0.0013, 1.4331 -1.4961 0.0053, 1.4331 -1.4879 0.0115, 1.4331 -1.4817 0.0197, 1.4331 -1.4777 0.0292, 2.5757 -1.4752 0.1575, 2.5771 -1.475 0.1575, 2.5839 -1.4722 0.1575, 2.5866 -1.4711 0.1575, 2.5913 -1.4675 0.1575, 2.5948 -1.4648 0.1575, 2.5974 -1.4614 0.1575, 2.601 -1.4567 0.1575, 2.6021 -1.454 0.1575, 2.605 -1.4472 0.1575, 2.6051 -1.4457 0.1575, 2.5771 -1.437 0.1955, 2.5771 1.122 0.1955, 2.5866 -1.437 0.1916, 2.5866 1.122 0.1916, 2.5948 -1.437 0.1853, 2.5948 1.122 0.1853, 2.601 -1.437 0.1772, 2.601 1.122 0.1772, 2.605 -1.437 0.1677, 2.605 1.122 0.1677, 2.5757 1.1626 0.2362, 2.5757 1.1626 0.9449, 2.5771 1.1628 0.2362, 2.5771 1.1628 0.9449, 2.5839 1.1656 0.2362, 2.5839 1.1656 0.9449, 2.5866 1.1667 0.2362, 2.5866 1.1667 0.9449, 2.5913 1.1703 0.2362, 2.5913 1.1703 0.9449, 2.5948 1.1729 0.2362, 2.5948 1.1729 0.9449, 2.5974 1.1764 0.2362, 2.5974 1.1764 0.9449, 2.601 1.1811 0.2362, 2.601 1.1811 0.9449, 2.6021 1.1838 0.2362, 2.6021 1.1838 0.9449, 2.605 1.1906 0.2362, 2.605 1.1906 0.9449, 2.6051 1.192 0.2362, 2.6051 1.192 0.9449, 1.4153 -1.5032 0.0013, 1.4178 -1.4941 0.0053, 1.4199 -1.4862 0.0115, 1.4215 -1.4801 0.0197, 1.4225 -1.4763 0.0292, 1.4229 -1.475 0.0394, 1.3988 -1.4964 0.0013, 1.4035 -1.4882 0.0053, 1.4076 -1.4811 0.0115, 1.4107 -1.4757 0.0197, 1.4127 -1.4723 0.0292, 1.4134 -1.4711 0.0394, 1.3846 -1.4855 0.0013, 1.3913 -1.4788 0.0053, 1.3971 -1.473 0.0115, 1.4015 -1.4686 0.0197, 1.4043 -1.4658 0.0292, 1.4052 -1.4648 0.0394, 1.3737 -1.4713 0.0013, 1.3819 -1.4665 0.0053, 1.389 -1.4625 0.0115, 1.3944 -1.4593 0.0197, 1.3978 -1.4574 0.0292, 1.399 -1.4567 0.0394, 1.3669 -1.4547 0.0013, 1.376 -1.4523 0.0053, 1.3839 -1.4502 0.0115, 1.3899 -1.4486 0.0197, 1.3937 -1.4475 0.0292, 1.395 -1.4472 0.0394, 2.6037 -1.4469 0.1677, 2.5999 -1.456 0.1677, 2.5938 -1.4639 0.1677, 2.5859 -1.4699 0.1677, 2.5768 -1.4737 0.1677, 2.5999 -1.4458 0.1772, 2.591 -1.4509 0.1853, 2.5965 -1.4541 0.1772, 2.5938 -1.4442 0.1853, 2.5808 -1.4509 0.1916, 2.5866 -1.4567 0.1853, 2.591 -1.4611 0.1772, 2.5859 -1.4421 0.1916, 2.572 -1.4458 0.1955, 2.5768 -1.4541 0.1916, 2.5808 -1.4611 0.1853, 2.584 -1.4665 0.1772, 2.5768 -1.4396 0.1955, 2.5758 -1.4421 0.1955, 2.584 -1.4469 0.1916, 2.5741 -1.4442 0.1955, 2.5696 -1.4469 0.1955, 2.572 -1.456 0.1916, 2.5741 -1.4639 0.1853, 2.5758 -1.4699 0.1772, 2.5669 -1.4472 0.1955, 2.5669 -1.4567 0.1916, 2.5669 -1.4648 0.1853, 2.5669 -1.4711 0.1772, 2.5669 -1.475 0.1677, 2.5669 1.1308 0.198, 2.5669 1.1322 0.1982, 2.5771 1.1326 0.1969, 2.5669 1.139 0.201, 2.5669 1.1417 0.2021, 2.5771 1.1424 0.201, 2.5669 1.1464 0.2057, 2.5669 1.1499 0.2084, 2.5771 1.1508 0.2074, 2.605 1.1814 0.2019, 2.605 1.1705 0.1877, 2.601 1.1638 0.1945, 2.605 1.1883 0.2185, 2.601 1.1791 0.2209, 2.5948 1.1475 0.1921, 2.601 1.1516 0.1851, 2.605 1.1563 0.1769, 2.5948 1.1712 0.223, 2.5866 1.1336 0.1931, 2.5948 1.1352 0.1871, 2.601 1.1373 0.1792, 2.605 1.1398 0.17, 2.5866 1.1652 0.2247, 2.5771 1.1614 0.2257, 2.5771 1.1573 0.2159, 2.5669 1.1603 0.2275, 2.5669 1.1526 0.2119, 2.5669 1.1561 0.2165, 2.5669 1.1573 0.2192, 2.5669 1.1601 0.226, 2.5866 1.1607 0.2139, 2.5866 1.1536 0.2047, 2.5948 1.1661 0.2108, 2.5866 1.1444 0.1976, 2.5948 1.158 0.2002, 2.601 1.1732 0.2067, 1.395 -1.4472 0.1575, 1.399 -1.4567 0.1575, 1.4052 -1.4648 0.1575, 1.4134 -1.4711 0.1575, 1.4229 -1.475 0.1575, 2.3926 -0.7765 0.5512, 2.3926 -0.7765 0.2362, 2.3924 -0.7779 0.5512, 2.3924 -0.7779 0.2362, 2.3895 -0.7847 0.5512, 2.3895 -0.7847 0.2362, 2.3884 -0.7874 0.5512, 2.3884 -0.7874 0.2362, 2.3848 -0.7921 0.5512, 2.3848 -0.7921 0.2362, 2.3822 -0.7956 0.5512, 2.3822 -0.7956 0.2362, 2.3787 -0.7982 0.5512, 2.3787 -0.7982 0.2362, 2.374 -0.8018 0.5512, 2.374 -0.8018 0.2362, 2.3713 -0.8029 0.5512, 2.3713 -0.8029 0.2362, 2.3645 -0.8057 0.5512, 2.3645 -0.8057 0.2362, 2.3631 -0.8059 0.5512, 2.3631 -0.8059 0.2362, 1.4331 -1.4472 0.1955, 1.4331 -1.4567 0.1916, 1.4331 -1.4648 0.1853, 1.4331 -1.4711 0.1772, 1.4331 -1.475 0.1677, 2.395 1.122 0.226, 2.395 -0.7677 0.226, 2.399 1.122 0.2165, 2.399 -0.7677 0.2165, 2.4052 1.122 0.2084, 2.4052 -0.7677 0.2084, 2.4134 1.122 0.2021, 2.4134 -0.7677 0.2021, 2.4229 1.122 0.1982, 2.4229 -0.7677 0.1982, 2.4331 1.1308 0.198, 2.4331 1.1322 0.1982, 2.4331 1.139 0.201, 2.4331 1.1417 0.2021, 2.4331 1.1464 0.2057, 2.4331 1.1499 0.2084, 2.4331 1.1526 0.2119, 2.4331 1.1561 0.2165, 2.4331 1.1573 0.2192, 2.4331 1.1601 0.226, 2.4331 1.1603 0.2275, 1.4232 -1.4737 0.1677, 1.4242 -1.4699 0.1772, 1.4192 -1.4611 0.1853, 1.416 -1.4665 0.1772, 1.4141 -1.4699 0.1677, 1.4259 -1.4639 0.1853, 1.4192 -1.4509 0.1916, 1.4134 -1.4567 0.1853, 1.409 -1.4611 0.1772, 1.4062 -1.4639 0.1677, 1.428 -1.456 0.1916, 1.4242 -1.4421 0.1955, 1.416 -1.4469 0.1916, 1.409 -1.4509 0.1853, 1.4035 -1.4541 0.1772, 1.4001 -1.456 0.1677, 1.4304 -1.4469 0.1955, 1.428 -1.4458 0.1955, 1.4232 -1.4541 0.1916, 1.4259 -1.4442 0.1955, 1.4232 -1.4396 0.1955, 1.4141 -1.4421 0.1916, 1.4062 -1.4442 0.1853, 1.4001 -1.4458 0.1772, 1.3963 -1.4469 0.1677, 1.4229 -1.437 0.1955, 1.4134 -1.437 0.1916, 1.4052 -1.437 0.1853, 1.399 -1.437 0.1772, 1.395 -1.437 0.1677, 2.1957 -0.1662 0.8268, 2.1955 -0.1677 0.8268, 2.1927 -0.1745 0.8268, 2.1916 -0.1772 0.8268, 2.188 -0.1818 0.8268, 2.1853 -0.1853 0.8268, 2.1818 -0.188 0.8268, 2.1772 -0.1916 0.8268, 2.1745 -0.1927 0.8268, 2.1677 -0.1955 0.8268, 2.1662 -0.1957 0.8268, 2.3649 -0.807 0.226, 2.3747 -0.803 0.226, 2.3831 -0.7965 0.226, 2.3896 -0.7881 0.226, 2.3937 -0.7783 0.226, 2.3975 -0.7793 0.2165, 2.4035 -0.7809 0.2084, 2.4114 -0.783 0.2021, 2.4205 -0.7855 0.1982, 2.393 -0.79 0.2165, 2.3984 -0.7932 0.2084, 2.4055 -0.7972 0.2021, 2.4137 -0.802 0.1982, 2.3859 -0.7993 0.2165, 2.3903 -0.8037 0.2084, 2.3961 -0.8095 0.2021, 2.4028 -0.8162 0.1982, 2.3767 -0.8064 0.2165, 2.3798 -0.8118 0.2084, 2.3839 -0.8189 0.2021, 2.3886 -0.8271 0.1982, 2.3659 -0.8108 0.2165, 2.3675 -0.8169 0.2084, 2.3696 -0.8248 0.2021, 2.3721 -0.8339 0.1982, 2.3543 -0.8084 0.226, 2.3543 -0.8124 0.2165, 2.3543 -0.8186 0.2084, 2.3543 -0.8268 0.2021, 2.3543 -0.8363 0.1982, 2.3924 -0.7677 0.5614, 2.3911 -0.7776 0.5614, 2.3873 -0.7867 0.5614, 2.3812 -0.7946 0.5614, 2.3733 -0.8007 0.5614, 2.3642 -0.8044 0.5614, 2.3873 -0.7765 0.5709, 2.3884 -0.7677 0.5709, 2.3784 -0.7816 0.579, 2.3839 -0.7848 0.5709, 2.3812 -0.7749 0.579, 2.3822 -0.7677 0.579, 2.3682 -0.7816 0.5853, 2.374 -0.7874 0.579, 2.3784 -0.7918 0.5709, 2.3733 -0.7728 0.5853, 2.374 -0.7677 0.5853, 2.3594 -0.7765 0.5892, 2.3642 -0.7848 0.5853, 2.3682 -0.7918 0.579, 2.3714 -0.7972 0.5709, 2.3645 -0.7677 0.5892, 2.3642 -0.7704 0.5892, 2.3632 -0.7728 0.5892, 2.3714 -0.7776 0.5853, 2.3615 -0.7749 0.5892, 2.357 -0.7776 0.5892, 2.3594 -0.7867 0.5853, 2.3615 -0.7946 0.579, 2.3632 -0.8007 0.5709, 2.3543 -0.7779 0.5892, 2.3543 -0.7874 0.5853, 2.3543 -0.7956 0.579, 2.3543 -0.8018 0.5709, 2.3543 -0.8057 0.5614, 2.4304 1.1319 0.1982, 2.4229 1.1601 0.2362, 2.4232 1.1588 0.226, 2.4242 1.155 0.2165, 2.4259 1.1489 0.2084, 2.428 1.1411 0.2021, 2.395 1.1322 0.2362, 2.399 1.1417 0.2362, 2.3963 1.1319 0.226, 2.4001 1.1411 0.226, 2.4001 1.1309 0.2165, 2.4035 1.1391 0.2165, 2.4062 1.1293 0.2084, 2.409 1.136 0.2084, 2.4141 1.1271 0.2021, 2.416 1.1319 0.2021, 2.4232 1.1247 0.1982, 2.4242 1.1271 0.1982, 2.4052 1.1499 0.2362, 2.4062 1.1489 0.226, 2.409 1.1462 0.2165, 2.4134 1.1417 0.2084, 2.4192 1.136 0.2021, 2.4259 1.1293 0.1982, 2.4134 1.1561 0.2362, 2.4141 1.155 0.226, 2.416 1.1516 0.2165, 2.4192 1.1462 0.2084, 2.4232 1.1391 0.2021, 2.428 1.1309 0.1982, 1.395 1.1906 0.2362, 1.395 1.1906 0.9449, 1.399 1.1811 0.2362, 1.399 1.1811 0.9449, 1.4052 1.1729 0.2362, 1.4052 1.1729 0.9449, 1.4134 1.1667 0.2362, 1.4134 1.1667 0.9449, 1.4229 1.1628 0.2362, 1.4229 1.1628 0.9449, 1.4229 1.122 0.1955, 1.4134 1.122 0.1916, 1.4052 1.122 0.1853, 1.399 1.122 0.1772, 1.395 1.122 0.1677, 2.1677 -0.1969 0.8162, 2.1772 -0.1931 0.8152, 2.1853 -0.1871 0.8136, 2.1916 -0.1792 0.8115, 2.1955 -0.17 0.809, 2.1955 -0.2362 0.7582, 2.1955 -0.2185 0.7606, 2.1955 -0.2019 0.7674, 2.1955 -0.1877 0.7783, 2.1955 -0.1769 0.7925, 2.1916 -0.2362 0.7677, 2.1916 -0.2209 0.7697, 2.1916 -0.2067 0.7756, 2.1916 -0.1945 0.785, 2.1916 -0.1851 0.7972, 2.1853 -0.2362 0.7759, 2.1853 -0.223 0.7776, 2.1853 -0.2108 0.7827, 2.1853 -0.2002 0.7908, 2.1853 -0.1921 0.8013, 2.1772 -0.2362 0.7821, 2.1772 -0.2247 0.7836, 2.1772 -0.2139 0.7881, 2.1772 -0.2047 0.7952, 2.1772 -0.1976 0.8044, 2.1677 -0.2362 0.7861, 2.1677 -0.2257 0.7874, 2.1677 -0.2159 0.7915, 2.1677 -0.2074 0.798, 2.1677 -0.201 0.8064, 2.1575 -0.226 0.7887, 2.1575 -0.2165 0.7927, 2.1575 -0.2084 0.7989, 2.1575 -0.2021 0.8071, 2.1575 -0.1982 0.8166, 2.1955 -0.7677 0.7582, 2.1916 -0.7677 0.7677, 2.1853 -0.7677 0.7759, 2.1772 -0.7677 0.7821, 2.1677 -0.7677 0.7861, 1.8425 -0.1982 0.8166, 1.8425 -0.2021 0.8071, 1.8425 -0.2084 0.7989, 1.8425 -0.2165 0.7927, 1.8425 -0.226 0.7887, 1.8323 -0.1955 0.8268, 1.8228 -0.1916 0.8268, 1.8147 -0.1853 0.8268, 1.8084 -0.1772 0.8268, 1.8045 -0.1677 0.8268, 1.6457 -0.8081 0.2275, 1.6457 -0.8086 0.2261, 1.6457 -0.811 0.2191, 1.6457 -0.8125 0.2167, 1.6457 -0.8157 0.2117, 1.6457 -0.8188 0.2086, 1.6457 -0.8219 0.2054, 1.6457 -0.8269 0.2023, 1.6457 -0.8294 0.2007, 1.6457 -0.8363 0.1983, 1.6457 -0.8377 0.1978, 2.1957 -0.7765 0.748, 2.1957 -0.7765 0.6299, 2.1955 -0.7779 0.748, 2.1955 -0.7779 0.6299, 2.1927 -0.7847 0.748, 2.1927 -0.7847 0.6299, 2.1916 -0.7874 0.748, 2.1916 -0.7874 0.6299, 2.188 -0.7921 0.748, 2.188 -0.7921 0.6299, 2.1853 -0.7956 0.748, 2.1853 -0.7956 0.6299, 2.1818 -0.7982 0.748, 2.1818 -0.7982 0.6299, 2.1772 -0.8018 0.748, 2.1772 -0.8018 0.6299, 2.1745 -0.8029 0.748, 2.1745 -0.8029 0.6299, 2.1677 -0.8057 0.748, 2.1677 -0.8057 0.6299, 2.1662 -0.8059 0.748, 2.1662 -0.8059 0.6299, 2.2362 -0.7779 0.5892, 2.2362 -0.7874 0.5853, 2.2362 -0.7956 0.579, 2.2362 -0.8018 0.5709, 2.2362 -0.8057 0.5614, 2.3924 1.122 0.5614, 2.3884 1.122 0.5709, 2.3822 1.122 0.579, 2.374 1.122 0.5853, 2.3645 1.122 0.5892, 2.4243 1.1604 0.5512, 2.4229 1.1599 0.5512, 2.416 1.1575 0.5512, 2.4135 1.156 0.5512, 2.4085 1.1528 0.5512, 2.4054 1.1497 0.5512, 2.4023 1.1466 0.5512, 2.3992 1.1416 0.5512, 2.3976 1.1391 0.5512, 2.3952 1.1322 0.5512, 2.3947 1.1308 0.5512, 1.395 1.1883 0.2185, 1.395 1.1814 0.2019, 1.395 1.1705 0.1877, 1.395 1.1563 0.1769, 1.395 1.1398 0.17, 1.399 1.1791 0.2209, 1.399 1.1732 0.2067, 1.399 1.1638 0.1945, 1.399 1.1516 0.1851, 1.399 1.1373 0.1792, 1.4052 1.1712 0.223, 1.4052 1.1661 0.2108, 1.4052 1.158 0.2002, 1.4052 1.1475 0.1921, 1.4052 1.1352 0.1871, 1.4134 1.1652 0.2247, 1.4134 1.1607 0.2139, 1.4134 1.1536 0.2047, 1.4134 1.1444 0.1976, 1.4134 1.1336 0.1931, 1.4229 1.1614 0.2257, 1.4229 1.1573 0.2159, 1.4229 1.1508 0.2074, 1.4229 1.1424 0.201, 1.4229 1.1326 0.1969, 1.4331 1.1601 0.226, 1.4331 1.1561 0.2165, 1.4331 1.1499 0.2084, 1.4331 1.1417 0.2021, 1.4331 1.1322 0.1982, 1.5781 -0.7858 0.1978, 1.6276 -0.8353 0.1978, 1.6297 -0.8273 0.2007, 1.5757 -0.7677 0.1978, 1.5771 -0.7677 0.1983, 1.5861 -0.7837 0.2007, 1.6316 -0.8201 0.2054, 1.584 -0.7677 0.2007, 1.5865 -0.7677 0.2023, 1.5933 -0.7817 0.2054, 1.6333 -0.814 0.2117, 1.5915 -0.7677 0.2054, 1.5946 -0.7677 0.2086, 1.5993 -0.7801 0.2117, 1.6345 -0.8095 0.2191, 1.6107 -0.8283 0.1978, 1.6148 -0.8211 0.2007, 1.6186 -0.8146 0.2054, 1.6217 -0.8093 0.2117, 1.624 -0.8052 0.2191, 1.5962 -0.8172 0.1978, 1.6021 -0.8113 0.2007, 1.6073 -0.806 0.2054, 1.6118 -0.8016 0.2117, 1.6151 -0.7983 0.2191, 1.5851 -0.8027 0.1978, 1.5923 -0.7985 0.2007, 1.5987 -0.7948 0.2054, 1.6041 -0.7917 0.2117, 1.6082 -0.7894 0.2191, 1.6039 -0.7789 0.2191, 1.6352 -0.8067 0.2275, 1.5977 -0.7677 0.2117, 1.6008 -0.7677 0.2167, 1.6024 -0.7677 0.2191, 1.6048 -0.7677 0.2261, 1.6255 -0.8027 0.2275, 1.6171 -0.7963 0.2275, 1.6107 -0.7879 0.2275, 1.6067 -0.7782 0.2275, 1.6053 -0.7677 0.2275, 1.6355 -0.8057 0.2362, 1.626 -0.8018 0.2362, 1.6178 -0.7956 0.2362, 1.6116 -0.7874 0.2362, 1.6076 -0.7779 0.2362, 2.1942 -0.7776 0.7582, 2.1904 -0.7867 0.7582, 2.1844 -0.7946 0.7582, 2.1765 -0.8007 0.7582, 2.1673 -0.8044 0.7582, 2.1904 -0.7765 0.7677, 2.1816 -0.7816 0.7759, 2.187 -0.7848 0.7677, 2.1844 -0.7749 0.7759, 2.1714 -0.7816 0.7821, 2.1772 -0.7874 0.7759, 2.1816 -0.7918 0.7677, 2.1765 -0.7728 0.7821, 2.1626 -0.7765 0.7861, 2.1673 -0.7848 0.7821, 2.1714 -0.7918 0.7759, 2.1745 -0.7972 0.7677, 2.1673 -0.7704 0.7861, 2.1663 -0.7728 0.7861, 2.1745 -0.7776 0.7821, 2.1647 -0.7749 0.7861, 2.1601 -0.7776 0.7861, 2.1626 -0.7867 0.7821, 2.1647 -0.7946 0.7759, 2.1663 -0.8007 0.7677, 2.1575 -0.7779 0.7861, 2.1575 -0.7874 0.7821, 2.1575 -0.7956 0.7759, 2.1575 -0.8018 0.7677, 2.1575 -0.8057 0.7582, 1.8045 -0.17 0.809, 1.8045 -0.1769 0.7925, 1.8045 -0.1877 0.7783, 1.8045 -0.2019 0.7674, 1.8045 -0.2185 0.7606, 1.8045 -0.2362 0.7582, 1.8084 -0.1792 0.8115, 1.8084 -0.1851 0.7972, 1.8084 -0.1945 0.785, 1.8084 -0.2067 0.7756, 1.8084 -0.2209 0.7697, 1.8084 -0.2362 0.7677, 1.8147 -0.1871 0.8136, 1.8147 -0.1921 0.8013, 1.8147 -0.2002 0.7908, 1.8147 -0.2108 0.7827, 1.8147 -0.223 0.7776, 1.8147 -0.2362 0.7759, 1.8228 -0.1931 0.8152, 1.8228 -0.1976 0.8044, 1.8228 -0.2047 0.7952, 1.8228 -0.2139 0.7881, 1.8228 -0.2247 0.7836, 1.8228 -0.2362 0.7821, 1.8323 -0.1969 0.8162, 1.8323 -0.201 0.8064, 1.8323 -0.2074 0.798, 1.8323 -0.2159 0.7915, 1.8323 -0.2257 0.7874, 1.8323 -0.2362 0.7861, 2.17 -0.8057 0.6122, 2.1792 -0.8018 0.6146, 2.1871 -0.7956 0.6167, 2.1931 -0.7874 0.6184, 2.1969 -0.7779 0.6194, 2.1982 -0.7677 0.6197, 2.226 -0.7677 0.5919, 2.2257 -0.7779 0.5906, 2.2165 -0.7677 0.5958, 2.2159 -0.7779 0.5947, 2.2084 -0.7677 0.6021, 2.2074 -0.7779 0.6011, 2.2021 -0.7677 0.6102, 2.201 -0.7779 0.6096, 2.2247 -0.7874 0.5868, 2.2139 -0.7874 0.5913, 2.2047 -0.7874 0.5984, 2.1976 -0.7874 0.6076, 2.223 -0.7956 0.5808, 2.2108 -0.7956 0.5858, 2.2002 -0.7956 0.5939, 2.1921 -0.7956 0.6045, 2.2209 -0.8018 0.5729, 2.2067 -0.8018 0.5788, 2.1945 -0.8018 0.5882, 2.1851 -0.8018 0.6004, 2.2185 -0.8057 0.5637, 2.2019 -0.8057 0.5706, 2.1877 -0.8057 0.5814, 2.1769 -0.8057 0.5956, 2.4219 1.1604 0.5693, 2.3543 1.1604 0.6212, 2.3724 1.1604 0.6188, 2.3543 1.1599 0.6198, 2.3703 1.1575 0.6107, 2.4139 1.1575 0.5671, 2.3684 1.1528 0.6035, 2.3543 1.156 0.6104, 2.3543 1.1575 0.6128, 2.4067 1.1528 0.5652, 2.3667 1.1466 0.5975, 2.3543 1.1497 0.6023, 2.3543 1.1528 0.6054, 2.4007 1.1466 0.5636, 2.3543 1.1322 0.592, 2.3543 1.1391 0.5945, 2.3655 1.1391 0.593, 2.3543 1.1416 0.596, 2.3543 1.1466 0.5991, 2.3893 1.1604 0.6118, 2.3852 1.1575 0.6046, 2.3814 1.1528 0.5981, 2.3783 1.1466 0.5927, 2.376 1.1391 0.5887, 2.4038 1.1604 0.6007, 2.3979 1.1575 0.5948, 2.3927 1.1528 0.5895, 2.3882 1.1466 0.5851, 2.3849 1.1391 0.5818, 2.4149 1.1604 0.5862, 2.4077 1.1575 0.582, 2.4013 1.1528 0.5783, 2.3959 1.1466 0.5752, 2.3918 1.1391 0.5728, 2.3961 1.1391 0.5624, 2.3543 1.1308 0.5915, 2.3648 1.1308 0.5902, 2.3745 1.1308 0.5861, 2.3829 1.1308 0.5797, 2.3893 1.1308 0.5714, 2.3933 1.1308 0.5616, 1.5669 1.1322 0.1982, 1.5669 1.1417 0.2021, 1.5669 1.1499 0.2084, 1.5669 1.1561 0.2165, 1.5669 1.1601 0.226, 1.5771 1.122 0.1982, 1.5866 1.122 0.2021, 1.5948 1.122 0.2084, 1.601 1.122 0.2165, 1.605 1.122 0.226, 1.6076 -0.7779 0.5512, 1.6116 -0.7874 0.5512, 1.6178 -0.7956 0.5512, 1.626 -0.8018 0.5512, 1.6355 -0.8057 0.5512, 1.8425 -0.7779 0.7861, 1.8425 -0.7874 0.7821, 1.8425 -0.7956 0.7759, 1.8425 -0.8018 0.7677, 1.8425 -0.8057 0.7582, 1.8323 -0.7677 0.7861, 1.8228 -0.7677 0.7821, 1.8147 -0.7677 0.7759, 1.8084 -0.7677 0.7677, 1.8045 -0.7677 0.7582, 2.1662 0.1959 0.8268, 2.1676 0.1954 0.8268, 2.1746 0.193 0.8268, 2.177 0.1914 0.8268, 2.182 0.1883 0.8268, 2.1851 0.1851 0.8268, 2.1883 0.182 0.8268, 2.1914 0.177 0.8268, 2.193 0.1746 0.8268, 2.1954 0.1676 0.8268, 2.1959 0.1662 0.8268, 2.1982 1.122 0.6197, 2.2021 1.122 0.6102, 2.2084 1.122 0.6021, 2.2165 1.122 0.5958, 2.226 1.122 0.5919, 2.2362 1.1601 0.6197, 2.2362 1.1561 0.6102, 2.2362 1.1499 0.6021, 2.2362 1.1417 0.5958, 2.2362 1.1322 0.5919, 1.6051 1.1308 0.2362, 1.6021 1.139 0.2362, 1.605 1.1322 0.2362, 1.6037 1.1319 0.226, 1.5974 1.1464 0.2362, 1.601 1.1417 0.2362, 1.5999 1.1411 0.226, 1.5913 1.1526 0.2362, 1.5948 1.1499 0.2362, 1.5938 1.1489 0.226, 1.5839 1.1573 0.2362, 1.5866 1.1561 0.2362, 1.5859 1.155 0.226, 1.5757 1.1603 0.2362, 1.5771 1.1601 0.2362, 1.5768 1.1588 0.226, 1.5758 1.155 0.2165, 1.584 1.1516 0.2165, 1.5741 1.1489 0.2084, 1.5808 1.1462 0.2084, 1.572 1.1411 0.2021, 1.5768 1.1391 0.2021, 1.5696 1.1319 0.1982, 1.572 1.1309 0.1982, 1.591 1.1462 0.2165, 1.5866 1.1417 0.2084, 1.5808 1.136 0.2021, 1.5741 1.1293 0.1982, 1.5965 1.1391 0.2165, 1.5999 1.1309 0.2165, 1.591 1.136 0.2084, 1.5938 1.1293 0.2084, 1.584 1.1319 0.2021, 1.5859 1.1271 0.2021, 1.5758 1.1271 0.1982, 1.5768 1.1247 0.1982, 1.6358 -0.8044 0.5614, 1.6457 -0.8057 0.5614, 1.6368 -0.8007 0.5709, 1.6457 -0.8018 0.5709, 1.6317 -0.7918 0.579, 1.6286 -0.7972 0.5709, 1.6267 -0.8007 0.5614, 1.6385 -0.7946 0.579, 1.6457 -0.7956 0.579, 1.6317 -0.7816 0.5853, 1.626 -0.7874 0.579, 1.6216 -0.7918 0.5709, 1.6188 -0.7946 0.5614, 1.6406 -0.7867 0.5853, 1.6457 -0.7874 0.5853, 1.6368 -0.7728 0.5892, 1.6286 -0.7776 0.5853, 1.6216 -0.7816 0.579, 1.6161 -0.7848 0.5709, 1.6127 -0.7867 0.5614, 1.6457 -0.7779 0.5892, 1.643 -0.7776 0.5892, 1.6406 -0.7765 0.5892, 1.6358 -0.7848 0.5853, 1.6385 -0.7749 0.5892, 1.6358 -0.7704 0.5892, 1.6267 -0.7728 0.5853, 1.6188 -0.7749 0.579, 1.6127 -0.7765 0.5709, 1.6089 -0.7776 0.5614, 1.6355 -0.7677 0.5892, 1.626 -0.7677 0.5853, 1.6178 -0.7677 0.579, 1.6116 -0.7677 0.5709, 1.6076 -0.7677 0.5614, 1.8323 -0.8057 0.748, 1.8327 -0.8044 0.7582, 1.8337 -0.8007 0.7677, 1.8286 -0.7918 0.7759, 1.8255 -0.7972 0.7677, 1.8235 -0.8007 0.7582, 1.8228 -0.8018 0.748, 1.8353 -0.7946 0.7759, 1.8286 -0.7816 0.7821, 1.8228 -0.7874 0.7759, 1.8184 -0.7918 0.7677, 1.8156 -0.7946 0.7582, 1.8147 -0.7956 0.748, 1.8374 -0.7867 0.7821, 1.8337 -0.7728 0.7861, 1.8255 -0.7776 0.7821, 1.8184 -0.7816 0.7759, 1.813 -0.7848 0.7677, 1.8096 -0.7867 0.7582, 1.8084 -0.7874 0.748, 1.8399 -0.7776 0.7861, 1.8374 -0.7765 0.7861, 1.8327 -0.7848 0.7821, 1.8353 -0.7749 0.7861, 1.8327 -0.7704 0.7861, 1.8235 -0.7728 0.7821, 1.8156 -0.7749 0.7759, 1.8096 -0.7765 0.7677, 1.8058 -0.7776 0.7582, 1.8045 -0.7779 0.748, 2.1662 0.1972 0.8163, 2.1676 0.2362 0.7859, 2.1746 0.2362 0.7835, 2.1746 0.225 0.785, 2.1746 0.1944 0.8156, 2.177 0.2362 0.7819, 2.182 0.2362 0.7788, 2.182 0.2238 0.7804, 2.182 0.1899 0.8144, 2.1851 0.2362 0.7757, 2.1883 0.2362 0.7726, 2.1883 0.2222 0.7744, 2.1883 0.1839 0.8127, 2.1914 0.2362 0.7676, 2.193 0.2362 0.7651, 2.193 0.2203 0.7672, 2.193 0.1767 0.8108, 2.1954 0.2362 0.7582, 2.1959 0.2362 0.7568, 2.1959 0.2181 0.7592, 2.1959 0.1686 0.8087, 2.1959 0.1756 0.7918, 2.1959 0.1867 0.7773, 2.1959 0.2012 0.7662, 2.193 0.1828 0.7959, 2.193 0.1926 0.7832, 2.193 0.2054 0.7734, 2.1883 0.1893 0.7997, 2.1883 0.1979 0.7885, 2.1883 0.2091 0.7798, 2.182 0.1947 0.8028, 2.182 0.2023 0.7929, 2.182 0.2122 0.7852, 2.1746 0.1987 0.8051, 2.1746 0.2056 0.7962, 2.1746 0.2146 0.7893, 2.1662 0.2013 0.8066, 2.1662 0.2077 0.7982, 2.1662 0.216 0.7918, 2.1662 0.2258 0.7878, 2.1662 0.2362 0.7864, 2.1575 0.1982 0.8166, 2.1575 0.2021 0.8071, 2.1575 0.2084 0.7989, 2.1575 0.2165 0.7927, 2.1575 0.226 0.7887, 2.1982 1.1322 0.6299, 2.2021 1.1417 0.6299, 2.1995 1.1319 0.6197, 2.2033 1.1411 0.6197, 2.2033 1.1309 0.6102, 2.2067 1.1391 0.6102, 2.2093 1.1293 0.6021, 2.2121 1.136 0.6021, 2.2172 1.1271 0.5958, 2.2192 1.1319 0.5958, 2.2264 1.1247 0.5919, 2.2274 1.1271 0.5919, 2.2084 1.1499 0.6299, 2.2093 1.1489 0.6197, 2.2121 1.1462 0.6102, 2.2165 1.1417 0.6021, 2.2223 1.136 0.5958, 2.229 1.1293 0.5919, 2.2165 1.1561 0.6299, 2.226 1.1601 0.6299, 2.2172 1.155 0.6197, 2.2264 1.1588 0.6197, 2.2192 1.1516 0.6102, 2.2274 1.155 0.6102, 2.2223 1.1462 0.6021, 2.229 1.1489 0.6021, 2.2264 1.1391 0.5958, 2.2311 1.1411 0.5958, 2.2311 1.1309 0.5919, 2.2336 1.1319 0.5919, 1.5757 1.1603 0.5512, 1.5771 1.1601 0.5512, 1.5839 1.1573 0.5512, 1.5866 1.1561 0.5512, 1.5913 1.1526 0.5512, 1.5948 1.1499 0.5512, 1.5974 1.1464 0.5512, 1.601 1.1417 0.5512, 1.6021 1.139 0.5512, 1.605 1.1322 0.5512, 1.6051 1.1308 0.5512, 1.6355 1.122 0.5892, 1.626 1.122 0.5853, 1.6178 1.122 0.579, 1.6116 1.122 0.5709, 1.6076 1.122 0.5614, 1.7638 -0.7765 0.5896, 1.7638 -0.7779 0.5891, 1.7638 -0.7848 0.5867, 1.7638 -0.7873 0.5851, 1.7638 -0.7923 0.582, 1.7638 -0.7954 0.5788, 1.7638 -0.7985 0.5757, 1.7638 -0.8016 0.5707, 1.7638 -0.8032 0.5683, 1.7638 -0.8061 0.5599, 1.7638 -0.8056 0.5613, 1.8041 -0.7765 0.6299, 1.8046 -0.7779 0.6299, 1.807 -0.7848 0.6299, 1.8086 -0.7873 0.6299, 1.8117 -0.7923 0.6299, 1.8149 -0.7954 0.6299, 1.818 -0.7985 0.6299, 1.823 -0.8016 0.6299, 1.8254 -0.8032 0.6299, 1.8324 -0.8056 0.6299, 1.8338 -0.8061 0.6299, 1.8043 0.1662 0.8268, 1.8045 0.1677 0.8268, 1.8073 0.1745 0.8268, 1.8084 0.1772 0.8268, 1.812 0.1818 0.8268, 1.8147 0.1853 0.8268, 1.8182 0.188 0.8268, 1.8228 0.1916 0.8268, 1.8255 0.1927 0.8268, 1.8323 0.1955 0.8268, 1.8338 0.1957 0.8268, 1.8425 0.1982 0.8166, 1.8425 0.2021 0.8071, 1.8425 0.2084 0.7989, 1.8425 0.2165 0.7927, 1.8425 0.226 0.7887, 2.1955 1.122 0.7582, 2.1916 1.122 0.7677, 2.1853 1.122 0.7759, 2.1772 1.122 0.7821, 2.1677 1.122 0.7861, 2.2275 1.1604 0.748, 2.2261 1.1599 0.748, 2.2191 1.1575 0.748, 2.2167 1.156 0.748, 2.2117 1.1528 0.748, 2.2086 1.1497 0.748, 2.2054 1.1466 0.748, 2.2023 1.1416 0.748, 2.2007 1.1391 0.748, 2.1983 1.1322 0.748, 2.1978 1.1308 0.748, 1.5795 1.1601 0.5689, 1.5886 1.1561 0.5665, 1.5965 1.1499 0.5644, 1.6025 1.1417 0.5627, 1.6063 1.1322 0.5617, 1.5863 1.1601 0.5855, 1.5945 1.1561 0.5807, 1.6016 1.1499 0.5766, 1.607 1.1417 0.5735, 1.6104 1.1322 0.5715, 1.5972 1.1601 0.5997, 1.6039 1.1561 0.5929, 1.6097 1.1499 0.5872, 1.6141 1.1417 0.5827, 1.6169 1.1322 0.58, 1.6114 1.1601 0.6105, 1.6161 1.1561 0.6023, 1.6202 1.1499 0.5953, 1.6233 1.1417 0.5898, 1.6253 1.1322 0.5864, 1.6279 1.1601 0.6174, 1.6304 1.1561 0.6082, 1.6325 1.1499 0.6003, 1.6341 1.1417 0.5943, 1.6351 1.1322 0.5905, 1.6457 1.1601 0.6197, 1.6457 1.1561 0.6102, 1.6457 1.1499 0.6021, 1.6457 1.1417 0.5958, 1.6457 1.1322 0.5919, 1.8314 -0.8061 0.6118, 1.7797 -0.8032 0.5704, 1.8233 -0.8032 0.614, 1.7778 -0.7985 0.5776, 1.8161 -0.7985 0.6159, 1.7762 -0.7923 0.5836, 1.8101 -0.7923 0.6175, 1.775 -0.7848 0.5881, 1.8056 -0.7848 0.6187, 1.7742 -0.7765 0.5909, 1.8018 -0.7677 0.6197, 1.8028 -0.7765 0.6195, 1.7979 -0.7677 0.6102, 1.7987 -0.7765 0.6097, 1.7916 -0.7677 0.6021, 1.7923 -0.7765 0.6014, 1.7835 -0.7677 0.5958, 1.784 -0.7765 0.595, 1.774 -0.7677 0.5919, 1.8013 -0.7848 0.6083, 1.7944 -0.7848 0.5993, 1.7854 -0.7848 0.5924, 1.8053 -0.7923 0.6059, 1.7977 -0.7923 0.596, 1.7878 -0.7923 0.5884, 1.8107 -0.7985 0.6028, 1.8021 -0.7985 0.5916, 1.7909 -0.7985 0.583, 1.8172 -0.8032 0.5991, 1.8074 -0.8032 0.5863, 1.7946 -0.8032 0.5765, 1.8244 -0.8061 0.5949, 1.8133 -0.8061 0.5804, 1.7988 -0.8061 0.5693, 1.7819 -0.8061 0.5623, 1.8323 0.1969 0.8162, 1.8228 0.1931 0.8152, 1.8147 0.1871 0.8136, 1.8084 0.1792 0.8115, 1.8045 0.17 0.809, 1.8045 0.2362 0.7582, 1.8045 0.2185 0.7606, 1.8045 0.2019 0.7674, 1.8045 0.1877 0.7783, 1.8045 0.1769 0.7925, 1.8084 0.2362 0.7677, 1.8084 0.2209 0.7697, 1.8084 0.2067 0.7756, 1.8084 0.1945 0.785, 1.8084 0.1851 0.7972, 1.8147 0.2362 0.7759, 1.8147 0.223 0.7776, 1.8147 0.2108 0.7827, 1.8147 0.2002 0.7908, 1.8147 0.1921 0.8013, 1.8228 0.2362 0.7821, 1.8228 0.2247 0.7836, 1.8228 0.2139 0.7881, 1.8228 0.2047 0.7952, 1.8228 0.1976 0.8044, 1.8323 0.2362 0.7861, 1.8323 0.2257 0.7874, 1.8323 0.2159 0.7915, 1.8323 0.2074 0.798, 1.8323 0.201 0.8064, 2.2251 1.1604 0.7661, 2.1575 1.1604 0.818, 2.1756 1.1604 0.8156, 2.1575 1.1599 0.8166, 2.1734 1.1575 0.8076, 2.217 1.1575 0.764, 2.1715 1.1528 0.8004, 2.1575 1.156 0.8072, 2.1575 1.1575 0.8097, 2.2098 1.1528 0.7621, 2.1699 1.1466 0.7944, 2.1575 1.1497 0.7991, 2.1575 1.1528 0.8022, 2.2038 1.1466 0.7604, 2.1575 1.1322 0.7889, 2.1575 1.1391 0.7913, 2.1687 1.1391 0.7898, 2.1575 1.1416 0.7929, 2.1575 1.1466 0.796, 2.1925 1.1604 0.8086, 2.1883 1.1575 0.8014, 2.1846 1.1528 0.795, 2.1815 1.1466 0.7896, 2.1791 1.1391 0.7855, 2.207 1.1604 0.7975, 2.2011 1.1575 0.7916, 2.1958 1.1528 0.7864, 2.1914 1.1466 0.7819, 2.1881 1.1391 0.7786, 2.2181 1.1604 0.783, 2.2109 1.1575 0.7789, 2.2044 1.1528 0.7751, 2.199 1.1466 0.772, 2.195 1.1391 0.7697, 2.1993 1.1391 0.7592, 2.1575 1.1308 0.7884, 2.1679 1.1308 0.787, 2.1777 1.1308 0.783, 2.186 1.1308 0.7766, 2.1924 1.1308 0.7682, 2.1965 1.1308 0.7585, 1.7638 1.1601 0.6197, 1.7638 1.1561 0.6102, 1.7638 1.1499 0.6021, 1.7638 1.1417 0.5958, 1.7638 1.1322 0.5919, 1.774 1.122 0.5919, 1.7835 1.122 0.5958, 1.7916 1.122 0.6021, 1.7979 1.122 0.6102, 1.8018 1.122 0.6197, 1.8323 1.122 0.7861, 1.8228 1.122 0.7821, 1.8147 1.122 0.7759, 1.8084 1.122 0.7677, 1.8045 1.122 0.7582, 1.8425 1.1604 0.818, 1.8425 1.1599 0.8166, 1.8425 1.1575 0.8097, 1.8425 1.156 0.8072, 1.8425 1.1528 0.8022, 1.8425 1.1497 0.7991, 1.8425 1.1466 0.796, 1.8425 1.1416 0.7929, 1.8425 1.1391 0.7913, 1.8425 1.1322 0.7889, 1.8425 1.1308 0.7884, 1.802 1.1308 0.6299, 1.799 1.139 0.6299, 1.8018 1.1322 0.6299, 1.8005 1.1319 0.6197, 1.7943 1.1464 0.6299, 1.7979 1.1417 0.6299, 1.7967 1.1411 0.6197, 1.7881 1.1526 0.6299, 1.7916 1.1499 0.6299, 1.7907 1.1489 0.6197, 1.7808 1.1573 0.6299, 1.7835 1.1561 0.6299, 1.7828 1.155 0.6197, 1.7725 1.1603 0.6299, 1.774 1.1601 0.6299, 1.7736 1.1588 0.6197, 1.7726 1.155 0.6102, 1.7808 1.1516 0.6102, 1.771 1.1489 0.6021, 1.7777 1.1462 0.6021, 1.7689 1.1411 0.5958, 1.7736 1.1391 0.5958, 1.7664 1.1319 0.5919, 1.7689 1.1309 0.5919, 1.7879 1.1462 0.6102, 1.7835 1.1417 0.6021, 1.7777 1.136 0.5958, 1.771 1.1293 0.5919, 1.7933 1.1391 0.6102, 1.7967 1.1309 0.6102, 1.7879 1.136 0.6021, 1.7907 1.1293 0.6021, 1.7808 1.1319 0.5958, 1.7828 1.1271 0.5958, 1.7726 1.1271 0.5919, 1.7736 1.1247 0.5919, 1.8022 1.1308 0.748, 1.8035 1.1308 0.7585, 1.8244 1.1604 0.8156, 1.8266 1.1575 0.8076, 1.8285 1.1528 0.8004, 1.8301 1.1466 0.7944, 1.7725 1.1604 0.748, 1.7749 1.1604 0.7661, 1.7809 1.1575 0.748, 1.783 1.1575 0.764, 1.7883 1.1528 0.748, 1.7902 1.1528 0.7621, 1.7946 1.1466 0.748, 1.7962 1.1466 0.7604, 1.7993 1.1391 0.748, 1.8007 1.1391 0.7592, 1.7819 1.1604 0.783, 1.7891 1.1575 0.7789, 1.7956 1.1528 0.7751, 1.801 1.1466 0.772, 1.805 1.1391 0.7697, 1.793 1.1604 0.7975, 1.7989 1.1575 0.7916, 1.8042 1.1528 0.7864, 1.8086 1.1466 0.7819, 1.8119 1.1391 0.7786, 1.8075 1.1604 0.8086, 1.8117 1.1575 0.8014, 1.8154 1.1528 0.795, 1.8185 1.1466 0.7896, 1.8209 1.1391 0.7855, 1.8313 1.1391 0.7898, 1.8076 1.1308 0.7682, 1.814 1.1308 0.7766, 1.8223 1.1308 0.783, 1.8321 1.1308 0.787, 1.2065 0.198 1.0149, 1.2065 0.1982 1.0134, 1.2065 0.201 1.0066, 1.2065 0.2021 1.0039, 1.2065 0.2057 0.9993, 1.2065 0.2084 0.9958, 1.2065 0.2119 0.9931, 1.2065 0.2165 0.9895, 1.2065 0.2192 0.9884, 1.2065 0.226 0.9856, 1.2065 0.2275 0.9854, 1.2434 0.2301 0.9856, 1.2455 0.2209 0.9895, 1.3249 0.2431 1.0039, 1.3551 0.2729 1.0039, 1.3503 0.2768 0.9958, 1.3818 0.3067 1.0149, 1.3816 0.3068 1.0134, 1.3582 0.2704 1.0134, 1.2495 0.203 1.0134, 1.3273 0.24 1.0134, 1.2905 0.2172 1.0134, 1.2487 0.2068 1.0039, 1.3791 0.3081 1.0066, 1.2473 0.2129 0.9958, 1.2826 0.2337 0.9895, 1.2888 0.2207 1.0039, 1.2861 0.2264 0.9958, 1.321 0.248 0.9958, 1.316 0.2544 0.9895, 1.3439 0.2819 0.9895, 1.3366 0.2879 0.9856, 1.3781 0.3086 1.0039, 1.3749 0.3101 0.9993, 1.3725 0.3113 0.9958, 1.3694 0.3129 0.9931, 1.2785 0.2423 0.9856, 1.3101 0.2619 0.9856, 1.3652 0.315 0.9895, 1.3628 0.3162 0.9884, 1.3567 0.3192 0.9856, 1.3554 0.3198 0.9854, 1.4257 0.3824 1.0149, 1.401 0.3988 0.9852, 1.4563 0.4714 0.9852, 1.408 0.3942 0.9882, 1.4142 0.39 0.9928, 1.4194 0.3866 0.9991, 1.5203 0.5363 0.9852, 1.4626 0.4659 0.9882, 1.5258 0.5301 0.9882, 1.4682 0.461 0.9928, 1.5308 0.5246 0.9928, 1.4729 0.4569 0.9991, 1.535 0.5199 0.9991, 1.4765 0.4539 1.0065, 1.5381 0.5164 1.0065, 1.4787 0.452 1.0149, 1.54 0.5143 1.0149, 1.4233 0.384 1.0065, 1.4645 1.0813 1.0134, 1.4645 1.0774 1.0039, 1.4645 1.0711 0.9958, 1.4645 1.063 0.9895, 1.4645 1.0535 0.9856, 1.4823 1.0869 4.685, 1.4823 1.0869 1.0236, 1.4737 1.0838 4.685, 1.4737 1.0838 1.0236, 1.4645 1.084 4.6952, 1.4645 1.088 4.7047, 1.4645 1.0942 4.7129, 1.4645 1.1024 4.7191, 1.4645 1.1119 4.7231, 1.5856 0.5815 1.0065, 1.5982 0.62 1.0065, 1.5936 0.621 0.9991, 1.6053 0.6603 1.0149, 1.601 0.6194 1.0149, 1.5882 0.5803 1.0149, 1.5676 0.5447 1.0149, 1.5653 0.5465 1.0065, 1.6048 0.6603 1.0135, 1.5615 0.5492 0.9991, 1.5564 0.5529 0.9928, 1.5813 0.5834 0.9991, 1.5756 0.5859 0.9928, 1.5875 0.6223 0.9928, 1.5802 0.6238 0.9882, 1.6024 0.6603 1.0065, 1.6008 0.6603 1.0041, 1.5977 0.6603 0.9991, 1.5946 0.6603 0.996, 1.5504 0.5573 0.9882, 1.5688 0.589 0.9882, 1.5437 0.5622 0.9852, 1.5612 0.5924 0.9852, 1.572 0.6256 0.9852, 1.5915 0.6603 0.9928, 1.5865 0.6603 0.9897, 1.584 0.6603 0.9882, 1.5771 0.6603 0.9857, 1.5757 0.6603 0.9852, 1.5089 1.0698 0.9856, 1.4955 1.0609 0.9856, 1.4805 1.0554 0.9856, 1.4783 1.0646 0.9895, 1.4764 1.0725 0.9958, 1.4749 1.0786 1.0039, 1.474 1.0825 1.0134, 1.4912 1.0694 0.9895, 1.4875 1.0767 0.9958, 1.4847 1.0822 1.0039, 1.4829 1.0857 1.0134, 1.5028 1.0771 0.9895, 1.4975 1.0833 0.9958, 1.4934 1.088 1.0039, 1.4909 1.091 1.0134, 1.4817 1.0881 4.6952, 1.4891 1.0931 4.6952, 1.4799 1.0916 4.7047, 1.4866 1.0961 4.7047, 1.4771 1.0972 4.7129, 1.4825 1.1008 4.7129, 1.4734 1.1045 4.7191, 1.4773 1.107 4.7191, 1.4691 1.113 4.7231, 1.4669 1.1121 4.7231, 1.4691 1.1029 4.7191, 1.471 1.095 4.7129, 1.4724 1.0889 4.7047, 1.4734 1.0851 4.6952, 1.4711 1.1143 4.7231, 1.6051 1.1115 1.0141, 1.6049 1.1122 1.0135, 1.6017 1.1204 1.0052, 1.6009 1.1216 1.004, 1.5963 1.1283 0.9974, 1.5946 1.1297 0.9959, 1.5891 1.1346 0.9911, 1.5866 1.1361 0.9896, 1.5854 1.1368 0.9889, 1.5814 1.1294 0.987, 1.577 1.1211 0.9861, 1.577 1.1211 0.9861, 1.5673 1.1028 0.9843, 1.5446 1.1345 1.0231, 1.5527 1.1383 1.0144, 1.5622 1.1411 1.0053, 1.5618 1.141 1.0056, 1.5558 1.1398 1.0111, 1.5536 1.1388 1.0135, 1.5742 1.1407 0.9958, 1.5726 1.141 0.9969, 1.5713 1.141 0.998, 1.5637 1.1411 1.004, 1.5767 1.1402 0.9941, 1.5805 1.1387 0.9918, 1.5841 1.1373 0.9896, 1.6524 1.2001 4.6952, 1.9336 1.2781 4.6952, 2.2239 1.2484 4.6952, 2.3158 1.2149 4.6952, 2.5179 1.0873 4.6943, 2.5186 1.0869 4.6952, 2.4836 1.1152 4.6952, 2.5007 1.1372 4.7231, 2.4949 1.1297 4.7191, 2.4899 1.1233 4.7129, 2.5241 1.0844 4.7011, 2.5264 1.084 4.7031, 2.486 1.1183 4.7047, 2.528 1.0838 4.7045, 2.5208 1.0855 4.6978, 2.5104 1.0917 4.6856, 2.417 1.1942 4.7231, 2.3269 1.2404 4.7231, 2.4122 1.186 4.7191, 2.3231 1.2317 4.7191, 2.408 1.179 4.7129, 2.3199 1.2242 4.7129, 2.4048 1.1736 4.7047, 2.3174 1.2185 4.7047, 2.4028 1.1703 4.6952, 2.0325 1.3081 4.7231, 1.9313 1.3058 4.7231, 2.0321 1.2986 4.7191, 1.9321 1.2963 4.7191, 2.0318 1.2904 4.7129, 1.9327 1.2882 4.7129, 2.0315 1.2842 4.7047, 1.9333 1.282 4.7047, 2.0314 1.2802 4.6952, 1.7335 1.264 4.7231, 1.6401 1.2251 4.7231, 1.7366 1.255 4.7191, 1.6443 1.2166 4.7191, 1.7393 1.2473 4.7129, 1.6479 1.2093 4.7129, 1.7413 1.2414 4.7047, 1.6506 1.2037 4.7047, 1.7426 1.2377 4.6952, 2.2318 1.2751 4.7231, 2.2291 1.266 4.7191, 2.2268 1.2582 4.7129, 2.225 1.2522 4.7047, 2.1286 1.2703 4.6952, 2.1293 1.2742 4.7047, 2.1303 1.2804 4.7129, 2.1316 1.2884 4.7191, 2.1332 1.2978 4.7231, 1.8369 1.2638 4.6952, 1.836 1.2677 4.7047, 1.8348 1.2738 4.7129, 1.8331 1.2818 4.7191, 1.8311 1.291 4.7231, 1.5674 1.1517 4.6952, 1.5653 1.155 4.7047, 1.5618 1.1602 4.7129, 1.5574 1.167 4.7191, 1.5522 1.1749 4.7231, 1.5446 1.1345 1.2199, 1.5537 1.1386 1.2104, 1.5528 1.1382 1.2113, 1.5927 1.1318 1.1825, 1.5974 1.127 1.1813, 1.5962 1.1282 1.1816, 1.5928 1.1317 1.1825, 1.589 1.1344 1.184, 1.5909 1.1333 1.1831, 1.5845 1.1373 1.1862, 1.5841 1.1374 1.1864, 1.5742 1.1406 1.1928, 1.5806 1.1389 1.1885, 1.5812 1.1387 1.1881, 1.5725 1.141 1.1939, 1.5713 1.1411 1.1948, 1.5681 1.1414 1.1973, 1.5638 1.1409 1.201, 1.5618 1.1407 1.2027, 1.557 1.1401 1.2068, 2.5177 1.0869 1.0236, 2.5263 1.0838 1.0236, 2.9606 1.0813 1.0134, 2.5355 1.0813 1.0134, 2.9606 1.0774 1.0039, 2.5355 1.0774 1.0039, 2.9606 1.0711 0.9958, 2.5355 1.0711 0.9958, 2.9606 1.063 0.9895, 2.5355 1.063 0.9895, 2.9606 1.0535 0.9856, 2.5355 1.0535 0.9856, 2.4554 1.1345 1.2199, 1.632 1.1659 1.1864, 1.6366 1.1576 1.1824, 1.6281 1.1731 1.1926, 1.6251 1.1786 1.2008, 1.6232 1.182 1.2103, 2.4472 1.1382 1.2113, 2.3768 1.182 1.2103, 2.4463 1.1386 1.2104, 2.4362 1.1409 1.201, 2.4382 1.1407 1.2027, 2.443 1.1401 1.2068, 2.4258 1.1406 1.1928, 2.4275 1.141 1.1939, 2.3749 1.1786 1.2008, 2.4287 1.1411 1.1948, 2.4319 1.1414 1.1973, 2.4155 1.1373 1.1862, 2.4188 1.1387 1.1881, 2.3719 1.1731 1.1926, 2.4194 1.1389 1.1885, 2.4072 1.1317 1.1825, 2.4073 1.1318 1.1825, 2.368 1.1659 1.1864, 2.4091 1.1333 1.1831, 2.411 1.1344 1.184, 2.4026 1.127 1.1813, 2.3634 1.1576 1.1824, 2.4038 1.1282 1.1816, 2.2878 1.2236 1.2103, 2.1944 1.2538 1.2103, 2.098 1.2721 1.2103, 2.0 1.2782 1.2103, 1.902 1.2721 1.2103, 1.8056 1.2538 1.2103, 1.7122 1.2236 1.2103, 1.7136 1.2199 1.2008, 1.8065 1.25 1.2008, 1.9025 1.2682 1.2008, 2.0 1.2743 1.2008, 2.0975 1.2682 1.2008, 2.1935 1.25 1.2008, 2.2864 1.2199 1.2008, 1.7159 1.2141 1.1926, 1.8081 1.2439 1.1926, 1.9033 1.2619 1.1926, 2.0 1.268 1.1926, 2.0967 1.2619 1.1926, 2.1919 1.2439 1.1926, 2.2841 1.2141 1.1926, 1.7189 1.2065 1.1864, 1.8101 1.236 1.1864, 1.9043 1.2539 1.1864, 2.0 1.2598 1.1864, 2.0957 1.2539 1.1864, 2.1899 1.236 1.1864, 2.2811 1.2065 1.1864, 1.7223 1.1977 1.1824, 1.8125 1.2268 1.1824, 1.9055 1.2444 1.1824, 2.0 1.2503 1.1824, 2.0945 1.2444 1.1824, 2.1875 1.2268 1.1824, 2.2777 1.1977 1.1824, 2.5195 1.0554 0.9856, 2.5045 1.0609 0.9856, 2.4911 1.0698 0.9856, 2.5088 1.0694 0.9895, 2.4972 1.0771 0.9895, 2.5125 1.0767 0.9958, 2.5025 1.0833 0.9958, 2.5153 1.0822 1.0039, 2.5066 1.088 1.0039, 2.5171 1.0857 1.0134, 2.5091 1.091 1.0134, 2.5217 1.0646 0.9895, 2.5236 1.0725 0.9958, 2.5251 1.0786 1.0039, 2.526 1.0825 1.0134, 2.4146 1.1368 0.9889, 2.4155 1.1373 0.9893, 2.4194 1.1389 0.9916, 2.4188 1.1387 0.9912, 2.4159 1.1374 0.9895, 2.4109 1.1346 0.9911, 2.4134 1.1361 0.9896, 2.4037 1.1283 0.9974, 2.4054 1.1297 0.9959, 2.3949 1.1115 1.0141, 2.3951 1.1122 1.0135, 2.3983 1.1204 1.0052, 2.3991 1.1216 1.004, 2.4287 1.1411 0.9979, 2.4275 1.141 0.997, 2.4258 1.1406 0.9959, 2.4382 1.1407 1.0058, 2.4362 1.1409 1.0041, 2.4319 1.1414 1.0004, 2.443 1.1401 1.01, 2.4463 1.1386 1.0135, 2.4472 1.1382 1.0145, 2.4554 1.1345 1.0231, 2.4327 1.1028 0.9843, 2.423 1.1211 0.9861, 2.4186 1.1294 0.987, 2.423 1.1211 0.9861, 2.4134 0.6603 0.9895, 2.4229 0.6603 0.9856, 2.395 0.6603 1.0134, 2.399 0.6603 1.0039, 2.4052 0.6603 0.9958, 2.4157 0.582 1.0039, 2.4358 0.5473 1.0039, 2.4409 0.551 0.9958, 2.4601 0.5144 1.0149, 2.4602 0.5145 1.0134, 2.4327 0.5449 1.0134, 2.4121 0.5804 1.0134, 2.3993 0.6194 1.0134, 2.4032 0.6203 1.0039, 2.4621 0.5166 1.0066, 2.4093 0.6216 0.9958, 2.4173 0.6233 0.9895, 2.4214 0.5846 0.9958, 2.4288 0.5879 0.9895, 2.4475 0.5558 0.9895, 2.4551 0.5614 0.9856, 2.4628 0.5175 1.0039, 2.4652 0.5201 0.9993, 2.467 0.5221 0.9958, 2.4693 0.5247 0.9931, 2.4266 0.6253 0.9856, 2.4375 0.5918 0.9856, 2.4724 0.5282 0.9895, 2.4742 0.5302 0.9884, 2.4788 0.5353 0.9856, 2.4797 0.5364 0.9854, 2.5213 0.452 1.0149, 2.5437 0.4714 0.9852, 2.599 0.3988 0.9852, 2.6446 0.3198 0.9852, 2.6434 0.3192 0.9857, 2.592 0.3942 0.9882, 2.6372 0.3161 0.9882, 2.5374 0.4659 0.9882, 2.6349 0.315 0.9897, 2.5858 0.39 0.9928, 2.6305 0.3128 0.9928, 2.5318 0.461 0.9928, 2.6277 0.3114 0.996, 2.5806 0.3866 0.9991, 2.6249 0.31 0.9991, 2.5271 0.4569 0.9991, 2.6221 0.3086 1.0041, 2.5767 0.384 1.0065, 2.6207 0.3079 1.0065, 2.6185 0.3069 1.0135, 2.5743 0.3824 1.0149, 2.6181 0.3067 1.0149, 2.5235 0.4539 1.0065, 2.7935 0.1982 1.0134, 2.7505 0.203 1.0134, 2.7095 0.2172 1.0134, 2.6727 0.24 1.0134, 2.6418 0.2704 1.0134, 2.6449 0.2729 1.0039, 2.6497 0.2768 0.9958, 2.6561 0.2819 0.9895, 2.6634 0.2879 0.9856, 2.6751 0.2431 1.0039, 2.679 0.248 0.9958, 2.684 0.2544 0.9895, 2.6899 0.2619 0.9856, 2.7112 0.2207 1.0039, 2.7139 0.2264 0.9958, 2.7174 0.2337 0.9895, 2.7215 0.2423 0.9856, 2.7513 0.2068 1.0039, 2.7527 0.2129 0.9958, 2.7545 0.2209 0.9895, 2.7566 0.2301 0.9856, 2.7935 0.2021 1.0039, 2.7935 0.2084 0.9958, 2.7935 0.2165 0.9895, 2.7935 0.226 0.9856, 2.9606 0.1982 1.0134, 2.9606 0.2021 1.0039, 2.9606 0.2084 0.9958, 2.9606 0.2165 0.9895, 2.9606 0.226 0.9856, 1.2362 -0.1987 0.9854, 1.2366 -0.1973 0.9856, 1.2385 -0.1908 0.9884, 1.2392 -0.1882 0.9895, 1.2405 -0.1837 0.9931, 1.2415 -0.1804 0.9958, 1.2422 -0.1778 0.9993, 1.2432 -0.1744 1.0039, 1.2435 -0.1733 1.0066, 1.2443 -0.1706 1.0134, 1.2444 -0.1704 1.0149, 1.316 -0.2141 1.0039, 1.2818 -0.1903 1.0039, 1.2788 -0.1958 0.9958, 1.2837 -0.1868 1.0134, 1.3185 -0.2112 1.0134, 1.3474 -0.2425 1.0134, 1.3442 -0.2448 1.0039, 1.3651 -0.2809 1.0039, 1.3687 -0.2793 1.0134, 1.3391 -0.2485 0.9958, 1.3594 -0.2834 0.9958, 1.3326 -0.2534 0.9895, 1.3519 -0.2867 0.9895, 1.3118 -0.2188 0.9958, 1.3065 -0.225 0.9895, 1.2749 -0.2029 0.9895, 1.2703 -0.2112 0.9856, 1.3432 -0.2906 0.9856, 1.3249 -0.259 0.9856, 1.3002 -0.2321 0.9856, 1.5212 -0.5353 0.9856, 1.4505 -0.4624 0.9856, 1.3908 -0.3803 0.9856, 1.3988 -0.3753 0.9895, 1.4058 -0.3709 0.9958, 1.4111 -0.3676 1.0039, 1.4144 -0.3655 1.0134, 1.4578 -0.4563 0.9895, 1.464 -0.451 0.9958, 1.4688 -0.447 1.0039, 1.4718 -0.4445 1.0134, 1.5276 -0.5282 0.9895, 1.533 -0.5221 0.9958, 1.5372 -0.5175 1.0039, 1.5398 -0.5145 1.0134, 1.5673 -0.5449 1.0134, 1.5879 -0.5804 1.0134, 1.6051 -0.6603 1.0149, 1.6007 -0.6194 1.0134, 1.605 -0.6603 1.0134, 1.6021 -0.6603 1.0066, 1.5968 -0.6203 1.0039, 1.601 -0.6603 1.0039, 1.5974 -0.6603 0.9993, 1.5907 -0.6216 0.9958, 1.5948 -0.6603 0.9958, 1.5913 -0.6603 0.9931, 1.5827 -0.6233 0.9895, 1.5866 -0.6603 0.9895, 1.5839 -0.6603 0.9884, 1.5734 -0.6253 0.9856, 1.5771 -0.6603 0.9856, 1.5757 -0.6603 0.9854, 1.5843 -0.582 1.0039, 1.5786 -0.5846 0.9958, 1.5712 -0.5879 0.9895, 1.5625 -0.5918 0.9856, 1.5642 -0.5473 1.0039, 1.5591 -0.551 0.9958, 1.5525 -0.5558 0.9895, 1.5449 -0.5614 0.9856, 1.5669 -1.2489 0.9854, 1.5669 -1.2503 0.9856, 1.5669 -1.2571 0.9884, 1.5669 -1.2598 0.9895, 1.5669 -1.2645 0.9931, 1.5669 -1.268 0.9958, 1.5669 -1.2707 0.9993, 1.5669 -1.2743 1.0039, 1.5669 -1.2754 1.0066, 1.5669 -1.2784 1.0149, 1.5669 -1.2782 1.0134, 1.6051 -1.2402 1.0149, 1.605 -1.2402 1.0134, 1.6021 -1.2402 1.0066, 1.601 -1.2402 1.0039, 1.5974 -1.2402 0.9993, 1.5948 -1.2402 0.9958, 1.5913 -1.2402 0.9931, 1.5866 -1.2402 0.9895, 1.5839 -1.2402 0.9884, 1.5771 -1.2402 0.9856, 1.5757 -1.2402 0.9854, 1.5768 -1.2428 0.9856, 1.5696 -1.25 0.9856, 1.5859 -1.2453 0.9895, 1.572 -1.2592 0.9895, 1.5938 -1.2474 0.9958, 1.5999 -1.249 1.0039, 1.5741 -1.267 0.9958, 1.5758 -1.2731 1.0039, 1.6037 -1.25 1.0134, 1.5768 -1.2769 1.0134, 1.605 -1.2503 1.0236, 1.6051 -1.2489 1.0236, 1.5999 -1.2592 1.0134, 1.601 -1.2598 1.0236, 1.6021 -1.2571 1.0236, 1.5758 -1.2453 0.9856, 1.584 -1.25 0.9895, 1.591 -1.2541 0.9958, 1.5965 -1.2572 1.0039, 1.5938 -1.267 1.0134, 1.5948 -1.268 1.0236, 1.5974 -1.2645 1.0236, 1.5741 -1.2474 0.9856, 1.5808 -1.2541 0.9895, 1.5866 -1.2598 0.9958, 1.591 -1.2643 1.0039, 1.5859 -1.2731 1.0134, 1.5866 -1.2743 1.0236, 1.5913 -1.2707 1.0236, 1.572 -1.249 0.9856, 1.5768 -1.2572 0.9895, 1.5808 -1.2643 0.9958, 1.584 -1.2697 1.0039, 1.5757 -1.2784 1.0236, 1.5771 -1.2782 1.0236, 1.5839 -1.2754 1.0236, 1.6061 -1.2446 1.1813, 1.6052 -1.2489 1.1822, 1.605 -1.2503 1.1824, 1.6024 -1.2572 1.185, 1.6008 -1.2597 1.1866, 1.5977 -1.2647 1.1897, 1.5946 -1.2678 1.1928, 1.5915 -1.2709 1.1959, 1.5865 -1.2741 1.2009, 1.584 -1.2756 1.2034, 1.5771 -1.2781 1.2103, 1.5757 -1.2785 1.2117, 2.394 -1.2453 1.1814, 2.395 -1.2503 1.1824, 2.3967 -1.2552 1.1841, 2.399 -1.2598 1.1864, 2.4018 -1.2641 1.1892, 2.4052 -1.268 1.1926, 2.4134 -1.2743 1.2008, 2.4229 -1.2782 1.2103, 2.9606 -1.2503 0.9856, 2.4331 -1.2503 0.9856, 2.9606 -1.2598 0.9895, 2.4331 -1.2598 0.9895, 2.9606 -1.268 0.9958, 2.4331 -1.268 0.9958, 2.9606 -1.2743 1.0039, 2.4331 -1.2743 1.0039, 2.9606 -1.2782 1.0134, 2.4331 -1.2782 1.0134, 2.4229 -1.2782 1.0236, 2.4134 -1.2743 1.0236, 2.4052 -1.268 1.0236, 2.399 -1.2598 1.0236, 2.395 -1.2503 1.0236, 2.4242 -1.2453 0.9856, 2.4232 -1.2428 0.9856, 2.4141 -1.2453 0.9895, 2.4259 -1.2474 0.9856, 2.4304 -1.25 0.9856, 2.4243 -1.2402 0.9854, 2.428 -1.2592 0.9895, 2.4259 -1.267 0.9958, 2.4192 -1.2643 0.9958, 2.4229 -1.2402 0.9856, 2.4161 -1.2402 0.9884, 2.4134 -1.2402 0.9895, 2.4087 -1.2402 0.9931, 2.416 -1.25 0.9895, 2.4062 -1.2474 0.9958, 2.4052 -1.2402 0.9958, 2.428 -1.249 0.9856, 2.4242 -1.2731 1.0039, 2.416 -1.2697 1.0039, 2.409 -1.2643 1.0039, 2.4232 -1.2572 0.9895, 2.4192 -1.2541 0.9895, 2.4134 -1.2598 0.9958, 2.409 -1.2541 0.9958, 2.4035 -1.2572 1.0039, 2.4001 -1.249 1.0039, 2.3963 -1.25 1.0134, 2.4026 -1.2402 0.9993, 2.4232 -1.2769 1.0134, 2.4141 -1.2731 1.0134, 2.4062 -1.267 1.0134, 2.4001 -1.2592 1.0134, 2.399 -1.2402 1.0039, 2.3979 -1.2402 1.0066, 2.395 -1.2402 1.0134, 2.3949 -1.2402 1.0149, 2.3949 -0.6603 1.0149, 2.395 -0.6603 1.0134, 2.3979 -0.6603 1.0066, 2.399 -0.6603 1.0039, 2.4026 -0.6603 0.9993, 2.4052 -0.6603 0.9958, 2.4087 -0.6603 0.9931, 2.4134 -0.6603 0.9895, 2.4161 -0.6603 0.9884, 2.4229 -0.6603 0.9856, 2.4243 -0.6603 0.9854, 2.4797 -0.5364 0.9854, 2.4788 -0.5353 0.9856, 2.4551 -0.5614 0.9856, 2.4157 -0.582 1.0039, 2.4032 -0.6203 1.0039, 2.4093 -0.6216 0.9958, 2.3993 -0.6194 1.0134, 2.4601 -0.5144 1.0149, 2.4121 -0.5804 1.0134, 2.4327 -0.5449 1.0134, 2.4602 -0.5145 1.0134, 2.4652 -0.5201 0.9993, 2.4628 -0.5175 1.0039, 2.4358 -0.5473 1.0039, 2.4621 -0.5166 1.0066, 2.4693 -0.5247 0.9931, 2.467 -0.5221 0.9958, 2.4409 -0.551 0.9958, 2.4742 -0.5302 0.9884, 2.4724 -0.5282 0.9895, 2.4475 -0.5558 0.9895, 2.4214 -0.5846 0.9958, 2.4288 -0.5879 0.9895, 2.4173 -0.6233 0.9895, 2.4266 -0.6253 0.9856, 2.4375 -0.5918 0.9856, 2.6314 -0.2793 1.0135, 2.631 -0.2791 1.0149, 2.5853 -0.3653 1.0149, 2.5337 -0.4491 0.9991, 2.5506 -0.4633 0.9852, 2.6104 -0.381 0.9852, 2.6034 -0.3766 0.9882, 2.6581 -0.2911 0.9852, 2.5917 -0.3694 0.9991, 2.5385 -0.4532 0.9928, 2.597 -0.3727 0.9928, 2.5442 -0.458 0.9882, 2.6568 -0.2906 0.9857, 2.6505 -0.2878 0.9882, 2.6482 -0.2868 0.9897, 2.5301 -0.4461 1.0065, 2.5878 -0.3669 1.0065, 2.6436 -0.2847 0.9928, 2.6408 -0.2835 0.996, 2.6379 -0.2822 0.9991, 2.6351 -0.281 1.0041, 2.6336 -0.2803 1.0065, 2.5279 -0.4443 1.0149, 2.684 -0.2141 1.0039, 2.6558 -0.2448 1.0039, 2.6609 -0.2485 0.9958, 2.6526 -0.2425 1.0134, 2.6815 -0.2112 1.0134, 2.7163 -0.1868 1.0134, 2.7182 -0.1903 1.0039, 2.7568 -0.1744 1.0039, 2.7557 -0.1706 1.0134, 2.7212 -0.1958 0.9958, 2.7585 -0.1804 0.9958, 2.7251 -0.2029 0.9895, 2.7608 -0.1882 0.9895, 2.6882 -0.2188 0.9958, 2.6935 -0.225 0.9895, 2.6674 -0.2534 0.9895, 2.6751 -0.259 0.9856, 2.7634 -0.1973 0.9856, 2.7297 -0.2112 0.9856, 2.6998 -0.2321 0.9856, 2.9712 -0.1081 1.0138, 2.9702 -0.1122 1.0045, 2.9712 -0.1082 1.0134, 2.9685 -0.119 0.9963, 2.9701 -0.1126 1.004, 2.9663 -0.1281 0.9899, 2.9684 -0.1197 0.9959, 2.9635 -0.1394 0.9856, 2.9636 -0.139 0.9857, 2.9661 -0.1288 0.9896, 2.9606 -1.8409 3.5446, 2.9606 -1.8504 3.5486, 2.9606 -1.8585 3.5548, 2.9606 -1.8648 3.563, 2.9606 -1.8687 3.5725, 2.9606 -1.5565 3.5141, 2.9606 -1.5604 3.5236, 2.9606 -1.5666 3.5318, 2.9606 -1.5748 3.538, 2.9606 -1.5843 3.542, 2.9606 1.4472 4.7231, 2.9606 1.4567 4.7191, 2.9606 1.4648 4.7129, 2.9606 1.4711 4.7047, 2.9606 1.475 4.6952, 1.3543 1.475 0.0292, 1.3543 1.4711 0.0197, 1.3543 1.4648 0.0115, 1.3543 1.4567 0.0053, 1.3543 1.4472 0.0013, 1.3911 1.4472 0.0295, 1.3873 1.4472 0.0204, 1.3873 1.4567 0.0305, 1.3839 1.4567 0.0223, 1.3812 1.4648 0.0322, 1.3784 1.4648 0.0255, 1.3733 1.4711 0.0343, 1.3714 1.4711 0.0295, 1.3642 1.475 0.0367, 1.3632 1.475 0.0343, 1.3812 1.4472 0.0125, 1.3784 1.4567 0.0153, 1.374 1.4648 0.0197, 1.3682 1.4711 0.0255, 1.3615 1.475 0.0322, 1.3924 1.4472 0.0394, 1.3884 1.4567 0.0394, 1.3822 1.4648 0.0394, 1.374 1.4711 0.0394, 1.3645 1.475 0.0394, 1.3733 1.4472 0.0064, 1.3642 1.4472 0.0026, 1.3714 1.4567 0.0098, 1.3632 1.4567 0.0064, 1.3682 1.4648 0.0153, 1.3615 1.4648 0.0125, 1.3642 1.4711 0.0223, 1.3594 1.4711 0.0204, 1.3594 1.475 0.0305, 1.357 1.475 0.0295, 1.4001 1.1818 0.9551, 1.4062 1.1739 0.9551, 1.4141 1.1679 0.9551, 1.4331 1.1626 0.9536, 1.4232 1.1641 0.9551, 1.4331 1.1628 0.9551, 1.4331 1.1656 0.9619, 1.4242 1.1679 0.9646, 1.4331 1.1667 0.9646, 1.428 1.1818 0.979, 1.4331 1.1764 0.9754, 1.4259 1.1739 0.9727, 1.4331 1.1729 0.9727, 1.4331 1.1703 0.9692, 1.4304 1.1909 0.9829, 1.4331 1.1838 0.9801, 1.4331 1.1811 0.979, 1.4035 1.1837 0.9646, 1.409 1.1767 0.9646, 1.409 1.1869 0.9727, 1.4134 1.1811 0.9727, 1.416 1.1909 0.979, 1.4192 1.1869 0.979, 1.4242 1.1957 0.9829, 1.4259 1.1936 0.9829, 1.4232 1.1982 0.9829, 1.4141 1.1957 0.979, 1.4062 1.1936 0.9727, 1.4001 1.192 0.9646, 1.3963 1.1909 0.9551, 1.4229 1.2008 0.9829, 1.4134 1.2008 0.979, 1.4052 1.2008 0.9727, 1.399 1.2008 0.9646, 1.395 1.2008 0.9551, 1.4331 1.192 0.9831, 1.4331 1.1906 0.9829, 1.416 1.1713 0.9646, 1.4192 1.1767 0.9727, 1.4232 1.1837 0.979, 1.428 1.192 0.9829, 1.3924 1.4472 0.9449, 1.3884 1.4567 0.9449, 1.3822 1.4648 0.9449, 1.374 1.4711 0.9449, 1.3645 1.475 0.9449, 1.4229 1.437 0.9829, 1.4134 1.437 0.979, 1.4052 1.437 0.9727, 1.399 1.437 0.9646, 1.395 1.437 0.9551, 2.5669 1.192 0.9831, 2.5669 1.1906 0.9829, 2.5669 1.1838 0.9801, 2.5669 1.1811 0.979, 2.5669 1.1764 0.9754, 2.5669 1.1729 0.9727, 2.5669 1.1703 0.9692, 2.5669 1.1667 0.9646, 2.5669 1.1656 0.9619, 2.5669 1.1628 0.9551, 2.5669 1.1626 0.9536, 1.3669 1.475 0.9626, 1.376 1.4711 0.9602, 1.3839 1.4648 0.9581, 1.3899 1.4567 0.9564, 1.3937 1.4472 0.9554, 1.3737 1.475 0.9792, 1.3819 1.4711 0.9744, 1.389 1.4648 0.9703, 1.3944 1.4567 0.9672, 1.3978 1.4472 0.9652, 1.3846 1.475 0.9934, 1.3913 1.4711 0.9866, 1.3971 1.4648 0.9809, 1.4015 1.4567 0.9765, 1.4043 1.4472 0.9737, 1.3988 1.475 1.0042, 1.4035 1.4711 0.996, 1.4076 1.4648 0.989, 1.4107 1.4567 0.9835, 1.4127 1.4472 0.9801, 1.4153 1.475 1.0111, 1.4178 1.4711 1.0019, 1.4199 1.4648 0.994, 1.4215 1.4567 0.988, 1.4225 1.4472 0.9842, 1.4331 1.475 1.0134, 1.4331 1.4711 1.0039, 1.4331 1.4648 0.9958, 1.4331 1.4567 0.9895, 1.4331 1.4472 0.9856, 2.572 1.192 0.9829, 2.5696 1.1909 0.9829, 2.5741 1.1936 0.9829, 2.5758 1.1957 0.9829, 2.5768 1.1982 0.9829, 2.5771 1.2008 0.9829, 2.572 1.1818 0.979, 2.5741 1.1739 0.9727, 2.5758 1.1679 0.9646, 2.5768 1.1641 0.9551, 2.605 1.2008 0.9551, 2.6037 1.1909 0.9551, 2.5999 1.1818 0.9551, 2.5938 1.1739 0.9551, 2.5859 1.1679 0.9551, 2.584 1.1713 0.9646, 2.591 1.1767 0.9646, 2.5965 1.1837 0.9646, 2.5999 1.192 0.9646, 2.601 1.2008 0.9646, 2.5808 1.1767 0.9727, 2.5866 1.1811 0.9727, 2.591 1.1869 0.9727, 2.5938 1.1936 0.9727, 2.5948 1.2008 0.9727, 2.5768 1.1837 0.979, 2.5808 1.1869 0.979, 2.584 1.1909 0.979, 2.5859 1.1957 0.979, 2.5866 1.2008 0.979, 2.5669 1.4458 0.9852, 2.5669 1.4472 0.9857, 2.5669 1.4541 0.9882, 2.5669 1.4566 0.9897, 2.5669 1.4616 0.9928, 2.5669 1.4647 0.996, 2.5669 1.4678 0.9991, 2.5669 1.4709 1.0041, 2.5669 1.4725 1.0065, 2.5669 1.4749 1.0135, 2.5669 1.4754 1.0149, 2.5771 1.437 0.9829, 2.5866 1.437 0.979, 2.5948 1.437 0.9727, 2.601 1.437 0.9646, 2.605 1.437 0.9551, 2.6345 1.4754 0.963, 2.585 1.4754 1.0125, 2.5829 1.4725 1.0044, 2.6369 1.4754 0.9449, 2.6355 1.4749 0.9449, 2.6265 1.4725 0.9608, 2.581 1.4678 0.9972, 2.6286 1.4725 0.9449, 2.6261 1.4709 0.9449, 2.6193 1.4678 0.9589, 2.5793 1.4616 0.9912, 2.6211 1.4678 0.9449, 2.618 1.4647 0.9449, 2.6133 1.4616 0.9573, 2.5781 1.4541 0.9867, 2.6019 1.4754 1.0055, 2.5978 1.4725 0.9983, 2.594 1.4678 0.9918, 2.5909 1.4616 0.9864, 2.5886 1.4541 0.9824, 2.6164 1.4754 0.9944, 2.6105 1.4725 0.9885, 2.6052 1.4678 0.9832, 2.6008 1.4616 0.9788, 2.5975 1.4541 0.9755, 2.6275 1.4754 0.9799, 2.6203 1.4725 0.9757, 2.6139 1.4678 0.972, 2.6085 1.4616 0.9689, 2.6044 1.4541 0.9665, 2.6087 1.4541 0.9561, 2.5774 1.4458 0.9839, 2.6149 1.4616 0.9449, 2.6118 1.4566 0.9449, 2.6102 1.4541 0.9449, 2.6078 1.4472 0.9449, 2.5871 1.4458 0.9798, 2.5955 1.4458 0.9734, 2.6019 1.4458 0.9651, 2.6059 1.4458 0.9553, 2.6073 1.4458 0.9449, 2.6076 1.4472 0.0394, 2.6116 1.4567 0.0394, 2.6178 1.4648 0.0394, 2.626 1.4711 0.0394, 2.6355 1.475 0.0394, 2.6358 1.4472 0.0026, 2.6267 1.4472 0.0064, 2.6368 1.4567 0.0064, 2.6286 1.4567 0.0098, 2.6385 1.4648 0.0125, 2.6317 1.4648 0.0153, 2.6406 1.4711 0.0204, 2.6358 1.4711 0.0223, 2.643 1.475 0.0295, 2.6406 1.475 0.0305, 2.6188 1.4472 0.0125, 2.6216 1.4567 0.0153, 2.626 1.4648 0.0197, 2.6317 1.4711 0.0255, 2.6385 1.475 0.0322, 2.6457 1.4472 0.0013, 2.6457 1.4567 0.0053, 2.6457 1.4648 0.0115, 2.6457 1.4711 0.0197, 2.6457 1.475 0.0292, 2.6127 1.4472 0.0204, 2.6089 1.4472 0.0295, 2.6161 1.4567 0.0223, 2.6127 1.4567 0.0305, 2.6216 1.4648 0.0255, 2.6188 1.4648 0.0322, 2.6286 1.4711 0.0295, 2.6267 1.4711 0.0343, 2.6368 1.475 0.0343, 2.6358 1.475 0.0367, 2.9606 1.475 0.0292, 2.9606 1.4711 0.0197, 2.9606 1.4648 0.0115, 2.9606 1.4567 0.0053, 2.9606 1.4472 0.0013, 2.434 -0.2349 1.2103, 2.2699 -0.4131 1.2103, 2.0408 -0.4918 1.2103, 1.8018 -0.4519 1.2103, 1.6106 -0.3031 1.2103, 1.5069 0.1693 1.1824, 1.4858 0.0858 1.1824, 1.4952 0.0842 1.1864, 2.5142 -0.0858 1.1824, 2.4931 -0.1693 1.1824, 2.4585 -0.2481 1.1824, 2.4114 -0.3202 1.1824, 2.3531 -0.3835 1.1824, 2.2851 -0.4364 1.1824, 2.2094 -0.4774 1.1824, 2.128 -0.5054 1.1824, 2.043 -0.5195 1.1824, 1.957 -0.5195 1.1824, 1.872 -0.5054 1.1824, 1.7906 -0.4774 1.1824, 1.7149 -0.4364 1.1824, 1.6469 -0.3835 1.1824, 1.5886 -0.3202 1.1824, 1.5415 -0.2481 1.1824, 1.7149 0.4364 1.1824, 1.6469 0.3835 1.1824, 1.6534 0.3766 1.1864, 1.5961 0.3144 1.1864, 1.6025 0.3094 1.1926, 1.4963 0.0 1.1926, 1.4882 0.0 1.1864, 1.4787 0.0 1.1824, 2.4968 0.0829 1.1926, 2.5037 0.0 1.1926, 2.5118 0.0 1.1864, 1.7906 0.4774 1.1824, 1.7201 0.4285 1.1864, 1.6589 0.3706 1.1926, 1.6075 0.3055 1.2008, 1.5094 -0.0819 1.2008, 1.5032 -0.0829 1.1926, 1.4952 -0.0842 1.1864, 1.4858 -0.0858 1.1824, 2.4906 0.0819 1.2008, 2.4974 0.0 1.2008, 1.872 0.5054 1.1824, 1.7944 0.4687 1.1864, 1.7245 0.4216 1.1926, 1.6631 0.3659 1.2008, 1.6106 0.3031 1.2103, 1.5295 0.1615 1.2008, 1.5625 0.2367 1.2008, 1.557 0.2397 1.1926, 1.5333 -0.1602 1.2103, 1.5295 -0.1615 1.2008, 1.5236 -0.1635 1.1926, 1.5159 -0.1662 1.1864, 1.5069 -0.1693 1.1824, 2.4935 0.0 1.2103, 2.4867 0.0812 1.2103, 2.4667 0.1602 1.2103, 2.3894 0.3031 1.2103, 2.434 0.2349 1.2103, 2.4375 0.2367 1.2008, 2.4705 0.1615 1.2008, 2.4764 0.1635 1.1926, 2.5048 0.0842 1.1864, 2.5213 0.0 1.1824, 2.4931 0.1693 1.1824, 2.4585 0.2481 1.1824, 2.4501 0.2436 1.1864, 2.4039 0.3144 1.1864, 2.3975 0.3094 1.1926, 2.3411 0.3706 1.1926, 2.3369 0.3659 1.2008, 2.2721 0.4164 1.2008, 2.2699 0.4131 1.2103, 2.1982 0.4519 1.2103, 2.3531 0.3835 1.1824, 2.2851 0.4364 1.1824, 2.2799 0.4285 1.1864, 2.2056 0.4687 1.1864, 2.2023 0.4612 1.1926, 2.1236 0.4882 1.1926, 2.1221 0.4822 1.2008, 2.0411 0.4957 1.2008, 2.0408 0.4918 1.2103, 1.9592 0.4918 1.2103, 2.128 0.5054 1.1824, 2.043 0.5195 1.1824, 2.0423 0.5101 1.1864, 1.9577 0.5101 1.1864, 1.9584 0.5019 1.1926, 1.8764 0.4882 1.1926, 1.8779 0.4822 1.2008, 1.8002 0.4555 1.2008, 1.8018 0.4519 1.2103, 1.7301 0.4131 1.2103, 1.566 0.2349 1.2103, 1.5333 0.1602 1.2103, 1.5133 0.0812 1.2103, 1.5886 0.3202 1.1824, 1.5415 0.2481 1.1824, 1.5499 0.2436 1.1864, 1.5159 0.1662 1.1864, 1.5236 0.1635 1.1926, 1.5032 0.0829 1.1926, 1.5094 0.0819 1.2008, 1.5026 0.0 1.2008, 1.5065 0.0 1.2103, 1.5133 -0.0812 1.2103, 2.3342 0.3631 1.2103, 2.3925 0.3055 1.2008, 2.443 0.2397 1.1926, 2.4841 0.1662 1.1864, 2.5142 0.0858 1.1824, 2.1211 0.4784 1.2103, 2.1998 0.4555 1.2008, 2.2755 0.4216 1.1926, 2.3466 0.3766 1.1864, 2.4114 0.3202 1.1824, 1.8789 0.4784 1.2103, 1.9589 0.4957 1.2008, 2.0416 0.5019 1.1926, 2.1256 0.4962 1.1864, 2.2094 0.4774 1.1824, 1.6658 0.3631 1.2103, 1.7279 0.4164 1.2008, 1.7977 0.4612 1.1926, 1.8744 0.4962 1.1864, 1.957 0.5195 1.1824, 1.566 -0.2349 1.2103, 1.5499 -0.2436 1.1864, 1.557 -0.2397 1.1926, 1.5625 -0.2367 1.2008, 1.5961 -0.3144 1.1864, 1.6025 -0.3094 1.1926, 1.6075 -0.3055 1.2008, 1.6534 -0.3766 1.1864, 1.6589 -0.3706 1.1926, 1.6631 -0.3659 1.2008, 1.6658 -0.3631 1.2103, 1.7301 -0.4131 1.2103, 1.7201 -0.4285 1.1864, 1.7245 -0.4216 1.1926, 1.7279 -0.4164 1.2008, 1.7944 -0.4687 1.1864, 1.7977 -0.4612 1.1926, 1.8002 -0.4555 1.2008, 1.8744 -0.4961 1.1864, 1.8764 -0.4882 1.1926, 1.8779 -0.4822 1.2008, 1.8789 -0.4784 1.2103, 1.9592 -0.4918 1.2103, 1.9577 -0.5101 1.1864, 1.9584 -0.5019 1.1926, 1.9589 -0.4957 1.2008, 2.0423 -0.5101 1.1864, 2.0416 -0.5019 1.1926, 2.0411 -0.4957 1.2008, 2.1256 -0.4961 1.1864, 2.1236 -0.4882 1.1926, 2.1221 -0.4822 1.2008, 2.1211 -0.4784 1.2103, 2.1982 -0.4519 1.2103, 2.2056 -0.4687 1.1864, 2.2023 -0.4612 1.1926, 2.1998 -0.4555 1.2008, 2.2799 -0.4285 1.1864, 2.2755 -0.4216 1.1926, 2.2721 -0.4164 1.2008, 2.3466 -0.3766 1.1864, 2.3411 -0.3706 1.1926, 2.3369 -0.3659 1.2008, 2.3342 -0.3631 1.2103, 2.3894 -0.3031 1.2103, 2.4039 -0.3144 1.1864, 2.3975 -0.3094 1.1926, 2.3925 -0.3055 1.2008, 2.4501 -0.2436 1.1864, 2.443 -0.2397 1.1926, 2.4375 -0.2367 1.2008, 2.4841 -0.1662 1.1864, 2.4764 -0.1635 1.1926, 2.4705 -0.1615 1.2008, 2.4667 -0.1602 1.2103, 2.4867 -0.0812 1.2103, 2.5048 -0.0842 1.1864, 2.4968 -0.0829 1.1926, 2.4906 -0.0819 1.2008, 1.5388 -0.1679 1.5456, 1.6845 -0.376 1.5456, 1.7546 -0.425 1.5456, 2.0 -0.4908 1.5456, 2.2454 -0.425 1.5456, 2.3155 -0.376 1.5456, 2.4612 -0.1679 1.5456, 2.4833 -0.0852 1.5456, 2.4612 0.1679 1.5456, 2.3155 0.376 1.5456, 2.2454 0.425 1.5456, 2.0 0.4908 1.5456, 1.7546 0.425 1.5456, 1.6845 0.376 1.5456, 1.5388 0.1679 1.5456, 1.5167 0.0852 1.5456, 1.6454 0.2976 1.5735, 1.7024 0.3546 1.5735, 1.6381 0.3037 1.5695, 1.6963 0.3619 1.5695, 1.6318 0.3089 1.5633, 1.6911 0.3682 1.5633, 1.6271 0.3129 1.5551, 1.6871 0.373 1.5551, 1.624 0.3155 1.5456, 1.9196 0.4559 1.5735, 2.0 0.4629 1.5735, 1.918 0.4653 1.5695, 2.0 0.4724 1.5695, 1.9165 0.4733 1.5633, 2.0 0.4806 1.5633, 1.9155 0.4795 1.5551, 2.0 0.4869 1.5551, 1.9148 0.4833 1.5456, 2.1583 0.435 1.5735, 2.2315 0.4009 1.5735, 2.1616 0.4439 1.5695, 2.2362 0.4091 1.5695, 2.1644 0.4516 1.5633, 2.2403 0.4162 1.5633, 2.1665 0.4575 1.5551, 2.2434 0.4216 1.5551, 2.1679 0.4612 1.5456, 2.4009 0.2315 1.5735, 2.435 0.1583 1.5735, 2.4091 0.2362 1.5695, 2.4439 0.1616 1.5695, 2.4162 0.2403 1.5633, 2.4516 0.1644 1.5633, 2.4216 0.2434 1.5551, 2.4575 0.1665 1.5551, 2.425 0.2454 1.5456, 2.3546 -0.2976 1.5735, 2.2976 -0.3546 1.5735, 2.3619 -0.3037 1.5695, 2.3037 -0.3619 1.5695, 2.3682 -0.3089 1.5633, 2.3089 -0.3682 1.5633, 2.3729 -0.3129 1.5551, 2.3129 -0.3729 1.5551, 2.376 -0.3155 1.5456, 2.0804 -0.4559 1.5735, 2.0 -0.4629 1.5735, 2.082 -0.4653 1.5695, 2.0 -0.4724 1.5695, 2.0835 -0.4733 1.5633, 2.0 -0.4806 1.5633, 2.0845 -0.4795 1.5551, 2.0 -0.4869 1.5551, 2.0852 -0.4833 1.5456, 1.8417 -0.435 1.5735, 1.7685 -0.4009 1.5735, 1.8384 -0.4439 1.5695, 1.7638 -0.4091 1.5695, 1.8356 -0.4516 1.5633, 1.7597 -0.4162 1.5633, 1.8335 -0.4575 1.5551, 1.7566 -0.4216 1.5551, 1.8321 -0.4612 1.5456, 1.5991 -0.2315 1.5735, 1.565 -0.1583 1.5735, 1.5909 -0.2362 1.5695, 1.5561 -0.1616 1.5695, 1.5838 -0.2403 1.5633, 1.5484 -0.1644 1.5633, 1.5784 -0.2434 1.5551, 1.5425 -0.1665 1.5551, 1.575 -0.2454 1.5456, 1.5371 0.0 1.5735, 1.5441 0.0804 1.5735, 1.5276 0.0 1.5695, 1.5347 0.082 1.5695, 1.5194 0.0 1.5633, 1.5267 0.0835 1.5633, 1.5131 0.0 1.5551, 1.5205 0.0845 1.5551, 1.5092 0.0 1.5456, 1.565 0.1583 1.5735, 1.5561 0.1616 1.5695, 1.5484 0.1644 1.5633, 1.5425 0.1665 1.5551, 1.575 0.2454 1.5456, 1.5784 0.2434 1.5551, 1.5838 0.2403 1.5633, 1.5909 0.2362 1.5695, 1.5991 0.2315 1.5735, 1.7566 0.4216 1.5551, 1.7597 0.4162 1.5633, 1.7638 0.4091 1.5695, 1.7685 0.4009 1.5735, 1.8321 0.4612 1.5456, 1.8335 0.4575 1.5551, 1.8356 0.4516 1.5633, 1.8384 0.4439 1.5695, 1.8417 0.435 1.5735, 2.0852 0.4833 1.5456, 2.0845 0.4795 1.5551, 2.0835 0.4733 1.5633, 2.082 0.4653 1.5695, 2.0804 0.4559 1.5735, 2.2976 0.3546 1.5735, 2.3037 0.3619 1.5695, 2.3089 0.3682 1.5633, 2.3129 0.373 1.5551, 2.376 0.3155 1.5456, 2.3729 0.3129 1.5551, 2.3682 0.3089 1.5633, 2.3619 0.3037 1.5695, 2.3546 0.2976 1.5735, 2.4833 0.0852 1.5456, 2.4795 0.0845 1.5551, 2.4733 0.0835 1.5633, 2.4653 0.082 1.5695, 2.4559 0.0804 1.5735, 2.4629 0.0 1.5735, 2.4724 0.0 1.5695, 2.4806 0.0 1.5633, 2.4869 0.0 1.5551, 2.4908 0.0 1.5456, 2.4559 -0.0804 1.5735, 2.4653 -0.082 1.5695, 2.4733 -0.0835 1.5633, 2.4795 -0.0845 1.5551, 2.435 -0.1583 1.5735, 2.4439 -0.1616 1.5695, 2.4516 -0.1644 1.5633, 2.4575 -0.1665 1.5551, 2.425 -0.2454 1.5456, 2.4216 -0.2434 1.5551, 2.4162 -0.2403 1.5633, 2.4091 -0.2362 1.5695, 2.4009 -0.2315 1.5735, 2.2434 -0.4216 1.5551, 2.2403 -0.4162 1.5633, 2.2362 -0.4091 1.5695, 2.2315 -0.4009 1.5735, 2.1679 -0.4612 1.5456, 2.1665 -0.4575 1.5551, 2.1644 -0.4516 1.5633, 2.1616 -0.4439 1.5695, 2.1583 -0.435 1.5735, 1.9148 -0.4833 1.5456, 1.9155 -0.4795 1.5551, 1.9165 -0.4733 1.5633, 1.918 -0.4653 1.5695, 1.9196 -0.4559 1.5735, 1.7024 -0.3546 1.5735, 1.6963 -0.3619 1.5695, 1.6911 -0.3682 1.5633, 1.6871 -0.3729 1.5551, 1.624 -0.3155 1.5456, 1.6271 -0.3129 1.5551, 1.6318 -0.3089 1.5633, 1.6381 -0.3037 1.5695, 1.6454 -0.2976 1.5735, 1.5167 -0.0852 1.5456, 1.5205 -0.0845 1.5551, 1.5267 -0.0835 1.5633, 1.5347 -0.082 1.5695, 1.5441 -0.0804 1.5735, 2.9694 -1.2402 0.9833, 2.9708 -0.1508 0.9829, 2.9708 -1.2402 0.9828, 2.9777 -1.2402 0.9804, 2.9803 -0.1508 0.979, 2.9802 -1.2402 0.9788, 2.9852 -1.2402 0.9757, 2.9885 -0.1508 0.9727, 2.9883 -1.2402 0.9725, 2.9947 -0.1508 0.9646, 2.9914 -1.2402 0.9694, 2.9945 -1.2402 0.9644, 2.9987 -0.1508 0.9551, 2.9961 -1.2402 0.962, 2.9985 -1.2402 0.955, 2.999 -1.2402 0.9536, 2.9732 -0.1385 0.9838, 2.9753 -0.1269 0.9878, 2.977 -0.117 0.9944, 2.9783 -0.1096 1.003, 2.9991 -0.0796 1.0062, 2.9794 -0.1035 1.0236, 2.9791 -0.105 1.013, 2.9808 -0.1025 1.0236, 2.9862 -0.1004 1.0118, 2.992 -0.0944 1.0102, 2.9886 -0.0962 1.0236, 2.9863 -0.0987 1.0236, 2.9964 -0.0874 1.0083, 2.9947 -0.0881 1.0236, 2.9921 -0.0925 1.0236, 2.9991 -0.0772 1.0236, 2.9986 -0.0788 1.0236, 2.9964 -0.0852 1.0236, 2.999 -0.0866 0.9897, 2.9962 -0.0937 0.9938, 2.9917 -0.1001 0.9975, 2.9856 -0.1055 1.0006, 2.999 -0.098 0.9754, 2.996 -0.104 0.9813, 2.9911 -0.1093 0.9867, 2.9847 -0.1137 0.9911, 2.9989 -0.1132 0.9642, 2.9956 -0.1176 0.9717, 2.9904 -0.1215 0.9784, 2.9835 -0.1246 0.9839, 2.9988 -0.1313 0.9572, 2.9952 -0.1337 0.966, 2.9895 -0.1357 0.9736, 2.982 -0.1374 0.9797, 2.9694 -1.2506 0.9846, 2.9777 -1.2514 0.9818, 2.9852 -1.2526 0.9773, 2.9914 -1.2542 0.9713, 2.9961 -1.2561 0.9641, 2.999 -1.2583 0.956, 2.9694 -1.2603 0.9887, 2.9777 -1.2618 0.9862, 2.9852 -1.2641 0.9821, 2.9914 -1.2673 0.9767, 2.9961 -1.271 0.9702, 2.999 -1.2751 0.963, 2.9694 -1.2687 0.9951, 2.9777 -1.2708 0.993, 2.9852 -1.2741 0.9897, 2.9914 -1.2785 0.9853, 2.9961 -1.2838 0.98, 2.999 -1.2896 0.9741, 2.9694 -1.2751 1.0034, 2.9777 -1.2776 1.002, 2.9852 -1.2817 0.9996, 2.9914 -1.2871 0.9965, 2.9961 -1.2936 0.9928, 2.999 -1.3008 0.9886, 2.9694 -1.2791 1.0132, 2.9777 -1.282 1.0124, 2.9852 -1.2865 1.0112, 2.9914 -1.2925 1.0096, 2.9961 -1.2997 1.0077, 2.999 -1.3078 1.0055, 2.9694 -1.2805 1.0236, 2.9777 -1.2834 1.0236, 2.9852 -1.2881 1.0236, 2.9914 -1.2944 1.0236, 2.9961 -1.3018 1.0236, 2.999 -1.3101 1.0236, 2.9761 -0.1051 1.178, 2.9803 -0.1029 1.1758, 2.9809 -0.1026 1.1755, 2.9885 -0.0967 1.1696, 2.9888 -0.0963 1.1692, 2.9947 -0.0885 1.1614, 2.9949 -0.0883 1.1611, 2.9986 -0.079 1.1519, 2.9987 -0.0789 1.1518, 2.9694 -1.2807 4.4818, 2.9708 -1.2809 4.4818, 2.9776 -1.2837 4.4818, 2.9803 -1.2848 4.4818, 2.985 -1.2884 4.4818, 2.9885 -1.2911 4.4818, 2.9911 -1.2946 4.4818, 2.9947 -1.2992 4.4818, 2.9958 -1.3019 4.4818, 2.9987 -1.3087 4.4818, 2.9988 -1.3102 4.4818, 2.9708 0.1955 1.1798, 2.9757 0.1939 1.1781, 2.9658 0.1965 1.1808, 2.9947 0.1772 1.1614, 2.9885 0.1853 1.1696, 2.9846 0.1887 1.173, 2.9803 0.1916 1.1758, 2.9987 0.1677 1.1519, 2.9988 -1.3106 4.4846, 2.9987 -1.3088 4.4834, 2.9947 -1.2995 4.485, 2.9958 -1.3028 4.4872, 2.9987 -1.3092 4.485, 2.9885 -1.2914 4.4863, 2.9911 -1.2958 4.4895, 2.9947 -1.3002 4.488, 2.9776 -1.2855 4.4929, 2.9803 -1.2866 4.4926, 2.9803 -1.2852 4.4873, 2.985 -1.2899 4.4915, 2.9885 -1.2925 4.4906, 2.9708 -1.2814 4.4879, 2.9708 -1.2828 4.4938, 2.9694 -1.2826 4.4939, 2.999 0.1662 1.0236, 2.9985 0.1676 1.0236, 2.9961 0.1746 1.0236, 2.9945 0.177 1.0236, 2.9914 0.182 1.0236, 2.9883 0.1851 1.0236, 2.9852 0.1883 1.0236, 2.9802 0.1914 1.0236, 2.9777 0.193 1.0236, 2.9708 0.1954 1.0236, 2.9694 0.1959 1.0236, 2.9988 -1.3803 4.6938, 2.9987 -1.3793 4.6952, 2.9958 -1.3744 4.702, 2.9947 -1.3725 4.7047, 2.9911 -1.3691 4.7094, 2.9885 -1.3666 4.7129, 2.9852 -1.3645 4.7158, 2.9802 -1.3622 4.7189, 2.9777 -1.3611 4.7205, 2.9708 -1.3593 4.7229, 2.9694 -1.359 4.7234, 2.965 -1.3584 4.7242, 2.999 0.2362 0.9536, 2.999 0.2181 0.956, 2.9694 0.1972 1.0132, 2.9777 0.1944 1.0124, 2.9852 0.1899 1.0112, 2.9914 0.1839 1.0096, 2.9694 0.2362 0.9833, 2.9694 0.2258 0.9846, 2.9777 0.2362 0.9804, 2.9777 0.225 0.9818, 2.9852 0.2362 0.9757, 2.9852 0.2238 0.9773, 2.9914 0.2362 0.9694, 2.9914 0.2222 0.9713, 2.9961 0.2362 0.962, 2.9961 0.2203 0.9641, 2.9694 0.216 0.9887, 2.9777 0.2146 0.9862, 2.9852 0.2122 0.9821, 2.9914 0.2091 0.9767, 2.9961 0.2054 0.9702, 2.9694 0.2077 0.9951, 2.9777 0.2056 0.993, 2.9852 0.2023 0.9897, 2.9914 0.1979 0.9853, 2.9961 0.1926 0.98, 2.9694 0.2013 1.0034, 2.9777 0.1987 1.002, 2.9852 0.1947 0.9996, 2.9914 0.1893 0.9965, 2.9961 0.1828 0.9928, 2.9961 0.1767 1.0077, 2.999 0.2012 0.963, 2.999 0.1867 0.9741, 2.999 0.1756 0.9886, 2.999 0.1686 1.0055, 2.9988 -1.7693 4.6938, 2.9987 -1.7703 4.6952, 2.9958 -1.7752 4.702, 2.9947 -1.7772 4.7047, 2.9911 -1.7805 4.7094, 2.9885 -1.783 4.7129, 2.9852 -1.7851 4.7158, 2.9802 -1.7874 4.7189, 2.9777 -1.7885 4.7205, 2.965 -1.7912 4.7242, 2.9694 -1.7906 4.7234, 2.9708 -1.7903 4.7229, 2.9694 1.0433 0.9831, 2.9708 1.0433 0.9829, 2.9776 1.0433 0.9801, 2.9803 1.0433 0.979, 2.985 1.0433 0.9754, 2.9885 1.0433 0.9727, 2.9911 1.0433 0.9692, 2.9988 1.0433 0.9536, 2.9987 1.0433 0.9551, 2.9958 1.0433 0.9619, 2.9947 1.0433 0.9646, 2.9694 -1.867 4.4939, 2.9708 -1.8668 4.4938, 2.9776 -1.8641 4.4929, 2.9803 -1.8631 4.4926, 2.985 -1.8597 4.4915, 2.9885 -1.8571 4.4906, 2.9911 -1.8538 4.4895, 2.9947 -1.8494 4.488, 2.9958 -1.8468 4.4872, 2.9987 -1.8404 4.485, 2.9988 -1.839 4.4846, 2.9694 1.0838 1.0236, 2.9708 1.0826 1.0131, 2.9708 1.0538 0.9843, 2.9803 1.0864 1.0121, 2.9776 1.0868 1.0236, 2.9708 1.084 1.0236, 2.9803 1.0549 0.9805, 2.9885 1.0925 1.0104, 2.985 1.0915 1.0236, 2.9803 1.088 1.0236, 2.9885 1.0565 0.9745, 2.9947 1.1004 1.0083, 2.9911 1.0977 1.0236, 2.9885 1.0942 1.0236, 2.9947 1.0586 0.9666, 2.9988 1.1133 1.0236, 2.9987 1.1119 1.0236, 2.9987 1.1095 1.0059, 2.9958 1.1051 1.0236, 2.9947 1.1024 1.0236, 2.9708 1.0786 1.0033, 2.9803 1.082 1.0013, 2.9885 1.0874 0.9982, 2.9947 1.0945 0.9941, 2.9987 1.1027 0.9893, 2.9708 1.0721 0.9948, 2.9803 1.0749 0.9921, 2.9885 1.0793 0.9876, 2.9947 1.0851 0.9819, 2.9987 1.0918 0.9751, 2.9708 1.0637 0.9884, 2.9803 1.0656 0.985, 2.9885 1.0688 0.9795, 2.9947 1.0728 0.9725, 2.9987 1.0776 0.9643, 2.9987 1.061 0.9574, 2.9987 -1.8408 4.4834, 2.9947 -1.8501 4.485, 2.9885 -1.8582 4.4863, 2.9803 -1.8644 4.4873, 2.9708 -1.8682 4.4879, 2.9708 -1.8687 4.4818, 2.9803 -1.8648 4.4818, 2.9885 -1.8585 4.4818, 2.9947 -1.8504 4.4818, 2.9987 -1.8409 4.4818, 2.965 1.0829 4.7242, 2.9694 1.0837 4.7234, 2.9736 1.0849 4.7222, 2.9777 1.0866 4.7205, 2.9852 1.0913 4.7158, 2.9914 1.0975 4.7096, 2.9961 1.105 4.7021, 2.999 1.1133 4.6938, 2.9708 -1.8687 3.5827, 2.9803 -1.8648 3.5827, 2.9885 -1.8585 3.5827, 2.9947 -1.8504 3.5827, 2.9987 -1.8409 3.5827, 2.999 1.437 4.6938, 2.9961 1.437 4.7021, 2.9914 1.437 4.7096, 2.9852 1.437 4.7158, 2.9777 1.437 4.7205, 2.9694 1.437 4.7234, 2.9708 -1.8307 3.5446, 2.9708 -1.8406 3.5459, 2.9947 -1.8406 3.5656, 2.9987 -1.8358 3.5739, 2.9987 -1.8379 3.5755, 2.9987 -1.8406 3.58, 2.9987 -1.8333 3.5728, 2.9947 -1.8358 3.5637, 2.9885 -1.8379 3.5558, 2.9987 -1.8307 3.5725, 2.9947 -1.8446 3.5688, 2.9987 -1.8395 3.5776, 2.9947 -1.8478 3.5728, 2.9947 -1.8497 3.5776, 2.9947 -1.8307 3.563, 2.9885 -1.8307 3.5548, 2.9803 -1.8307 3.5486, 2.9885 -1.8446 3.5586, 2.9885 -1.8504 3.563, 2.9885 -1.8548 3.5688, 2.9885 -1.8576 3.5755, 2.9803 -1.8395 3.5497, 2.9803 -1.8478 3.5531, 2.9803 -1.8548 3.5586, 2.9803 -1.8602 3.5656, 2.9803 -1.8636 3.5739, 2.9708 -1.8497 3.5497, 2.9708 -1.8576 3.5558, 2.9708 -1.8636 3.5637, 2.9708 -1.8674 3.5728, 2.9694 1.4469 4.7221, 2.9777 1.4462 4.7193, 2.9852 1.445 4.7148, 2.9961 1.4414 4.7015, 2.999 1.4393 4.6935, 2.999 1.4414 4.6926, 2.999 1.4458 4.685, 2.999 1.4455 4.6873, 2.9985 1.4472 4.685, 2.999 1.4446 4.6894, 2.9961 1.4455 4.6998, 2.999 1.4432 4.6912, 2.9961 1.4491 4.6971, 2.9961 1.4518 4.6936, 2.9961 1.4535 4.6895, 2.9914 1.4434 4.7087, 2.9914 1.4493 4.7063, 2.9914 1.4544 4.7024, 2.9914 1.4583 4.6973, 2.9914 1.4607 4.6914, 2.9961 1.4541 4.685, 2.9945 1.4566 4.685, 2.9914 1.4616 4.685, 2.9883 1.4647 4.685, 2.9852 1.4524 4.7117, 2.9852 1.4588 4.7068, 2.9852 1.4637 4.7004, 2.9852 1.4667 4.693, 2.9777 1.4547 4.7158, 2.9777 1.4621 4.7101, 2.9777 1.4677 4.7028, 2.9777 1.4713 4.6942, 2.9852 1.4678 4.685, 2.9802 1.4709 4.685, 2.9777 1.4725 4.685, 2.9708 1.4749 4.685, 2.9694 1.4562 4.7183, 2.9694 1.4641 4.7122, 2.9694 1.4702 4.7042, 2.9694 1.4741 4.695, 2.9694 1.4754 4.685, 2.9987 -1.5945 3.5725, 2.9947 -1.5945 3.563, 2.9885 -1.5945 3.5548, 2.9803 -1.5945 3.5486, 2.9708 -1.5945 3.5446, 2.9708 1.475 0.0394, 2.9803 1.4711 0.0394, 2.9885 1.4648 0.0394, 2.9947 1.4567 0.0394, 2.9987 1.4472 0.0394, 2.9694 -1.554 3.5039, 2.9708 -1.5552 3.5145, 2.9708 -1.5538 3.5039, 2.9776 -1.551 3.5039, 2.9803 -1.5514 3.5155, 2.9803 -1.5498 3.5039, 2.985 -1.5463 3.5039, 2.9885 -1.5453 3.5171, 2.9885 -1.5436 3.5039, 2.9911 -1.5401 3.5039, 2.9947 -1.5374 3.5192, 2.9708 -1.584 3.5433, 2.9803 -1.5829 3.5471, 2.9885 -1.5813 3.5531, 2.9947 -1.5792 3.561, 2.9987 -1.5767 3.5702, 2.9708 -1.5741 3.5392, 2.9803 -1.5722 3.5426, 2.9885 -1.569 3.548, 2.9947 -1.565 3.5551, 2.9987 -1.5602 3.5633, 2.9708 -1.5657 3.5327, 2.9803 -1.5629 3.5355, 2.9885 -1.5585 3.5399, 2.9947 -1.5527 3.5457, 2.9987 -1.546 3.5524, 2.9708 -1.5592 3.5243, 2.9803 -1.5558 3.5263, 2.9885 -1.5504 3.5294, 2.9947 -1.5433 3.5335, 2.9987 -1.5351 3.5382, 2.9987 -1.5283 3.5217, 2.9947 -1.5354 3.5039, 2.9958 -1.5327 3.5039, 2.9987 -1.5259 3.5039, 2.9988 -1.5245 3.5039, 2.9708 1.4737 0.0295, 2.9947 1.4541 0.0295, 2.9987 1.4458 0.0343, 2.9987 1.4442 0.0322, 2.9987 1.437 0.0292, 2.9987 1.4396 0.0295, 2.9987 1.4469 0.0367, 2.9947 1.456 0.0343, 2.9885 1.4639 0.0322, 2.9947 1.4509 0.0255, 2.9987 1.4421 0.0305, 2.9947 1.4469 0.0223, 2.9947 1.4421 0.0204, 2.9947 1.437 0.0197, 2.9885 1.4611 0.0255, 2.9885 1.4567 0.0197, 2.9885 1.4509 0.0153, 2.9885 1.4442 0.0125, 2.9885 1.437 0.0115, 2.9803 1.4699 0.0305, 2.9803 1.4665 0.0223, 2.9803 1.4611 0.0153, 2.9803 1.4541 0.0098, 2.9803 1.4458 0.0064, 2.9803 1.437 0.0053, 2.9708 1.4699 0.0204, 2.9708 1.4639 0.0125, 2.9708 1.456 0.0064, 2.9708 1.4469 0.0026, 2.9708 1.437 0.0013, 2.9988 -1.5245 0.0394, 2.9987 -1.5259 0.0394, 2.9958 -1.5327 0.0394, 2.9947 -1.5354 0.0394, 2.9911 -1.5401 0.0394, 2.9885 -1.5436 0.0394, 2.985 -1.5463 0.0394, 2.9803 -1.5498 0.0394, 2.9776 -1.551 0.0394, 2.9708 -1.5538 0.0394, 2.9694 -1.554 0.0394, 2.9708 -1.5157 0.0013, 2.9803 -1.5157 0.0053, 2.9885 -1.5157 0.0115, 2.9947 -1.5157 0.0197, 2.9987 -1.5157 0.0292, 2.9708 -1.5256 0.0026, 2.9803 -1.5246 0.0064, 2.9947 -1.5208 0.0204, 2.9987 -1.5184 0.0295, 2.9987 -1.5208 0.0305, 2.9987 -1.5256 0.0367, 2.9987 -1.5246 0.0343, 2.9947 -1.5256 0.0223, 2.9987 -1.523 0.0322, 2.9947 -1.5297 0.0255, 2.9947 -1.5328 0.0295, 2.9947 -1.5348 0.0343, 2.9885 -1.523 0.0125, 2.9885 -1.5297 0.0153, 2.9885 -1.5354 0.0197, 2.9885 -1.5399 0.0255, 2.9885 -1.5426 0.0322, 2.9803 -1.5328 0.0098, 2.9803 -1.5399 0.0153, 2.9803 -1.5453 0.0223, 2.9803 -1.5487 0.0305, 2.9708 -1.5348 0.0064, 2.9708 -1.5426 0.0125, 2.9708 -1.5487 0.0204, 2.9708 -1.5525 0.0295
            ]
        }
        coordIndex [
            0,1,2,-1,2,3,0,-1,0,3,4,-1,0,4,5,-1,6,7,8,-1,8,7,0,-1,8,0,9,-1,9,0,5,-1,10,11,12,-1,13,14,15,-1,16,17,18,-1,19,20,21,-1,21,20,22,-1,21,22,15,-1,15,22,23,-1,15,23,13,-1,18,24,16,-1,16,24,25,-1,16,25,12,-1,12,25,26,-1,12,26,10,-1,14,27,15,-1,15,27,28,-1,15,28,16,-1,16,28,29,-1,16,29,17,-1,30,31,32,-1,32,31,33,-1,34,35,36,-1,36,35,37,-1,38,39,34,-1,34,39,35,-1,36,37,40,-1,40,37,41,-1,42,43,44,-1,44,43,45,-1,46,47,48,-1,48,47,49,-1,49,50,51,-1,52,53,44,-1,44,53,54,-1,44,54,42,-1,42,54,55,-1,51,56,49,-1,49,56,57,-1,49,57,48,-1,48,57,58,-1,48,58,59,-1,55,60,42,-1,42,60,61,-1,42,61,62,-1,59,63,48,-1,48,63,64,-1,48,64,44,-1,44,64,65,-1,44,65,52,-1,66,67,68,-1,69,70,71,-1,71,70,72,-1,71,72,73,-1,74,75,76,-1,76,75,77,-1,76,77,68,-1,68,77,78,-1,68,78,79,-1,79,80,68,-1,68,80,81,-1,68,81,82,-1,69,71,76,-1,76,71,83,-1,76,83,74,-1,82,84,68,-1,68,84,85,-1,68,85,66,-1,86,87,88,-1,89,90,91,-1,88,87,92,-1,92,87,93,-1,92,93,94,-1,88,95,96,-1,91,97,89,-1,89,97,98,-1,89,98,99,-1,99,98,92,-1,99,92,100,-1,100,92,94,-1,96,101,88,-1,88,101,102,-1,88,102,103,-1,103,104,88,-1,88,104,105,-1,88,105,86,-1,106,107,108,-1,109,110,108,-1,108,110,111,-1,106,108,112,-1,113,114,108,-1,108,114,115,-1,108,115,116,-1,116,117,108,-1,108,117,118,-1,108,118,109,-1,111,119,108,-1,108,119,120,-1,108,120,112,-1,121,122,123,-1,121,123,124,-1,122,125,123,-1,123,125,126,-1,123,126,127,-1,128,129,123,-1,123,129,130,-1,127,131,123,-1,123,131,132,-1,123,132,133,-1,130,134,123,-1,123,134,135,-1,123,135,124,-1,136,137,138,-1,138,137,139,-1,139,140,138,-1,138,140,141,-1,138,141,142,-1,142,141,143,-1,142,143,144,-1,144,143,145,-1,144,145,146,-1,146,145,147,-1,147,145,148,-1,147,148,149,-1,149,148,150,-1,149,150,151,-1,151,150,152,-1,151,152,153,-1,153,152,154,-1,153,154,155,-1,154,156,155,-1,155,156,157,-1,155,157,158,-1,158,157,159,-1,158,159,160,-1,159,161,160,-1,160,161,162,-1,160,162,163,-1,163,162,164,-1,163,164,165,-1,165,164,166,-1,165,166,167,-1,167,166,168,-1,167,168,169,-1,169,168,170,-1,171,172,173,-1,168,174,170,-1,170,174,175,-1,170,175,173,-1,173,175,176,-1,173,176,171,-1,177,178,179,-1,179,178,180,-1,181,182,183,-1,181,183,184,-1,182,185,183,-1,183,185,186,-1,183,186,187,-1,188,189,183,-1,183,189,190,-1,183,190,184,-1,191,192,193,-1,193,192,194,-1,195,196,197,-1,197,196,198,-1,199,200,201,-1,201,200,196,-1,201,196,202,-1,202,196,195,-1,202,195,203,-1,203,195,204,-1,205,206,207,-1,207,206,208,-1,208,209,207,-1,207,209,210,-1,207,210,211,-1,212,213,214,-1,197,198,215,-1,215,198,212,-1,215,212,216,-1,216,212,214,-1,211,217,207,-1,207,217,218,-1,207,218,212,-1,212,218,219,-1,212,219,213,-1,220,221,222,-1,222,221,223,-1,222,223,224,-1,220,225,221,-1,221,225,226,-1,221,226,227,-1,228,229,230,-1,230,229,231,-1,228,232,229,-1,229,232,233,-1,229,233,234,-1,234,233,235,-1,234,235,236,-1,227,237,221,-1,221,237,238,-1,221,238,229,-1,229,238,239,-1,229,239,231,-1,41,37,35,-1,240,241,242,-1,243,244,234,-1,234,244,245,-1,234,245,246,-1,247,205,178,-1,49,248,249,-1,250,188,251,-1,252,253,35,-1,240,242,254,-1,249,255,49,-1,49,255,256,-1,49,256,257,-1,257,256,252,-1,257,252,39,-1,39,252,35,-1,247,178,242,-1,242,178,177,-1,242,177,254,-1,253,258,12,-1,253,12,35,-1,35,12,259,-1,35,259,41,-1,205,207,178,-1,178,207,260,-1,178,260,261,-1,262,263,188,-1,188,263,264,-1,265,264,266,-1,266,264,267,-1,243,234,251,-1,251,234,268,-1,251,268,269,-1,265,270,264,-1,264,270,95,-1,264,95,188,-1,188,95,88,-1,188,88,251,-1,271,272,273,-1,269,274,251,-1,251,274,275,-1,251,275,250,-1,246,178,234,-1,234,178,276,-1,234,276,229,-1,261,277,178,-1,178,277,278,-1,178,278,276,-1,279,280,281,-1,281,280,282,-1,273,283,271,-1,271,283,284,-1,271,284,264,-1,264,284,285,-1,264,285,267,-1,286,287,258,-1,258,287,16,-1,258,16,12,-1,286,288,287,-1,287,288,289,-1,287,289,290,-1,248,49,291,-1,291,49,47,-1,291,47,281,-1,281,47,292,-1,281,292,279,-1,293,294,188,-1,188,294,295,-1,188,295,262,-1,281,183,296,-1,296,183,297,-1,297,298,296,-1,296,298,299,-1,296,299,300,-1,282,301,281,-1,281,301,302,-1,281,302,183,-1,183,302,108,-1,183,108,188,-1,188,108,107,-1,188,107,293,-1,303,304,305,-1,306,307,308,-1,309,310,311,-1,311,310,312,-1,311,312,313,-1,313,312,305,-1,313,305,314,-1,314,305,304,-1,307,315,308,-1,308,315,316,-1,308,316,317,-1,318,319,320,-1,306,308,321,-1,321,308,322,-1,321,322,323,-1,317,324,308,-1,308,324,325,-1,308,325,326,-1,327,318,328,-1,328,318,320,-1,328,320,329,-1,329,320,330,-1,331,332,333,-1,333,332,334,-1,333,334,335,-1,303,305,326,-1,326,305,336,-1,326,336,308,-1,308,336,337,-1,308,337,338,-1,330,339,329,-1,329,339,340,-1,329,340,341,-1,341,342,329,-1,329,342,343,-1,329,343,344,-1,344,343,333,-1,344,333,345,-1,345,333,335,-1,338,346,308,-1,308,346,347,-1,308,347,333,-1,333,347,348,-1,333,348,331,-1,349,350,351,-1,351,350,352,-1,352,350,353,-1,353,350,354,-1,353,354,355,-1,355,354,356,-1,355,356,357,-1,357,356,358,-1,357,358,359,-1,359,358,360,-1,359,360,361,-1,361,360,362,-1,362,363,361,-1,361,363,364,-1,365,366,367,-1,367,366,364,-1,367,364,368,-1,368,364,363,-1,366,365,369,-1,369,365,370,-1,369,370,371,-1,371,370,372,-1,371,372,373,-1,373,372,374,-1,373,374,375,-1,375,374,376,-1,377,375,378,-1,378,375,376,-1,379,380,381,-1,381,380,382,-1,382,380,383,-1,383,380,384,-1,383,384,385,-1,385,384,386,-1,385,386,387,-1,387,386,388,-1,387,388,389,-1,389,388,390,-1,390,391,389,-1,389,391,392,-1,393,394,395,-1,395,394,392,-1,395,392,396,-1,396,392,391,-1,394,393,397,-1,397,393,398,-1,397,398,399,-1,399,398,400,-1,399,400,401,-1,401,400,402,-1,401,402,403,-1,403,402,404,-1,403,404,405,-1,405,404,406,-1,283,273,406,-1,406,273,405,-1,407,408,271,-1,271,408,272,-1,408,407,409,-1,409,407,410,-1,409,410,411,-1,411,410,412,-1,411,412,413,-1,413,412,414,-1,413,414,415,-1,415,414,416,-1,415,416,417,-1,415,417,418,-1,418,417,419,-1,418,419,420,-1,420,419,421,-1,420,421,422,-1,422,421,423,-1,423,421,424,-1,423,424,425,-1,425,424,426,-1,425,426,427,-1,427,426,428,-1,427,428,429,-1,429,428,430,-1,431,429,432,-1,432,429,430,-1,433,434,435,-1,435,434,436,-1,436,434,437,-1,437,434,438,-1,437,438,439,-1,439,438,440,-1,439,440,441,-1,441,440,442,-1,441,442,443,-1,443,442,444,-1,443,444,445,-1,443,445,446,-1,446,445,447,-1,446,447,448,-1,448,447,449,-1,448,449,450,-1,450,449,451,-1,451,449,452,-1,451,452,453,-1,453,452,454,-1,453,454,455,-1,455,454,456,-1,455,456,457,-1,457,456,458,-1,457,458,459,-1,459,458,460,-1,459,460,461,-1,461,460,462,-1,361,364,366,-1,463,464,465,-1,466,467,468,-1,469,470,459,-1,471,472,473,-1,474,464,475,-1,474,475,468,-1,468,475,476,-1,468,476,466,-1,473,477,471,-1,471,477,478,-1,471,478,465,-1,465,478,479,-1,465,479,463,-1,459,470,457,-1,459,351,469,-1,469,351,352,-1,469,352,353,-1,480,481,355,-1,355,481,482,-1,355,482,353,-1,353,482,483,-1,353,483,469,-1,484,451,485,-1,485,451,453,-1,485,453,470,-1,470,453,455,-1,470,455,457,-1,273,272,405,-1,405,272,408,-1,405,408,403,-1,403,408,409,-1,480,355,486,-1,486,355,357,-1,486,357,359,-1,427,487,488,-1,489,490,373,-1,373,490,491,-1,373,491,371,-1,371,491,492,-1,371,492,369,-1,369,492,486,-1,369,486,366,-1,366,486,359,-1,366,359,361,-1,464,474,465,-1,465,474,381,-1,465,381,377,-1,493,494,401,-1,401,494,495,-1,401,495,399,-1,399,495,496,-1,399,496,397,-1,397,496,497,-1,397,497,394,-1,394,497,498,-1,394,498,392,-1,392,498,499,-1,392,499,389,-1,389,499,500,-1,389,500,387,-1,387,500,501,-1,387,501,385,-1,385,501,502,-1,385,502,383,-1,383,502,503,-1,383,503,382,-1,413,415,504,-1,504,415,418,-1,504,418,505,-1,505,418,420,-1,505,420,506,-1,506,420,422,-1,506,422,507,-1,507,422,423,-1,507,423,508,-1,508,423,425,-1,508,425,509,-1,509,425,427,-1,509,427,510,-1,510,427,488,-1,431,435,429,-1,429,435,436,-1,429,436,427,-1,409,411,403,-1,403,411,413,-1,403,413,401,-1,401,413,504,-1,401,504,493,-1,427,436,487,-1,487,436,437,-1,487,437,511,-1,511,437,439,-1,511,439,512,-1,512,439,441,-1,512,441,513,-1,513,441,443,-1,513,443,514,-1,514,443,446,-1,514,446,515,-1,515,446,448,-1,515,448,484,-1,484,448,450,-1,484,450,451,-1,377,381,375,-1,375,381,382,-1,375,382,373,-1,373,382,503,-1,373,503,489,-1,516,517,518,-1,518,517,519,-1,518,519,520,-1,520,519,521,-1,520,521,522,-1,523,524,525,-1,525,524,526,-1,525,526,527,-1,527,526,528,-1,528,526,529,-1,528,529,530,-1,530,529,531,-1,530,531,532,-1,532,531,533,-1,532,533,534,-1,516,535,517,-1,517,535,536,-1,517,536,523,-1,523,536,537,-1,523,537,524,-1,534,533,538,-1,538,533,539,-1,538,539,540,-1,541,542,543,-1,543,542,544,-1,543,544,545,-1,545,544,546,-1,545,546,547,-1,547,546,548,-1,547,548,549,-1,549,548,538,-1,549,538,550,-1,550,538,540,-1,551,552,553,-1,553,552,554,-1,553,554,541,-1,541,554,555,-1,541,555,542,-1,521,556,522,-1,522,556,557,-1,522,557,558,-1,558,557,559,-1,558,559,560,-1,560,559,561,-1,562,563,564,-1,564,563,565,-1,564,565,566,-1,566,565,567,-1,566,567,568,-1,567,569,568,-1,568,569,570,-1,568,570,571,-1,571,570,572,-1,573,574,562,-1,562,574,575,-1,562,575,563,-1,573,576,574,-1,574,576,577,-1,574,577,561,-1,561,577,578,-1,561,578,560,-1,551,579,552,-1,552,579,580,-1,552,580,572,-1,572,580,581,-1,572,581,571,-1,582,583,584,-1,584,583,585,-1,584,585,586,-1,586,585,587,-1,587,585,588,-1,587,588,589,-1,589,588,590,-1,589,590,591,-1,592,593,594,-1,594,593,595,-1,594,595,596,-1,596,595,597,-1,596,597,598,-1,598,597,599,-1,598,599,600,-1,600,599,591,-1,600,591,601,-1,601,591,590,-1,602,603,604,-1,604,603,605,-1,604,605,606,-1,594,607,592,-1,592,607,608,-1,592,608,609,-1,609,608,610,-1,609,610,611,-1,611,610,612,-1,611,612,613,-1,613,612,614,-1,613,614,615,-1,615,614,616,-1,615,616,617,-1,617,616,618,-1,617,618,619,-1,619,618,620,-1,619,620,621,-1,621,620,622,-1,621,622,623,-1,623,622,624,-1,623,624,625,-1,625,624,626,-1,625,626,627,-1,627,626,628,-1,627,628,629,-1,629,628,630,-1,629,630,631,-1,631,630,632,-1,631,632,633,-1,633,632,634,-1,633,634,635,-1,635,634,636,-1,635,636,637,-1,637,636,638,-1,637,638,639,-1,639,638,640,-1,639,640,641,-1,641,640,642,-1,641,642,643,-1,643,642,644,-1,643,644,645,-1,645,644,646,-1,645,646,602,-1,602,646,647,-1,602,647,603,-1,606,605,648,-1,648,605,649,-1,648,649,650,-1,650,649,651,-1,650,651,652,-1,653,654,655,-1,655,654,656,-1,655,656,657,-1,657,656,658,-1,657,658,659,-1,659,658,660,-1,659,660,661,-1,661,660,652,-1,661,652,662,-1,662,652,651,-1,655,663,653,-1,653,663,664,-1,653,664,665,-1,665,664,666,-1,665,666,667,-1,667,666,668,-1,667,668,669,-1,669,668,670,-1,669,670,671,-1,671,670,672,-1,671,672,673,-1,673,672,674,-1,673,674,675,-1,675,674,676,-1,675,676,677,-1,677,676,678,-1,677,678,679,-1,679,678,680,-1,679,680,681,-1,681,680,682,-1,681,682,683,-1,683,682,684,-1,683,684,685,-1,685,684,686,-1,685,686,687,-1,687,686,688,-1,687,688,689,-1,689,688,690,-1,689,690,691,-1,691,690,692,-1,691,692,693,-1,693,692,694,-1,693,694,695,-1,695,694,696,-1,695,696,697,-1,697,696,698,-1,697,698,699,-1,699,698,700,-1,699,700,701,-1,701,700,702,-1,701,702,582,-1,582,702,703,-1,582,703,583,-1,704,705,191,-1,191,705,192,-1,193,194,706,-1,706,194,707,-1,708,709,710,-1,710,709,711,-1,712,713,714,-1,714,713,715,-1,714,715,716,-1,716,715,717,-1,718,719,720,-1,720,719,721,-1,720,721,722,-1,722,721,723,-1,724,725,726,-1,726,725,727,-1,726,727,728,-1,729,730,731,-1,731,730,726,-1,731,726,732,-1,732,726,728,-1,733,734,726,-1,726,734,735,-1,726,735,724,-1,736,737,738,-1,738,737,739,-1,738,739,740,-1,740,741,738,-1,738,741,742,-1,738,742,743,-1,744,745,746,-1,746,745,738,-1,746,738,747,-1,747,738,743,-1,748,749,750,-1,750,749,751,-1,750,751,752,-1,753,754,755,-1,755,754,756,-1,755,756,757,-1,748,750,758,-1,758,750,759,-1,758,759,760,-1,761,762,763,-1,763,762,755,-1,763,755,764,-1,764,755,757,-1,752,765,750,-1,750,765,766,-1,750,766,755,-1,755,766,767,-1,755,767,753,-1,768,769,770,-1,770,769,771,-1,772,773,774,-1,774,773,775,-1,776,777,778,-1,779,780,778,-1,778,780,781,-1,782,783,778,-1,778,783,784,-1,778,784,779,-1,781,785,778,-1,778,785,786,-1,778,786,787,-1,777,788,778,-1,778,788,789,-1,778,789,790,-1,787,791,778,-1,778,791,792,-1,778,792,776,-1,793,794,795,-1,796,795,797,-1,797,795,798,-1,794,799,795,-1,795,799,800,-1,795,800,801,-1,802,803,804,-1,804,803,795,-1,804,795,805,-1,805,795,801,-1,790,806,778,-1,778,806,807,-1,778,807,795,-1,795,807,808,-1,795,808,798,-1,809,793,810,-1,810,793,795,-1,810,795,811,-1,811,795,796,-1,812,813,814,-1,813,815,814,-1,814,815,816,-1,814,816,817,-1,818,574,561,-1,819,820,817,-1,817,820,821,-1,817,821,814,-1,814,821,822,-1,814,822,823,-1,812,814,824,-1,824,814,825,-1,824,825,826,-1,561,827,818,-1,818,827,828,-1,818,828,817,-1,817,828,829,-1,817,829,819,-1,830,831,832,-1,832,831,833,-1,834,835,836,-1,836,835,837,-1,838,839,840,-1,840,839,841,-1,842,843,844,-1,844,843,845,-1,846,847,848,-1,848,847,849,-1,848,850,851,-1,851,850,852,-1,853,854,855,-1,855,854,851,-1,855,851,856,-1,856,851,852,-1,857,858,851,-1,851,858,859,-1,851,859,848,-1,848,859,860,-1,848,860,846,-1,538,548,861,-1,861,548,862,-1,861,862,849,-1,849,862,863,-1,849,863,848,-1,864,865,866,-1,866,865,867,-1,868,869,870,-1,871,872,873,-1,873,872,874,-1,873,874,875,-1,875,874,876,-1,871,877,872,-1,872,877,878,-1,872,878,879,-1,870,880,868,-1,868,880,881,-1,868,881,879,-1,879,881,882,-1,879,882,883,-1,883,884,879,-1,879,884,885,-1,879,885,872,-1,872,885,886,-1,872,886,887,-1,888,889,572,-1,572,889,552,-1,890,891,523,-1,523,891,517,-1,892,258,893,-1,893,258,253,-1,894,291,895,-1,895,291,281,-1,62,896,42,-1,42,896,897,-1,897,896,704,-1,704,896,898,-1,704,898,705,-1,899,900,901,-1,192,705,902,-1,902,705,903,-1,902,903,904,-1,904,903,905,-1,904,905,906,-1,906,905,907,-1,906,907,908,-1,908,907,909,-1,908,909,910,-1,910,909,911,-1,899,901,912,-1,912,901,913,-1,912,913,914,-1,914,913,915,-1,914,915,916,-1,916,915,917,-1,916,917,911,-1,911,917,918,-1,911,918,910,-1,919,920,900,-1,900,920,921,-1,900,921,901,-1,919,922,920,-1,920,922,721,-1,920,721,719,-1,923,712,714,-1,714,924,923,-1,923,924,925,-1,923,925,926,-1,925,927,926,-1,926,927,928,-1,926,928,929,-1,929,928,930,-1,930,931,929,-1,929,931,932,-1,929,932,933,-1,933,932,934,-1,933,934,935,-1,935,934,936,-1,935,936,937,-1,937,936,938,-1,937,938,939,-1,938,940,939,-1,939,940,941,-1,939,941,942,-1,942,941,38,-1,942,38,34,-1,49,257,50,-1,50,257,943,-1,943,257,944,-1,944,257,39,-1,944,39,38,-1,705,898,945,-1,946,905,945,-1,945,905,903,-1,945,903,705,-1,947,911,948,-1,948,911,909,-1,948,909,946,-1,946,909,907,-1,946,907,905,-1,912,914,947,-1,947,914,916,-1,947,916,911,-1,949,950,919,-1,919,950,951,-1,919,951,922,-1,922,951,721,-1,919,900,949,-1,949,900,899,-1,949,899,952,-1,952,899,912,-1,952,912,953,-1,953,912,947,-1,953,947,954,-1,954,947,948,-1,954,948,955,-1,955,948,956,-1,956,948,946,-1,956,946,957,-1,896,62,958,-1,957,946,959,-1,959,946,945,-1,959,945,958,-1,958,945,898,-1,958,898,896,-1,960,961,915,-1,902,904,962,-1,962,904,963,-1,902,962,192,-1,192,962,964,-1,192,964,194,-1,904,906,963,-1,963,906,908,-1,963,908,965,-1,965,908,910,-1,965,910,966,-1,966,910,967,-1,967,910,918,-1,967,918,961,-1,961,918,917,-1,961,917,915,-1,960,915,968,-1,968,915,913,-1,968,913,969,-1,969,913,901,-1,969,901,970,-1,920,719,718,-1,901,921,970,-1,970,921,920,-1,970,920,971,-1,971,920,718,-1,972,713,712,-1,972,712,973,-1,973,712,923,-1,973,923,974,-1,974,923,926,-1,974,926,975,-1,975,926,976,-1,976,926,929,-1,976,929,977,-1,977,929,978,-1,978,929,933,-1,978,933,979,-1,979,933,935,-1,979,935,980,-1,980,935,937,-1,980,937,981,-1,981,937,939,-1,981,939,982,-1,982,939,942,-1,982,942,983,-1,983,942,34,-1,983,34,36,-1,930,984,931,-1,714,985,924,-1,924,985,986,-1,924,986,925,-1,925,986,927,-1,986,987,927,-1,927,987,988,-1,927,988,928,-1,928,988,989,-1,931,984,932,-1,932,984,990,-1,932,990,934,-1,934,990,936,-1,936,990,991,-1,936,991,938,-1,938,991,940,-1,940,991,992,-1,940,992,941,-1,992,993,994,-1,38,941,944,-1,944,941,992,-1,944,992,943,-1,943,992,994,-1,943,994,50,-1,993,992,995,-1,995,992,991,-1,995,991,996,-1,996,991,997,-1,997,991,990,-1,997,990,998,-1,998,990,999,-1,999,990,984,-1,999,984,989,-1,989,984,930,-1,989,930,928,-1,62,61,958,-1,958,61,1000,-1,958,1000,959,-1,959,1000,957,-1,957,1000,1001,-1,957,1001,956,-1,956,1001,955,-1,955,1001,1002,-1,955,1002,954,-1,954,1002,953,-1,953,1002,1003,-1,953,1003,952,-1,952,1003,949,-1,949,1003,1004,-1,949,1004,950,-1,950,1004,951,-1,951,1004,723,-1,951,723,721,-1,720,1005,718,-1,718,1005,971,-1,1006,969,970,-1,971,1005,970,-1,970,1005,1007,-1,970,1007,1006,-1,969,1006,968,-1,968,1006,1008,-1,968,1008,960,-1,1008,1009,960,-1,960,1009,1010,-1,960,1010,961,-1,961,1010,1011,-1,961,1011,967,-1,967,1011,1012,-1,967,1012,966,-1,966,1012,1013,-1,966,1013,965,-1,965,1013,1014,-1,965,1014,963,-1,963,1014,1015,-1,963,1015,962,-1,962,1015,1016,-1,962,1016,964,-1,964,1016,707,-1,964,707,194,-1,707,1017,706,-1,706,1017,1018,-1,1017,1019,1018,-1,1018,1019,19,-1,1018,19,21,-1,1020,40,41,-1,1020,41,1021,-1,41,259,1021,-1,1021,259,12,-1,1021,12,11,-1,36,40,983,-1,983,40,1022,-1,983,1022,982,-1,982,1022,1023,-1,982,1023,981,-1,981,1023,1024,-1,981,1024,980,-1,980,1024,1025,-1,980,1025,979,-1,979,1025,1026,-1,979,1026,978,-1,978,1026,977,-1,977,1026,1027,-1,977,1027,976,-1,976,1027,1028,-1,976,1028,975,-1,975,1028,1029,-1,975,1029,974,-1,1030,1031,972,-1,1029,1032,974,-1,974,1032,1030,-1,974,1030,973,-1,973,1030,972,-1,1031,1033,972,-1,972,1033,715,-1,972,715,713,-1,1034,1035,994,-1,994,1035,51,-1,994,51,50,-1,994,993,1034,-1,1034,993,995,-1,1034,995,1036,-1,995,996,1036,-1,1036,996,997,-1,1036,997,1037,-1,997,998,1037,-1,1037,998,999,-1,1037,999,1038,-1,999,989,1038,-1,1038,989,988,-1,1038,988,1039,-1,988,987,1039,-1,1039,987,986,-1,1039,986,716,-1,716,986,985,-1,716,985,714,-1,64,1040,65,-1,65,1040,1041,-1,1040,1042,1041,-1,1041,1042,1043,-1,1041,1043,1044,-1,1043,1045,1044,-1,1044,1045,1046,-1,1044,1046,1047,-1,1046,1048,1047,-1,1047,1048,1049,-1,1047,1049,1050,-1,1050,1049,1051,-1,1050,1051,1052,-1,1051,1053,1052,-1,1052,1053,1054,-1,1052,1054,711,-1,711,1054,1055,-1,711,1055,710,-1,61,60,1000,-1,1000,60,1056,-1,1000,1056,1001,-1,1001,1056,1057,-1,1001,1057,1002,-1,1002,1057,1058,-1,1002,1058,1003,-1,1003,1058,1059,-1,1003,1059,1004,-1,1004,1059,1060,-1,1004,1060,723,-1,723,1060,1061,-1,60,55,1056,-1,1056,55,1062,-1,1056,1062,1057,-1,1057,1062,1063,-1,1057,1063,1058,-1,1058,1063,1064,-1,1058,1064,1059,-1,1059,1064,1065,-1,1059,1065,1060,-1,1060,1065,1066,-1,1060,1066,1061,-1,1061,1066,1067,-1,55,54,1062,-1,1062,54,1068,-1,1062,1068,1063,-1,1063,1068,1069,-1,1063,1069,1064,-1,1064,1069,1070,-1,1064,1070,1065,-1,1065,1070,1071,-1,1065,1071,1066,-1,1066,1071,1072,-1,1066,1072,1067,-1,1067,1072,1073,-1,54,53,1068,-1,1068,53,1074,-1,1068,1074,1069,-1,1069,1074,1075,-1,1069,1075,1070,-1,1070,1075,1076,-1,1070,1076,1071,-1,1071,1076,1077,-1,1071,1077,1072,-1,1072,1077,1078,-1,1072,1078,1073,-1,1073,1078,1079,-1,53,52,1074,-1,1074,52,1080,-1,1074,1080,1075,-1,1075,1080,1081,-1,1075,1081,1076,-1,1076,1081,1082,-1,1076,1082,1077,-1,1077,1082,1083,-1,1077,1083,1078,-1,1078,1083,1084,-1,1078,1084,1079,-1,1079,1084,1085,-1,52,65,1080,-1,1080,65,1041,-1,1080,1041,1081,-1,1081,1041,1044,-1,1081,1044,1082,-1,1082,1044,1047,-1,1082,1047,1083,-1,1083,1047,1050,-1,1083,1050,1084,-1,1084,1050,1052,-1,1084,1052,1085,-1,1085,1052,711,-1,720,1086,1005,-1,1005,1086,1007,-1,1007,1086,1006,-1,1006,1086,1087,-1,1006,1087,1008,-1,1088,1010,1089,-1,1089,1010,1009,-1,1089,1009,1008,-1,1014,1013,1090,-1,1090,1013,1012,-1,1090,1012,1088,-1,1088,1012,1011,-1,1088,1011,1010,-1,1014,1090,1015,-1,1015,1090,1091,-1,1015,1091,1016,-1,1016,1091,1017,-1,1016,1017,707,-1,1092,19,1019,-1,1008,1087,1089,-1,1089,1087,1093,-1,1089,1093,1088,-1,1088,1093,1094,-1,1088,1094,1090,-1,1090,1094,1092,-1,1090,1092,1091,-1,1091,1092,1019,-1,1091,1019,1017,-1,1025,1024,1095,-1,1095,1024,1023,-1,1095,1023,1096,-1,1096,1023,1022,-1,1096,1022,40,-1,1097,1026,1098,-1,1098,1026,1025,-1,1029,1028,1097,-1,1097,1028,1027,-1,1097,1027,1026,-1,715,1033,1099,-1,1099,1033,1031,-1,1099,1031,1100,-1,1100,1031,1030,-1,1100,1030,1101,-1,1101,1030,1032,-1,1101,1032,1102,-1,1102,1032,1029,-1,1102,1029,1103,-1,1103,1029,1097,-1,1103,1097,1104,-1,1104,1097,1098,-1,1104,1098,1105,-1,1025,1095,1098,-1,1098,1095,1106,-1,1098,1106,1105,-1,1107,1108,1096,-1,1096,1108,1109,-1,1096,1109,1095,-1,1095,1109,1110,-1,1095,1110,1106,-1,11,1107,1021,-1,1021,1107,1096,-1,1021,1096,1020,-1,1020,1096,40,-1,64,63,1040,-1,1040,63,1111,-1,1040,1111,1042,-1,1042,1111,1112,-1,1113,1045,1112,-1,1112,1045,1043,-1,1112,1043,1042,-1,1114,1048,1113,-1,1113,1048,1046,-1,1113,1046,1045,-1,1115,1051,1114,-1,1114,1051,1049,-1,1114,1049,1048,-1,1116,1054,1115,-1,1115,1054,1053,-1,1115,1053,1051,-1,1117,710,1116,-1,1116,710,1055,-1,1116,1055,1054,-1,63,59,1111,-1,1111,59,1118,-1,1111,1118,1112,-1,1112,1118,1119,-1,1112,1119,1113,-1,1113,1119,1120,-1,1113,1120,1114,-1,1114,1120,1121,-1,1114,1121,1115,-1,1115,1121,1122,-1,1115,1122,1116,-1,1116,1122,1123,-1,1116,1123,1117,-1,1117,1123,1124,-1,59,58,1118,-1,1118,58,1125,-1,1118,1125,1119,-1,1119,1125,1126,-1,1119,1126,1120,-1,1120,1126,1127,-1,1120,1127,1121,-1,1121,1127,1128,-1,1121,1128,1122,-1,1122,1128,1129,-1,1122,1129,1123,-1,1123,1129,1130,-1,1123,1130,1124,-1,1124,1130,1131,-1,58,57,1125,-1,1125,57,1132,-1,1125,1132,1126,-1,1126,1132,1133,-1,1126,1133,1127,-1,1127,1133,1134,-1,1127,1134,1128,-1,1128,1134,1135,-1,1128,1135,1129,-1,1129,1135,1136,-1,1129,1136,1130,-1,1130,1136,1137,-1,1130,1137,1131,-1,1131,1137,1138,-1,57,56,1132,-1,1132,56,1139,-1,1132,1139,1133,-1,1133,1139,1140,-1,1133,1140,1134,-1,1134,1140,1141,-1,1134,1141,1135,-1,1135,1141,1142,-1,1135,1142,1136,-1,1136,1142,1143,-1,1136,1143,1137,-1,1137,1143,1144,-1,1137,1144,1138,-1,1138,1144,1145,-1,56,51,1139,-1,1139,51,1035,-1,1139,1035,1140,-1,1140,1035,1034,-1,1140,1034,1141,-1,1141,1034,1036,-1,1141,1036,1142,-1,1142,1036,1037,-1,1142,1037,1143,-1,1143,1037,1038,-1,1143,1038,1144,-1,1144,1038,1039,-1,1144,1039,1145,-1,1145,1039,716,-1,711,709,1085,-1,1085,709,1146,-1,1085,1146,1079,-1,1079,1146,1147,-1,1079,1147,1073,-1,1073,1147,1148,-1,1073,1148,1067,-1,1067,1148,1149,-1,1067,1149,1061,-1,1061,1149,1150,-1,1061,1150,723,-1,723,1150,722,-1,722,1151,720,-1,720,1151,1086,-1,1151,1152,1086,-1,1086,1152,1153,-1,1086,1153,1087,-1,1153,1154,1087,-1,1087,1154,1155,-1,1087,1155,1093,-1,1155,1156,1093,-1,1093,1156,1157,-1,1093,1157,1094,-1,1157,1158,1094,-1,1094,1158,1159,-1,1094,1159,1092,-1,20,19,1160,-1,1160,19,1092,-1,1160,1092,1161,-1,1161,1092,1159,-1,717,715,1099,-1,717,1099,1162,-1,1162,1099,1100,-1,1162,1100,1163,-1,1163,1100,1101,-1,1163,1101,1164,-1,1164,1101,1102,-1,1164,1102,1165,-1,1165,1102,1103,-1,1165,1103,1166,-1,1166,1103,1104,-1,1166,1104,1167,-1,1167,1104,1105,-1,1167,1105,1168,-1,1168,1105,1106,-1,1168,1106,1169,-1,1169,1106,1110,-1,1169,1110,1170,-1,1170,1110,1109,-1,1170,1109,1171,-1,1171,1109,1108,-1,1171,1108,1172,-1,1108,1107,1172,-1,1172,1107,11,-1,1172,11,10,-1,716,717,1145,-1,1145,717,1173,-1,1145,1173,1138,-1,1138,1173,1174,-1,1138,1174,1131,-1,1131,1174,1175,-1,1131,1175,1124,-1,1124,1175,1176,-1,1124,1176,1117,-1,1117,1176,1177,-1,1117,1177,710,-1,710,1177,708,-1,1178,22,20,-1,28,27,1179,-1,1179,27,1180,-1,1179,1180,1181,-1,1181,1180,1182,-1,20,1160,1178,-1,1178,1160,1161,-1,1178,1161,1183,-1,1184,1185,1182,-1,1182,1185,1186,-1,1182,1186,1181,-1,1161,1159,1183,-1,1183,1159,1158,-1,1183,1158,1187,-1,1188,1189,1184,-1,1184,1189,1190,-1,1184,1190,1185,-1,1158,1157,1187,-1,1187,1157,1156,-1,1187,1156,1191,-1,1192,1193,1194,-1,1194,1193,1195,-1,1194,1195,1188,-1,1188,1195,1196,-1,1188,1196,1189,-1,27,14,1180,-1,1180,14,1197,-1,1180,1197,1182,-1,1182,1197,1198,-1,1182,1198,1184,-1,1184,1198,1199,-1,1184,1199,1188,-1,1188,1199,1200,-1,1188,1200,1194,-1,1194,1200,1201,-1,14,13,1197,-1,1197,13,1202,-1,1197,1202,1198,-1,1198,1202,1203,-1,1198,1203,1199,-1,1199,1203,1204,-1,1199,1204,1200,-1,1200,1204,1205,-1,1200,1205,1201,-1,1201,1205,1206,-1,13,23,1202,-1,1202,23,1207,-1,1202,1207,1203,-1,1203,1207,1208,-1,1203,1208,1204,-1,1204,1208,1209,-1,1204,1209,1205,-1,1205,1209,1210,-1,1205,1210,1206,-1,1206,1210,1211,-1,23,22,1207,-1,1207,22,1178,-1,1207,1178,1208,-1,1208,1178,1183,-1,1208,1183,1209,-1,1209,1183,1187,-1,1209,1187,1210,-1,1210,1187,1191,-1,1210,1191,1211,-1,1211,1191,1212,-1,709,1213,1214,-1,1214,1213,1192,-1,1156,1155,1191,-1,1191,1155,1154,-1,1191,1154,1212,-1,1212,1154,1153,-1,1212,1153,1152,-1,1192,1194,1214,-1,1214,1194,1201,-1,1214,1201,1215,-1,1215,1201,1206,-1,1215,1206,1216,-1,1216,1206,1211,-1,1216,1211,1217,-1,1217,1211,1212,-1,1217,1212,1218,-1,1218,1212,1152,-1,1218,1152,1151,-1,709,1214,1146,-1,1146,1214,1215,-1,1146,1215,1147,-1,1147,1215,1216,-1,1147,1216,1148,-1,1148,1216,1217,-1,1148,1217,1149,-1,1149,1217,1218,-1,1149,1218,1150,-1,1150,1218,1151,-1,1150,1151,722,-1,10,26,1172,-1,1172,26,1219,-1,1172,1219,1171,-1,1171,1219,1170,-1,1170,1219,1220,-1,1170,1220,1169,-1,1169,1220,1168,-1,1168,1220,1221,-1,1168,1221,1167,-1,1167,1221,1166,-1,1166,1221,1222,-1,1166,1222,1165,-1,1165,1222,1164,-1,1164,1222,1223,-1,1164,1223,1163,-1,1163,1223,1162,-1,1162,1223,1173,-1,1162,1173,717,-1,26,25,1219,-1,1219,25,1224,-1,1219,1224,1220,-1,1220,1224,1225,-1,1220,1225,1221,-1,1221,1225,1226,-1,1221,1226,1222,-1,1222,1226,1227,-1,1222,1227,1223,-1,1223,1227,1228,-1,1223,1228,1173,-1,1173,1228,1174,-1,25,24,1224,-1,1224,24,1229,-1,1224,1229,1225,-1,1225,1229,1230,-1,1225,1230,1226,-1,1226,1230,1231,-1,1226,1231,1227,-1,1227,1231,1232,-1,1227,1232,1228,-1,1228,1232,1233,-1,1228,1233,1174,-1,1174,1233,1175,-1,24,18,1229,-1,1229,18,1234,-1,1229,1234,1230,-1,1230,1234,1235,-1,1230,1235,1231,-1,1231,1235,1236,-1,1231,1236,1232,-1,1232,1236,1237,-1,1232,1237,1233,-1,1233,1237,1238,-1,1233,1238,1175,-1,1175,1238,1176,-1,18,17,1234,-1,1234,17,1239,-1,1234,1239,1235,-1,1235,1239,1240,-1,1235,1240,1236,-1,1236,1240,1241,-1,1236,1241,1237,-1,1237,1241,1242,-1,1237,1242,1238,-1,1238,1242,1243,-1,1238,1243,1176,-1,1176,1243,1177,-1,17,29,1239,-1,1239,29,1244,-1,1239,1244,1240,-1,1240,1244,1245,-1,1240,1245,1241,-1,1241,1245,1246,-1,1241,1246,1242,-1,1242,1246,1247,-1,1242,1247,1243,-1,1243,1247,1248,-1,1243,1248,1177,-1,1177,1248,708,-1,1213,709,708,-1,1213,708,1192,-1,1192,708,1248,-1,1192,1248,1193,-1,1193,1248,1195,-1,1195,1248,1247,-1,1195,1247,1196,-1,1196,1247,1246,-1,1196,1246,1189,-1,1189,1246,1190,-1,1190,1246,1245,-1,1190,1245,1185,-1,1185,1245,1186,-1,1186,1245,1244,-1,1186,1244,1181,-1,1181,1244,1179,-1,1179,1244,29,-1,1179,29,28,-1,6,8,1249,-1,6,1249,1250,-1,1250,1249,1251,-1,1250,1251,1252,-1,1252,1251,1253,-1,1252,1253,1254,-1,1254,1253,1255,-1,1254,1255,1256,-1,1256,1255,1257,-1,1256,1257,1258,-1,1258,1257,733,-1,1258,733,726,-1,1,0,1259,-1,297,183,187,-1,1,1259,187,-1,187,1259,297,-1,297,1259,1260,-1,297,1260,298,-1,298,1260,1261,-1,298,1261,299,-1,299,1261,1262,-1,299,1262,300,-1,300,1262,1263,-1,300,1263,296,-1,296,1263,895,-1,296,895,281,-1,1264,1265,1266,-1,1267,1268,1269,-1,1270,1271,1272,-1,1273,1274,1275,-1,1276,1277,1278,-1,1279,733,1257,-1,1277,1279,1278,-1,1278,1279,1257,-1,1278,1257,1280,-1,1280,1257,1255,-1,1280,1255,1281,-1,1281,1255,1253,-1,1281,1253,1282,-1,1282,1253,1251,-1,1282,1251,1283,-1,1283,1251,1249,-1,1283,1249,9,-1,9,1249,8,-1,1274,1276,1275,-1,1275,1276,1278,-1,1275,1278,1284,-1,1284,1278,1280,-1,1284,1280,1285,-1,1285,1280,1281,-1,1285,1281,1286,-1,1286,1281,1282,-1,1286,1282,1287,-1,1287,1282,1283,-1,1287,1283,5,-1,5,1283,9,-1,1271,1273,1272,-1,1272,1273,1275,-1,1272,1275,1288,-1,1288,1275,1284,-1,1288,1284,1289,-1,1289,1284,1285,-1,1289,1285,1290,-1,1290,1285,1286,-1,1290,1286,1291,-1,1291,1286,1287,-1,1291,1287,4,-1,4,1287,5,-1,1268,1270,1269,-1,1269,1270,1272,-1,1269,1272,1292,-1,1292,1272,1288,-1,1292,1288,1293,-1,1293,1288,1289,-1,1293,1289,1294,-1,1294,1289,1290,-1,1294,1290,1295,-1,1295,1290,1291,-1,1295,1291,3,-1,3,1291,4,-1,1265,1267,1266,-1,1266,1267,1269,-1,1266,1269,1296,-1,1296,1269,1292,-1,1296,1292,1297,-1,1297,1292,1293,-1,1297,1293,1298,-1,1298,1293,1294,-1,1298,1294,1299,-1,1299,1294,1295,-1,1299,1295,2,-1,2,1295,3,-1,770,1264,1300,-1,1300,1264,1266,-1,1300,1266,1301,-1,1301,1266,1296,-1,1301,1296,1302,-1,1302,1296,1297,-1,1302,1297,1303,-1,1303,1297,1298,-1,1303,1298,1304,-1,1304,1298,1299,-1,1304,1299,1,-1,1,1299,2,-1,190,189,1305,-1,190,1305,1306,-1,1306,1305,1307,-1,1306,1307,1308,-1,1308,1307,1309,-1,1308,1309,1310,-1,1310,1309,1311,-1,1310,1311,1312,-1,1312,1311,1313,-1,1312,1313,1314,-1,1314,1313,738,-1,1314,738,745,-1,1,187,1315,-1,1,1315,1304,-1,1304,1315,1316,-1,1304,1316,1303,-1,1303,1316,1317,-1,1303,1317,1302,-1,1302,1317,1318,-1,1302,1318,1301,-1,1301,1318,1319,-1,1301,1319,1300,-1,1300,1319,768,-1,1300,768,770,-1,770,771,1264,-1,1264,771,1320,-1,1264,1320,1265,-1,1265,1320,1321,-1,1265,1321,1267,-1,1267,1321,1322,-1,1267,1322,1268,-1,1268,1322,1323,-1,1268,1323,1270,-1,1270,1323,1324,-1,1270,1324,1271,-1,1271,1324,1325,-1,1271,1325,1273,-1,1273,1325,1326,-1,1273,1326,1274,-1,1274,1326,1327,-1,1274,1327,1276,-1,1276,1327,1328,-1,1276,1328,1277,-1,1277,1328,1329,-1,1277,1329,1279,-1,1279,1329,1330,-1,1279,1330,733,-1,733,1330,734,-1,755,762,1331,-1,1331,762,1332,-1,1331,1332,1333,-1,1333,1332,1334,-1,1333,1334,1335,-1,1335,1334,1336,-1,1335,1336,1337,-1,1337,1336,1338,-1,1337,1338,1339,-1,1339,1338,1340,-1,1339,1340,734,-1,734,1340,735,-1,782,778,1341,-1,1341,778,1342,-1,1341,1342,1343,-1,1343,1342,1344,-1,1343,1344,1345,-1,1345,1344,1346,-1,1345,1346,1347,-1,1347,1346,1348,-1,1347,1348,1349,-1,1349,1348,1350,-1,1349,1350,1351,-1,1351,1350,1352,-1,1351,1352,1353,-1,1353,1352,1354,-1,1353,1354,1355,-1,1355,1354,1356,-1,1355,1356,1357,-1,1357,1356,1358,-1,1357,1358,1359,-1,1359,1358,1360,-1,1359,1360,1361,-1,1361,1360,1362,-1,1361,1362,731,-1,731,1362,729,-1,187,186,1315,-1,1315,186,1363,-1,1315,1363,1316,-1,1316,1363,1364,-1,1316,1364,1317,-1,1317,1364,1365,-1,1317,1365,1318,-1,1318,1365,1366,-1,1318,1366,1319,-1,1319,1366,1367,-1,1319,1367,768,-1,768,1367,1368,-1,186,185,1363,-1,1363,185,1369,-1,1363,1369,1364,-1,1364,1369,1370,-1,1364,1370,1365,-1,1365,1370,1371,-1,1365,1371,1366,-1,1366,1371,1372,-1,1366,1372,1367,-1,1367,1372,1373,-1,1367,1373,1368,-1,1368,1373,1374,-1,185,182,1369,-1,1369,182,1375,-1,1369,1375,1370,-1,1370,1375,1376,-1,1370,1376,1371,-1,1371,1376,1377,-1,1371,1377,1372,-1,1372,1377,1378,-1,1372,1378,1373,-1,1373,1378,1379,-1,1373,1379,1374,-1,1374,1379,1380,-1,182,181,1375,-1,1375,181,1381,-1,1375,1381,1376,-1,1376,1381,1382,-1,1376,1382,1377,-1,1377,1382,1383,-1,1377,1383,1378,-1,1378,1383,1384,-1,1378,1384,1379,-1,1379,1384,1385,-1,1379,1385,1380,-1,1380,1385,1386,-1,181,184,1381,-1,1381,184,1387,-1,1381,1387,1382,-1,1382,1387,1388,-1,1382,1388,1383,-1,1383,1388,1389,-1,1383,1389,1384,-1,1384,1389,1390,-1,1384,1390,1385,-1,1385,1390,1391,-1,1385,1391,1386,-1,1386,1391,1392,-1,184,190,1387,-1,1387,190,1306,-1,1387,1306,1388,-1,1388,1306,1308,-1,1388,1308,1389,-1,1389,1308,1310,-1,1389,1310,1390,-1,1390,1310,1312,-1,1390,1312,1391,-1,1391,1312,1314,-1,1391,1314,1392,-1,1392,1314,745,-1,1339,734,1330,-1,1330,1329,1393,-1,1393,1329,1328,-1,1394,1327,1326,-1,1395,1325,1324,-1,1396,1323,1322,-1,1397,1321,1320,-1,1330,1393,1339,-1,1339,1393,1398,-1,1339,1398,1337,-1,1399,1398,1400,-1,1400,1398,1393,-1,1400,1393,1394,-1,1394,1393,1328,-1,1394,1328,1327,-1,1401,1335,1337,-1,1402,1399,1403,-1,1403,1399,1400,-1,1403,1400,1404,-1,1404,1400,1394,-1,1404,1394,1395,-1,1395,1394,1326,-1,1395,1326,1325,-1,1405,1333,1335,-1,1406,1402,1407,-1,1407,1402,1403,-1,1407,1403,1408,-1,1408,1403,1404,-1,1408,1404,1409,-1,1409,1404,1395,-1,1409,1395,1396,-1,1396,1395,1324,-1,1396,1324,1323,-1,755,1331,1410,-1,1410,1331,1333,-1,1333,1405,1410,-1,1410,1405,1411,-1,1410,1411,755,-1,1335,1401,1405,-1,1405,1401,1412,-1,1405,1412,1411,-1,1411,1412,1413,-1,1411,1413,755,-1,755,1406,1414,-1,1414,1406,1407,-1,1414,1407,1415,-1,1415,1407,1408,-1,1415,1408,1416,-1,1416,1408,1409,-1,1416,1409,1417,-1,1417,1409,1396,-1,1417,1396,1397,-1,1397,1396,1322,-1,1397,1322,1321,-1,755,1414,1418,-1,1418,1414,1415,-1,1418,1415,1419,-1,1419,1415,1416,-1,1419,1416,1420,-1,1420,1416,1417,-1,1420,1417,1421,-1,1421,1417,1397,-1,1421,1397,1422,-1,1422,1397,1320,-1,1422,1320,771,-1,1337,1398,1401,-1,1401,1398,1399,-1,1401,1399,1412,-1,1412,1399,1402,-1,1412,1402,1413,-1,1413,1402,1406,-1,1413,1406,755,-1,1423,1424,1425,-1,1426,1427,1428,-1,1429,1430,1431,-1,1432,1433,1434,-1,1435,1359,1361,-1,727,1433,728,-1,728,1433,1432,-1,728,1432,732,-1,1436,1355,1357,-1,1437,1434,1438,-1,1438,1434,1433,-1,1438,1433,1439,-1,1439,1433,727,-1,1439,727,725,-1,1440,1351,1353,-1,1441,1437,1442,-1,1442,1437,1438,-1,1442,1438,1443,-1,1443,1438,1439,-1,1443,1439,1444,-1,1444,1439,725,-1,1444,725,724,-1,1345,1347,1445,-1,1445,1347,1349,-1,1332,1441,1334,-1,1334,1441,1442,-1,1334,1442,1336,-1,1336,1442,1443,-1,1336,1443,1338,-1,1338,1443,1444,-1,1338,1444,1340,-1,1340,1444,724,-1,1340,724,735,-1,1343,1345,1446,-1,1446,1345,1445,-1,1446,1445,1447,-1,1343,1446,1341,-1,1341,1446,1448,-1,1341,1448,782,-1,1449,1450,1447,-1,1447,1450,1451,-1,1447,1451,1446,-1,1446,1451,1452,-1,1446,1452,1448,-1,1430,1449,1431,-1,1431,1449,1447,-1,1431,1447,1453,-1,1453,1447,1445,-1,1453,1445,1440,-1,1440,1445,1349,-1,1440,1349,1351,-1,1427,1429,1428,-1,1428,1429,1431,-1,1428,1431,1454,-1,1454,1431,1453,-1,1454,1453,1455,-1,1455,1453,1440,-1,1455,1440,1436,-1,1436,1440,1353,-1,1436,1353,1355,-1,1424,1426,1425,-1,1425,1426,1428,-1,1425,1428,1456,-1,1456,1428,1454,-1,1456,1454,1457,-1,1457,1454,1455,-1,1457,1455,1458,-1,1458,1455,1436,-1,1458,1436,1435,-1,1435,1436,1357,-1,1435,1357,1359,-1,762,1423,1332,-1,1332,1423,1425,-1,1332,1425,1441,-1,1441,1425,1456,-1,1441,1456,1437,-1,1437,1456,1457,-1,1437,1457,1434,-1,1434,1457,1458,-1,1434,1458,1432,-1,1432,1458,1435,-1,1432,1435,732,-1,732,1435,1361,-1,732,1361,731,-1,745,744,1392,-1,1392,744,1459,-1,1392,1459,1386,-1,1386,1459,1460,-1,1386,1460,1380,-1,1380,1460,1461,-1,1380,1461,1374,-1,1374,1461,1462,-1,1374,1462,1368,-1,1368,1462,1463,-1,1368,1463,768,-1,768,1463,769,-1,841,839,1464,-1,1464,839,1465,-1,1464,1465,1466,-1,1466,1465,1467,-1,1466,1467,1468,-1,1468,1467,1469,-1,1468,1469,1470,-1,1470,1469,1471,-1,1470,1471,1472,-1,1472,1471,1473,-1,1472,1473,1474,-1,1474,1473,1475,-1,1474,1475,1476,-1,1476,1475,1477,-1,1476,1477,1478,-1,1478,1477,1479,-1,1478,1479,1480,-1,1480,1479,1481,-1,1480,1481,1482,-1,1482,1481,1483,-1,1482,1483,1484,-1,1484,1483,1485,-1,1484,1485,887,-1,887,1485,872,-1,750,755,1486,-1,1486,755,1418,-1,1486,1418,1487,-1,1487,1418,1419,-1,1487,1419,1488,-1,1488,1419,1420,-1,1488,1420,1489,-1,1489,1420,1421,-1,1489,1421,1490,-1,1490,1421,1422,-1,1490,1422,769,-1,769,1422,771,-1,839,838,1491,-1,839,1491,1492,-1,1492,1491,1493,-1,1492,1493,1494,-1,1494,1493,1495,-1,1494,1495,1496,-1,1496,1495,1497,-1,1496,1497,1498,-1,1498,1497,1499,-1,1498,1499,1500,-1,1500,1499,761,-1,1500,761,763,-1,761,1501,762,-1,762,1501,1423,-1,1423,1501,1424,-1,1424,1501,1502,-1,1424,1502,1426,-1,1426,1502,1503,-1,1426,1503,1427,-1,1427,1503,1504,-1,1427,1504,1429,-1,1429,1504,1505,-1,1429,1505,1430,-1,1430,1505,1506,-1,1430,1506,1449,-1,1449,1506,1507,-1,1449,1507,1450,-1,1450,1507,1508,-1,1450,1508,1451,-1,1451,1508,1509,-1,1451,1509,1452,-1,1452,1509,1510,-1,1452,1510,1448,-1,1510,1511,1448,-1,1448,1511,783,-1,1448,783,782,-1,769,1463,1512,-1,769,1512,1490,-1,1490,1512,1513,-1,1490,1513,1489,-1,1514,1513,1515,-1,1515,1513,1512,-1,1515,1512,1516,-1,1516,1512,1463,-1,1516,1463,1462,-1,1517,1488,1489,-1,1518,1514,1519,-1,1519,1514,1515,-1,1519,1515,1520,-1,1520,1515,1516,-1,1520,1516,1521,-1,1521,1516,1462,-1,1521,1462,1461,-1,1522,1487,1488,-1,1523,1518,1524,-1,1524,1518,1519,-1,1524,1519,1525,-1,1525,1519,1520,-1,1525,1520,1526,-1,1526,1520,1521,-1,1526,1521,1527,-1,1527,1521,1461,-1,1527,1461,1460,-1,750,1486,1528,-1,1528,1486,1487,-1,1487,1522,1528,-1,1528,1522,1529,-1,1528,1529,750,-1,1488,1517,1522,-1,1522,1517,1530,-1,1522,1530,1529,-1,1529,1530,1531,-1,1529,1531,750,-1,750,1523,1532,-1,1532,1523,1524,-1,1532,1524,1533,-1,1533,1524,1525,-1,1533,1525,1534,-1,1534,1525,1526,-1,1534,1526,1535,-1,1535,1526,1527,-1,1535,1527,1536,-1,1536,1527,1460,-1,1536,1460,1459,-1,750,1532,1537,-1,1537,1532,1533,-1,1537,1533,1538,-1,1538,1533,1534,-1,1538,1534,1539,-1,1539,1534,1535,-1,1539,1535,1540,-1,1540,1535,1536,-1,1540,1536,1541,-1,1541,1536,1459,-1,1541,1459,744,-1,1489,1513,1517,-1,1517,1513,1514,-1,1517,1514,1530,-1,1530,1514,1518,-1,1530,1518,1531,-1,1531,1518,1523,-1,1531,1523,750,-1,538,861,534,-1,534,861,1542,-1,534,1542,532,-1,1542,1543,532,-1,532,1543,1544,-1,532,1544,530,-1,530,1544,1545,-1,1545,1546,530,-1,530,1546,1547,-1,530,1547,528,-1,1547,1548,528,-1,528,1548,1549,-1,528,1549,527,-1,1549,1550,527,-1,527,1550,1551,-1,527,1551,525,-1,525,1551,1552,-1,525,1552,523,-1,523,1552,890,-1,1485,1483,1553,-1,1481,1479,1554,-1,1477,1475,1555,-1,1473,1471,1556,-1,1469,1467,1557,-1,1465,839,1492,-1,1467,1465,1557,-1,1557,1465,1492,-1,1557,1492,1558,-1,1558,1492,1494,-1,1558,1494,1559,-1,1559,1494,1496,-1,1559,1496,1560,-1,1560,1496,1498,-1,1560,1498,1561,-1,1561,1498,1500,-1,1561,1500,764,-1,764,1500,763,-1,1471,1469,1556,-1,1556,1469,1557,-1,1556,1557,1562,-1,1562,1557,1558,-1,1562,1558,1563,-1,1563,1558,1559,-1,1563,1559,1564,-1,1564,1559,1560,-1,1564,1560,1565,-1,1565,1560,1561,-1,1565,1561,757,-1,757,1561,764,-1,1475,1473,1555,-1,1555,1473,1556,-1,1555,1556,1566,-1,1566,1556,1562,-1,1566,1562,1567,-1,1567,1562,1563,-1,1567,1563,1568,-1,1568,1563,1564,-1,1568,1564,1569,-1,1569,1564,1565,-1,1569,1565,756,-1,756,1565,757,-1,1479,1477,1554,-1,1554,1477,1555,-1,1554,1555,1570,-1,1570,1555,1566,-1,1570,1566,1571,-1,1571,1566,1567,-1,1571,1567,1572,-1,1572,1567,1568,-1,1572,1568,1573,-1,1573,1568,1569,-1,1573,1569,754,-1,754,1569,756,-1,1483,1481,1553,-1,1553,1481,1554,-1,1553,1554,1574,-1,1574,1554,1570,-1,1574,1570,1575,-1,1575,1570,1571,-1,1575,1571,1576,-1,1576,1571,1572,-1,1576,1572,1577,-1,1577,1572,1573,-1,1577,1573,753,-1,753,1573,754,-1,872,1485,1578,-1,1578,1485,1553,-1,1578,1553,1579,-1,1579,1553,1574,-1,1579,1574,1580,-1,1580,1574,1575,-1,1580,1575,1581,-1,1581,1575,1576,-1,1581,1576,1582,-1,1582,1576,1577,-1,1582,1577,767,-1,767,1577,753,-1,1583,841,1464,-1,1464,1466,1584,-1,1584,1466,1468,-1,1585,1470,1472,-1,1586,1474,1476,-1,1587,1478,1480,-1,1588,1482,1484,-1,1464,1584,1583,-1,1583,1584,1589,-1,1583,1589,1590,-1,1591,1589,1592,-1,1592,1589,1584,-1,1592,1584,1585,-1,1585,1584,1468,-1,1585,1468,1470,-1,1593,1594,1590,-1,1595,1591,1596,-1,1596,1591,1592,-1,1596,1592,1597,-1,1597,1592,1585,-1,1597,1585,1586,-1,1586,1585,1472,-1,1586,1472,1474,-1,1598,1599,1594,-1,1600,1595,1601,-1,1601,1595,1596,-1,1601,1596,1602,-1,1602,1596,1597,-1,1602,1597,1603,-1,1603,1597,1586,-1,1603,1586,1587,-1,1587,1586,1476,-1,1587,1476,1478,-1,843,1604,1605,-1,1605,1604,1599,-1,1599,1598,1605,-1,1605,1598,1606,-1,1605,1606,843,-1,1594,1593,1598,-1,1598,1593,1607,-1,1598,1607,1606,-1,1606,1607,1608,-1,1606,1608,843,-1,843,1600,1609,-1,1609,1600,1601,-1,1609,1601,1610,-1,1610,1601,1602,-1,1610,1602,1611,-1,1611,1602,1603,-1,1611,1603,1612,-1,1612,1603,1587,-1,1612,1587,1588,-1,1588,1587,1480,-1,1588,1480,1482,-1,843,1609,1613,-1,1613,1609,1610,-1,1613,1610,1614,-1,1614,1610,1611,-1,1614,1611,1615,-1,1615,1611,1612,-1,1615,1612,1616,-1,1616,1612,1588,-1,1616,1588,1617,-1,1617,1588,1484,-1,1617,1484,887,-1,1590,1589,1593,-1,1593,1589,1591,-1,1593,1591,1607,-1,1607,1591,1595,-1,1607,1595,1608,-1,1608,1595,1600,-1,1608,1600,843,-1,1501,761,1618,-1,783,1511,1619,-1,1619,1511,1620,-1,1511,1510,1620,-1,1620,1510,1509,-1,1620,1509,1621,-1,1509,1508,1621,-1,1621,1508,1507,-1,1621,1507,1622,-1,1507,1506,1622,-1,1622,1506,1505,-1,1622,1505,1623,-1,1624,1625,1626,-1,1626,1625,1627,-1,1626,1627,1628,-1,1628,1627,1629,-1,1628,1629,1630,-1,1630,1629,1631,-1,1630,1631,1632,-1,1632,1631,1633,-1,1632,1633,1634,-1,1634,1633,1635,-1,1634,1635,761,-1,1625,1636,1627,-1,1627,1636,1637,-1,1627,1637,1629,-1,1629,1637,1638,-1,1629,1638,1631,-1,1631,1638,1639,-1,1631,1639,1633,-1,1633,1639,1640,-1,1633,1640,1635,-1,1635,1640,1641,-1,1635,1641,761,-1,838,1624,1491,-1,1491,1624,1626,-1,1491,1626,1493,-1,1493,1626,1628,-1,1493,1628,1495,-1,1495,1628,1630,-1,1495,1630,1497,-1,1497,1630,1632,-1,1497,1632,1499,-1,1499,1632,1634,-1,1499,1634,761,-1,1642,1619,1643,-1,1643,1619,1620,-1,1643,1620,1644,-1,1644,1620,1621,-1,1644,1621,1645,-1,1645,1621,1622,-1,1645,1622,1646,-1,1646,1622,1623,-1,1646,1623,1647,-1,1647,1623,1618,-1,1647,1618,761,-1,1505,1504,1623,-1,1623,1504,1503,-1,1623,1503,1618,-1,1618,1503,1502,-1,1618,1502,1501,-1,1636,1642,1637,-1,1637,1642,1643,-1,1637,1643,1638,-1,1638,1643,1644,-1,1638,1644,1639,-1,1639,1644,1645,-1,1639,1645,1640,-1,1640,1645,1646,-1,1640,1646,1641,-1,1641,1646,1647,-1,1641,1647,761,-1,739,737,1648,-1,1648,737,1649,-1,1648,1649,1650,-1,1650,1649,1651,-1,1650,1651,1652,-1,1652,1651,1653,-1,1652,1653,1654,-1,1654,1653,1655,-1,1654,1655,1656,-1,1656,1655,1657,-1,1656,1657,803,-1,803,1657,795,-1,759,750,1658,-1,1658,750,1537,-1,1658,1537,1659,-1,1659,1537,1538,-1,1659,1538,1660,-1,1660,1538,1539,-1,1660,1539,1661,-1,1661,1539,1540,-1,1661,1540,1662,-1,1662,1540,1541,-1,1662,1541,746,-1,746,1541,744,-1,1552,1551,1663,-1,1550,1549,1664,-1,1548,1547,1665,-1,1546,1545,1666,-1,1544,1543,1667,-1,1542,861,849,-1,858,1668,859,-1,859,1668,1669,-1,859,1669,860,-1,860,1669,1670,-1,860,1670,846,-1,846,1670,1671,-1,846,1671,847,-1,847,1671,1672,-1,847,1672,849,-1,849,1672,1667,-1,849,1667,1542,-1,1542,1667,1543,-1,1668,1673,1669,-1,1669,1673,1674,-1,1669,1674,1670,-1,1670,1674,1675,-1,1670,1675,1671,-1,1671,1675,1676,-1,1671,1676,1672,-1,1672,1676,1677,-1,1672,1677,1667,-1,1667,1677,1666,-1,1667,1666,1544,-1,1544,1666,1545,-1,1673,1678,1674,-1,1674,1678,1679,-1,1674,1679,1675,-1,1675,1679,1680,-1,1675,1680,1676,-1,1676,1680,1681,-1,1676,1681,1677,-1,1677,1681,1682,-1,1677,1682,1666,-1,1666,1682,1665,-1,1666,1665,1546,-1,1546,1665,1547,-1,1678,1683,1679,-1,1679,1683,1684,-1,1679,1684,1680,-1,1680,1684,1685,-1,1680,1685,1681,-1,1681,1685,1686,-1,1681,1686,1682,-1,1682,1686,1687,-1,1682,1687,1665,-1,1665,1687,1664,-1,1665,1664,1548,-1,1548,1664,1549,-1,1683,1688,1684,-1,1684,1688,1689,-1,1684,1689,1685,-1,1685,1689,1690,-1,1685,1690,1686,-1,1686,1690,1691,-1,1686,1691,1687,-1,1687,1691,1692,-1,1687,1692,1664,-1,1664,1692,1663,-1,1664,1663,1550,-1,1550,1663,1551,-1,1688,866,1689,-1,1689,866,1693,-1,1689,1693,1690,-1,1690,1693,1694,-1,1690,1694,1691,-1,1691,1694,1695,-1,1691,1695,1692,-1,1692,1695,1696,-1,1692,1696,1663,-1,1663,1696,1697,-1,1663,1697,1552,-1,1552,1697,890,-1,858,857,1668,-1,1668,857,1698,-1,1668,1698,1673,-1,1673,1698,1699,-1,1673,1699,1678,-1,1678,1699,1700,-1,1678,1700,1683,-1,1683,1700,1701,-1,1683,1701,1688,-1,1688,1701,1702,-1,1688,1702,866,-1,866,1702,864,-1,891,890,1697,-1,891,1697,1703,-1,1703,1697,1696,-1,1703,1696,1704,-1,1704,1696,1695,-1,1704,1695,1705,-1,1705,1695,1694,-1,1705,1694,1706,-1,1706,1694,1693,-1,1706,1693,1707,-1,1707,1693,866,-1,1707,866,867,-1,517,891,519,-1,519,891,1708,-1,519,1708,521,-1,521,1708,1709,-1,521,1709,556,-1,556,1709,1710,-1,556,1710,557,-1,557,1710,1711,-1,557,1711,559,-1,559,1711,1712,-1,559,1712,561,-1,561,1712,827,-1,1713,874,872,-1,1713,872,1714,-1,1714,872,1578,-1,1714,1578,1715,-1,1715,1578,1716,-1,1716,1578,1579,-1,1716,1579,1717,-1,1717,1579,1580,-1,1717,1580,1718,-1,1718,1580,1719,-1,1719,1580,1581,-1,1719,1581,1720,-1,1720,1581,1721,-1,1721,1581,1582,-1,1721,1582,1722,-1,1722,1582,1723,-1,1723,1582,767,-1,1723,767,766,-1,857,851,1724,-1,1724,851,1725,-1,1724,1725,1726,-1,1726,1725,1727,-1,1726,1727,1728,-1,1728,1727,1729,-1,1728,1729,1730,-1,1730,1729,1731,-1,1730,1731,1732,-1,1732,1731,1733,-1,1732,1733,1734,-1,1734,1733,1735,-1,1734,1735,1736,-1,1736,1735,1737,-1,1736,1737,1738,-1,1738,1737,1739,-1,1738,1739,1740,-1,1740,1739,1741,-1,1740,1741,1742,-1,1742,1741,1743,-1,1742,1743,1744,-1,1744,1743,1745,-1,1744,1745,870,-1,870,1745,880,-1,845,843,1746,-1,1746,843,1613,-1,1746,1613,1747,-1,1747,1613,1614,-1,1747,1614,1748,-1,1748,1614,1615,-1,1748,1615,1749,-1,1749,1615,1616,-1,1749,1616,1750,-1,1750,1616,1617,-1,1750,1617,886,-1,886,1617,887,-1,840,841,1751,-1,1751,841,1583,-1,1751,1583,1752,-1,1752,1583,1590,-1,1752,1590,1753,-1,1753,1590,1594,-1,1753,1594,1754,-1,1754,1594,1599,-1,1754,1599,1755,-1,1755,1599,1604,-1,1755,1604,842,-1,842,1604,843,-1,1756,784,783,-1,1756,783,1757,-1,1757,783,1619,-1,1757,1619,1758,-1,1758,1619,1642,-1,1758,1642,1759,-1,1759,1642,1760,-1,1760,1642,1636,-1,1760,1636,1761,-1,1761,1636,1762,-1,1762,1636,1625,-1,1762,1625,1763,-1,1763,1625,1764,-1,1764,1625,1624,-1,1764,1624,1765,-1,1765,1624,1766,-1,1766,1624,838,-1,1766,838,840,-1,739,1648,740,-1,740,1648,1767,-1,740,1767,741,-1,741,1767,1768,-1,741,1768,742,-1,742,1768,1769,-1,742,1769,743,-1,743,1769,1770,-1,743,1770,747,-1,747,1770,1771,-1,747,1771,746,-1,746,1771,1662,-1,1648,1650,1767,-1,1767,1650,1772,-1,1767,1772,1768,-1,1768,1772,1773,-1,1768,1773,1769,-1,1769,1773,1774,-1,1769,1774,1770,-1,1770,1774,1775,-1,1770,1775,1771,-1,1771,1775,1776,-1,1771,1776,1662,-1,1662,1776,1661,-1,1650,1652,1772,-1,1772,1652,1777,-1,1772,1777,1773,-1,1773,1777,1778,-1,1773,1778,1774,-1,1774,1778,1779,-1,1774,1779,1775,-1,1775,1779,1780,-1,1775,1780,1776,-1,1776,1780,1781,-1,1776,1781,1661,-1,1661,1781,1660,-1,1652,1654,1777,-1,1777,1654,1782,-1,1777,1782,1778,-1,1778,1782,1783,-1,1778,1783,1779,-1,1779,1783,1784,-1,1779,1784,1780,-1,1780,1784,1785,-1,1780,1785,1781,-1,1781,1785,1786,-1,1781,1786,1660,-1,1660,1786,1659,-1,1654,1656,1782,-1,1782,1656,1787,-1,1782,1787,1783,-1,1783,1787,1788,-1,1783,1788,1784,-1,1784,1788,1789,-1,1784,1789,1785,-1,1785,1789,1790,-1,1785,1790,1786,-1,1786,1790,1791,-1,1786,1791,1659,-1,1659,1791,1658,-1,1656,803,1787,-1,1787,803,1792,-1,1787,1792,1788,-1,1788,1792,1793,-1,1788,1793,1789,-1,1789,1793,1794,-1,1789,1794,1790,-1,1790,1794,1795,-1,1790,1795,1791,-1,1791,1795,1796,-1,1791,1796,1658,-1,1658,1796,759,-1,1797,748,758,-1,766,765,1723,-1,1723,765,1798,-1,1723,1798,1722,-1,1722,1798,1799,-1,758,1800,1797,-1,1797,1800,1801,-1,1797,1801,1802,-1,1803,1720,1799,-1,1799,1720,1721,-1,1799,1721,1722,-1,1801,1804,1802,-1,1802,1804,1805,-1,1802,1805,1806,-1,1807,1718,1803,-1,1803,1718,1719,-1,1803,1719,1720,-1,1805,1808,1806,-1,1806,1808,1809,-1,1806,1809,1810,-1,1714,1715,1811,-1,1811,1715,1716,-1,1811,1716,1807,-1,1807,1716,1717,-1,1807,1717,1718,-1,765,752,1798,-1,1798,752,1812,-1,1798,1812,1799,-1,1799,1812,1813,-1,1799,1813,1803,-1,1803,1813,1814,-1,1803,1814,1807,-1,1807,1814,1815,-1,1807,1815,1811,-1,1811,1815,1816,-1,752,751,1812,-1,1812,751,1817,-1,1812,1817,1813,-1,1813,1817,1818,-1,1813,1818,1814,-1,1814,1818,1819,-1,1814,1819,1815,-1,1815,1819,1820,-1,1815,1820,1816,-1,1816,1820,1821,-1,751,749,1817,-1,1817,749,1822,-1,1817,1822,1818,-1,1818,1822,1823,-1,1818,1823,1819,-1,1819,1823,1824,-1,1819,1824,1820,-1,1820,1824,1825,-1,1820,1825,1821,-1,1821,1825,1826,-1,749,748,1822,-1,1822,748,1797,-1,1822,1797,1823,-1,1823,1797,1802,-1,1823,1802,1824,-1,1824,1802,1806,-1,1824,1806,1825,-1,1825,1806,1810,-1,1825,1810,1826,-1,1826,1810,1827,-1,874,1713,1828,-1,1828,1713,1714,-1,1809,1829,1810,-1,1810,1829,1830,-1,1810,1830,1827,-1,1827,1830,1831,-1,1827,1831,1832,-1,1714,1811,1828,-1,1828,1811,1816,-1,1828,1816,1833,-1,1833,1816,1821,-1,1833,1821,1834,-1,1834,1821,1826,-1,1834,1826,1835,-1,1835,1826,1827,-1,1835,1827,1836,-1,1836,1827,1832,-1,1836,1832,1837,-1,874,1828,1838,-1,1838,1828,1833,-1,1838,1833,1839,-1,1839,1833,1834,-1,1839,1834,1840,-1,1840,1834,1835,-1,1840,1835,1841,-1,1841,1835,1836,-1,1841,1836,1842,-1,1842,1836,1837,-1,1842,1837,837,-1,1698,857,1724,-1,1724,1726,1843,-1,1843,1726,1728,-1,1844,1730,1732,-1,1845,1734,1736,-1,1846,1738,1740,-1,1847,1742,1744,-1,1724,1843,1698,-1,1698,1843,1848,-1,1698,1848,1699,-1,1849,1848,1850,-1,1850,1848,1843,-1,1850,1843,1844,-1,1844,1843,1728,-1,1844,1728,1730,-1,1851,1700,1699,-1,1852,1849,1853,-1,1853,1849,1850,-1,1853,1850,1854,-1,1854,1850,1844,-1,1854,1844,1845,-1,1845,1844,1732,-1,1845,1732,1734,-1,1855,1701,1700,-1,1856,1852,1857,-1,1857,1852,1853,-1,1857,1853,1858,-1,1858,1853,1854,-1,1858,1854,1859,-1,1859,1854,1845,-1,1859,1845,1846,-1,1846,1845,1736,-1,1846,1736,1738,-1,864,1702,1860,-1,1860,1702,1701,-1,1701,1855,1860,-1,1860,1855,1861,-1,1860,1861,864,-1,1700,1851,1855,-1,1855,1851,1862,-1,1855,1862,1861,-1,1861,1862,1863,-1,1861,1863,864,-1,864,1856,1864,-1,1864,1856,1857,-1,1864,1857,1865,-1,1865,1857,1858,-1,1865,1858,1866,-1,1866,1858,1859,-1,1866,1859,1867,-1,1867,1859,1846,-1,1867,1846,1847,-1,1847,1846,1740,-1,1847,1740,1742,-1,864,1864,1868,-1,1868,1864,1865,-1,1868,1865,1869,-1,1869,1865,1866,-1,1869,1866,1870,-1,1870,1866,1867,-1,1870,1867,1871,-1,1871,1867,1847,-1,1871,1847,1872,-1,1872,1847,1744,-1,1872,1744,870,-1,1699,1848,1851,-1,1851,1848,1849,-1,1851,1849,1862,-1,1862,1849,1852,-1,1862,1852,1863,-1,1863,1852,1856,-1,1863,1856,864,-1,827,1712,828,-1,828,1712,1873,-1,828,1873,829,-1,829,1873,1874,-1,829,1874,819,-1,819,1874,1875,-1,819,1875,820,-1,820,1875,1876,-1,820,1876,821,-1,821,1876,1877,-1,821,1877,822,-1,822,1877,1878,-1,1712,1711,1873,-1,1873,1711,1879,-1,1873,1879,1874,-1,1874,1879,1880,-1,1874,1880,1875,-1,1875,1880,1881,-1,1875,1881,1876,-1,1876,1881,1882,-1,1876,1882,1877,-1,1877,1882,1883,-1,1877,1883,1878,-1,1878,1883,1884,-1,1711,1710,1879,-1,1879,1710,1885,-1,1879,1885,1880,-1,1880,1885,1886,-1,1880,1886,1881,-1,1881,1886,1887,-1,1881,1887,1882,-1,1882,1887,1888,-1,1882,1888,1883,-1,1883,1888,1889,-1,1883,1889,1884,-1,1884,1889,1890,-1,1710,1709,1885,-1,1885,1709,1891,-1,1885,1891,1886,-1,1886,1891,1892,-1,1886,1892,1887,-1,1887,1892,1893,-1,1887,1893,1888,-1,1888,1893,1894,-1,1888,1894,1889,-1,1889,1894,1895,-1,1889,1895,1890,-1,1890,1895,1896,-1,1709,1708,1891,-1,1891,1708,1897,-1,1891,1897,1892,-1,1892,1897,1898,-1,1892,1898,1893,-1,1893,1898,1899,-1,1893,1899,1894,-1,1894,1899,1900,-1,1894,1900,1895,-1,1895,1900,1901,-1,1895,1901,1896,-1,1896,1901,1902,-1,1708,891,1897,-1,1897,891,1703,-1,1897,1703,1898,-1,1898,1703,1704,-1,1898,1704,1899,-1,1899,1704,1705,-1,1899,1705,1900,-1,1900,1705,1706,-1,1900,1706,1901,-1,1901,1706,1707,-1,1901,1707,1902,-1,1902,1707,867,-1,1745,1743,1903,-1,1741,1739,1904,-1,1737,1735,1905,-1,1733,1731,1906,-1,1729,1727,1907,-1,1725,851,1908,-1,845,1746,1909,-1,1909,1746,1910,-1,1909,1910,1911,-1,1911,1910,1912,-1,1911,1912,1913,-1,1913,1912,1914,-1,1913,1914,1915,-1,1915,1914,1916,-1,1915,1916,1908,-1,1908,1916,1907,-1,1908,1907,1725,-1,1725,1907,1727,-1,1746,1747,1910,-1,1910,1747,1917,-1,1910,1917,1912,-1,1912,1917,1918,-1,1912,1918,1914,-1,1914,1918,1919,-1,1914,1919,1916,-1,1916,1919,1920,-1,1916,1920,1907,-1,1907,1920,1906,-1,1907,1906,1729,-1,1729,1906,1731,-1,1747,1748,1917,-1,1917,1748,1921,-1,1917,1921,1918,-1,1918,1921,1922,-1,1918,1922,1919,-1,1919,1922,1923,-1,1919,1923,1920,-1,1920,1923,1924,-1,1920,1924,1906,-1,1906,1924,1905,-1,1906,1905,1733,-1,1733,1905,1735,-1,1748,1749,1921,-1,1921,1749,1925,-1,1921,1925,1922,-1,1922,1925,1926,-1,1922,1926,1923,-1,1923,1926,1927,-1,1923,1927,1924,-1,1924,1927,1928,-1,1924,1928,1905,-1,1905,1928,1904,-1,1905,1904,1737,-1,1737,1904,1739,-1,1749,1750,1925,-1,1925,1750,1929,-1,1925,1929,1926,-1,1926,1929,1930,-1,1926,1930,1927,-1,1927,1930,1931,-1,1927,1931,1928,-1,1928,1931,1932,-1,1928,1932,1904,-1,1904,1932,1903,-1,1904,1903,1741,-1,1741,1903,1743,-1,1750,886,1929,-1,1929,886,885,-1,1929,885,1930,-1,1930,885,884,-1,1930,884,1931,-1,1931,884,883,-1,1931,883,1932,-1,1932,883,882,-1,1932,882,1903,-1,1903,882,881,-1,1903,881,1745,-1,1745,881,880,-1,1933,779,784,-1,787,786,1934,-1,1934,786,1935,-1,1934,1935,1936,-1,1936,1935,1937,-1,784,1756,1933,-1,1933,1756,1757,-1,1933,1757,1938,-1,1939,1940,1937,-1,1937,1940,1941,-1,1937,1941,1936,-1,1757,1758,1938,-1,1938,1758,1759,-1,1938,1759,1942,-1,1943,1944,1939,-1,1939,1944,1945,-1,1939,1945,1940,-1,1759,1760,1942,-1,1942,1760,1761,-1,1942,1761,1946,-1,1947,1948,1949,-1,1949,1948,1950,-1,1949,1950,1943,-1,1943,1950,1951,-1,1943,1951,1944,-1,786,785,1935,-1,1935,785,1952,-1,1935,1952,1937,-1,1937,1952,1953,-1,1937,1953,1939,-1,1939,1953,1954,-1,1939,1954,1943,-1,1943,1954,1955,-1,1943,1955,1949,-1,1949,1955,1956,-1,785,781,1952,-1,1952,781,1957,-1,1952,1957,1953,-1,1953,1957,1958,-1,1953,1958,1954,-1,1954,1958,1959,-1,1954,1959,1955,-1,1955,1959,1960,-1,1955,1960,1956,-1,1956,1960,1961,-1,781,780,1957,-1,1957,780,1962,-1,1957,1962,1958,-1,1958,1962,1963,-1,1958,1963,1959,-1,1959,1963,1964,-1,1959,1964,1960,-1,1960,1964,1965,-1,1960,1965,1961,-1,1961,1965,1966,-1,780,779,1962,-1,1962,779,1933,-1,1962,1933,1963,-1,1963,1933,1938,-1,1963,1938,1964,-1,1964,1938,1942,-1,1964,1942,1965,-1,1965,1942,1946,-1,1965,1946,1966,-1,1966,1946,1967,-1,842,1968,1969,-1,1969,1968,1947,-1,1761,1762,1946,-1,1946,1762,1763,-1,1946,1763,1967,-1,1967,1763,1764,-1,1967,1764,1765,-1,1947,1949,1969,-1,1969,1949,1956,-1,1969,1956,1970,-1,1970,1956,1961,-1,1970,1961,1971,-1,1971,1961,1966,-1,1971,1966,1972,-1,1972,1966,1967,-1,1972,1967,1973,-1,1973,1967,1765,-1,1973,1765,1766,-1,842,1969,1755,-1,1755,1969,1970,-1,1755,1970,1754,-1,1754,1970,1971,-1,1754,1971,1753,-1,1753,1971,1972,-1,1753,1972,1752,-1,1752,1972,1973,-1,1752,1973,1751,-1,1751,1973,1766,-1,1751,1766,840,-1,760,759,1796,-1,760,1796,1974,-1,1974,1796,1795,-1,1974,1795,1975,-1,1975,1795,1794,-1,1975,1794,1976,-1,1976,1794,1793,-1,1976,1793,1977,-1,1977,1793,1792,-1,1977,1792,1978,-1,1978,1792,803,-1,1978,803,802,-1,1800,758,760,-1,1800,760,1801,-1,1801,760,1979,-1,1801,1979,1804,-1,1804,1979,1805,-1,1805,1979,1980,-1,1805,1980,1808,-1,1808,1980,1809,-1,1809,1980,1981,-1,1809,1981,1829,-1,1829,1981,1982,-1,1829,1982,1830,-1,1830,1982,1831,-1,1831,1982,1983,-1,1831,1983,1832,-1,1832,1983,1837,-1,1837,1983,836,-1,1837,836,837,-1,837,835,1842,-1,1842,835,1984,-1,1842,1984,1841,-1,1841,1984,1985,-1,1841,1985,1840,-1,1840,1985,1986,-1,1840,1986,1839,-1,1839,1986,1987,-1,1839,1987,1838,-1,1838,1987,1988,-1,1838,1988,874,-1,874,1988,876,-1,865,864,1989,-1,1989,864,1868,-1,1989,1868,1990,-1,1990,1868,1869,-1,1990,1869,1991,-1,1991,1869,1870,-1,1991,1870,1992,-1,1992,1870,1871,-1,1992,1871,1993,-1,1993,1871,1872,-1,1993,1872,869,-1,869,1872,870,-1,867,865,1902,-1,1902,865,1994,-1,1902,1994,1896,-1,1896,1994,1995,-1,1896,1995,1890,-1,1890,1995,1996,-1,1890,1996,1884,-1,1884,1996,1997,-1,1884,1997,1878,-1,1878,1997,1998,-1,1878,1998,822,-1,822,1998,823,-1,889,1999,552,-1,552,1999,554,-1,1999,2000,554,-1,554,2000,2001,-1,554,2001,555,-1,2001,2002,555,-1,555,2002,2003,-1,555,2003,542,-1,2003,2004,542,-1,542,2004,2005,-1,542,2005,544,-1,544,2005,2006,-1,544,2006,546,-1,2006,2007,546,-1,546,2007,2008,-1,546,2008,548,-1,548,2008,2009,-1,548,2009,862,-1,851,854,2010,-1,851,2010,1908,-1,1908,2010,2011,-1,1908,2011,1915,-1,1915,2011,2012,-1,1915,2012,1913,-1,1913,2012,2013,-1,1913,2013,1911,-1,1911,2013,2014,-1,1911,2014,1909,-1,1909,2014,844,-1,1909,844,845,-1,787,1934,791,-1,791,1934,2015,-1,1934,1936,2015,-1,2015,1936,1941,-1,2015,1941,2016,-1,1941,1940,2016,-1,2016,1940,1945,-1,2016,1945,2017,-1,1945,1944,2017,-1,2017,1944,1951,-1,2017,1951,2018,-1,1951,1950,2018,-1,2018,1950,1948,-1,2018,1948,2019,-1,842,844,1968,-1,1968,844,2019,-1,1968,2019,1947,-1,1947,2019,1948,-1,2020,836,1983,-1,2021,2022,2023,-1,2024,2025,2026,-1,2027,2028,2029,-1,2030,2031,2032,-1,2033,2034,2035,-1,2034,2030,2035,-1,2035,2030,2032,-1,2035,2032,2036,-1,2036,2032,2037,-1,2036,2037,2038,-1,2038,2037,2039,-1,2038,2039,2040,-1,2040,2039,2041,-1,2040,2041,2042,-1,2042,2041,2043,-1,2042,2043,760,-1,2031,2027,2032,-1,2032,2027,2029,-1,2032,2029,2037,-1,2037,2029,2044,-1,2037,2044,2039,-1,2039,2044,2045,-1,2039,2045,2041,-1,2041,2045,2046,-1,2041,2046,2043,-1,2043,2046,2047,-1,2043,2047,760,-1,802,2033,1978,-1,1978,2033,2035,-1,1978,2035,1977,-1,1977,2035,2036,-1,1977,2036,1976,-1,1976,2036,2038,-1,1976,2038,1975,-1,1975,2038,2040,-1,1975,2040,1974,-1,1974,2040,2042,-1,1974,2042,760,-1,2025,2021,2026,-1,2026,2021,2023,-1,2026,2023,2048,-1,2048,2023,2049,-1,2048,2049,2050,-1,2050,2049,2051,-1,2050,2051,2052,-1,2052,2051,2053,-1,2052,2053,2054,-1,2054,2053,2055,-1,2054,2055,760,-1,2022,2020,2023,-1,2023,2020,1983,-1,2023,1983,2049,-1,2049,1983,1982,-1,2049,1982,2051,-1,2051,1982,1981,-1,2051,1981,2053,-1,2053,1981,1980,-1,2053,1980,2055,-1,2055,1980,1979,-1,2055,1979,760,-1,2028,2024,2029,-1,2029,2024,2026,-1,2029,2026,2044,-1,2044,2026,2048,-1,2044,2048,2045,-1,2045,2048,2050,-1,2045,2050,2046,-1,2046,2050,2052,-1,2046,2052,2047,-1,2047,2052,2054,-1,2047,2054,760,-1,876,1988,2056,-1,876,2056,2057,-1,2057,2056,2058,-1,2057,2058,2059,-1,2060,2058,2061,-1,2061,2058,2056,-1,2061,2056,2062,-1,2062,2056,1988,-1,2062,1988,1987,-1,2063,2064,2059,-1,2065,2060,2066,-1,2066,2060,2061,-1,2066,2061,2067,-1,2067,2061,2062,-1,2067,2062,2068,-1,2068,2062,1987,-1,2068,1987,1986,-1,2069,2070,2064,-1,2071,2065,2072,-1,2072,2065,2066,-1,2072,2066,2073,-1,2073,2066,2067,-1,2073,2067,2074,-1,2074,2067,2068,-1,2074,2068,2075,-1,2075,2068,1986,-1,2075,1986,1985,-1,833,2076,2077,-1,2077,2076,2070,-1,2070,2069,2077,-1,2077,2069,2078,-1,2077,2078,833,-1,2064,2063,2069,-1,2069,2063,2079,-1,2069,2079,2078,-1,2078,2079,2080,-1,2078,2080,833,-1,833,2071,2081,-1,2081,2071,2072,-1,2081,2072,2082,-1,2082,2072,2073,-1,2082,2073,2083,-1,2083,2073,2074,-1,2083,2074,2084,-1,2084,2074,2075,-1,2084,2075,2085,-1,2085,2075,1985,-1,2085,1985,1984,-1,833,2081,2086,-1,2086,2081,2082,-1,2086,2082,2087,-1,2087,2082,2083,-1,2087,2083,2088,-1,2088,2083,2084,-1,2088,2084,2089,-1,2089,2084,2085,-1,2089,2085,2090,-1,2090,2085,1984,-1,2090,1984,835,-1,2059,2058,2063,-1,2063,2058,2060,-1,2063,2060,2079,-1,2079,2060,2065,-1,2079,2065,2080,-1,2080,2065,2071,-1,2080,2071,833,-1,869,2091,2092,-1,869,2092,1993,-1,1993,2092,2093,-1,1993,2093,1992,-1,2094,2093,2095,-1,2095,2093,2092,-1,2095,2092,2096,-1,2096,2092,2091,-1,2096,2091,2097,-1,2098,1991,1992,-1,2099,2094,2100,-1,2100,2094,2095,-1,2100,2095,2101,-1,2101,2095,2096,-1,2101,2096,2102,-1,2102,2096,2097,-1,2102,2097,2103,-1,2104,1990,1991,-1,2105,2099,2106,-1,2106,2099,2100,-1,2106,2100,2107,-1,2107,2100,2101,-1,2107,2101,2108,-1,2108,2101,2102,-1,2108,2102,2109,-1,2109,2102,2103,-1,2109,2103,2110,-1,865,1989,2111,-1,2111,1989,1990,-1,1990,2104,2111,-1,2111,2104,2112,-1,2111,2112,865,-1,1991,2098,2104,-1,2104,2098,2113,-1,2104,2113,2112,-1,2112,2113,2114,-1,2112,2114,865,-1,865,2105,2115,-1,2115,2105,2106,-1,2115,2106,2116,-1,2116,2106,2107,-1,2116,2107,2117,-1,2117,2107,2108,-1,2117,2108,2118,-1,2118,2108,2109,-1,2118,2109,2119,-1,2119,2109,2110,-1,2119,2110,2120,-1,865,2115,1994,-1,1994,2115,2116,-1,1994,2116,1995,-1,1995,2116,2117,-1,1995,2117,1996,-1,1996,2117,2118,-1,1996,2118,1997,-1,1997,2118,2119,-1,1997,2119,1998,-1,1998,2119,2120,-1,1998,2120,823,-1,1992,2093,2098,-1,2098,2093,2094,-1,2098,2094,2113,-1,2113,2094,2099,-1,2113,2099,2114,-1,2114,2099,2105,-1,2114,2105,865,-1,2000,1999,2121,-1,2122,2123,2124,-1,2002,2001,2125,-1,2126,2127,2128,-1,2004,2003,2129,-1,2130,2131,2132,-1,2006,2005,2133,-1,2134,2135,2136,-1,2008,2007,2137,-1,2138,2139,2140,-1,862,2009,863,-1,863,2009,2141,-1,863,2141,848,-1,848,2141,2142,-1,848,2142,850,-1,850,2142,2143,-1,850,2143,852,-1,852,2143,2144,-1,852,2144,856,-1,856,2144,2140,-1,856,2140,855,-1,855,2140,2139,-1,2009,2008,2141,-1,2141,2008,2137,-1,2141,2137,2142,-1,2142,2137,2145,-1,2142,2145,2143,-1,2143,2145,2146,-1,2143,2146,2144,-1,2144,2146,2147,-1,2144,2147,2140,-1,2140,2147,2136,-1,2140,2136,2138,-1,2138,2136,2135,-1,2007,2006,2137,-1,2137,2006,2133,-1,2137,2133,2145,-1,2145,2133,2148,-1,2145,2148,2146,-1,2146,2148,2149,-1,2146,2149,2147,-1,2147,2149,2150,-1,2147,2150,2136,-1,2136,2150,2132,-1,2136,2132,2134,-1,2134,2132,2131,-1,2005,2004,2133,-1,2133,2004,2129,-1,2133,2129,2148,-1,2148,2129,2151,-1,2148,2151,2149,-1,2149,2151,2152,-1,2149,2152,2150,-1,2150,2152,2153,-1,2150,2153,2132,-1,2132,2153,2128,-1,2132,2128,2130,-1,2130,2128,2127,-1,2003,2002,2129,-1,2129,2002,2125,-1,2129,2125,2151,-1,2151,2125,2154,-1,2151,2154,2152,-1,2152,2154,2155,-1,2152,2155,2153,-1,2153,2155,2156,-1,2153,2156,2128,-1,2128,2156,2124,-1,2128,2124,2126,-1,2126,2124,2123,-1,2001,2000,2125,-1,2125,2000,2121,-1,2125,2121,2154,-1,2154,2121,2157,-1,2154,2157,2155,-1,2155,2157,2158,-1,2155,2158,2156,-1,2156,2158,2159,-1,2156,2159,2124,-1,2124,2159,2160,-1,2124,2160,2122,-1,2122,2160,2161,-1,1999,889,2121,-1,2121,889,2162,-1,2121,2162,2157,-1,2157,2162,2163,-1,2157,2163,2158,-1,2158,2163,2164,-1,2158,2164,2159,-1,2159,2164,2165,-1,2159,2165,2160,-1,2160,2165,2166,-1,2160,2166,2161,-1,2161,2166,31,-1,2167,2168,2169,-1,2169,2168,2170,-1,2169,2170,2171,-1,2171,2170,2172,-1,2171,2172,2173,-1,2173,2172,2174,-1,2173,2174,2175,-1,2175,2174,2176,-1,2175,2176,2177,-1,2177,2176,2178,-1,2177,2178,844,-1,2168,2179,2170,-1,2170,2179,2180,-1,2170,2180,2172,-1,2172,2180,2181,-1,2172,2181,2174,-1,2174,2181,2182,-1,2174,2182,2176,-1,2176,2182,2183,-1,2176,2183,2178,-1,2178,2183,2184,-1,2178,2184,844,-1,854,2167,2010,-1,2010,2167,2169,-1,2010,2169,2011,-1,2011,2169,2171,-1,2011,2171,2012,-1,2012,2171,2173,-1,2012,2173,2013,-1,2013,2173,2175,-1,2013,2175,2014,-1,2014,2175,2177,-1,2014,2177,844,-1,2185,2186,2187,-1,2187,2186,2188,-1,2187,2188,2189,-1,2189,2188,2190,-1,2189,2190,2191,-1,2191,2190,2192,-1,2191,2192,2193,-1,2193,2192,2194,-1,2193,2194,2195,-1,2195,2194,2196,-1,2195,2196,844,-1,2186,791,2188,-1,2188,791,2015,-1,2188,2015,2190,-1,2190,2015,2016,-1,2190,2016,2192,-1,2192,2016,2017,-1,2192,2017,2194,-1,2194,2017,2018,-1,2194,2018,2196,-1,2196,2018,2019,-1,2196,2019,844,-1,2179,2185,2180,-1,2180,2185,2187,-1,2180,2187,2181,-1,2181,2187,2189,-1,2181,2189,2182,-1,2182,2189,2191,-1,2182,2191,2183,-1,2183,2191,2193,-1,2183,2193,2184,-1,2184,2193,2195,-1,2184,2195,844,-1,804,2197,802,-1,802,2197,2033,-1,2033,2197,2034,-1,2034,2197,2198,-1,2034,2198,2030,-1,2030,2198,2199,-1,2030,2199,2031,-1,2031,2199,2200,-1,2031,2200,2027,-1,2027,2200,2201,-1,2027,2201,2028,-1,2028,2201,2202,-1,2028,2202,2024,-1,2024,2202,2203,-1,2024,2203,2025,-1,2025,2203,2204,-1,2025,2204,2021,-1,2021,2204,2205,-1,2021,2205,2022,-1,2022,2205,2206,-1,2022,2206,2020,-1,2206,2207,2020,-1,2020,2207,834,-1,2020,834,836,-1,832,833,2208,-1,2208,833,2086,-1,2208,2086,2209,-1,2209,2086,2087,-1,2209,2087,2210,-1,2210,2087,2088,-1,2210,2088,2211,-1,2211,2088,2089,-1,2211,2089,2212,-1,2212,2089,2090,-1,2212,2090,834,-1,834,2090,835,-1,831,2213,833,-1,833,2213,2076,-1,2213,2214,2076,-1,2076,2214,2215,-1,2076,2215,2070,-1,2215,2216,2070,-1,2070,2216,2217,-1,2070,2217,2064,-1,2217,2218,2064,-1,2064,2218,2219,-1,2064,2219,2059,-1,2219,2220,2059,-1,2059,2220,2221,-1,2059,2221,2057,-1,875,876,2222,-1,2222,876,2057,-1,2222,2057,2223,-1,2223,2057,2221,-1,814,823,2224,-1,2224,823,2120,-1,2224,2120,2225,-1,2225,2120,2226,-1,2226,2120,2110,-1,2226,2110,2227,-1,2227,2110,2228,-1,2228,2110,2103,-1,2228,2103,2229,-1,2229,2103,2230,-1,2230,2103,2097,-1,2230,2097,2231,-1,2231,2097,2232,-1,2232,2097,2091,-1,2232,2091,2233,-1,2233,2091,2234,-1,2234,2091,869,-1,2234,869,868,-1,574,818,575,-1,575,818,2235,-1,575,2235,563,-1,2235,2236,563,-1,563,2236,2237,-1,563,2237,565,-1,565,2237,2238,-1,2238,2239,565,-1,565,2239,2240,-1,565,2240,567,-1,2240,2241,567,-1,567,2241,2242,-1,567,2242,569,-1,2242,2243,569,-1,569,2243,2244,-1,569,2244,570,-1,570,2244,2245,-1,570,2245,572,-1,572,2245,888,-1,889,888,2246,-1,889,2246,2162,-1,2162,2246,2247,-1,2162,2247,2163,-1,2163,2247,2248,-1,2163,2248,2164,-1,2164,2248,2249,-1,2164,2249,2165,-1,2165,2249,2250,-1,2165,2250,2166,-1,2166,2250,33,-1,2166,33,31,-1,855,2139,853,-1,853,2139,2251,-1,2139,2138,2251,-1,2251,2138,2135,-1,2251,2135,2252,-1,2135,2134,2252,-1,2252,2134,2131,-1,2252,2131,2253,-1,2253,2131,2130,-1,2253,2130,2254,-1,2130,2127,2254,-1,2254,2127,2126,-1,2254,2126,2255,-1,2126,2123,2255,-1,2255,2123,2122,-1,2255,2122,30,-1,30,2122,2161,-1,30,2161,31,-1,792,791,2256,-1,2256,791,2186,-1,2256,2186,2257,-1,2257,2186,2258,-1,2258,2186,2185,-1,2258,2185,2259,-1,2259,2185,2260,-1,2260,2185,2179,-1,2260,2179,2261,-1,2261,2179,2262,-1,2262,2179,2168,-1,2262,2168,2263,-1,2263,2168,2264,-1,2264,2168,2167,-1,2264,2167,2265,-1,2265,2167,2266,-1,2266,2167,854,-1,2266,854,853,-1,804,805,2197,-1,2197,805,2267,-1,2197,2267,2198,-1,2198,2267,2199,-1,2199,2267,2268,-1,2199,2268,2200,-1,2200,2268,2201,-1,2201,2268,2269,-1,2201,2269,2202,-1,2202,2269,2203,-1,2203,2269,2270,-1,2203,2270,2204,-1,2204,2270,2205,-1,2205,2270,2271,-1,2205,2271,2206,-1,2206,2271,2207,-1,2207,2271,2212,-1,2207,2212,834,-1,805,801,2267,-1,2267,801,2272,-1,2267,2272,2268,-1,2268,2272,2273,-1,2268,2273,2269,-1,2269,2273,2274,-1,2269,2274,2270,-1,2270,2274,2275,-1,2270,2275,2271,-1,2271,2275,2276,-1,2271,2276,2212,-1,2212,2276,2211,-1,801,800,2272,-1,2272,800,2277,-1,2272,2277,2273,-1,2273,2277,2278,-1,2273,2278,2274,-1,2274,2278,2279,-1,2274,2279,2275,-1,2275,2279,2280,-1,2275,2280,2276,-1,2276,2280,2281,-1,2276,2281,2211,-1,2211,2281,2210,-1,800,799,2277,-1,2277,799,2282,-1,2277,2282,2278,-1,2278,2282,2283,-1,2278,2283,2279,-1,2279,2283,2284,-1,2279,2284,2280,-1,2280,2284,2285,-1,2280,2285,2281,-1,2281,2285,2286,-1,2281,2286,2210,-1,2210,2286,2209,-1,799,794,2282,-1,2282,794,2287,-1,2282,2287,2283,-1,2283,2287,2288,-1,2283,2288,2284,-1,2284,2288,2289,-1,2284,2289,2285,-1,2285,2289,2290,-1,2285,2290,2286,-1,2286,2290,2291,-1,2286,2291,2209,-1,2209,2291,2208,-1,794,793,2287,-1,2287,793,2292,-1,2287,2292,2288,-1,2288,2292,2293,-1,2288,2293,2289,-1,2289,2293,2294,-1,2289,2294,2290,-1,2290,2294,2295,-1,2290,2295,2291,-1,2291,2295,2296,-1,2291,2296,2208,-1,2208,2296,832,-1,2233,2234,2297,-1,2223,2221,2298,-1,2231,2232,2299,-1,2220,2219,2300,-1,2229,2230,2301,-1,2218,2217,2302,-1,2227,2228,2303,-1,2216,2215,2304,-1,2225,2226,2305,-1,2214,2213,2306,-1,814,2224,2307,-1,2307,2224,2308,-1,2307,2308,2309,-1,2309,2308,2310,-1,2309,2310,2311,-1,2311,2310,2312,-1,2311,2312,2313,-1,2313,2312,2314,-1,2313,2314,2315,-1,2315,2314,2306,-1,2315,2306,831,-1,831,2306,2213,-1,2224,2225,2308,-1,2308,2225,2305,-1,2308,2305,2310,-1,2310,2305,2316,-1,2310,2316,2312,-1,2312,2316,2317,-1,2312,2317,2314,-1,2314,2317,2318,-1,2314,2318,2306,-1,2306,2318,2304,-1,2306,2304,2214,-1,2214,2304,2215,-1,2226,2227,2305,-1,2305,2227,2303,-1,2305,2303,2316,-1,2316,2303,2319,-1,2316,2319,2317,-1,2317,2319,2320,-1,2317,2320,2318,-1,2318,2320,2321,-1,2318,2321,2304,-1,2304,2321,2302,-1,2304,2302,2216,-1,2216,2302,2217,-1,2228,2229,2303,-1,2303,2229,2301,-1,2303,2301,2319,-1,2319,2301,2322,-1,2319,2322,2320,-1,2320,2322,2323,-1,2320,2323,2321,-1,2321,2323,2324,-1,2321,2324,2302,-1,2302,2324,2300,-1,2302,2300,2218,-1,2218,2300,2219,-1,2230,2231,2301,-1,2301,2231,2299,-1,2301,2299,2322,-1,2322,2299,2325,-1,2322,2325,2323,-1,2323,2325,2326,-1,2323,2326,2324,-1,2324,2326,2327,-1,2324,2327,2300,-1,2300,2327,2298,-1,2300,2298,2220,-1,2220,2298,2221,-1,2232,2233,2299,-1,2299,2233,2297,-1,2299,2297,2325,-1,2325,2297,2328,-1,2325,2328,2326,-1,2326,2328,2329,-1,2326,2329,2327,-1,2327,2329,2330,-1,2327,2330,2298,-1,2298,2330,2331,-1,2298,2331,2223,-1,2223,2331,2222,-1,2234,868,2297,-1,2297,868,879,-1,2297,879,2328,-1,2328,879,878,-1,2328,878,2329,-1,2329,878,877,-1,2329,877,2330,-1,2330,877,871,-1,2330,871,2331,-1,2331,871,873,-1,2331,873,2222,-1,2222,873,875,-1,2245,2244,2332,-1,2243,2242,2333,-1,2241,2240,2334,-1,2239,2238,2335,-1,2237,2236,2336,-1,2235,818,817,-1,824,2337,812,-1,812,2337,2338,-1,812,2338,813,-1,813,2338,2339,-1,813,2339,815,-1,815,2339,2340,-1,815,2340,816,-1,816,2340,2341,-1,816,2341,817,-1,817,2341,2336,-1,817,2336,2235,-1,2235,2336,2236,-1,2337,2342,2338,-1,2338,2342,2343,-1,2338,2343,2339,-1,2339,2343,2344,-1,2339,2344,2340,-1,2340,2344,2345,-1,2340,2345,2341,-1,2341,2345,2346,-1,2341,2346,2336,-1,2336,2346,2335,-1,2336,2335,2237,-1,2237,2335,2238,-1,2342,2347,2343,-1,2343,2347,2348,-1,2343,2348,2344,-1,2344,2348,2349,-1,2344,2349,2345,-1,2345,2349,2350,-1,2345,2350,2346,-1,2346,2350,2351,-1,2346,2351,2335,-1,2335,2351,2334,-1,2335,2334,2239,-1,2239,2334,2240,-1,2347,2352,2348,-1,2348,2352,2353,-1,2348,2353,2349,-1,2349,2353,2354,-1,2349,2354,2350,-1,2350,2354,2355,-1,2350,2355,2351,-1,2351,2355,2356,-1,2351,2356,2334,-1,2334,2356,2333,-1,2334,2333,2241,-1,2241,2333,2242,-1,2352,2357,2353,-1,2353,2357,2358,-1,2353,2358,2354,-1,2354,2358,2359,-1,2354,2359,2355,-1,2355,2359,2360,-1,2355,2360,2356,-1,2356,2360,2361,-1,2356,2361,2333,-1,2333,2361,2332,-1,2333,2332,2243,-1,2243,2332,2244,-1,2357,33,2358,-1,2358,33,2250,-1,2358,2250,2359,-1,2359,2250,2249,-1,2359,2249,2360,-1,2360,2249,2248,-1,2360,2248,2361,-1,2361,2248,2247,-1,2361,2247,2332,-1,2332,2247,2246,-1,2332,2246,2245,-1,2245,2246,888,-1,2362,776,792,-1,806,790,2363,-1,2363,790,2364,-1,2363,2364,2365,-1,2365,2364,2366,-1,792,2256,2362,-1,2362,2256,2257,-1,2362,2257,2367,-1,2368,2369,2366,-1,2366,2369,2370,-1,2366,2370,2365,-1,2257,2258,2367,-1,2367,2258,2259,-1,2367,2259,2371,-1,2372,2373,2368,-1,2368,2373,2374,-1,2368,2374,2369,-1,2259,2260,2371,-1,2371,2260,2261,-1,2371,2261,2375,-1,2376,2377,2378,-1,2378,2377,2379,-1,2378,2379,2372,-1,2372,2379,2380,-1,2372,2380,2373,-1,790,789,2364,-1,2364,789,2381,-1,2364,2381,2366,-1,2366,2381,2382,-1,2366,2382,2368,-1,2368,2382,2383,-1,2368,2383,2372,-1,2372,2383,2384,-1,2372,2384,2378,-1,2378,2384,2385,-1,789,788,2381,-1,2381,788,2386,-1,2381,2386,2382,-1,2382,2386,2387,-1,2382,2387,2383,-1,2383,2387,2388,-1,2383,2388,2384,-1,2384,2388,2389,-1,2384,2389,2385,-1,2385,2389,2390,-1,788,777,2386,-1,2386,777,2391,-1,2386,2391,2387,-1,2387,2391,2392,-1,2387,2392,2388,-1,2388,2392,2393,-1,2388,2393,2389,-1,2389,2393,2394,-1,2389,2394,2390,-1,2390,2394,2395,-1,777,776,2391,-1,2391,776,2362,-1,2391,2362,2392,-1,2392,2362,2367,-1,2392,2367,2393,-1,2393,2367,2371,-1,2393,2371,2394,-1,2394,2371,2375,-1,2394,2375,2395,-1,2395,2375,2396,-1,30,2397,2398,-1,2398,2397,2376,-1,2261,2262,2375,-1,2375,2262,2263,-1,2375,2263,2396,-1,2396,2263,2264,-1,2396,2264,2265,-1,2376,2378,2398,-1,2398,2378,2385,-1,2398,2385,2399,-1,2399,2385,2390,-1,2399,2390,2400,-1,2400,2390,2395,-1,2400,2395,2401,-1,2401,2395,2396,-1,2401,2396,2402,-1,2402,2396,2265,-1,2402,2265,2266,-1,30,2398,2255,-1,2255,2398,2399,-1,2255,2399,2254,-1,2254,2399,2400,-1,2254,2400,2253,-1,2253,2400,2401,-1,2253,2401,2252,-1,2252,2401,2402,-1,2252,2402,2251,-1,2251,2402,2266,-1,2251,2266,853,-1,793,809,2403,-1,793,2403,2292,-1,2292,2403,2404,-1,2292,2404,2293,-1,2293,2404,2405,-1,2293,2405,2294,-1,2294,2405,2406,-1,2294,2406,2295,-1,2295,2406,2407,-1,2295,2407,2296,-1,2296,2407,830,-1,2296,830,832,-1,831,830,2408,-1,831,2408,2315,-1,2315,2408,2409,-1,2315,2409,2313,-1,2313,2409,2410,-1,2313,2410,2311,-1,2311,2410,2411,-1,2311,2411,2309,-1,2309,2411,2412,-1,2309,2412,2307,-1,2307,2412,825,-1,2307,825,814,-1,32,33,2413,-1,2413,33,2357,-1,2413,2357,2414,-1,2414,2357,2352,-1,2414,2352,2415,-1,2415,2352,2347,-1,2415,2347,2416,-1,2416,2347,2342,-1,2416,2342,2417,-1,2417,2342,2337,-1,2417,2337,826,-1,826,2337,824,-1,807,806,2418,-1,2418,806,2363,-1,2418,2363,2419,-1,2419,2363,2365,-1,2419,2365,2420,-1,2420,2365,2370,-1,2420,2370,2421,-1,2421,2370,2369,-1,2421,2369,2422,-1,2422,2369,2374,-1,2422,2374,2423,-1,2423,2374,2373,-1,2423,2373,2424,-1,2424,2373,2380,-1,2424,2380,2425,-1,2425,2380,2379,-1,2425,2379,2426,-1,2426,2379,2377,-1,2426,2377,2427,-1,2427,2377,2376,-1,2427,2376,2428,-1,2428,2376,2397,-1,2428,2397,32,-1,32,2397,30,-1,2429,825,2412,-1,2430,2431,2432,-1,2433,2434,2435,-1,2436,2437,2438,-1,2439,2440,2441,-1,2442,2443,2444,-1,2443,2439,2444,-1,2444,2439,2441,-1,2444,2441,2445,-1,2445,2441,2446,-1,2445,2446,2447,-1,2447,2446,2448,-1,2447,2448,2449,-1,2449,2448,2450,-1,2449,2450,2451,-1,2451,2450,2452,-1,2451,2452,830,-1,2440,2436,2441,-1,2441,2436,2438,-1,2441,2438,2446,-1,2446,2438,2453,-1,2446,2453,2448,-1,2448,2453,2454,-1,2448,2454,2450,-1,2450,2454,2455,-1,2450,2455,2452,-1,2452,2455,2456,-1,2452,2456,830,-1,809,2442,2403,-1,2403,2442,2444,-1,2403,2444,2404,-1,2404,2444,2445,-1,2404,2445,2405,-1,2405,2445,2447,-1,2405,2447,2406,-1,2406,2447,2449,-1,2406,2449,2407,-1,2407,2449,2451,-1,2407,2451,830,-1,2434,2430,2435,-1,2435,2430,2432,-1,2435,2432,2457,-1,2457,2432,2458,-1,2457,2458,2459,-1,2459,2458,2460,-1,2459,2460,2461,-1,2461,2460,2462,-1,2461,2462,2463,-1,2463,2462,2464,-1,2463,2464,830,-1,2431,2429,2432,-1,2432,2429,2412,-1,2432,2412,2458,-1,2458,2412,2411,-1,2458,2411,2460,-1,2460,2411,2410,-1,2460,2410,2462,-1,2462,2410,2409,-1,2462,2409,2464,-1,2464,2409,2408,-1,2464,2408,830,-1,2437,2433,2438,-1,2438,2433,2435,-1,2438,2435,2453,-1,2453,2435,2457,-1,2453,2457,2454,-1,2454,2457,2459,-1,2454,2459,2455,-1,2455,2459,2461,-1,2455,2461,2456,-1,2456,2461,2463,-1,2456,2463,830,-1,826,2465,2466,-1,2467,808,807,-1,807,2418,2467,-1,2467,2418,2419,-1,2467,2419,2468,-1,2419,2420,2468,-1,2468,2420,2421,-1,2468,2421,2469,-1,2421,2422,2469,-1,2469,2422,2423,-1,2469,2423,2470,-1,810,811,2471,-1,2471,811,2472,-1,2471,2472,2473,-1,2473,2472,2474,-1,2473,2474,2475,-1,2475,2474,2476,-1,2475,2476,2477,-1,2477,2476,2478,-1,2477,2478,2479,-1,2479,2478,2480,-1,2479,2480,2465,-1,811,796,2472,-1,2472,796,2481,-1,2472,2481,2474,-1,2474,2481,2482,-1,2474,2482,2476,-1,2476,2482,2483,-1,2476,2483,2478,-1,2478,2483,2484,-1,2478,2484,2480,-1,2480,2484,2485,-1,796,797,2481,-1,2481,797,2486,-1,2481,2486,2482,-1,2482,2486,2487,-1,2482,2487,2483,-1,2483,2487,2488,-1,2483,2488,2484,-1,2484,2488,2489,-1,2484,2489,2485,-1,2485,2489,2490,-1,797,798,2486,-1,2486,798,2491,-1,2486,2491,2487,-1,2487,2491,2492,-1,2487,2492,2488,-1,2488,2492,2493,-1,2488,2493,2489,-1,2489,2493,2494,-1,2489,2494,2490,-1,2490,2494,2495,-1,798,808,2491,-1,2491,808,2467,-1,2491,2467,2492,-1,2492,2467,2468,-1,2492,2468,2493,-1,2493,2468,2469,-1,2493,2469,2494,-1,2494,2469,2470,-1,2494,2470,2495,-1,2495,2470,2496,-1,2423,2424,2470,-1,2470,2424,2425,-1,2470,2425,2496,-1,2496,2425,2426,-1,2496,2426,2427,-1,2465,2480,2466,-1,2466,2480,2485,-1,2466,2485,2497,-1,2497,2485,2490,-1,2497,2490,2498,-1,2498,2490,2495,-1,2498,2495,2499,-1,2499,2495,2496,-1,2499,2496,2500,-1,2500,2496,2427,-1,2500,2427,2428,-1,826,2466,2417,-1,2417,2466,2497,-1,2417,2497,2416,-1,2416,2497,2498,-1,2416,2498,2415,-1,2415,2498,2499,-1,2415,2499,2414,-1,2414,2499,2500,-1,2414,2500,2413,-1,2413,2500,2428,-1,2413,2428,32,-1,810,2471,809,-1,809,2471,2442,-1,2442,2471,2443,-1,2443,2471,2473,-1,2443,2473,2439,-1,2439,2473,2440,-1,2440,2473,2475,-1,2440,2475,2436,-1,2436,2475,2437,-1,2437,2475,2477,-1,2437,2477,2433,-1,2433,2477,2434,-1,2434,2477,2479,-1,2434,2479,2430,-1,2430,2479,2431,-1,2431,2479,2465,-1,2431,2465,2429,-1,2429,2465,826,-1,2429,826,825,-1,284,283,406,-1,406,2501,284,-1,284,2501,2502,-1,284,2502,285,-1,2502,2503,285,-1,285,2503,2504,-1,285,2504,267,-1,2504,2505,267,-1,267,2505,2506,-1,267,2506,266,-1,2506,2507,266,-1,266,2507,2508,-1,266,2508,265,-1,2508,2509,265,-1,265,2509,2510,-1,265,2510,270,-1,270,2510,2511,-1,270,2511,95,-1,95,2511,96,-1,2511,2510,2512,-1,2509,2508,2513,-1,2514,2515,2516,-1,2517,2518,2519,-1,2503,2502,2520,-1,2520,2502,2501,-1,393,2517,398,-1,398,2517,2519,-1,398,2519,400,-1,400,2519,2521,-1,400,2521,402,-1,402,2521,2522,-1,402,2522,404,-1,2505,2504,2523,-1,2523,2504,2503,-1,2518,2524,2519,-1,2519,2524,2515,-1,2519,2515,2521,-1,2521,2515,2514,-1,2521,2514,2522,-1,2507,2506,2525,-1,2525,2506,2505,-1,2508,2507,2513,-1,2513,2507,2525,-1,2513,2525,2526,-1,2503,2520,2523,-1,2523,2520,2527,-1,2523,2527,2528,-1,2528,2527,2529,-1,2528,2529,2530,-1,2530,2529,2531,-1,2530,2531,2532,-1,2524,2533,2515,-1,2515,2533,2534,-1,2515,2534,2516,-1,2516,2534,2535,-1,2516,2535,2536,-1,2536,2531,2516,-1,2516,2531,2529,-1,2516,2529,2514,-1,2514,2529,2527,-1,2514,2527,2522,-1,2522,2527,2520,-1,2522,2520,404,-1,404,2520,2501,-1,404,2501,406,-1,2510,2509,2512,-1,2512,2509,2513,-1,2512,2513,2537,-1,2537,2513,2526,-1,2537,2526,2538,-1,96,2511,101,-1,101,2511,2512,-1,101,2512,102,-1,102,2512,2537,-1,102,2537,103,-1,103,2537,2538,-1,103,2538,104,-1,2536,2539,2531,-1,2531,2539,2540,-1,2531,2540,2532,-1,2532,2540,2541,-1,2532,2541,2542,-1,2505,2523,2525,-1,2525,2523,2528,-1,2525,2528,2526,-1,2526,2528,2530,-1,2526,2530,2538,-1,2538,2530,2532,-1,2538,2532,104,-1,104,2532,2542,-1,104,2542,105,-1,2543,2517,393,-1,86,105,2542,-1,87,86,2544,-1,93,87,2545,-1,86,2542,2544,-1,2544,2542,2541,-1,2544,2541,2546,-1,2541,2540,2546,-1,2546,2540,2539,-1,2546,2539,2547,-1,2539,2536,2547,-1,2547,2536,2535,-1,2547,2535,2548,-1,93,2545,2549,-1,2549,2545,2550,-1,2549,2550,2551,-1,2551,2550,2552,-1,2551,2552,2553,-1,2553,2552,2554,-1,2553,2554,2555,-1,2555,2554,2556,-1,2555,2556,2557,-1,2557,2556,2558,-1,2557,2558,2559,-1,87,2544,2545,-1,2545,2544,2546,-1,2545,2546,2550,-1,2550,2546,2547,-1,2550,2547,2552,-1,2552,2547,2548,-1,2552,2548,2554,-1,2554,2548,2560,-1,2554,2560,2556,-1,2556,2560,2543,-1,2556,2543,2558,-1,2535,2534,2548,-1,2548,2534,2533,-1,2548,2533,2560,-1,2560,2533,2524,-1,2560,2524,2543,-1,2543,2524,2518,-1,2543,2518,2517,-1,390,2559,391,-1,391,2559,2558,-1,391,2558,396,-1,396,2558,2543,-1,396,2543,395,-1,395,2543,393,-1,180,178,2561,-1,2561,178,246,-1,2561,246,2562,-1,2562,246,245,-1,2562,245,2563,-1,2563,245,244,-1,2563,244,2564,-1,2564,244,243,-1,2564,243,2565,-1,2565,243,251,-1,2565,251,92,-1,92,251,88,-1,171,176,2566,-1,171,2566,2567,-1,2567,2566,2568,-1,2567,2568,2569,-1,2569,2568,179,-1,2569,179,180,-1,177,179,2570,-1,177,2570,254,-1,254,2570,2571,-1,254,2571,240,-1,240,2571,2572,-1,240,2572,241,-1,241,2572,2573,-1,241,2573,242,-1,242,2573,2574,-1,242,2574,247,-1,247,2574,206,-1,247,206,205,-1,2575,2576,2577,-1,380,2578,384,-1,384,2578,2579,-1,384,2579,386,-1,386,2579,2580,-1,386,2580,388,-1,388,2580,2581,-1,388,2581,390,-1,2582,2557,2559,-1,2578,2583,2579,-1,2579,2583,2576,-1,2579,2576,2580,-1,2580,2576,2575,-1,2580,2575,2581,-1,2584,2555,2557,-1,2585,2553,2555,-1,2557,2582,2584,-1,2584,2582,2586,-1,2584,2586,2587,-1,2587,2586,2588,-1,2587,2588,2589,-1,2583,2590,2576,-1,2576,2590,2591,-1,2576,2591,2577,-1,2577,2591,2592,-1,2577,2592,2593,-1,2593,2588,2577,-1,2577,2588,2586,-1,2577,2586,2575,-1,2575,2586,2582,-1,2575,2582,2581,-1,2581,2582,2559,-1,2581,2559,390,-1,2551,2553,2594,-1,2594,2553,2585,-1,2594,2585,2595,-1,2549,2551,2596,-1,2596,2551,2594,-1,2596,2594,2597,-1,2597,2594,2595,-1,2597,2595,2598,-1,2593,2599,2588,-1,2588,2599,2600,-1,2588,2600,2589,-1,2589,2600,2601,-1,2589,2601,2602,-1,2555,2584,2585,-1,2585,2584,2587,-1,2585,2587,2595,-1,2595,2587,2589,-1,2595,2589,2598,-1,2598,2589,2602,-1,2598,2602,2603,-1,2603,89,2598,-1,2598,89,99,-1,2598,99,2597,-1,2597,99,100,-1,2597,100,2596,-1,2596,100,94,-1,2596,94,2549,-1,2549,94,93,-1,97,91,2604,-1,98,97,2605,-1,92,98,2606,-1,92,2606,2565,-1,2565,2606,2607,-1,2565,2607,2564,-1,2564,2607,2608,-1,2564,2608,2563,-1,2563,2608,2609,-1,2563,2609,2562,-1,2562,2609,2610,-1,2562,2610,2561,-1,2561,2610,2569,-1,2561,2569,180,-1,98,2605,2606,-1,2606,2605,2611,-1,2606,2611,2607,-1,2607,2611,2612,-1,2607,2612,2608,-1,2608,2612,2613,-1,2608,2613,2609,-1,2609,2613,2614,-1,2609,2614,2610,-1,2610,2614,2567,-1,2610,2567,2569,-1,97,2604,2605,-1,2605,2604,2615,-1,2605,2615,2611,-1,2611,2615,2616,-1,2611,2616,2612,-1,2612,2616,2617,-1,2612,2617,2613,-1,2613,2617,2618,-1,2613,2618,2614,-1,2614,2618,171,-1,2614,171,2567,-1,2566,176,2619,-1,2619,176,2620,-1,2619,2620,2621,-1,2621,2620,2622,-1,2621,2622,2623,-1,2623,2622,2624,-1,2623,2624,2625,-1,2625,2624,2626,-1,2625,2626,2627,-1,2627,2628,2625,-1,2625,2628,2629,-1,2625,2629,2623,-1,2623,2629,2630,-1,2623,2630,2621,-1,2621,2630,2631,-1,2621,2631,2619,-1,2619,2631,2632,-1,2619,2632,2566,-1,2566,2632,2568,-1,179,2568,2570,-1,2570,2568,2632,-1,2570,2632,2571,-1,2571,2632,2631,-1,2571,2631,2572,-1,2572,2631,2630,-1,2572,2630,2573,-1,2573,2630,2629,-1,2573,2629,2574,-1,2574,2629,2628,-1,2574,2628,206,-1,2627,206,2628,-1,2626,2633,2627,-1,2627,2633,206,-1,380,379,2578,-1,2578,379,2634,-1,2578,2634,2583,-1,2583,2634,2635,-1,2583,2635,2590,-1,2590,2635,2636,-1,2590,2636,2591,-1,2591,2636,2637,-1,2591,2637,2592,-1,2592,2637,2638,-1,2592,2638,2593,-1,2593,2638,2639,-1,2593,2639,2599,-1,2599,2639,2640,-1,2599,2640,2600,-1,2600,2640,2641,-1,2600,2641,2601,-1,2641,2642,2601,-1,2601,2642,2643,-1,2601,2643,2602,-1,2602,2643,2644,-1,2602,2644,2603,-1,2603,2644,2645,-1,2603,2645,89,-1,89,2645,2646,-1,89,2646,90,-1,172,171,2647,-1,2647,171,2618,-1,2647,2618,2648,-1,2649,2650,2617,-1,2617,2650,2651,-1,2617,2651,2618,-1,2618,2651,2652,-1,2618,2652,2648,-1,2653,2654,2616,-1,2616,2654,2655,-1,2616,2655,2617,-1,2617,2655,2656,-1,2617,2656,2649,-1,2653,2616,2657,-1,2657,2616,2615,-1,2657,2615,2658,-1,2658,2615,2659,-1,2659,2615,2643,-1,2659,2643,2642,-1,2604,91,90,-1,90,2646,2604,-1,2604,2646,2645,-1,2604,2645,2615,-1,2615,2645,2644,-1,2615,2644,2643,-1,174,168,2660,-1,161,159,2661,-1,152,150,2662,-1,148,145,2663,-1,2664,2665,2666,-1,215,2667,197,-1,197,2667,195,-1,202,203,2667,-1,2667,203,204,-1,2667,204,195,-1,2667,2668,202,-1,202,2668,2669,-1,202,2669,201,-1,2670,2671,2672,-1,2672,2671,2673,-1,2672,2673,2669,-1,2669,2673,199,-1,2669,199,201,-1,2666,2665,2672,-1,2672,2665,2674,-1,2672,2674,2670,-1,140,139,2666,-1,2666,139,2675,-1,2666,2675,2664,-1,216,214,2676,-1,2676,214,2677,-1,2676,2677,2678,-1,2678,2677,2679,-1,2678,2679,2680,-1,2680,2679,2681,-1,2680,2681,2682,-1,2682,2681,2683,-1,2682,2683,2684,-1,2684,2683,2663,-1,218,217,2685,-1,2685,217,2686,-1,2685,2686,2687,-1,2687,2686,2688,-1,2687,2688,2689,-1,2689,2688,2690,-1,2689,2690,2691,-1,2691,2690,2692,-1,2691,2692,2693,-1,2693,2692,2661,-1,210,209,2694,-1,2694,209,2695,-1,2694,2695,2696,-1,2696,2695,2697,-1,2696,2697,2698,-1,2698,2697,2699,-1,2698,2699,2700,-1,2700,2699,2701,-1,2700,2701,2702,-1,2702,2701,2660,-1,215,216,2667,-1,2667,216,2676,-1,2667,2676,2668,-1,2668,2676,2678,-1,2668,2678,2669,-1,2669,2678,2680,-1,2669,2680,2672,-1,2672,2680,2682,-1,2672,2682,2666,-1,2666,2682,2684,-1,2666,2684,140,-1,140,2684,141,-1,2663,145,2684,-1,2684,145,143,-1,2684,143,141,-1,214,213,2677,-1,2677,213,2703,-1,2677,2703,2679,-1,2679,2703,2704,-1,2679,2704,2681,-1,2681,2704,2705,-1,2681,2705,2683,-1,2683,2705,2706,-1,2683,2706,2663,-1,2663,2706,2662,-1,2663,2662,148,-1,148,2662,150,-1,154,152,2707,-1,2707,152,2662,-1,2707,2662,2708,-1,2708,2662,2706,-1,2708,2706,2709,-1,2709,2706,2705,-1,2709,2705,2710,-1,2710,2705,2704,-1,2710,2704,2711,-1,2711,2704,2703,-1,2711,2703,219,-1,219,2703,213,-1,219,218,2711,-1,2711,218,2685,-1,2711,2685,2710,-1,2710,2685,2687,-1,2710,2687,2709,-1,2709,2687,2689,-1,2709,2689,2708,-1,2708,2689,2691,-1,2708,2691,2707,-1,2707,2691,2693,-1,2707,2693,154,-1,154,2693,156,-1,2661,159,2693,-1,2693,159,157,-1,2693,157,156,-1,162,161,2712,-1,2712,161,2661,-1,2712,2661,2713,-1,2713,2661,2692,-1,2713,2692,2714,-1,2714,2692,2690,-1,2714,2690,2715,-1,2715,2690,2688,-1,2715,2688,2716,-1,2716,2688,2686,-1,2716,2686,211,-1,211,2686,217,-1,211,210,2716,-1,2716,210,2694,-1,2716,2694,2715,-1,2715,2694,2696,-1,2715,2696,2714,-1,2714,2696,2698,-1,2714,2698,2713,-1,2713,2698,2700,-1,2713,2700,2712,-1,2712,2700,2702,-1,2712,2702,162,-1,162,2702,164,-1,2660,168,2702,-1,2702,168,166,-1,2702,166,164,-1,175,174,2717,-1,2717,174,2660,-1,2717,2660,2718,-1,2718,2660,2701,-1,2718,2701,2719,-1,2719,2701,2699,-1,2719,2699,2720,-1,2720,2699,2697,-1,2720,2697,2721,-1,2721,2697,2695,-1,2721,2695,208,-1,208,2695,209,-1,208,206,2721,-1,2721,206,2633,-1,2721,2633,2720,-1,2720,2633,2626,-1,2720,2626,2719,-1,2719,2626,2624,-1,2719,2624,2718,-1,2718,2624,2622,-1,2718,2622,2717,-1,2717,2622,2620,-1,2717,2620,175,-1,175,2620,176,-1,2722,173,172,-1,2723,2724,2648,-1,381,474,379,-1,379,474,2634,-1,2634,474,2635,-1,2635,474,468,-1,2635,468,2636,-1,2636,468,2637,-1,2637,468,467,-1,2637,467,2638,-1,2725,2640,2639,-1,467,2726,2638,-1,2638,2726,2727,-1,2638,2727,2639,-1,2639,2727,2728,-1,2639,2728,2725,-1,2729,2659,2642,-1,2725,2730,2640,-1,2640,2730,2729,-1,2640,2729,2641,-1,2641,2729,2642,-1,2659,2729,2658,-1,2658,2729,2731,-1,2658,2731,2732,-1,2733,2655,2734,-1,2734,2655,2654,-1,2734,2654,2653,-1,2732,2735,2658,-1,2658,2735,2734,-1,2658,2734,2657,-1,2657,2734,2653,-1,2733,2736,2655,-1,2655,2736,2737,-1,2655,2737,2656,-1,2738,2650,2737,-1,2737,2650,2649,-1,2737,2649,2656,-1,2738,2739,2650,-1,2650,2739,2740,-1,2650,2740,2651,-1,2651,2740,2652,-1,2652,2740,2648,-1,2648,2740,2741,-1,2648,2741,2723,-1,2722,172,2724,-1,2724,172,2647,-1,2724,2647,2648,-1,139,137,2675,-1,2675,137,2742,-1,2675,2742,2664,-1,2671,2670,2743,-1,2743,2670,2674,-1,2743,2674,2742,-1,2742,2674,2665,-1,2742,2665,2664,-1,200,199,2743,-1,2743,199,2673,-1,2743,2673,2671,-1,196,200,2744,-1,2744,200,2745,-1,2744,2745,2746,-1,2746,2745,2747,-1,2746,2747,2748,-1,2748,2747,2749,-1,2748,2749,2750,-1,2750,2749,2751,-1,2750,2751,2752,-1,2752,2751,2753,-1,2752,2753,68,-1,68,2753,76,-1,2754,138,142,-1,2735,2732,2755,-1,2726,467,466,-1,2725,2728,2756,-1,2756,2728,2727,-1,2732,2731,2755,-1,2755,2731,2729,-1,2755,2729,2730,-1,2736,2733,2757,-1,2757,2733,2734,-1,2740,2739,2758,-1,2758,2739,2738,-1,2758,2738,2737,-1,170,173,2722,-1,2741,2759,2723,-1,2723,2759,170,-1,2723,170,2724,-1,2724,170,2722,-1,2754,142,2760,-1,2761,2762,2760,-1,2763,2764,2761,-1,2761,2764,2765,-1,2761,2765,2762,-1,2766,2767,2768,-1,2768,2767,2769,-1,2768,2769,2770,-1,2771,2772,2773,-1,2773,2772,2774,-1,2775,2776,2777,-1,2777,2776,2778,-1,2777,2778,2779,-1,472,2780,2781,-1,2781,2780,2782,-1,2760,142,2761,-1,2761,142,144,-1,2761,144,2783,-1,144,146,2783,-1,2783,146,147,-1,2783,147,2784,-1,147,149,2784,-1,2784,149,151,-1,2784,151,2785,-1,2785,151,153,-1,2785,153,2786,-1,2786,153,155,-1,2786,155,2787,-1,155,158,2787,-1,2787,158,160,-1,2787,160,2788,-1,2788,160,163,-1,2788,163,2789,-1,163,165,2789,-1,2789,165,167,-1,2789,167,2759,-1,2759,167,169,-1,2759,169,170,-1,2741,2740,2759,-1,2759,2740,2758,-1,2759,2758,2789,-1,2789,2758,2790,-1,2789,2790,2788,-1,2788,2790,2791,-1,2788,2791,2787,-1,2787,2791,2792,-1,2787,2792,2786,-1,2786,2792,2793,-1,2786,2793,2785,-1,2785,2793,2794,-1,2785,2794,2784,-1,2784,2794,2795,-1,2784,2795,2783,-1,2783,2795,2796,-1,2783,2796,2761,-1,2761,2796,2768,-1,2761,2768,2763,-1,2763,2768,2770,-1,2737,2736,2758,-1,2758,2736,2757,-1,2758,2757,2790,-1,2790,2757,2797,-1,2790,2797,2791,-1,2791,2797,2798,-1,2791,2798,2792,-1,2792,2798,2799,-1,2792,2799,2793,-1,2793,2799,2800,-1,2793,2800,2794,-1,2794,2800,2801,-1,2794,2801,2795,-1,2795,2801,2802,-1,2795,2802,2796,-1,2796,2802,2803,-1,2796,2803,2768,-1,2768,2803,2773,-1,2768,2773,2766,-1,2766,2773,2774,-1,2734,2735,2757,-1,2757,2735,2755,-1,2757,2755,2797,-1,2797,2755,2804,-1,2797,2804,2798,-1,2798,2804,2805,-1,2798,2805,2799,-1,2799,2805,2806,-1,2799,2806,2800,-1,2800,2806,2807,-1,2800,2807,2801,-1,2801,2807,2808,-1,2801,2808,2802,-1,2802,2808,2809,-1,2802,2809,2803,-1,2803,2809,2810,-1,2803,2810,2773,-1,2773,2810,2777,-1,2773,2777,2771,-1,2771,2777,2779,-1,2730,2725,2755,-1,2755,2725,2756,-1,2755,2756,2804,-1,2804,2756,2811,-1,2804,2811,2805,-1,2805,2811,2812,-1,2805,2812,2806,-1,2806,2812,2813,-1,2806,2813,2807,-1,2807,2813,2814,-1,2807,2814,2808,-1,2808,2814,2815,-1,2808,2815,2809,-1,2809,2815,2816,-1,2809,2816,2810,-1,2810,2816,2817,-1,2810,2817,2777,-1,2777,2817,2781,-1,2777,2781,2775,-1,2775,2781,2782,-1,2727,2726,2756,-1,2756,2726,466,-1,2756,466,2811,-1,2811,466,476,-1,2811,476,2812,-1,2812,476,475,-1,2812,475,2813,-1,2813,475,464,-1,2813,464,2814,-1,2814,464,463,-1,2814,463,2815,-1,2815,463,479,-1,2815,479,2816,-1,2816,479,478,-1,2816,478,2817,-1,2817,478,477,-1,2817,477,2781,-1,2781,477,473,-1,2781,473,472,-1,69,76,2753,-1,70,69,2818,-1,72,70,2819,-1,72,2819,2820,-1,2820,2819,2821,-1,2820,2821,2822,-1,2822,2821,2823,-1,2822,2823,2824,-1,2824,2823,2825,-1,2824,2825,2826,-1,2826,2825,2827,-1,2826,2827,2828,-1,2828,2827,2742,-1,2828,2742,137,-1,70,2818,2819,-1,2819,2818,2829,-1,2819,2829,2821,-1,2821,2829,2830,-1,2821,2830,2823,-1,2823,2830,2831,-1,2823,2831,2825,-1,2825,2831,2832,-1,2825,2832,2827,-1,2827,2832,2743,-1,2827,2743,2742,-1,69,2753,2818,-1,2818,2753,2751,-1,2818,2751,2829,-1,2829,2751,2749,-1,2829,2749,2830,-1,2830,2749,2747,-1,2830,2747,2831,-1,2831,2747,2745,-1,2831,2745,2832,-1,2832,2745,200,-1,2832,200,2743,-1,2833,2834,2772,-1,2835,2774,2836,-1,2836,2774,2772,-1,2836,2772,2837,-1,2837,2772,2834,-1,2771,2838,2772,-1,2772,2838,2839,-1,2772,2839,2833,-1,2771,2779,2838,-1,2838,2779,2778,-1,2838,2778,2776,-1,2775,2840,2776,-1,2776,2840,2841,-1,2776,2841,2838,-1,2775,2782,2840,-1,2840,2782,2780,-1,2840,2780,472,-1,2842,2843,471,-1,471,2843,2844,-1,471,2844,472,-1,472,2844,2845,-1,472,2845,2840,-1,471,465,2842,-1,2842,465,377,-1,2842,377,378,-1,2769,2767,2846,-1,2846,2767,2766,-1,2846,2766,2847,-1,2847,2766,2774,-1,2847,2774,2848,-1,2848,2774,2835,-1,2764,2763,2849,-1,2849,2763,2770,-1,2849,2770,2850,-1,2850,2770,2769,-1,2850,2769,2851,-1,2851,2769,2846,-1,2849,2852,2764,-1,2764,2852,2853,-1,2764,2853,2765,-1,2765,2853,2854,-1,2765,2854,2762,-1,136,138,2855,-1,2855,138,2754,-1,2855,2754,2854,-1,2854,2754,2760,-1,2854,2760,2762,-1,2854,2853,2828,-1,2849,2850,2826,-1,2836,2837,2822,-1,73,72,2856,-1,2856,72,2820,-1,2856,2820,2857,-1,2834,2833,2858,-1,2857,2820,2859,-1,2859,2820,2822,-1,2859,2822,2858,-1,2858,2822,2837,-1,2858,2837,2834,-1,2826,2850,2824,-1,2824,2850,2851,-1,2824,2851,2846,-1,2846,2847,2824,-1,2824,2847,2848,-1,2824,2848,2822,-1,2822,2848,2835,-1,2822,2835,2836,-1,2828,2853,2826,-1,2826,2853,2852,-1,2826,2852,2849,-1,137,136,2828,-1,2828,136,2855,-1,2828,2855,2854,-1,2858,2860,2859,-1,2859,2860,2861,-1,2859,2861,2857,-1,71,73,2861,-1,2861,73,2856,-1,2861,2856,2857,-1,378,376,2842,-1,2842,376,2862,-1,2842,2862,2843,-1,2843,2862,2844,-1,2844,2862,2863,-1,2844,2863,2845,-1,2845,2863,2840,-1,2840,2863,2864,-1,2840,2864,2841,-1,2841,2864,2838,-1,2838,2864,2860,-1,2838,2860,2839,-1,2839,2860,2858,-1,2839,2858,2833,-1,2865,2866,2867,-1,2868,2869,2870,-1,365,2868,370,-1,370,2868,2870,-1,370,2870,372,-1,372,2870,2871,-1,372,2871,374,-1,374,2871,2872,-1,374,2872,376,-1,2873,2863,2862,-1,2869,2874,2870,-1,2870,2874,2866,-1,2870,2866,2871,-1,2871,2866,2865,-1,2871,2865,2872,-1,2875,2864,2863,-1,2876,2860,2864,-1,2863,2873,2875,-1,2875,2873,2877,-1,2875,2877,2878,-1,2878,2877,2879,-1,2878,2879,2880,-1,2874,2881,2866,-1,2866,2881,2882,-1,2866,2882,2867,-1,2867,2882,2883,-1,2867,2883,2884,-1,2884,2879,2867,-1,2867,2879,2877,-1,2867,2877,2865,-1,2865,2877,2873,-1,2865,2873,2872,-1,2872,2873,2862,-1,2872,2862,376,-1,2861,2860,2885,-1,2885,2860,2876,-1,2885,2876,2886,-1,71,2861,83,-1,83,2861,2885,-1,83,2885,74,-1,74,2885,2886,-1,74,2886,75,-1,2884,2887,2879,-1,2879,2887,2888,-1,2879,2888,2880,-1,2880,2888,2889,-1,2880,2889,2890,-1,2864,2875,2876,-1,2876,2875,2878,-1,2876,2878,2886,-1,2886,2878,2880,-1,2886,2880,75,-1,75,2880,2890,-1,75,2890,77,-1,2891,2868,365,-1,78,77,2890,-1,79,78,2892,-1,79,2893,80,-1,80,2893,2894,-1,2894,2893,2895,-1,2895,2893,2896,-1,2895,2896,2897,-1,78,2890,2892,-1,2892,2890,2889,-1,2892,2889,2898,-1,2897,2896,2899,-1,2899,2896,2900,-1,2899,2900,2901,-1,2889,2888,2898,-1,2898,2888,2887,-1,2898,2887,2902,-1,2901,2900,2903,-1,2903,2900,2904,-1,2903,2904,2905,-1,2887,2884,2902,-1,2902,2884,2883,-1,2902,2883,2906,-1,2905,2904,2907,-1,2907,2904,2908,-1,2907,2908,2909,-1,2909,2908,2910,-1,2910,2908,2911,-1,2910,2911,2912,-1,79,2892,2893,-1,2893,2892,2898,-1,2893,2898,2896,-1,2896,2898,2902,-1,2896,2902,2900,-1,2900,2902,2906,-1,2900,2906,2904,-1,2904,2906,2913,-1,2904,2913,2908,-1,2908,2913,2891,-1,2908,2891,2911,-1,2883,2882,2906,-1,2906,2882,2881,-1,2906,2881,2913,-1,2913,2881,2874,-1,2913,2874,2891,-1,2891,2874,2869,-1,2891,2869,2868,-1,362,2912,363,-1,363,2912,2911,-1,363,2911,368,-1,368,2911,2891,-1,368,2891,367,-1,367,2891,365,-1,354,350,2914,-1,356,354,2915,-1,358,356,2916,-1,360,358,2917,-1,362,360,2912,-1,2912,360,2918,-1,2912,2918,2910,-1,2910,2918,2909,-1,2909,2918,2919,-1,2909,2919,2907,-1,2907,2919,2905,-1,2905,2919,2920,-1,2905,2920,2903,-1,2903,2920,2901,-1,2901,2920,2921,-1,2901,2921,2899,-1,2899,2921,2897,-1,2897,2921,2922,-1,2897,2922,2895,-1,2895,2922,2894,-1,2894,2922,81,-1,2894,81,80,-1,360,2917,2918,-1,2918,2917,2923,-1,2918,2923,2919,-1,2919,2923,2924,-1,2919,2924,2920,-1,2920,2924,2925,-1,2920,2925,2921,-1,2921,2925,2926,-1,2921,2926,2922,-1,2922,2926,82,-1,2922,82,81,-1,358,2916,2917,-1,2917,2916,2927,-1,2917,2927,2923,-1,2923,2927,2928,-1,2923,2928,2924,-1,2924,2928,2929,-1,2924,2929,2925,-1,2925,2929,2930,-1,2925,2930,2926,-1,2926,2930,84,-1,2926,84,82,-1,356,2915,2916,-1,2916,2915,2931,-1,2916,2931,2927,-1,2927,2931,2932,-1,2927,2932,2928,-1,2928,2932,2933,-1,2928,2933,2929,-1,2929,2933,2934,-1,2929,2934,2930,-1,2930,2934,85,-1,2930,85,84,-1,354,2914,2915,-1,2915,2914,2935,-1,2915,2935,2931,-1,2931,2935,2936,-1,2931,2936,2932,-1,2932,2936,2937,-1,2932,2937,2933,-1,2933,2937,2938,-1,2933,2938,2934,-1,2934,2938,66,-1,2934,66,85,-1,350,349,2914,-1,2914,349,2939,-1,2914,2939,2935,-1,2935,2939,2940,-1,2935,2940,2936,-1,2936,2940,2941,-1,2936,2941,2937,-1,2937,2941,2942,-1,2937,2942,2938,-1,2938,2942,2943,-1,2938,2943,66,-1,66,2943,67,-1,107,106,2944,-1,107,2944,293,-1,293,2944,2945,-1,293,2945,294,-1,2945,2946,294,-1,294,2946,2947,-1,294,2947,295,-1,2947,2948,295,-1,295,2948,2949,-1,295,2949,262,-1,2949,2950,262,-1,262,2950,2951,-1,262,2951,263,-1,2951,2952,263,-1,263,2952,2953,-1,263,2953,264,-1,2953,2954,264,-1,264,2954,407,-1,264,407,271,-1,2955,2956,2957,-1,2954,2953,2958,-1,407,2954,410,-1,410,2954,2958,-1,410,2958,412,-1,412,2958,2959,-1,412,2959,414,-1,414,2959,2960,-1,414,2960,416,-1,2961,2962,2963,-1,2953,2952,2958,-1,2958,2952,2956,-1,2958,2956,2959,-1,2959,2956,2955,-1,2959,2955,2960,-1,2964,2965,2962,-1,2966,2967,2965,-1,2962,2961,2964,-1,2964,2961,2968,-1,2964,2968,2969,-1,2969,2968,2970,-1,2969,2970,2971,-1,2952,2951,2956,-1,2956,2951,2950,-1,2956,2950,2957,-1,2957,2950,2949,-1,2957,2949,2948,-1,2948,2970,2957,-1,2957,2970,2968,-1,2957,2968,2955,-1,2955,2968,2961,-1,2955,2961,2960,-1,2960,2961,2963,-1,2960,2963,416,-1,2972,2967,2973,-1,2973,2967,2966,-1,2973,2966,2974,-1,111,2972,119,-1,119,2972,2973,-1,119,2973,120,-1,120,2973,2974,-1,120,2974,112,-1,2948,2947,2970,-1,2970,2947,2946,-1,2970,2946,2971,-1,2971,2946,2945,-1,2971,2945,2944,-1,2965,2964,2966,-1,2966,2964,2969,-1,2966,2969,2974,-1,2974,2969,2971,-1,2974,2971,112,-1,112,2971,2944,-1,112,2944,106,-1,109,118,2975,-1,110,109,2976,-1,111,110,2977,-1,111,2977,2972,-1,2972,2977,2978,-1,2972,2978,2967,-1,2967,2978,2979,-1,2967,2979,2965,-1,2965,2979,2980,-1,2965,2980,2962,-1,2962,2980,2981,-1,2962,2981,2963,-1,2963,2981,417,-1,2963,417,416,-1,110,2976,2977,-1,2977,2976,2982,-1,2977,2982,2978,-1,2978,2982,2983,-1,2978,2983,2979,-1,2979,2983,2984,-1,2979,2984,2980,-1,2980,2984,2985,-1,2980,2985,2981,-1,2981,2985,419,-1,2981,419,417,-1,109,2975,2976,-1,2976,2975,2986,-1,2976,2986,2982,-1,2982,2986,2987,-1,2982,2987,2983,-1,2983,2987,2988,-1,2983,2988,2984,-1,2984,2988,2989,-1,2984,2989,2985,-1,2985,2989,421,-1,2985,421,419,-1,424,421,2989,-1,426,424,2990,-1,428,426,2991,-1,430,428,2992,-1,2992,428,2993,-1,2992,2993,2994,-1,2994,2993,2995,-1,2995,2993,2996,-1,2995,2996,2997,-1,2997,2996,2998,-1,2998,2996,2999,-1,2998,2999,3000,-1,3000,2999,3001,-1,3001,2999,3002,-1,3001,3002,3003,-1,3003,3002,3004,-1,3004,3002,3005,-1,3004,3005,3006,-1,3006,3005,3007,-1,3007,3005,115,-1,3007,115,114,-1,428,2991,2993,-1,2993,2991,3008,-1,2993,3008,2996,-1,2996,3008,3009,-1,2996,3009,2999,-1,2999,3009,3010,-1,2999,3010,3002,-1,3002,3010,3011,-1,3002,3011,3005,-1,3005,3011,116,-1,3005,116,115,-1,426,2990,2991,-1,2991,2990,3012,-1,2991,3012,3008,-1,3008,3012,3013,-1,3008,3013,3009,-1,3009,3013,3014,-1,3009,3014,3010,-1,3010,3014,3015,-1,3010,3015,3011,-1,3011,3015,117,-1,3011,117,116,-1,424,2989,2990,-1,2990,2989,2988,-1,2990,2988,3012,-1,3012,2988,2987,-1,3012,2987,3013,-1,3013,2987,2986,-1,3013,2986,3014,-1,3014,2986,2975,-1,3014,2975,3015,-1,3015,2975,118,-1,3015,118,117,-1,113,108,3016,-1,3016,108,302,-1,3016,302,3017,-1,3017,302,301,-1,3017,301,3018,-1,3018,301,3019,-1,3019,301,282,-1,3019,282,3020,-1,3020,282,3021,-1,3021,282,280,-1,3021,280,3022,-1,3022,280,3023,-1,3023,280,279,-1,3023,279,3024,-1,47,46,292,-1,292,46,3025,-1,292,3025,279,-1,279,3025,3026,-1,279,3026,3024,-1,432,430,3027,-1,3027,430,2992,-1,3027,2992,3028,-1,3028,2992,2994,-1,3028,2994,3029,-1,3029,2994,2995,-1,3029,2995,3030,-1,3030,2995,2997,-1,3030,2997,3031,-1,3031,2997,2998,-1,3031,2998,3032,-1,3032,2998,3000,-1,3032,3000,3033,-1,3033,3000,3001,-1,3033,3001,3034,-1,3034,3001,3003,-1,3034,3003,3035,-1,3035,3003,3004,-1,3035,3004,3036,-1,3036,3004,3006,-1,3036,3006,3037,-1,3037,3006,3007,-1,3037,3007,113,-1,113,3007,114,-1,113,3038,3037,-1,3037,3038,3036,-1,3039,113,3016,-1,3036,3038,3035,-1,3035,3038,3040,-1,3035,3040,3034,-1,3016,3017,3039,-1,3039,3017,3018,-1,3039,3018,3041,-1,3034,3040,3033,-1,3033,3040,3042,-1,3033,3042,3032,-1,3032,3042,3031,-1,3031,3042,3043,-1,3031,3043,3030,-1,3018,3019,3041,-1,3041,3019,3020,-1,3041,3020,3044,-1,3044,3020,3021,-1,3044,3021,3045,-1,3045,3021,3022,-1,3030,3043,3029,-1,3029,3043,3046,-1,3029,3046,3028,-1,3022,3023,3045,-1,3045,3023,3024,-1,3045,3024,3047,-1,3046,3048,3049,-1,3028,3046,3027,-1,3027,3046,3049,-1,3027,3049,432,-1,3050,3051,3052,-1,113,3053,3038,-1,3038,3053,3054,-1,3038,3054,3040,-1,3040,3054,3055,-1,3040,3055,3042,-1,3042,3055,3056,-1,3042,3056,3043,-1,3043,3056,3050,-1,3043,3050,3046,-1,3046,3050,3052,-1,3046,3052,3048,-1,3057,3058,3059,-1,113,3060,3053,-1,3053,3060,3061,-1,3053,3061,3054,-1,3054,3061,3062,-1,3054,3062,3055,-1,3055,3062,3063,-1,3055,3063,3056,-1,3056,3063,3057,-1,3056,3057,3050,-1,3050,3057,3059,-1,3050,3059,3051,-1,3064,3065,3066,-1,113,3067,3060,-1,3060,3067,3068,-1,3060,3068,3061,-1,3061,3068,3069,-1,3061,3069,3062,-1,3062,3069,3070,-1,3062,3070,3063,-1,3063,3070,3064,-1,3063,3064,3057,-1,3057,3064,3066,-1,3057,3066,3058,-1,3071,3072,3047,-1,3047,3072,3073,-1,113,3039,3067,-1,3067,3039,3041,-1,3067,3041,3068,-1,3068,3041,3044,-1,3068,3044,3069,-1,3069,3044,3045,-1,3069,3045,3070,-1,3070,3045,3047,-1,3070,3047,3064,-1,3064,3047,3073,-1,3064,3073,3065,-1,46,3071,3025,-1,3025,3071,3047,-1,3025,3047,3026,-1,3026,3047,3024,-1,431,432,3074,-1,3074,432,3049,-1,3074,3049,3075,-1,3075,3049,3048,-1,3075,3048,3076,-1,3076,3048,3052,-1,3076,3052,3077,-1,3077,3052,3051,-1,3077,3051,3078,-1,3078,3051,3059,-1,3078,3059,3079,-1,3079,3059,3080,-1,3080,3059,3058,-1,3080,3058,3081,-1,3081,3058,3066,-1,3081,3066,3082,-1,3082,3066,3065,-1,3082,3065,3083,-1,3083,3065,3073,-1,3083,3073,3084,-1,3084,3073,3072,-1,3084,3072,3085,-1,3072,3071,3085,-1,3085,3071,46,-1,3085,46,48,-1,435,431,3086,-1,3086,431,3074,-1,3086,3074,3087,-1,3074,3075,3087,-1,3087,3075,3076,-1,3087,3076,3088,-1,3088,3076,3077,-1,3088,3077,3089,-1,3089,3077,3078,-1,3089,3078,3090,-1,3090,3078,3079,-1,3090,3079,3091,-1,3091,3079,3080,-1,3091,3080,3092,-1,3080,3081,3092,-1,3092,3081,3082,-1,3092,3082,3093,-1,3082,3083,3093,-1,3093,3083,3084,-1,3093,3084,44,-1,44,3084,3085,-1,44,3085,48,-1,123,133,3094,-1,3094,133,3095,-1,3094,3095,3096,-1,3096,3095,3097,-1,3096,3097,3098,-1,3098,3097,3099,-1,3098,3099,3100,-1,3100,3099,3101,-1,3100,3101,3102,-1,3102,3101,3103,-1,3102,3103,43,-1,43,3103,45,-1,44,45,3104,-1,44,3104,3093,-1,3093,3104,3105,-1,3093,3105,3092,-1,3092,3105,3106,-1,3092,3106,3091,-1,3107,3089,3106,-1,3106,3089,3090,-1,3106,3090,3091,-1,3108,433,435,-1,435,3086,3108,-1,3108,3086,3087,-1,3108,3087,3107,-1,3107,3087,3088,-1,3107,3088,3089,-1,3109,3110,3111,-1,3110,3109,133,-1,3112,133,3109,-1,133,3113,3095,-1,3114,3110,133,-1,3115,3097,3095,-1,3099,3097,3116,-1,3116,3097,3115,-1,3116,3115,3117,-1,3114,3118,3110,-1,3110,3118,3119,-1,3110,3119,3111,-1,3111,3119,3120,-1,3111,3120,3121,-1,3112,3109,3122,-1,3122,3109,3111,-1,3122,3111,3123,-1,3123,3111,3121,-1,3123,3121,3124,-1,3125,133,3112,-1,3101,3099,3126,-1,3126,3099,3116,-1,3126,3116,3127,-1,3127,3116,3117,-1,3127,3117,3128,-1,3113,3125,3129,-1,3129,3125,3130,-1,3129,3130,3131,-1,3131,3130,3132,-1,3131,3132,3133,-1,3133,3132,3134,-1,3133,3134,3135,-1,3125,3112,3130,-1,3130,3112,3122,-1,3130,3122,3132,-1,3132,3122,3123,-1,3132,3123,3134,-1,3134,3123,3124,-1,3134,3124,3136,-1,3113,133,3125,-1,3103,3101,3137,-1,3137,3101,3126,-1,3137,3126,3138,-1,3138,3126,3127,-1,3138,3127,3139,-1,3139,3127,3128,-1,3139,3128,3140,-1,45,3103,3104,-1,3104,3103,3137,-1,3104,3137,3105,-1,3105,3137,3138,-1,3105,3138,3106,-1,3106,3138,3139,-1,3106,3139,3107,-1,3107,3139,3140,-1,3107,3140,3108,-1,3136,3141,3134,-1,3134,3141,3142,-1,3134,3142,3135,-1,3135,3142,3143,-1,3135,3143,3144,-1,3095,3113,3115,-1,3115,3113,3129,-1,3115,3129,3117,-1,3117,3129,3131,-1,3117,3131,3128,-1,3128,3131,3133,-1,3128,3133,3140,-1,3140,3133,3135,-1,3140,3135,3108,-1,3108,3135,3144,-1,3108,3144,433,-1,434,433,3145,-1,3145,433,3144,-1,3145,3144,3146,-1,3146,3144,3143,-1,3146,3143,3147,-1,3147,3143,3142,-1,3147,3142,3148,-1,3148,3142,3141,-1,3148,3141,3149,-1,3149,3141,3136,-1,3149,3136,3150,-1,3150,3136,3124,-1,3150,3124,3151,-1,3151,3124,3121,-1,3151,3121,3152,-1,3152,3121,3120,-1,3152,3120,3153,-1,3153,3120,3119,-1,3153,3119,3154,-1,3154,3119,3118,-1,3154,3118,3155,-1,3155,3118,3114,-1,3155,3114,132,-1,132,3114,133,-1,3156,3157,3158,-1,3159,3160,3161,-1,3145,3146,3162,-1,3163,444,442,-1,434,3145,438,-1,438,3145,3162,-1,438,3162,440,-1,440,3162,3164,-1,440,3164,442,-1,442,3164,3165,-1,442,3165,3163,-1,3163,3165,3166,-1,3167,3168,3169,-1,3169,3168,3170,-1,3146,3147,3162,-1,3162,3147,3160,-1,3162,3160,3164,-1,3164,3160,3159,-1,3164,3159,3165,-1,3171,3172,3173,-1,3173,3172,3167,-1,3174,3175,3176,-1,3176,3175,3171,-1,3167,3169,3173,-1,3173,3169,3177,-1,3173,3177,3178,-1,3178,3177,3179,-1,3178,3179,3180,-1,3147,3148,3160,-1,3160,3148,3149,-1,3160,3149,3161,-1,3161,3149,3150,-1,3161,3150,3151,-1,3151,3179,3161,-1,3161,3179,3177,-1,3161,3177,3159,-1,3159,3177,3169,-1,3159,3169,3165,-1,3165,3169,3170,-1,3165,3170,3166,-1,3157,3174,3158,-1,3158,3174,3176,-1,3158,3176,3181,-1,125,3156,126,-1,126,3156,3158,-1,126,3158,127,-1,127,3158,3181,-1,127,3181,131,-1,3151,3152,3179,-1,3179,3152,3153,-1,3179,3153,3180,-1,3180,3153,3154,-1,3180,3154,3155,-1,3171,3173,3176,-1,3176,3173,3178,-1,3176,3178,3181,-1,3181,3178,3180,-1,3181,3180,131,-1,131,3180,3155,-1,131,3155,132,-1,3182,3183,3184,-1,3168,3167,3185,-1,3186,3187,3188,-1,3157,3156,3186,-1,121,124,3189,-1,121,3187,122,-1,122,3187,3186,-1,122,3186,125,-1,125,3186,3156,-1,3190,3191,3192,-1,3192,3191,3193,-1,121,3189,3187,-1,3187,3189,3194,-1,3187,3194,3188,-1,3188,3194,3195,-1,3188,3195,3196,-1,3196,3192,3188,-1,3188,3192,3193,-1,3188,3193,3186,-1,3186,3193,3174,-1,3186,3174,3157,-1,3167,3172,3191,-1,3191,3172,3171,-1,3191,3171,3193,-1,3193,3171,3175,-1,3193,3175,3174,-1,3168,3185,3170,-1,3166,3170,3197,-1,3197,3170,3185,-1,3197,3185,3198,-1,3196,3199,3192,-1,3192,3199,3200,-1,3192,3200,3190,-1,3190,3200,3201,-1,3190,3201,3202,-1,3167,3191,3185,-1,3185,3191,3190,-1,3185,3190,3198,-1,3198,3190,3202,-1,3198,3202,3203,-1,3203,3182,3198,-1,3198,3182,3184,-1,3198,3184,3197,-1,3197,3184,3204,-1,3197,3204,3166,-1,3166,3204,3163,-1,3183,449,3184,-1,3184,449,447,-1,3184,447,3204,-1,3204,447,445,-1,3204,445,3163,-1,3163,445,444,-1,3205,3206,3207,-1,3183,3182,3208,-1,449,3183,452,-1,452,3183,3208,-1,452,3208,454,-1,454,3208,3209,-1,454,3209,456,-1,456,3209,3210,-1,456,3210,458,-1,3211,3212,3213,-1,3182,3203,3208,-1,3208,3203,3206,-1,3208,3206,3209,-1,3209,3206,3205,-1,3209,3205,3210,-1,3214,3215,3212,-1,3216,3217,3215,-1,3212,3211,3214,-1,3214,3211,3218,-1,3214,3218,3219,-1,3219,3218,3220,-1,3219,3220,3221,-1,3203,3202,3206,-1,3206,3202,3201,-1,3206,3201,3207,-1,3207,3201,3200,-1,3207,3200,3199,-1,3199,3220,3207,-1,3207,3220,3218,-1,3207,3218,3205,-1,3205,3218,3211,-1,3205,3211,3210,-1,3210,3211,3213,-1,3210,3213,458,-1,3222,3217,3223,-1,3223,3217,3216,-1,3223,3216,3224,-1,129,3222,130,-1,130,3222,3223,-1,130,3223,134,-1,134,3223,3224,-1,134,3224,135,-1,3199,3196,3220,-1,3220,3196,3195,-1,3220,3195,3221,-1,3221,3195,3194,-1,3221,3194,3189,-1,3215,3214,3216,-1,3216,3214,3219,-1,3216,3219,3224,-1,3224,3219,3221,-1,3224,3221,135,-1,135,3221,3189,-1,135,3189,124,-1,460,458,3225,-1,3225,458,3213,-1,3212,3226,3213,-1,3213,3226,3227,-1,3213,3227,3225,-1,3215,3228,3212,-1,3212,3228,3229,-1,3212,3229,3226,-1,3217,3230,3215,-1,3215,3230,3231,-1,3215,3231,3228,-1,3232,3233,3217,-1,3217,3233,3234,-1,3217,3234,3230,-1,3217,3222,3232,-1,3232,3222,129,-1,3232,129,128,-1,258,892,3235,-1,258,3235,286,-1,286,3235,3236,-1,286,3236,288,-1,288,3236,3237,-1,288,3237,289,-1,289,3237,3238,-1,289,3238,290,-1,290,3238,3239,-1,290,3239,287,-1,287,3239,15,-1,287,15,16,-1,291,894,248,-1,248,894,3240,-1,248,3240,249,-1,249,3240,3241,-1,249,3241,255,-1,255,3241,3242,-1,255,3242,256,-1,256,3242,3243,-1,256,3243,252,-1,252,3243,3244,-1,252,3244,253,-1,253,3244,893,-1,207,212,3245,-1,207,3245,260,-1,260,3245,3246,-1,260,3246,261,-1,261,3246,3247,-1,261,3247,277,-1,277,3247,3248,-1,277,3248,278,-1,278,3248,3249,-1,278,3249,276,-1,276,3249,221,-1,276,221,229,-1,234,236,3250,-1,234,3250,268,-1,268,3250,3251,-1,268,3251,269,-1,269,3251,3252,-1,269,3252,274,-1,274,3252,3253,-1,274,3253,275,-1,275,3253,3254,-1,275,3254,250,-1,250,3254,189,-1,250,189,188,-1,1313,1311,3255,-1,3255,1311,3256,-1,3255,3256,3257,-1,3257,3256,3258,-1,3257,3258,3259,-1,3259,3258,3260,-1,3259,3260,3261,-1,3261,3260,3262,-1,3261,3262,3263,-1,3263,3262,3264,-1,3263,3264,236,-1,1311,1309,3256,-1,3256,1309,3265,-1,3256,3265,3258,-1,3258,3265,3266,-1,3258,3266,3260,-1,3260,3266,3267,-1,3260,3267,3262,-1,3262,3267,3268,-1,3262,3268,3264,-1,3264,3268,3269,-1,3264,3269,236,-1,738,1313,3270,-1,3270,1313,3255,-1,3270,3255,3271,-1,3271,3255,3257,-1,3271,3257,3272,-1,3272,3257,3259,-1,3272,3259,3273,-1,3273,3259,3261,-1,3273,3261,3274,-1,3274,3261,3263,-1,3274,3263,236,-1,1307,1305,3275,-1,3275,1305,3276,-1,3275,3276,3277,-1,3277,3276,3278,-1,3277,3278,3279,-1,3279,3278,3280,-1,3279,3280,3281,-1,3281,3280,3282,-1,3281,3282,3283,-1,3283,3282,3284,-1,3283,3284,236,-1,1305,189,3276,-1,3276,189,3254,-1,3276,3254,3278,-1,3278,3254,3253,-1,3278,3253,3280,-1,3280,3253,3252,-1,3280,3252,3282,-1,3282,3252,3251,-1,3282,3251,3284,-1,3284,3251,3250,-1,3284,3250,236,-1,1309,1307,3265,-1,3265,1307,3275,-1,3265,3275,3266,-1,3266,3275,3277,-1,3266,3277,3267,-1,3267,3277,3279,-1,3267,3279,3268,-1,3268,3279,3281,-1,3268,3281,3269,-1,3269,3281,3283,-1,3269,3283,236,-1,1653,1651,3285,-1,1655,1653,3286,-1,1657,1655,3287,-1,795,1657,3288,-1,3288,1657,3289,-1,3288,3289,3290,-1,3290,3289,3291,-1,3291,3289,3292,-1,3291,3292,3293,-1,3294,3295,3296,-1,3296,3295,3297,-1,3296,3297,3292,-1,3292,3297,3298,-1,3292,3298,3293,-1,3299,3300,3294,-1,3294,3300,3301,-1,3294,3301,3295,-1,1653,3285,3286,-1,3286,3285,3302,-1,3286,3302,3303,-1,3303,3302,3304,-1,3303,3304,3305,-1,3305,3304,3306,-1,3305,3306,3307,-1,3307,3306,3308,-1,3307,3308,3309,-1,773,3308,3310,-1,3310,3308,3306,-1,3310,3306,3311,-1,3311,3306,3304,-1,3311,3304,3312,-1,3312,3304,3302,-1,3312,3302,3313,-1,3313,3302,3285,-1,3313,3285,3314,-1,3314,3285,1651,-1,3314,1651,1649,-1,773,3310,3315,-1,3315,3310,3311,-1,3315,3311,3316,-1,3316,3311,3312,-1,3316,3312,3317,-1,3317,3312,3313,-1,3317,3313,3318,-1,3318,3313,3314,-1,3318,3314,3319,-1,3319,3314,1649,-1,3319,1649,737,-1,3309,3308,773,-1,773,3320,3299,-1,3299,3320,3321,-1,3299,3321,3300,-1,1657,3287,3289,-1,3289,3287,3322,-1,3289,3322,3292,-1,3292,3322,3323,-1,3292,3323,3296,-1,3296,3323,3324,-1,3296,3324,3294,-1,3294,3324,3325,-1,3294,3325,3299,-1,3299,3325,773,-1,1655,3286,3287,-1,3287,3286,3303,-1,3287,3303,3322,-1,3322,3303,3305,-1,3322,3305,3323,-1,3323,3305,3307,-1,3323,3307,3324,-1,3324,3307,3309,-1,3324,3309,3325,-1,3325,3309,773,-1,736,738,3270,-1,736,3270,3326,-1,3326,3270,3271,-1,3326,3271,3327,-1,3327,3271,3272,-1,3327,3272,3328,-1,3328,3272,3273,-1,3328,3273,3329,-1,3329,3273,3274,-1,3329,3274,3330,-1,3330,3274,236,-1,3330,236,235,-1,775,773,3331,-1,3331,773,3315,-1,3331,3315,3332,-1,3332,3315,3316,-1,3332,3316,3333,-1,3333,3316,3317,-1,3333,3317,3334,-1,3334,3317,3318,-1,3334,3318,3335,-1,3335,3318,3319,-1,3335,3319,736,-1,736,3319,737,-1,773,772,3320,-1,3320,772,3336,-1,3320,3336,3321,-1,3321,3336,3337,-1,3321,3337,3300,-1,3300,3337,3338,-1,3300,3338,3301,-1,3301,3338,3339,-1,3301,3339,3295,-1,3295,3339,3340,-1,3295,3340,3297,-1,3297,3340,3341,-1,3297,3341,3298,-1,3298,3341,3342,-1,3298,3342,3293,-1,3293,3342,3343,-1,3293,3343,3291,-1,3291,3343,3344,-1,3291,3344,3290,-1,3290,3344,3345,-1,3290,3345,3288,-1,3288,3345,3346,-1,3288,3346,795,-1,795,3346,778,-1,235,233,3330,-1,3330,233,3347,-1,3330,3347,3329,-1,3329,3347,3348,-1,3329,3348,3328,-1,3328,3348,3349,-1,3328,3349,3327,-1,3327,3349,3350,-1,3327,3350,3326,-1,3326,3350,3351,-1,3326,3351,736,-1,736,3351,3335,-1,233,232,3347,-1,3347,232,3352,-1,3347,3352,3348,-1,3348,3352,3353,-1,3348,3353,3349,-1,3349,3353,3354,-1,3349,3354,3350,-1,3350,3354,3355,-1,3350,3355,3351,-1,3351,3355,3356,-1,3351,3356,3335,-1,3335,3356,3334,-1,232,228,3352,-1,3352,228,3357,-1,3352,3357,3353,-1,3353,3357,3358,-1,3353,3358,3354,-1,3354,3358,3359,-1,3354,3359,3355,-1,3355,3359,3360,-1,3355,3360,3356,-1,3356,3360,3361,-1,3356,3361,3334,-1,3334,3361,3333,-1,228,230,3357,-1,3357,230,3362,-1,3357,3362,3358,-1,3358,3362,3363,-1,3358,3363,3359,-1,3359,3363,3364,-1,3359,3364,3360,-1,3360,3364,3365,-1,3360,3365,3361,-1,3361,3365,3366,-1,3361,3366,3333,-1,3333,3366,3332,-1,230,231,3362,-1,3362,231,3367,-1,3362,3367,3363,-1,3363,3367,3368,-1,3363,3368,3364,-1,3364,3368,3369,-1,3364,3369,3365,-1,3365,3369,3370,-1,3365,3370,3366,-1,3366,3370,3371,-1,3366,3371,3332,-1,3332,3371,3331,-1,231,239,3367,-1,3367,239,3372,-1,3367,3372,3368,-1,3368,3372,3373,-1,3368,3373,3369,-1,3369,3373,3374,-1,3369,3374,3370,-1,3370,3374,3375,-1,3370,3375,3371,-1,3371,3375,3376,-1,3371,3376,3331,-1,3331,3376,775,-1,3377,3378,772,-1,3377,772,3379,-1,3380,3379,772,-1,3381,3380,772,-1,3382,3381,772,-1,3338,3337,3378,-1,3340,3339,3383,-1,3342,3341,3384,-1,3344,3343,3385,-1,3346,3345,3386,-1,729,1362,3387,-1,3387,1362,3388,-1,1362,1360,3388,-1,3388,1360,1358,-1,3388,1358,3389,-1,1358,1356,3389,-1,3389,1356,1354,-1,3389,1354,3390,-1,1354,1352,3390,-1,3390,1352,1350,-1,3390,1350,3391,-1,1350,1348,3391,-1,3391,1348,1346,-1,3391,1346,3386,-1,778,3346,1342,-1,1342,3346,3386,-1,1342,3386,1344,-1,1344,3386,1346,-1,3345,3344,3386,-1,3386,3344,3385,-1,3386,3385,3391,-1,3391,3385,3392,-1,3391,3392,3390,-1,3390,3392,3393,-1,3390,3393,3389,-1,3389,3393,3394,-1,3389,3394,3388,-1,3388,3394,3395,-1,3388,3395,3387,-1,3387,3395,3396,-1,3343,3342,3385,-1,3385,3342,3384,-1,3385,3384,3392,-1,3392,3384,3397,-1,3392,3397,3393,-1,3393,3397,3398,-1,3393,3398,3394,-1,3394,3398,3399,-1,3394,3399,3395,-1,3395,3399,3400,-1,3395,3400,3396,-1,3396,3400,3401,-1,3341,3340,3384,-1,3384,3340,3383,-1,3384,3383,3397,-1,3397,3383,3402,-1,3397,3402,3398,-1,3398,3402,3403,-1,3398,3403,3399,-1,3399,3403,3404,-1,3399,3404,3400,-1,3400,3404,3405,-1,3400,3405,3401,-1,3401,3405,3406,-1,3339,3338,3383,-1,3383,3338,3378,-1,3383,3378,3402,-1,3402,3378,3377,-1,3402,3377,3403,-1,3403,3377,3379,-1,3403,3379,3404,-1,3404,3379,3380,-1,3404,3380,3405,-1,3405,3380,3381,-1,3405,3381,3406,-1,3406,3381,3382,-1,3337,3336,3378,-1,3378,3336,772,-1,3407,774,775,-1,3407,775,3408,-1,3408,775,3376,-1,3408,3376,3409,-1,3409,3376,3410,-1,3410,3376,3375,-1,3410,3375,3411,-1,3411,3375,3412,-1,3412,3375,3374,-1,3412,3374,3413,-1,3413,3374,3373,-1,3413,3373,3414,-1,3414,3373,3415,-1,3415,3373,3372,-1,3415,3372,3416,-1,3416,3372,3417,-1,3417,3372,239,-1,3417,239,238,-1,772,774,3382,-1,3382,774,3418,-1,3382,3418,3406,-1,3406,3418,3419,-1,3406,3419,3401,-1,3401,3419,3420,-1,3401,3420,3396,-1,3396,3420,3421,-1,3396,3421,3387,-1,3387,3421,3422,-1,3387,3422,729,-1,729,3422,730,-1,3423,220,222,-1,238,237,3417,-1,3417,237,3424,-1,3417,3424,3416,-1,3416,3424,3425,-1,222,3426,3423,-1,3423,3426,3427,-1,3423,3427,3428,-1,3429,3414,3425,-1,3425,3414,3415,-1,3425,3415,3416,-1,3427,3430,3428,-1,3428,3430,3431,-1,3428,3431,3432,-1,3433,3412,3429,-1,3429,3412,3413,-1,3429,3413,3414,-1,3431,3434,3432,-1,3432,3434,3435,-1,3432,3435,3436,-1,3408,3409,3437,-1,3437,3409,3410,-1,3437,3410,3433,-1,3433,3410,3411,-1,3433,3411,3412,-1,237,227,3424,-1,3424,227,3438,-1,3424,3438,3425,-1,3425,3438,3439,-1,3425,3439,3429,-1,3429,3439,3440,-1,3429,3440,3433,-1,3433,3440,3441,-1,3433,3441,3437,-1,3437,3441,3442,-1,227,226,3438,-1,3438,226,3443,-1,3438,3443,3439,-1,3439,3443,3444,-1,3439,3444,3440,-1,3440,3444,3445,-1,3440,3445,3441,-1,3441,3445,3446,-1,3441,3446,3442,-1,3442,3446,3447,-1,226,225,3443,-1,3443,225,3448,-1,3443,3448,3444,-1,3444,3448,3449,-1,3444,3449,3445,-1,3445,3449,3450,-1,3445,3450,3446,-1,3446,3450,3451,-1,3446,3451,3447,-1,3447,3451,3452,-1,225,220,3448,-1,3448,220,3423,-1,3448,3423,3449,-1,3449,3423,3428,-1,3449,3428,3450,-1,3450,3428,3432,-1,3450,3432,3451,-1,3451,3432,3436,-1,3451,3436,3452,-1,3452,3436,3453,-1,774,3407,3454,-1,3454,3407,3408,-1,3435,3455,3436,-1,3436,3455,3456,-1,3436,3456,3453,-1,3453,3456,3457,-1,3453,3457,3458,-1,3408,3437,3454,-1,3454,3437,3442,-1,3454,3442,3459,-1,3459,3442,3447,-1,3459,3447,3460,-1,3460,3447,3452,-1,3460,3452,3461,-1,3461,3452,3453,-1,3461,3453,3462,-1,3462,3453,3458,-1,3462,3458,3463,-1,774,3454,3418,-1,3418,3454,3459,-1,3418,3459,3419,-1,3419,3459,3460,-1,3419,3460,3420,-1,3420,3460,3461,-1,3420,3461,3421,-1,3421,3461,3462,-1,3421,3462,3422,-1,3422,3462,3463,-1,3422,3463,730,-1,730,3463,726,-1,726,3463,3464,-1,3463,3458,3464,-1,3464,3458,3457,-1,3464,3457,3465,-1,3457,3456,3465,-1,3465,3456,3455,-1,3465,3455,3466,-1,3466,3455,3435,-1,3466,3435,3467,-1,3435,3434,3467,-1,3467,3434,3431,-1,3467,3431,3468,-1,3431,3430,3468,-1,3468,3430,3427,-1,3468,3427,224,-1,224,3427,3426,-1,224,3426,222,-1,1250,1252,3469,-1,3469,1252,3470,-1,3469,3470,3471,-1,3471,3470,3472,-1,3471,3472,3473,-1,3473,3472,3474,-1,3473,3474,3475,-1,3475,3474,3476,-1,3475,3476,3477,-1,3477,3476,3478,-1,3477,3478,224,-1,1252,1254,3470,-1,3470,1254,3479,-1,3470,3479,3472,-1,3472,3479,3480,-1,3472,3480,3474,-1,3474,3480,3481,-1,3474,3481,3476,-1,3476,3481,3482,-1,3476,3482,3478,-1,3478,3482,3483,-1,3478,3483,224,-1,6,1250,3484,-1,3484,1250,3469,-1,3484,3469,3485,-1,3485,3469,3471,-1,3485,3471,3486,-1,3486,3471,3473,-1,3486,3473,3487,-1,3487,3473,3475,-1,3487,3475,3488,-1,3488,3475,3477,-1,3488,3477,224,-1,1256,1258,3489,-1,3489,1258,3490,-1,3489,3490,3491,-1,3491,3490,3492,-1,3491,3492,3493,-1,3493,3492,3494,-1,3493,3494,3495,-1,3495,3494,3496,-1,3495,3496,3497,-1,3497,3496,3498,-1,3497,3498,224,-1,1258,726,3490,-1,3490,726,3464,-1,3490,3464,3492,-1,3492,3464,3465,-1,3492,3465,3494,-1,3494,3465,3466,-1,3494,3466,3496,-1,3496,3466,3467,-1,3496,3467,3498,-1,3498,3467,3468,-1,3498,3468,224,-1,1254,1256,3479,-1,3479,1256,3489,-1,3479,3489,3480,-1,3480,3489,3491,-1,3480,3491,3481,-1,3481,3491,3493,-1,3481,3493,3482,-1,3482,3493,3495,-1,3482,3495,3483,-1,3483,3495,3497,-1,3483,3497,224,-1,224,223,3499,-1,224,3499,3488,-1,3488,3499,3500,-1,3488,3500,3487,-1,3487,3500,3501,-1,3487,3501,3486,-1,3486,3501,3502,-1,3486,3502,3485,-1,3485,3502,3503,-1,3485,3503,3484,-1,3484,3503,7,-1,3484,7,6,-1,686,684,3504,-1,676,674,3505,-1,666,664,3506,-1,659,661,3507,-1,605,603,3508,-1,3509,3510,3511,-1,484,485,3512,-1,515,484,3513,-1,514,515,3514,-1,513,514,3515,-1,512,513,3516,-1,511,512,3517,-1,487,511,3518,-1,488,487,3519,-1,510,488,3520,-1,509,510,3521,-1,508,509,3522,-1,507,508,3523,-1,506,507,3524,-1,505,506,3525,-1,504,505,3526,-1,493,504,3527,-1,496,3510,497,-1,497,3510,3509,-1,497,3509,498,-1,502,501,3528,-1,3528,501,3529,-1,3528,3529,3530,-1,3530,3529,3531,-1,3530,3531,3532,-1,3533,3511,3534,-1,3534,3511,3510,-1,3534,3510,3535,-1,3535,3510,496,-1,3535,496,495,-1,3536,3537,3538,-1,503,502,3539,-1,3539,502,3528,-1,3539,3528,3540,-1,3540,3528,3530,-1,3540,3530,3541,-1,3541,3530,3532,-1,3541,3532,3542,-1,3543,3533,3544,-1,3544,3533,3534,-1,3544,3534,3545,-1,3545,3534,3535,-1,3545,3535,3546,-1,3546,3535,495,-1,3546,495,494,-1,3547,3548,3537,-1,489,503,3549,-1,3549,503,3539,-1,3549,3539,3550,-1,3550,3539,3540,-1,3550,3540,3551,-1,3551,3540,3541,-1,3551,3541,3552,-1,3552,3541,3542,-1,3552,3542,3553,-1,3554,3555,3556,-1,3557,3543,3558,-1,3558,3543,3544,-1,3558,3544,3559,-1,3559,3544,3545,-1,3559,3545,3560,-1,3560,3545,3546,-1,3560,3546,3561,-1,3561,3546,494,-1,3561,494,493,-1,3562,3548,3563,-1,3563,3548,3547,-1,3563,3547,3564,-1,3565,3566,3567,-1,3567,3566,3568,-1,3567,3568,3569,-1,3569,3568,3536,-1,3569,3536,3570,-1,3570,3536,3538,-1,3570,3538,3571,-1,469,483,3572,-1,3572,483,3573,-1,3572,3573,3574,-1,3574,3573,3575,-1,3574,3575,3576,-1,3576,3575,3577,-1,3576,3577,3578,-1,3578,3577,3579,-1,3578,3579,3580,-1,3580,3579,3581,-1,481,480,3582,-1,3582,480,3583,-1,3582,3583,3584,-1,3584,3583,3585,-1,3584,3585,3586,-1,3586,3585,3587,-1,3586,3587,3588,-1,3588,3587,3589,-1,3588,3589,3590,-1,3590,3589,3591,-1,492,491,3592,-1,3592,491,3593,-1,3592,3593,3594,-1,3594,3593,3595,-1,3594,3595,3596,-1,3596,3595,3597,-1,3596,3597,3598,-1,3598,3597,3599,-1,3598,3599,3600,-1,3600,3599,3601,-1,3602,3555,3603,-1,3603,3555,3554,-1,3603,3554,3604,-1,500,499,3605,-1,3605,499,3606,-1,3605,3606,3607,-1,3607,3606,3608,-1,3607,3608,3609,-1,3609,3608,3610,-1,3609,3610,3611,-1,3611,3610,3612,-1,3611,3612,3613,-1,3613,3612,3614,-1,3613,3614,640,-1,640,3614,642,-1,702,700,3564,-1,3564,700,698,-1,3564,698,3563,-1,3563,698,696,-1,3563,696,3562,-1,3562,696,694,-1,3537,3536,3547,-1,3547,3536,3568,-1,3547,3568,3564,-1,3564,3568,3566,-1,3564,3566,702,-1,590,588,3615,-1,3615,588,3565,-1,3615,3565,3616,-1,3616,3565,3567,-1,3616,3567,3617,-1,3617,3567,3569,-1,3617,3569,3618,-1,3618,3569,3570,-1,3618,3570,3619,-1,3619,3570,3571,-1,3619,3571,470,-1,470,3571,485,-1,588,585,3565,-1,3565,585,583,-1,3565,583,3566,-1,3566,583,703,-1,3566,703,702,-1,470,469,3619,-1,3619,469,3572,-1,3619,3572,3618,-1,3618,3572,3574,-1,3618,3574,3617,-1,3617,3574,3576,-1,3617,3576,3616,-1,3616,3576,3578,-1,3616,3578,3615,-1,3615,3578,3580,-1,3615,3580,590,-1,594,596,3620,-1,3620,596,3581,-1,3620,3581,3621,-1,3621,3581,3579,-1,3621,3579,3622,-1,3622,3579,3577,-1,3622,3577,3623,-1,3623,3577,3575,-1,3623,3575,3624,-1,3624,3575,3573,-1,3624,3573,482,-1,482,3573,483,-1,596,598,3581,-1,3581,598,600,-1,3581,600,3580,-1,3580,600,601,-1,3580,601,590,-1,482,481,3624,-1,3624,481,3582,-1,3624,3582,3623,-1,3623,3582,3584,-1,3623,3584,3622,-1,3622,3584,3586,-1,3622,3586,3621,-1,3621,3586,3588,-1,3621,3588,3620,-1,3620,3588,3590,-1,3620,3590,594,-1,614,612,3625,-1,3625,612,3591,-1,3625,3591,3626,-1,3626,3591,3589,-1,3626,3589,3627,-1,3627,3589,3587,-1,3627,3587,3628,-1,3628,3587,3585,-1,3628,3585,3629,-1,3629,3585,3583,-1,3629,3583,486,-1,486,3583,480,-1,612,610,3591,-1,3591,610,608,-1,3591,608,3590,-1,3590,608,607,-1,3590,607,594,-1,486,492,3629,-1,3629,492,3592,-1,3629,3592,3628,-1,3628,3592,3594,-1,3628,3594,3627,-1,3627,3594,3596,-1,3627,3596,3626,-1,3626,3596,3598,-1,3626,3598,3625,-1,3625,3598,3600,-1,3625,3600,614,-1,624,622,3630,-1,3630,622,3601,-1,3630,3601,3631,-1,3631,3601,3599,-1,3631,3599,3632,-1,3632,3599,3597,-1,3632,3597,3633,-1,3633,3597,3595,-1,3633,3595,3634,-1,3634,3595,3593,-1,3634,3593,490,-1,490,3593,491,-1,622,620,3601,-1,3601,620,618,-1,3601,618,3600,-1,3600,618,616,-1,3600,616,614,-1,626,624,3553,-1,3553,624,3630,-1,3553,3630,3552,-1,3552,3630,3631,-1,3552,3631,3551,-1,3551,3631,3632,-1,3551,3632,3550,-1,3550,3632,3633,-1,3550,3633,3549,-1,3549,3633,3634,-1,3549,3634,489,-1,489,3634,490,-1,3531,3556,3532,-1,3532,3556,3555,-1,3532,3555,3542,-1,3542,3555,3602,-1,3542,3602,3553,-1,3553,3602,628,-1,3553,628,626,-1,638,636,3604,-1,3604,636,634,-1,3604,634,3603,-1,3603,634,632,-1,3603,632,3602,-1,3602,632,630,-1,3602,630,628,-1,501,500,3529,-1,3529,500,3605,-1,3529,3605,3531,-1,3531,3605,3607,-1,3531,3607,3556,-1,3556,3607,3609,-1,3556,3609,3554,-1,3554,3609,3611,-1,3554,3611,3604,-1,3604,3611,3613,-1,3604,3613,638,-1,638,3613,640,-1,499,498,3606,-1,3606,498,3509,-1,3606,3509,3608,-1,3608,3509,3511,-1,3608,3511,3610,-1,3610,3511,3533,-1,3610,3533,3612,-1,3612,3533,3543,-1,3612,3543,3614,-1,3614,3543,3557,-1,3614,3557,642,-1,642,3557,644,-1,3635,647,646,-1,493,3527,3561,-1,3561,3527,3636,-1,3561,3636,3560,-1,3560,3636,3637,-1,3560,3637,3559,-1,3559,3637,3638,-1,3559,3638,3558,-1,3558,3638,3635,-1,3558,3635,3557,-1,3557,3635,646,-1,3557,646,644,-1,504,3526,3527,-1,3527,3526,3639,-1,3527,3639,3636,-1,3636,3639,3640,-1,3636,3640,3637,-1,3637,3640,3641,-1,3637,3641,3638,-1,3638,3641,3508,-1,3638,3508,3635,-1,3635,3508,603,-1,3635,603,647,-1,505,3525,3526,-1,3526,3525,3642,-1,3526,3642,3639,-1,3639,3642,3643,-1,3639,3643,3640,-1,3640,3643,3644,-1,3640,3644,3641,-1,3641,3644,3645,-1,3641,3645,3508,-1,3508,3645,649,-1,3508,649,605,-1,3646,662,651,-1,506,3524,3525,-1,3525,3524,3647,-1,3525,3647,3642,-1,3642,3647,3648,-1,3642,3648,3643,-1,3643,3648,3649,-1,3643,3649,3644,-1,3644,3649,3646,-1,3644,3646,3645,-1,3645,3646,651,-1,3645,651,649,-1,507,3523,3524,-1,3524,3523,3650,-1,3524,3650,3647,-1,3647,3650,3651,-1,3647,3651,3648,-1,3648,3651,3652,-1,3648,3652,3649,-1,3649,3652,3507,-1,3649,3507,3646,-1,3646,3507,661,-1,3646,661,662,-1,508,3522,3523,-1,3523,3522,3653,-1,3523,3653,3650,-1,3650,3653,3654,-1,3650,3654,3651,-1,3651,3654,3655,-1,3651,3655,3652,-1,3652,3655,3656,-1,3652,3656,3507,-1,3507,3656,657,-1,3507,657,659,-1,3657,663,655,-1,509,3521,3522,-1,3522,3521,3658,-1,3522,3658,3653,-1,3653,3658,3659,-1,3653,3659,3654,-1,3654,3659,3660,-1,3654,3660,3655,-1,3655,3660,3657,-1,3655,3657,3656,-1,3656,3657,655,-1,3656,655,657,-1,510,3520,3521,-1,3521,3520,3661,-1,3521,3661,3658,-1,3658,3661,3662,-1,3658,3662,3659,-1,3659,3662,3663,-1,3659,3663,3660,-1,3660,3663,3506,-1,3660,3506,3657,-1,3657,3506,664,-1,3657,664,663,-1,488,3519,3520,-1,3520,3519,3664,-1,3520,3664,3661,-1,3661,3664,3665,-1,3661,3665,3662,-1,3662,3665,3666,-1,3662,3666,3663,-1,3663,3666,3667,-1,3663,3667,3506,-1,3506,3667,668,-1,3506,668,666,-1,3668,672,670,-1,487,3518,3519,-1,3519,3518,3669,-1,3519,3669,3664,-1,3664,3669,3670,-1,3664,3670,3665,-1,3665,3670,3671,-1,3665,3671,3666,-1,3666,3671,3668,-1,3666,3668,3667,-1,3667,3668,670,-1,3667,670,668,-1,511,3517,3518,-1,3518,3517,3672,-1,3518,3672,3669,-1,3669,3672,3673,-1,3669,3673,3670,-1,3670,3673,3674,-1,3670,3674,3671,-1,3671,3674,3505,-1,3671,3505,3668,-1,3668,3505,674,-1,3668,674,672,-1,512,3516,3517,-1,3517,3516,3675,-1,3517,3675,3672,-1,3672,3675,3676,-1,3672,3676,3673,-1,3673,3676,3677,-1,3673,3677,3674,-1,3674,3677,3678,-1,3674,3678,3505,-1,3505,3678,678,-1,3505,678,676,-1,3679,682,680,-1,513,3515,3516,-1,3516,3515,3680,-1,3516,3680,3675,-1,3675,3680,3681,-1,3675,3681,3676,-1,3676,3681,3682,-1,3676,3682,3677,-1,3677,3682,3679,-1,3677,3679,3678,-1,3678,3679,680,-1,3678,680,678,-1,514,3514,3515,-1,3515,3514,3683,-1,3515,3683,3680,-1,3680,3683,3684,-1,3680,3684,3681,-1,3681,3684,3685,-1,3681,3685,3682,-1,3682,3685,3504,-1,3682,3504,3679,-1,3679,3504,684,-1,3679,684,682,-1,515,3513,3514,-1,3514,3513,3686,-1,3514,3686,3683,-1,3683,3686,3687,-1,3683,3687,3684,-1,3684,3687,3688,-1,3684,3688,3685,-1,3685,3688,3689,-1,3685,3689,3504,-1,3504,3689,688,-1,3504,688,686,-1,3690,692,690,-1,484,3512,3513,-1,3513,3512,3691,-1,3513,3691,3686,-1,3686,3691,3692,-1,3686,3692,3687,-1,3687,3692,3693,-1,3687,3693,3688,-1,3688,3693,3690,-1,3688,3690,3689,-1,3689,3690,690,-1,3689,690,688,-1,485,3571,3512,-1,3512,3571,3538,-1,3512,3538,3691,-1,3691,3538,3537,-1,3691,3537,3692,-1,3692,3537,3548,-1,3692,3548,3693,-1,3693,3548,3562,-1,3693,3562,3690,-1,3690,3562,694,-1,3690,694,692,-1,641,643,3694,-1,606,648,3695,-1,650,652,3696,-1,654,653,3697,-1,671,673,3698,-1,675,677,3699,-1,685,687,3700,-1,689,691,3701,-1,697,699,3702,-1,586,587,3703,-1,589,591,3704,-1,593,592,3705,-1,615,617,3706,-1,619,621,3707,-1,629,631,3708,-1,633,635,3709,-1,564,566,3710,-1,3710,566,3711,-1,3710,3711,3712,-1,3712,3711,3713,-1,3712,3713,3714,-1,3714,3713,3715,-1,3714,3715,3716,-1,3716,3715,3717,-1,3716,3717,3718,-1,3718,3717,3707,-1,581,580,3719,-1,3719,580,3720,-1,3719,3720,3721,-1,3721,3720,3722,-1,3721,3722,3723,-1,3723,3722,3724,-1,3723,3724,3725,-1,3725,3724,3726,-1,3725,3726,3727,-1,3727,3726,3705,-1,551,553,3728,-1,3728,553,3729,-1,3728,3729,3730,-1,3730,3729,3731,-1,3730,3731,3732,-1,3732,3731,3733,-1,3732,3733,3734,-1,3734,3733,3735,-1,3734,3735,3736,-1,3736,3735,3704,-1,545,547,3737,-1,3737,547,3738,-1,3737,3738,3739,-1,3739,3738,3740,-1,3739,3740,3741,-1,3741,3740,3742,-1,3741,3742,3743,-1,3743,3742,3744,-1,3743,3744,3745,-1,3745,3744,3702,-1,531,529,3746,-1,3746,529,3747,-1,3746,3747,3748,-1,3748,3747,3749,-1,3748,3749,3750,-1,3750,3749,3751,-1,3750,3751,3752,-1,3752,3751,3753,-1,3752,3753,3754,-1,3754,3753,3699,-1,537,536,3755,-1,3755,536,3756,-1,3755,3756,3757,-1,3757,3756,3758,-1,3757,3758,3759,-1,3759,3758,3760,-1,3759,3760,3761,-1,3761,3760,3762,-1,3761,3762,3763,-1,3763,3762,3697,-1,516,518,3764,-1,3764,518,3765,-1,3764,3765,3766,-1,3766,3765,3767,-1,3766,3767,3768,-1,3768,3767,3769,-1,3768,3769,3770,-1,3770,3769,3771,-1,3770,3771,3772,-1,3772,3771,3696,-1,558,560,3773,-1,3773,560,3774,-1,3773,3774,3775,-1,3775,3774,3776,-1,3775,3776,3777,-1,3777,3776,3778,-1,3777,3778,3779,-1,3779,3778,3780,-1,3779,3780,3781,-1,3781,3780,3694,-1,577,576,3782,-1,3782,576,3783,-1,3782,3783,3784,-1,3784,3783,3785,-1,3784,3785,3786,-1,3786,3785,3787,-1,3786,3787,3788,-1,3788,3787,3789,-1,3788,3789,3790,-1,3790,3789,3709,-1,3790,3709,637,-1,637,3709,635,-1,576,573,3783,-1,3783,573,3791,-1,3783,3791,3785,-1,3785,3791,3792,-1,3785,3792,3787,-1,3787,3792,3793,-1,3787,3793,3789,-1,3789,3793,3794,-1,3789,3794,3709,-1,3709,3794,3708,-1,3709,3708,633,-1,633,3708,631,-1,627,629,3795,-1,3795,629,3708,-1,3795,3708,3796,-1,3796,3708,3794,-1,3796,3794,3797,-1,3797,3794,3793,-1,3797,3793,3798,-1,3798,3793,3792,-1,3798,3792,3799,-1,3799,3792,3791,-1,3799,3791,562,-1,562,3791,573,-1,562,564,3799,-1,3799,564,3710,-1,3799,3710,3798,-1,3798,3710,3712,-1,3798,3712,3797,-1,3797,3712,3714,-1,3797,3714,3796,-1,3796,3714,3716,-1,3796,3716,3795,-1,3795,3716,3718,-1,3795,3718,627,-1,627,3718,625,-1,3707,621,3718,-1,3718,621,623,-1,3718,623,625,-1,617,619,3706,-1,3706,619,3707,-1,3706,3707,3800,-1,3800,3707,3717,-1,3800,3717,3801,-1,3801,3717,3715,-1,3801,3715,3802,-1,3802,3715,3713,-1,3802,3713,3803,-1,3803,3713,3711,-1,3803,3711,568,-1,568,3711,566,-1,613,615,3804,-1,3804,615,3706,-1,3804,3706,3805,-1,3805,3706,3800,-1,3805,3800,3806,-1,3806,3800,3801,-1,3806,3801,3807,-1,3807,3801,3802,-1,3807,3802,3808,-1,3808,3802,3803,-1,3808,3803,571,-1,571,3803,568,-1,571,581,3808,-1,3808,581,3719,-1,3808,3719,3807,-1,3807,3719,3721,-1,3807,3721,3806,-1,3806,3721,3723,-1,3806,3723,3805,-1,3805,3723,3725,-1,3805,3725,3804,-1,3804,3725,3727,-1,3804,3727,613,-1,613,3727,611,-1,3705,592,3727,-1,3727,592,609,-1,3727,609,611,-1,595,593,3809,-1,3809,593,3705,-1,3809,3705,3810,-1,3810,3705,3726,-1,3810,3726,3811,-1,3811,3726,3724,-1,3811,3724,3812,-1,3812,3724,3722,-1,3812,3722,3813,-1,3813,3722,3720,-1,3813,3720,579,-1,579,3720,580,-1,579,551,3813,-1,3813,551,3728,-1,3813,3728,3812,-1,3812,3728,3730,-1,3812,3730,3811,-1,3811,3730,3732,-1,3811,3732,3810,-1,3810,3732,3734,-1,3810,3734,3809,-1,3809,3734,3736,-1,3809,3736,595,-1,595,3736,597,-1,3704,591,3736,-1,3736,591,599,-1,3736,599,597,-1,553,541,3729,-1,3729,541,3814,-1,3729,3814,3731,-1,3731,3814,3815,-1,3731,3815,3733,-1,3733,3815,3816,-1,3733,3816,3735,-1,3735,3816,3817,-1,3735,3817,3704,-1,3704,3817,3703,-1,3704,3703,589,-1,589,3703,587,-1,584,586,3818,-1,3818,586,3703,-1,3818,3703,3819,-1,3819,3703,3817,-1,3819,3817,3820,-1,3820,3817,3816,-1,3820,3816,3821,-1,3821,3816,3815,-1,3821,3815,3822,-1,3822,3815,3814,-1,3822,3814,543,-1,543,3814,541,-1,543,545,3822,-1,3822,545,3737,-1,3822,3737,3821,-1,3821,3737,3739,-1,3821,3739,3820,-1,3820,3739,3741,-1,3820,3741,3819,-1,3819,3741,3743,-1,3819,3743,3818,-1,3818,3743,3745,-1,3818,3745,584,-1,584,3745,582,-1,3702,699,3745,-1,3745,699,701,-1,3745,701,582,-1,695,697,3823,-1,3823,697,3702,-1,3823,3702,3824,-1,3824,3702,3744,-1,3824,3744,3825,-1,3825,3744,3742,-1,3825,3742,3826,-1,3826,3742,3740,-1,3826,3740,3827,-1,3827,3740,3738,-1,3827,3738,549,-1,549,3738,547,-1,549,550,3827,-1,3827,550,3828,-1,3827,3828,3826,-1,3826,3828,3829,-1,3826,3829,3825,-1,3825,3829,3830,-1,3825,3830,3824,-1,3824,3830,3831,-1,3824,3831,3823,-1,3823,3831,3832,-1,3823,3832,695,-1,695,3832,693,-1,550,540,3828,-1,3828,540,3833,-1,3828,3833,3829,-1,3829,3833,3834,-1,3829,3834,3830,-1,3830,3834,3835,-1,3830,3835,3831,-1,3831,3835,3836,-1,3831,3836,3832,-1,3832,3836,3701,-1,3832,3701,693,-1,693,3701,691,-1,540,539,3833,-1,3833,539,3837,-1,3833,3837,3834,-1,3834,3837,3838,-1,3834,3838,3835,-1,3835,3838,3839,-1,3835,3839,3836,-1,3836,3839,3840,-1,3836,3840,3701,-1,3701,3840,3700,-1,3701,3700,689,-1,689,3700,687,-1,683,685,3841,-1,3841,685,3700,-1,3841,3700,3842,-1,3842,3700,3840,-1,3842,3840,3843,-1,3843,3840,3839,-1,3843,3839,3844,-1,3844,3839,3838,-1,3844,3838,3845,-1,3845,3838,3837,-1,3845,3837,533,-1,533,3837,539,-1,533,531,3845,-1,3845,531,3746,-1,3845,3746,3844,-1,3844,3746,3748,-1,3844,3748,3843,-1,3843,3748,3750,-1,3843,3750,3842,-1,3842,3750,3752,-1,3842,3752,3841,-1,3841,3752,3754,-1,3841,3754,683,-1,683,3754,681,-1,3699,677,3754,-1,3754,677,679,-1,3754,679,681,-1,673,675,3698,-1,3698,675,3699,-1,3698,3699,3846,-1,3846,3699,3753,-1,3846,3753,3847,-1,3847,3753,3751,-1,3847,3751,3848,-1,3848,3751,3749,-1,3848,3749,3849,-1,3849,3749,3747,-1,3849,3747,526,-1,526,3747,529,-1,669,671,3850,-1,3850,671,3698,-1,3850,3698,3851,-1,3851,3698,3846,-1,3851,3846,3852,-1,3852,3846,3847,-1,3852,3847,3853,-1,3853,3847,3848,-1,3853,3848,3854,-1,3854,3848,3849,-1,3854,3849,524,-1,524,3849,526,-1,524,537,3854,-1,3854,537,3755,-1,3854,3755,3853,-1,3853,3755,3757,-1,3853,3757,3852,-1,3852,3757,3759,-1,3852,3759,3851,-1,3851,3759,3761,-1,3851,3761,3850,-1,3850,3761,3763,-1,3850,3763,669,-1,669,3763,667,-1,3697,653,3763,-1,3763,653,665,-1,3763,665,667,-1,656,654,3855,-1,3855,654,3697,-1,3855,3697,3856,-1,3856,3697,3762,-1,3856,3762,3857,-1,3857,3762,3760,-1,3857,3760,3858,-1,3858,3760,3758,-1,3858,3758,3859,-1,3859,3758,3756,-1,3859,3756,535,-1,535,3756,536,-1,535,516,3859,-1,3859,516,3764,-1,3859,3764,3858,-1,3858,3764,3766,-1,3858,3766,3857,-1,3857,3766,3768,-1,3857,3768,3856,-1,3856,3768,3770,-1,3856,3770,3855,-1,3855,3770,3772,-1,3855,3772,656,-1,656,3772,658,-1,3696,652,3772,-1,3772,652,660,-1,3772,660,658,-1,518,520,3765,-1,3765,520,3860,-1,3765,3860,3767,-1,3767,3860,3861,-1,3767,3861,3769,-1,3769,3861,3862,-1,3769,3862,3771,-1,3771,3862,3863,-1,3771,3863,3696,-1,3696,3863,3695,-1,3696,3695,650,-1,650,3695,648,-1,604,606,3864,-1,3864,606,3695,-1,3864,3695,3865,-1,3865,3695,3863,-1,3865,3863,3866,-1,3866,3863,3862,-1,3866,3862,3867,-1,3867,3862,3861,-1,3867,3861,3868,-1,3868,3861,3860,-1,3868,3860,522,-1,522,3860,520,-1,522,558,3868,-1,3868,558,3773,-1,3868,3773,3867,-1,3867,3773,3775,-1,3867,3775,3866,-1,3866,3775,3777,-1,3866,3777,3865,-1,3865,3777,3779,-1,3865,3779,3864,-1,3864,3779,3781,-1,3864,3781,604,-1,604,3781,602,-1,3694,643,3781,-1,3781,643,645,-1,3781,645,602,-1,639,641,3869,-1,3869,641,3694,-1,3869,3694,3870,-1,3870,3694,3780,-1,3870,3780,3871,-1,3871,3780,3778,-1,3871,3778,3872,-1,3872,3778,3776,-1,3872,3776,3873,-1,3873,3776,3774,-1,3873,3774,578,-1,578,3774,560,-1,578,577,3873,-1,3873,577,3782,-1,3873,3782,3872,-1,3872,3782,3784,-1,3872,3784,3871,-1,3871,3784,3786,-1,3871,3786,3870,-1,3870,3786,3788,-1,3870,3788,3869,-1,3869,3788,3790,-1,3869,3790,639,-1,639,3790,637,-1,123,3874,128,-1,128,3874,3875,-1,3874,3876,3875,-1,3875,3876,3877,-1,3875,3877,3878,-1,3877,3879,3878,-1,3878,3879,3880,-1,3878,3880,3881,-1,3881,3880,3882,-1,3881,3882,3883,-1,3882,3884,3883,-1,3883,3884,3885,-1,3883,3885,3886,-1,3885,3887,3886,-1,3886,3887,3888,-1,3886,3888,347,-1,347,3888,3889,-1,347,3889,348,-1,3232,128,3875,-1,3234,3233,3890,-1,3231,3230,3891,-1,3229,3228,3892,-1,3227,3226,3893,-1,3894,305,312,-1,460,3225,3895,-1,3895,3225,3896,-1,3895,3896,3897,-1,3897,3896,3898,-1,3899,3900,3898,-1,3898,3900,3901,-1,3898,3901,3897,-1,3902,3903,3899,-1,3899,3903,3904,-1,3899,3904,3900,-1,312,3905,3894,-1,3894,3905,3906,-1,3894,3906,3902,-1,3902,3906,3907,-1,3902,3907,3903,-1,336,305,3908,-1,3908,305,3894,-1,3908,3894,3909,-1,3909,3894,3902,-1,3909,3902,3910,-1,3910,3902,3899,-1,3910,3899,3911,-1,3911,3899,3898,-1,3911,3898,3893,-1,3893,3898,3896,-1,3893,3896,3227,-1,3227,3896,3225,-1,337,336,3912,-1,3912,336,3908,-1,3912,3908,3913,-1,3913,3908,3909,-1,3913,3909,3914,-1,3914,3909,3910,-1,3914,3910,3915,-1,3915,3910,3911,-1,3915,3911,3892,-1,3892,3911,3893,-1,3892,3893,3229,-1,3229,3893,3226,-1,338,337,3916,-1,3916,337,3912,-1,3916,3912,3917,-1,3917,3912,3913,-1,3917,3913,3918,-1,3918,3913,3914,-1,3918,3914,3919,-1,3919,3914,3915,-1,3919,3915,3891,-1,3891,3915,3892,-1,3891,3892,3231,-1,3231,3892,3228,-1,346,338,3920,-1,3920,338,3916,-1,3920,3916,3921,-1,3921,3916,3917,-1,3921,3917,3922,-1,3922,3917,3918,-1,3922,3918,3923,-1,3923,3918,3919,-1,3923,3919,3890,-1,3890,3919,3891,-1,3890,3891,3234,-1,3234,3891,3230,-1,347,346,3886,-1,3886,346,3920,-1,3886,3920,3883,-1,3883,3920,3921,-1,3883,3921,3881,-1,3881,3921,3922,-1,3881,3922,3878,-1,3878,3922,3923,-1,3878,3923,3875,-1,3875,3923,3890,-1,3875,3890,3232,-1,3232,3890,3233,-1,123,3094,3874,-1,3874,3094,3924,-1,3874,3924,3876,-1,3876,3924,3925,-1,3926,3879,3925,-1,3925,3879,3877,-1,3925,3877,3876,-1,3927,3882,3926,-1,3926,3882,3880,-1,3926,3880,3879,-1,3928,3885,3927,-1,3927,3885,3884,-1,3927,3884,3882,-1,3929,3888,3928,-1,3928,3888,3887,-1,3928,3887,3885,-1,331,348,3929,-1,3929,348,3889,-1,3929,3889,3888,-1,3094,3096,3924,-1,3924,3096,3930,-1,3924,3930,3925,-1,3925,3930,3931,-1,3925,3931,3926,-1,3926,3931,3932,-1,3926,3932,3927,-1,3927,3932,3933,-1,3927,3933,3928,-1,3928,3933,3934,-1,3928,3934,3929,-1,3929,3934,3935,-1,3929,3935,331,-1,331,3935,332,-1,3096,3098,3930,-1,3930,3098,3936,-1,3930,3936,3931,-1,3931,3936,3937,-1,3931,3937,3932,-1,3932,3937,3938,-1,3932,3938,3933,-1,3933,3938,3939,-1,3933,3939,3934,-1,3934,3939,3940,-1,3934,3940,3935,-1,3935,3940,3941,-1,3935,3941,332,-1,332,3941,334,-1,3098,3100,3936,-1,3936,3100,3942,-1,3936,3942,3937,-1,3937,3942,3943,-1,3937,3943,3938,-1,3938,3943,3944,-1,3938,3944,3939,-1,3939,3944,3945,-1,3939,3945,3940,-1,3940,3945,3946,-1,3940,3946,3941,-1,3941,3946,3947,-1,3941,3947,334,-1,334,3947,335,-1,3100,3102,3942,-1,3942,3102,3948,-1,3942,3948,3943,-1,3943,3948,3949,-1,3943,3949,3944,-1,3944,3949,3950,-1,3944,3950,3945,-1,3945,3950,3951,-1,3945,3951,3946,-1,3946,3951,3952,-1,3946,3952,3947,-1,3947,3952,3953,-1,3947,3953,335,-1,335,3953,345,-1,3102,43,3948,-1,3948,43,3954,-1,3948,3954,3949,-1,3949,3954,3955,-1,3949,3955,3950,-1,3950,3955,3956,-1,3950,3956,3951,-1,3951,3956,3957,-1,3951,3957,3952,-1,3952,3957,3958,-1,3952,3958,3953,-1,3953,3958,3959,-1,3953,3959,345,-1,345,3959,344,-1,462,460,3960,-1,3960,460,3895,-1,3960,3895,3961,-1,3961,3895,3962,-1,3962,3895,3897,-1,3962,3897,3963,-1,3963,3897,3901,-1,3963,3901,3964,-1,3964,3901,3900,-1,3964,3900,3965,-1,3965,3900,3904,-1,3965,3904,3966,-1,3904,3903,3966,-1,3966,3903,3907,-1,3966,3907,3967,-1,3967,3907,3968,-1,312,310,3905,-1,3905,310,3968,-1,3905,3968,3906,-1,3906,3968,3907,-1,3955,3954,3969,-1,3969,3954,43,-1,3969,43,42,-1,3969,3970,3955,-1,3955,3970,3971,-1,3955,3971,3956,-1,3956,3971,3972,-1,3972,3973,3956,-1,3956,3973,3974,-1,3956,3974,3957,-1,3974,3975,3957,-1,3957,3975,3976,-1,3957,3976,3958,-1,3976,3977,3958,-1,3958,3977,3978,-1,3958,3978,3959,-1,3978,3979,3959,-1,3959,3979,329,-1,3959,329,344,-1,3980,3960,3981,-1,3981,3960,3961,-1,351,459,3982,-1,3982,459,461,-1,3982,461,3980,-1,3980,461,462,-1,3980,462,3960,-1,3964,3983,3963,-1,3963,3983,3984,-1,3963,3984,3962,-1,3962,3984,3985,-1,3962,3985,3961,-1,3961,3985,3986,-1,3961,3986,3981,-1,3964,3965,3983,-1,3983,3965,3966,-1,3983,3966,3987,-1,310,309,3968,-1,3968,309,3987,-1,3968,3987,3967,-1,3967,3987,3966,-1,3988,329,3989,-1,3990,3991,3989,-1,3989,3991,3992,-1,3989,3992,3988,-1,329,3979,3989,-1,3989,3979,3978,-1,3989,3978,3990,-1,3993,3994,3990,-1,3990,3994,3995,-1,3990,3995,3991,-1,3978,3977,3990,-1,3990,3977,3976,-1,3990,3976,3993,-1,3996,3997,3998,-1,3998,3997,3999,-1,3998,3999,3993,-1,3993,3999,4000,-1,3993,4000,3994,-1,3976,3975,3993,-1,3993,3975,3974,-1,3993,3974,3998,-1,3998,3974,3973,-1,3998,3973,3972,-1,3972,3971,3998,-1,3998,3971,4001,-1,3998,4001,3996,-1,3996,4001,4002,-1,4002,4001,4003,-1,4003,4001,897,-1,4003,897,704,-1,42,897,3969,-1,3969,897,4001,-1,3969,4001,3970,-1,3970,4001,3971,-1,3987,309,311,-1,311,4004,3987,-1,3987,4004,4005,-1,3987,4005,3983,-1,4005,4006,3983,-1,3983,4006,4007,-1,3983,4007,3984,-1,4007,4008,3984,-1,3984,4008,4009,-1,3984,4009,3985,-1,3985,4009,4010,-1,3985,4010,3986,-1,3986,4010,4011,-1,3986,4011,3981,-1,3981,4011,4012,-1,3981,4012,3980,-1,4012,4013,3980,-1,3980,4013,4014,-1,3980,4014,3982,-1,3982,4014,349,-1,3982,349,351,-1,329,3988,328,-1,328,3988,4015,-1,4015,3988,4016,-1,4016,3988,3992,-1,4016,3992,4017,-1,4017,3992,3991,-1,4017,3991,4018,-1,4018,3991,3995,-1,4018,3995,4019,-1,4019,3995,3994,-1,4019,3994,4020,-1,4020,3994,4000,-1,4020,4000,4021,-1,4000,3999,4021,-1,4021,3999,3997,-1,4021,3997,4022,-1,4022,3997,3996,-1,4022,3996,4023,-1,4023,3996,4002,-1,4023,4002,4024,-1,4024,4002,4003,-1,4024,4003,4025,-1,4025,4003,4026,-1,4026,4003,704,-1,4026,704,191,-1,325,4027,4028,-1,4029,2939,349,-1,349,4014,4029,-1,4029,4014,4013,-1,4029,4013,4030,-1,4013,4012,4030,-1,4030,4012,4011,-1,4030,4011,4031,-1,4011,4010,4031,-1,4031,4010,4009,-1,4031,4009,4032,-1,67,2943,4033,-1,4033,2943,4034,-1,4033,4034,4035,-1,4035,4034,4036,-1,4035,4036,4037,-1,4037,4036,4038,-1,4037,4038,4039,-1,4039,4038,4040,-1,4039,4040,4041,-1,4041,4040,4042,-1,4041,4042,4027,-1,2943,2942,4034,-1,4034,2942,4043,-1,4034,4043,4036,-1,4036,4043,4044,-1,4036,4044,4038,-1,4038,4044,4045,-1,4038,4045,4040,-1,4040,4045,4046,-1,4040,4046,4042,-1,4042,4046,4047,-1,2942,2941,4043,-1,4043,2941,4048,-1,4043,4048,4044,-1,4044,4048,4049,-1,4044,4049,4045,-1,4045,4049,4050,-1,4045,4050,4046,-1,4046,4050,4051,-1,4046,4051,4047,-1,4047,4051,4052,-1,2941,2940,4048,-1,4048,2940,4053,-1,4048,4053,4049,-1,4049,4053,4054,-1,4049,4054,4050,-1,4050,4054,4055,-1,4050,4055,4051,-1,4051,4055,4056,-1,4051,4056,4052,-1,4052,4056,4057,-1,2940,2939,4053,-1,4053,2939,4029,-1,4053,4029,4054,-1,4054,4029,4030,-1,4054,4030,4055,-1,4055,4030,4031,-1,4055,4031,4056,-1,4056,4031,4032,-1,4056,4032,4057,-1,4057,4032,4058,-1,4009,4008,4032,-1,4032,4008,4007,-1,4032,4007,4058,-1,4058,4007,4006,-1,4058,4006,4005,-1,4027,4042,4028,-1,4028,4042,4047,-1,4028,4047,4059,-1,4059,4047,4052,-1,4059,4052,4060,-1,4060,4052,4057,-1,4060,4057,4061,-1,4061,4057,4058,-1,4061,4058,4062,-1,4062,4058,4005,-1,4062,4005,4004,-1,325,4028,326,-1,326,4028,4059,-1,326,4059,303,-1,303,4059,4060,-1,303,4060,304,-1,304,4060,4061,-1,304,4061,314,-1,314,4061,4062,-1,314,4062,313,-1,313,4062,4004,-1,313,4004,311,-1,4063,327,328,-1,4063,328,4064,-1,328,4015,4064,-1,4064,4015,4016,-1,4064,4016,4065,-1,4065,4016,4017,-1,4065,4017,4066,-1,4066,4017,4018,-1,4066,4018,4067,-1,4067,4018,4019,-1,4067,4019,4068,-1,4068,4019,4020,-1,4068,4020,4069,-1,4069,4020,4021,-1,4069,4021,4070,-1,4024,4071,4023,-1,4023,4071,4070,-1,4023,4070,4022,-1,4022,4070,4021,-1,191,193,4026,-1,4026,193,4072,-1,4026,4072,4025,-1,4025,4072,4073,-1,4025,4073,4024,-1,4024,4073,4074,-1,4024,4074,4071,-1,67,4033,68,-1,68,4033,4075,-1,4075,4033,4076,-1,4076,4033,4035,-1,4076,4035,4077,-1,4077,4035,4078,-1,4078,4035,4037,-1,4078,4037,4079,-1,4079,4037,4080,-1,4080,4037,4039,-1,4080,4039,4081,-1,4082,4083,4041,-1,4041,4083,4084,-1,4041,4084,4039,-1,4039,4084,4085,-1,4039,4085,4081,-1,4041,4027,4082,-1,4082,4027,325,-1,4082,325,324,-1,193,706,4072,-1,4072,706,4086,-1,4072,4086,4073,-1,4073,4086,4074,-1,4074,4086,4087,-1,4074,4087,4071,-1,4071,4087,4088,-1,4071,4088,4070,-1,4070,4088,4089,-1,4070,4089,4069,-1,4069,4089,4090,-1,4069,4090,4068,-1,4068,4090,4091,-1,4068,4091,4067,-1,4067,4091,4092,-1,4067,4092,4066,-1,4066,4092,4093,-1,4066,4093,4065,-1,4065,4093,4094,-1,4065,4094,4064,-1,4064,4094,4095,-1,4064,4095,4063,-1,4095,4096,4063,-1,4063,4096,318,-1,4063,318,327,-1,196,2744,4097,-1,4097,2744,4098,-1,68,4075,2752,-1,2752,4075,4099,-1,4100,4101,4098,-1,4098,4101,4102,-1,4098,4102,4097,-1,4075,4076,4099,-1,4099,4076,4077,-1,4099,4077,4103,-1,4104,4105,4100,-1,4100,4105,4106,-1,4100,4106,4101,-1,4077,4078,4103,-1,4103,4078,4079,-1,4103,4079,4107,-1,4108,4109,4104,-1,4104,4109,4110,-1,4104,4110,4105,-1,4079,4080,4107,-1,4107,4080,4081,-1,4107,4081,4111,-1,4112,4113,4114,-1,4114,4113,4115,-1,4114,4115,4108,-1,4108,4115,4116,-1,4108,4116,4109,-1,2744,2746,4098,-1,4098,2746,4117,-1,4098,4117,4100,-1,4100,4117,4118,-1,4100,4118,4104,-1,4104,4118,4119,-1,4104,4119,4108,-1,4108,4119,4120,-1,4108,4120,4114,-1,4114,4120,4121,-1,2746,2748,4117,-1,4117,2748,4122,-1,4117,4122,4118,-1,4118,4122,4123,-1,4118,4123,4119,-1,4119,4123,4124,-1,4119,4124,4120,-1,4120,4124,4125,-1,4120,4125,4121,-1,4121,4125,4126,-1,2748,2750,4122,-1,4122,2750,4127,-1,4122,4127,4123,-1,4123,4127,4128,-1,4123,4128,4124,-1,4124,4128,4129,-1,4124,4129,4125,-1,4125,4129,4130,-1,4125,4130,4126,-1,4126,4130,4131,-1,2750,2752,4127,-1,4127,2752,4099,-1,4127,4099,4128,-1,4128,4099,4103,-1,4128,4103,4129,-1,4129,4103,4107,-1,4129,4107,4130,-1,4130,4107,4111,-1,4130,4111,4131,-1,4131,4111,4132,-1,306,321,4112,-1,4081,4085,4111,-1,4111,4085,4084,-1,4111,4084,4132,-1,4132,4084,4083,-1,4132,4083,4082,-1,4112,4114,306,-1,306,4114,4121,-1,306,4121,307,-1,307,4121,4126,-1,307,4126,315,-1,315,4126,4131,-1,315,4131,316,-1,316,4131,4132,-1,316,4132,317,-1,317,4132,4082,-1,317,4082,324,-1,318,4096,4133,-1,4133,4096,4095,-1,4133,4095,4134,-1,4095,4094,4134,-1,4134,4094,4093,-1,4134,4093,4135,-1,4093,4092,4135,-1,4135,4092,4091,-1,4135,4091,4136,-1,4136,4091,4090,-1,4090,4089,4136,-1,4136,4089,4088,-1,4136,4088,4137,-1,1018,21,4137,-1,4137,21,4138,-1,4137,4138,4136,-1,4136,4138,4139,-1,4136,4139,4135,-1,4135,4139,4140,-1,4135,4140,4134,-1,4134,4140,4141,-1,4134,4141,4133,-1,4133,4141,4142,-1,4133,4142,318,-1,706,1018,4086,-1,4086,1018,4137,-1,4086,4137,4087,-1,4087,4137,4088,-1,198,196,4143,-1,4143,196,4097,-1,4143,4097,4144,-1,4144,4097,4145,-1,4145,4097,4102,-1,4145,4102,4146,-1,4146,4102,4101,-1,4146,4101,4147,-1,4101,4106,4147,-1,4147,4106,4105,-1,4147,4105,4148,-1,4105,4110,4148,-1,4148,4110,4109,-1,4148,4109,4149,-1,4109,4116,4149,-1,4149,4116,4115,-1,4149,4115,4150,-1,4150,4115,4113,-1,4113,4112,4150,-1,4150,4112,321,-1,4150,321,323,-1,21,15,4151,-1,21,4151,4138,-1,4138,4151,4152,-1,4138,4152,4139,-1,4139,4152,4153,-1,4139,4153,4140,-1,4140,4153,4154,-1,4140,4154,4141,-1,4141,4154,4155,-1,4141,4155,4142,-1,4142,4155,319,-1,4142,319,318,-1,323,322,4156,-1,323,4156,4150,-1,4150,4156,4157,-1,4150,4157,4149,-1,4149,4157,4158,-1,4149,4158,4148,-1,4148,4158,4159,-1,4148,4159,4147,-1,4147,4159,4160,-1,4147,4160,4146,-1,4146,4160,4145,-1,4145,4160,4161,-1,4145,4161,4144,-1,4144,4161,4143,-1,4143,4161,212,-1,4143,212,198,-1,892,4162,4163,-1,4164,4165,4166,-1,319,4155,4167,-1,4166,4165,319,-1,4168,319,4165,-1,4168,4165,4169,-1,4169,4165,4164,-1,4169,4164,4170,-1,4171,319,4168,-1,4172,4173,4174,-1,4174,4173,4167,-1,4174,4167,4175,-1,4175,4167,4155,-1,4175,4155,4154,-1,4171,4168,4176,-1,4176,4168,4169,-1,4176,4169,4177,-1,4177,4169,4170,-1,4177,4170,4178,-1,4179,4172,4180,-1,4180,4172,4174,-1,4180,4174,4181,-1,4181,4174,4175,-1,4181,4175,4182,-1,4182,4175,4154,-1,4182,4154,4153,-1,4183,4179,4184,-1,4184,4179,4180,-1,4184,4180,4185,-1,4185,4180,4181,-1,4185,4181,4186,-1,4186,4181,4182,-1,4186,4182,4187,-1,4187,4182,4153,-1,4187,4153,4152,-1,4162,4183,4163,-1,4163,4183,4184,-1,4163,4184,4188,-1,4188,4184,4185,-1,4188,4185,4189,-1,4189,4185,4186,-1,4189,4186,4190,-1,4190,4186,4187,-1,4190,4187,4191,-1,4191,4187,4152,-1,4191,4152,4151,-1,892,4163,3235,-1,3235,4163,4188,-1,3235,4188,3236,-1,3236,4188,4189,-1,3236,4189,3237,-1,3237,4189,4190,-1,3237,4190,3238,-1,3238,4190,4191,-1,3238,4191,3239,-1,3239,4191,4151,-1,3239,4151,15,-1,4173,319,4167,-1,4162,4178,4183,-1,4183,4178,4170,-1,4183,4170,4179,-1,4179,4170,4164,-1,4179,4164,4172,-1,4172,4164,4166,-1,4172,4166,4173,-1,4173,4166,319,-1,212,4161,4192,-1,4161,4160,4193,-1,4160,4159,4194,-1,4195,4196,4197,-1,4197,4196,322,-1,4156,322,4196,-1,4156,4196,4157,-1,4157,4196,4195,-1,4157,4195,4158,-1,322,4198,4199,-1,4199,4198,4200,-1,4201,322,4199,-1,4202,4203,4204,-1,4204,4203,4201,-1,4204,4201,4205,-1,4205,4201,4199,-1,4205,4199,4206,-1,4206,4199,4200,-1,4207,4202,4208,-1,4208,4202,4204,-1,4208,4204,4209,-1,4209,4204,4205,-1,4209,4205,4210,-1,4210,4205,4206,-1,4210,4206,4211,-1,4200,4212,4206,-1,4206,4212,4213,-1,4206,4213,4211,-1,4211,4213,4214,-1,4211,4214,4215,-1,4159,4207,4194,-1,4194,4207,4208,-1,4194,4208,4216,-1,4216,4208,4209,-1,4216,4209,4217,-1,4217,4209,4210,-1,4217,4210,4218,-1,4218,4210,4211,-1,4218,4211,4219,-1,4219,4211,4215,-1,4160,4194,4193,-1,4193,4194,4216,-1,4193,4216,4220,-1,4220,4216,4217,-1,4220,4217,4221,-1,4221,4217,4218,-1,4221,4218,4222,-1,4222,4218,4219,-1,4222,4219,4223,-1,4203,322,4201,-1,4159,4158,4207,-1,4207,4158,4195,-1,4207,4195,4202,-1,4202,4195,4197,-1,4202,4197,4203,-1,4203,4197,322,-1,4215,4224,4219,-1,4219,4224,4225,-1,4219,4225,4223,-1,4223,4225,4226,-1,4223,4226,4227,-1,4161,4193,4192,-1,4192,4193,4220,-1,4192,4220,4228,-1,4228,4220,4221,-1,4228,4221,4229,-1,4229,4221,4222,-1,4229,4222,4230,-1,4230,4222,4223,-1,4230,4223,4231,-1,4231,4223,4227,-1,4231,4227,4232,-1,212,4192,3245,-1,3245,4192,4228,-1,3245,4228,3246,-1,3246,4228,4229,-1,3246,4229,3247,-1,3247,4229,4230,-1,3247,4230,3248,-1,3248,4230,4231,-1,3248,4231,3249,-1,3249,4231,4232,-1,3249,4232,221,-1,320,319,4171,-1,320,4171,4233,-1,4233,4171,4176,-1,4233,4176,4234,-1,4234,4176,4177,-1,4234,4177,4235,-1,4235,4177,4178,-1,4235,4178,4236,-1,4236,4178,4162,-1,4236,4162,4237,-1,4237,4162,892,-1,4237,892,893,-1,221,4232,223,-1,223,4232,4238,-1,4232,4227,4238,-1,4238,4227,4226,-1,4238,4226,4239,-1,4226,4225,4239,-1,4239,4225,4224,-1,4239,4224,4240,-1,4240,4224,4215,-1,4240,4215,4241,-1,4215,4214,4241,-1,4241,4214,4213,-1,4241,4213,4242,-1,4213,4212,4242,-1,4242,4212,4200,-1,4242,4200,308,-1,308,4200,4198,-1,308,4198,322,-1,894,4243,3240,-1,3240,4243,4244,-1,4243,4245,4244,-1,4244,4245,4246,-1,4244,4246,4247,-1,4246,4248,4247,-1,4247,4248,4249,-1,4247,4249,4250,-1,4249,4251,4250,-1,4250,4251,4252,-1,4250,4252,4253,-1,893,3244,4237,-1,4237,3244,4254,-1,4237,4254,4236,-1,4236,4254,4255,-1,4236,4255,4235,-1,4235,4255,4256,-1,4235,4256,4234,-1,4234,4256,4257,-1,4234,4257,4233,-1,4233,4257,4258,-1,4233,4258,320,-1,3244,3243,4254,-1,4254,3243,4259,-1,4254,4259,4255,-1,4255,4259,4260,-1,4255,4260,4256,-1,4256,4260,4261,-1,4256,4261,4257,-1,4257,4261,4262,-1,4257,4262,4258,-1,4258,4262,4263,-1,3243,3242,4259,-1,4259,3242,4264,-1,4259,4264,4260,-1,4260,4264,4265,-1,4260,4265,4261,-1,4261,4265,4266,-1,4261,4266,4262,-1,4262,4266,4267,-1,4262,4267,4263,-1,4263,4267,4268,-1,3242,3241,4264,-1,4264,3241,4269,-1,4264,4269,4265,-1,4265,4269,4270,-1,4265,4270,4266,-1,4266,4270,4271,-1,4266,4271,4267,-1,4267,4271,4272,-1,4267,4272,4268,-1,4268,4272,4273,-1,3241,3240,4269,-1,4269,3240,4244,-1,4269,4244,4270,-1,4270,4244,4247,-1,4270,4247,4271,-1,4271,4247,4250,-1,4271,4250,4272,-1,4272,4250,4253,-1,4272,4253,4273,-1,4273,4253,4274,-1,4252,4275,4253,-1,4253,4275,4276,-1,4253,4276,4274,-1,4274,4276,4277,-1,4274,4277,4278,-1,320,4258,330,-1,330,4258,4263,-1,330,4263,339,-1,339,4263,4268,-1,339,4268,340,-1,340,4268,4273,-1,340,4273,341,-1,341,4273,4274,-1,341,4274,342,-1,342,4274,4278,-1,342,4278,343,-1,223,4238,4279,-1,4280,4281,4282,-1,308,4283,4284,-1,4282,4281,308,-1,4285,308,4281,-1,4285,4281,4286,-1,4286,4281,4280,-1,4286,4280,4287,-1,4242,308,4285,-1,4288,4289,4290,-1,4290,4289,4284,-1,4290,4284,4291,-1,4291,4284,4283,-1,4291,4283,4292,-1,4242,4285,4241,-1,4241,4285,4286,-1,4241,4286,4240,-1,4240,4286,4287,-1,4240,4287,4239,-1,4293,4288,4294,-1,4294,4288,4290,-1,4294,4290,4295,-1,4295,4290,4291,-1,4295,4291,4296,-1,4296,4291,4292,-1,4296,4292,4297,-1,4298,4293,4299,-1,4299,4293,4294,-1,4299,4294,4300,-1,4300,4294,4295,-1,4300,4295,4301,-1,4301,4295,4296,-1,4301,4296,4302,-1,4302,4296,4297,-1,4302,4297,4303,-1,4238,4298,4279,-1,4279,4298,4299,-1,4279,4299,4304,-1,4304,4299,4300,-1,4304,4300,4305,-1,4305,4300,4301,-1,4305,4301,4306,-1,4306,4301,4302,-1,4306,4302,4307,-1,4307,4302,4303,-1,4307,4303,4308,-1,223,4279,3499,-1,3499,4279,4304,-1,3499,4304,3500,-1,3500,4304,4305,-1,3500,4305,3501,-1,3501,4305,4306,-1,3501,4306,3502,-1,3502,4306,4307,-1,3502,4307,3503,-1,3503,4307,4308,-1,3503,4308,7,-1,4289,308,4284,-1,4238,4239,4298,-1,4298,4239,4287,-1,4298,4287,4293,-1,4293,4287,4280,-1,4293,4280,4288,-1,4288,4280,4282,-1,4288,4282,4289,-1,4289,4282,308,-1,343,4278,333,-1,333,4278,4309,-1,4309,4278,4310,-1,4310,4278,4277,-1,4310,4277,4311,-1,4311,4277,4276,-1,4311,4276,4312,-1,4312,4276,4275,-1,4312,4275,4313,-1,4313,4275,4252,-1,4313,4252,4314,-1,4314,4252,4251,-1,4314,4251,4315,-1,4315,4251,4249,-1,4315,4249,4316,-1,4316,4249,4248,-1,4316,4248,4317,-1,4317,4248,4246,-1,4317,4246,4318,-1,4318,4246,4245,-1,4318,4245,4319,-1,4245,4243,4319,-1,4319,4243,894,-1,4319,894,895,-1,0,7,4308,-1,0,4308,4320,-1,4320,4308,4303,-1,4320,4303,4321,-1,4321,4303,4297,-1,4321,4297,4322,-1,4322,4297,4292,-1,4322,4292,4323,-1,4323,4292,4283,-1,4323,4283,4324,-1,4324,4283,308,-1,4324,308,333,-1,0,4320,4325,-1,4320,4321,4326,-1,4327,4328,4329,-1,4329,4328,333,-1,4324,333,4328,-1,4330,333,4309,-1,4331,333,4330,-1,4324,4328,4323,-1,4323,4328,4327,-1,4323,4327,4322,-1,4332,4333,4334,-1,4334,4333,4331,-1,4334,4331,4335,-1,4335,4331,4330,-1,4335,4330,4336,-1,4309,4310,4330,-1,4330,4310,4311,-1,4330,4311,4336,-1,4336,4311,4312,-1,4336,4312,4313,-1,4337,4332,4338,-1,4338,4332,4334,-1,4338,4334,4339,-1,4339,4334,4335,-1,4339,4335,4340,-1,4340,4335,4336,-1,4340,4336,4341,-1,4341,4336,4313,-1,4341,4313,4314,-1,4321,4337,4326,-1,4326,4337,4338,-1,4326,4338,4342,-1,4342,4338,4339,-1,4342,4339,4343,-1,4343,4339,4340,-1,4343,4340,4344,-1,4344,4340,4341,-1,4344,4341,4345,-1,4345,4341,4314,-1,4345,4314,4315,-1,4320,4326,4325,-1,4325,4326,4342,-1,4325,4342,4346,-1,4346,4342,4343,-1,4346,4343,4347,-1,4347,4343,4344,-1,4347,4344,4348,-1,4348,4344,4345,-1,4348,4345,4349,-1,4333,333,4331,-1,4321,4322,4337,-1,4337,4322,4327,-1,4337,4327,4332,-1,4332,4327,4329,-1,4332,4329,4333,-1,4333,4329,333,-1,4315,4316,4345,-1,4345,4316,4317,-1,4345,4317,4349,-1,4349,4317,4318,-1,4349,4318,4319,-1,0,4325,1259,-1,1259,4325,4346,-1,1259,4346,1260,-1,1260,4346,4347,-1,1260,4347,1261,-1,1261,4347,4348,-1,1261,4348,1262,-1,1262,4348,4349,-1,1262,4349,1263,-1,1263,4349,4319,-1,1263,4319,895,-1,
        ]
    }
}