#VRML V2.0 utf8
# 3D model generated by kicad-lcsc-manager
# Based on easyeda2kicad.py v1.0.1

Shape{
    appearance Appearance {
        material  Material {
            diffuseColor 0.7803921568627451 0.7803921568627451 0.7803921568627451
            specularColor 0.6862745098039216 0.6862745098039216 0.6862745098039216
            ambientIntensity 0.7804
            transparency 0.0
            shininess 0.5
        }
    }
    geometry IndexedFaceSet {
        ccw TRUE
        solid FALSE
        coord DEF co Coordinate {
            point [
                -7.1181 0.0394 3.937, -6.8819 0.0394 3.937, -7.1181 0.1969 3.7795, -6.8819 0.1969 3.7795, -7.1782 0.0 3.937, -7.1738 -0.0068 3.937, -7.1735 0.0063 3.937, -7.166 -0.0164 3.937, -6.8518 -0.0309 3.937, -6.8425 -0.0245 3.937, -6.8218 0.0 3.937, -6.8262 0.0068 3.937, -6.8265 -0.0063 3.937, -6.834 0.0164 3.937, -7.1575 -0.0245 3.937, -7.1482 -0.0309 3.937, -7.1385 -0.0356 3.937, -7.1284 0.0384 3.937, -7.1385 0.0356 3.937, -7.1181 -0.0394 3.937, -7.1482 0.0309 3.937, -7.1575 0.0245 3.937, -6.8819 -0.0394 3.937, -6.8716 -0.0384 3.937, -6.8615 -0.0356 3.937, -6.8425 0.0245 3.937, -6.8518 0.0309 3.937, -6.8615 0.0356 3.937, -7.166 0.0164 3.937, -7.1284 -0.0384 3.937, -6.834 -0.0164 3.937, -6.8716 0.0384 3.937, -7.1181 -0.1969 3.7795, -6.8819 -0.1969 3.7795, -6.8819 -0.1969 -1.4173, -7.1181 -0.1969 -1.4173, -7.1181 -0.0394 -1.5748, -6.8819 -0.0394 -1.5748, -6.8218 0.0 -1.5748, -6.8262 -0.0068 -1.5748, -6.8265 0.0063 -1.5748, -6.834 -0.0164 -1.5748, -6.8518 0.0309 -1.5748, -6.8425 0.0245 -1.5748, -7.1782 -0.0 -1.5748, -7.1738 0.0068 -1.5748, -7.1735 -0.0063 -1.5748, -7.166 0.0164 -1.5748, -6.8425 -0.0245 -1.5748, -6.8518 -0.0309 -1.5748, -6.8615 -0.0356 -1.5748, -7.1284 -0.0384 -1.5748, -7.1385 -0.0356 -1.5748, -7.1181 0.0394 -1.5748, -7.1482 -0.0309 -1.5748, -7.1575 -0.0245 -1.5748, -6.8819 0.0394 -1.5748, -6.8716 0.0384 -1.5748, -6.8615 0.0356 -1.5748, -7.1575 0.0245 -1.5748, -7.1482 0.0309 -1.5748, -7.1385 0.0356 -1.5748, -6.834 0.0164 -1.5748, -6.8716 -0.0384 -1.5748, -7.166 -0.0164 -1.5748, -7.1284 0.0384 -1.5748, -7.1181 0.1969 -1.4173, -6.8819 0.1969 -1.4173, -6.8032 -0.0 3.865, -6.8032 -0.1181 3.7469, -6.8032 0.1181 3.7469, -6.8032 -0.1181 -1.3847, -6.8032 0.1181 -1.3847, -6.8032 0.0 -1.5028, -7.1969 -0.1181 3.7469, -7.1969 -0.0 3.865, -7.1969 0.1181 3.7469, -7.1969 -0.1181 -1.3847, -7.1969 0.1181 -1.3847, -7.1969 0.0 -1.5028, -7.1863 0.0 3.9207, -7.1284 -0.1962 3.7792, -7.1385 -0.1942 3.7784, -7.1482 -0.1909 3.777, -7.1575 -0.1863 3.7752, -7.166 -0.1806 3.7728, -7.1738 -0.1738 3.77, -7.1863 -0.1575 3.7632, -7.1942 0.0 3.8938, -7.1942 -0.1385 3.7554, -7.1284 -0.1962 -1.417, -7.1385 -0.1942 -1.4162, -7.1482 -0.1909 -1.4148, -7.1575 -0.1863 -1.413, -7.166 -0.1806 -1.4106, -7.1738 -0.1738 -1.4078, -7.1863 -0.1575 -1.401, -7.1942 -0.1385 -1.3931, -7.1738 0.1738 3.77, -7.1863 0.1575 3.7632, -7.1942 0.1385 3.7554, -7.166 0.1806 3.7728, -7.1575 0.1863 3.7752, -7.1482 0.1909 3.777, -7.1385 0.1942 3.7784, -7.1284 0.1962 3.7792, -7.1863 0.0 -1.5585, -7.1942 0.0 -1.5316, -7.1863 0.1575 -1.401, -7.1942 0.1385 -1.3931, -7.1284 0.1962 -1.417, -7.1385 0.1942 -1.4162, -7.1482 0.1909 -1.4148, -7.1575 0.1863 -1.413, -7.166 0.1806 -1.4106, -7.1738 0.1738 -1.4078, -6.8137 0.0 3.9207, -6.8262 -0.1738 3.77, -6.8137 -0.1575 3.7632, -6.8058 -0.1385 3.7554, -6.8058 0.0 3.8938, -6.834 -0.1806 3.7728, -6.8425 -0.1863 3.7752, -6.8518 -0.1909 3.777, -6.8615 -0.1942 3.7784, -6.8716 -0.1962 3.7792, -6.834 -0.1806 -1.4106, -6.8262 -0.1738 -1.4078, -6.8137 -0.1575 -1.401, -6.8058 -0.1385 -1.3931, -6.8716 -0.1962 -1.417, -6.8615 -0.1942 -1.4162, -6.8518 -0.1909 -1.4148, -6.8425 -0.1863 -1.413, -6.8716 0.1962 3.7792, -6.8615 0.1942 3.7784, -6.8518 0.1909 3.777, -6.8425 0.1863 3.7752, -6.834 0.1806 3.7728, -6.8262 0.1738 3.77, -6.8137 0.1575 3.7632, -6.8058 0.1385 3.7554, -6.8137 0.0 -1.5585, -6.8058 0.0 -1.5316, -6.8716 0.1962 -1.417, -6.8615 0.1942 -1.4162, -6.8518 0.1909 -1.4148, -6.8425 0.1863 -1.413, -6.834 0.1806 -1.4106, -6.8262 0.1738 -1.4078, -6.8137 0.1575 -1.401, -6.8058 0.1385 -1.3931, -5.1181 0.0394 3.937, -4.8819 0.0394 3.937, -5.1181 0.1969 3.7795, -4.8819 0.1969 3.7795, -4.8218 0.0 3.937, -4.8262 0.0068 3.937, -4.8265 -0.0063 3.937, -4.834 0.0164 3.937, -4.8518 -0.0309 3.937, -4.8425 -0.0245 3.937, -5.1782 0.0 3.937, -5.1738 -0.0068 3.937, -5.1735 0.0063 3.937, -5.166 -0.0164 3.937, -4.8425 0.0245 3.937, -4.8518 0.0309 3.937, -4.8615 0.0356 3.937, -5.1284 0.0384 3.937, -5.1385 0.0356 3.937, -5.1181 -0.0394 3.937, -5.1482 0.0309 3.937, -5.1575 0.0245 3.937, -4.8819 -0.0394 3.937, -4.8716 -0.0384 3.937, -4.8615 -0.0356 3.937, -5.1575 -0.0245 3.937, -5.1482 -0.0309 3.937, -5.1385 -0.0356 3.937, -4.834 -0.0164 3.937, -4.8716 0.0384 3.937, -5.166 0.0164 3.937, -5.1284 -0.0384 3.937, -5.1181 -0.1969 3.7795, -4.8819 -0.1969 3.7795, -4.8819 -0.1969 -1.4173, -5.1181 -0.1969 -1.4173, -5.1181 -0.0394 -1.5748, -4.8819 -0.0394 -1.5748, -4.8218 0.0 -1.5748, -4.8262 -0.0068 -1.5748, -4.8265 0.0063 -1.5748, -4.834 -0.0164 -1.5748, -4.8518 0.0309 -1.5748, -4.8425 0.0245 -1.5748, -5.1782 0.0 -1.5748, -5.1738 0.0068 -1.5748, -5.1735 -0.0063 -1.5748, -5.166 0.0164 -1.5748, -4.8425 -0.0245 -1.5748, -4.8518 -0.0309 -1.5748, -4.8615 -0.0356 -1.5748, -5.1284 -0.0384 -1.5748, -5.1385 -0.0356 -1.5748, -5.1181 0.0394 -1.5748, -5.1482 -0.0309 -1.5748, -5.1575 -0.0245 -1.5748, -4.8819 0.0394 -1.5748, -4.8716 0.0384 -1.5748, -4.8615 0.0356 -1.5748, -5.1575 0.0245 -1.5748, -5.1482 0.0309 -1.5748, -5.1385 0.0356 -1.5748, -4.834 0.0164 -1.5748, -4.8716 -0.0384 -1.5748, -5.166 -0.0164 -1.5748, -5.1284 0.0384 -1.5748, -5.1181 0.1969 -1.4173, -4.8819 0.1969 -1.4173, -4.8032 0.0 3.865, -4.8032 -0.1181 3.7469, -4.8032 0.1181 3.7469, -4.8032 -0.1181 -1.3847, -4.8032 0.1181 -1.3847, -4.8032 0.0 -1.5028, -5.1969 -0.1181 3.7469, -5.1969 0.0 3.865, -5.1969 0.1181 3.7469, -5.1969 -0.1181 -1.3847, -5.1969 0.1181 -1.3847, -5.1969 0.0 -1.5028, -5.1863 0.0 3.9207, -5.1284 -0.1962 3.7792, -5.1385 -0.1942 3.7784, -5.1482 -0.1909 3.777, -5.1575 -0.1863 3.7752, -5.166 -0.1806 3.7728, -5.1738 -0.1738 3.77, -5.1863 -0.1575 3.7632, -5.1942 0.0 3.8938, -5.1942 -0.1385 3.7554, -5.1284 -0.1962 -1.417, -5.1385 -0.1942 -1.4162, -5.1482 -0.1909 -1.4148, -5.1575 -0.1863 -1.413, -5.166 -0.1806 -1.4106, -5.1738 -0.1738 -1.4078, -5.1863 -0.1575 -1.401, -5.1942 -0.1385 -1.3931, -5.1738 0.1738 3.77, -5.1863 0.1575 3.7632, -5.1942 0.1385 3.7554, -5.166 0.1806 3.7728, -5.1575 0.1863 3.7752, -5.1482 0.1909 3.777, -5.1385 0.1942 3.7784, -5.1284 0.1962 3.7792, -5.1863 0.0 -1.5585, -5.1942 0.0 -1.5316, -5.1863 0.1575 -1.401, -5.1942 0.1385 -1.3931, -5.1284 0.1962 -1.417, -5.1385 0.1942 -1.4162, -5.1482 0.1909 -1.4148, -5.1575 0.1863 -1.413, -5.166 0.1806 -1.4106, -5.1738 0.1738 -1.4078, -4.8137 0.0 3.9207, -4.8262 -0.1738 3.77, -4.8137 -0.1575 3.7632, -4.8058 -0.1385 3.7554, -4.8058 0.0 3.8938, -4.834 -0.1806 3.7728, -4.8425 -0.1863 3.7752, -4.8518 -0.1909 3.777, -4.8615 -0.1942 3.7784, -4.8716 -0.1962 3.7792, -4.834 -0.1806 -1.4106, -4.8262 -0.1738 -1.4078, -4.8137 -0.1575 -1.401, -4.8058 -0.1385 -1.3931, -4.8716 -0.1962 -1.417, -4.8615 -0.1942 -1.4162, -4.8518 -0.1909 -1.4148, -4.8425 -0.1863 -1.413, -4.8716 0.1962 3.7792, -4.8615 0.1942 3.7784, -4.8518 0.1909 3.777, -4.8425 0.1863 3.7752, -4.834 0.1806 3.7728, -4.8262 0.1738 3.77, -4.8137 0.1575 3.7632, -4.8058 0.1385 3.7554, -4.8137 0.0 -1.5585, -4.8058 0.0 -1.5316, -4.8716 0.1962 -1.417, -4.8615 0.1942 -1.4162, -4.8518 0.1909 -1.4148, -4.8425 0.1863 -1.413, -4.834 0.1806 -1.4106, -4.8262 0.1738 -1.4078, -4.8137 0.1575 -1.401, -4.8058 0.1385 -1.3931, -3.1181 0.0394 3.937, -2.8819 0.0394 3.937, -3.1181 0.1969 3.7795, -2.8819 0.1969 3.7795, -2.8218 0.0 3.937, -2.8262 0.0068 3.937, -2.8265 -0.0063 3.937, -2.834 0.0164 3.937, -2.8518 -0.0309 3.937, -2.8425 -0.0245 3.937, -3.1782 0.0 3.937, -3.1738 -0.0068 3.937, -3.1735 0.0063 3.937, -3.166 -0.0164 3.937, -2.8425 0.0245 3.937, -2.8518 0.0309 3.937, -2.8615 0.0356 3.937, -3.1284 0.0384 3.937, -3.1385 0.0356 3.937, -3.1181 -0.0394 3.937, -3.1482 0.0309 3.937, -3.1575 0.0245 3.937, -2.8819 -0.0394 3.937, -2.8716 -0.0384 3.937, -2.8615 -0.0356 3.937, -3.1575 -0.0245 3.937, -3.1482 -0.0309 3.937, -3.1385 -0.0356 3.937, -2.834 -0.0164 3.937, -2.8716 0.0384 3.937, -3.166 0.0164 3.937, -3.1284 -0.0384 3.937, -3.1181 -0.1969 3.7795, -2.8819 -0.1969 3.7795, -2.8819 -0.1969 -1.4173, -3.1181 -0.1969 -1.4173, -3.1181 -0.0394 -1.5748, -2.8819 -0.0394 -1.5748, -3.1782 0.0 -1.5748, -3.1738 0.0068 -1.5748, -3.1735 -0.0063 -1.5748, -3.166 0.0164 -1.5748, -2.8518 0.0309 -1.5748, -2.8425 0.0245 -1.5748, -2.8218 0.0 -1.5748, -2.8262 -0.0068 -1.5748, -2.8265 0.0063 -1.5748, -2.834 -0.0164 -1.5748, -3.1575 0.0245 -1.5748, -3.1482 0.0309 -1.5748, -3.1385 0.0356 -1.5748, -3.1284 -0.0384 -1.5748, -3.1385 -0.0356 -1.5748, -3.1181 0.0394 -1.5748, -3.1482 -0.0309 -1.5748, -3.1575 -0.0245 -1.5748, -2.8819 0.0394 -1.5748, -2.8716 0.0384 -1.5748, -2.8615 0.0356 -1.5748, -2.8425 -0.0245 -1.5748, -2.8518 -0.0309 -1.5748, -2.8615 -0.0356 -1.5748, -3.166 -0.0164 -1.5748, -3.1284 0.0384 -1.5748, -2.834 0.0164 -1.5748, -2.8716 -0.0384 -1.5748, -3.1181 0.1969 -1.4173, -2.8819 0.1969 -1.4173, -2.8032 0.0 3.865, -2.8032 -0.1181 3.7469, -2.8032 0.1181 3.7469, -2.8032 -0.1181 -1.3847, -2.8032 0.1181 -1.3847, -2.8032 0.0 -1.5028, -3.1969 -0.1181 3.7469, -3.1969 0.0 3.865, -3.1969 0.1181 3.7469, -3.1969 -0.1181 -1.3847, -3.1969 0.1181 -1.3847, -3.1969 0.0 -1.5028, -3.1863 0.0 3.9207, -3.1284 -0.1962 3.7792, -3.1385 -0.1942 3.7784, -3.1482 -0.1909 3.777, -3.1575 -0.1863 3.7752, -3.166 -0.1806 3.7728, -3.1738 -0.1738 3.77, -3.1863 -0.1575 3.7632, -3.1942 0.0 3.8938, -3.1942 -0.1385 3.7554, -3.1284 -0.1962 -1.417, -3.1385 -0.1942 -1.4162, -3.1482 -0.1909 -1.4148, -3.1575 -0.1863 -1.413, -3.166 -0.1806 -1.4106, -3.1738 -0.1738 -1.4078, -3.1863 -0.1575 -1.401, -3.1942 -0.1385 -1.3931, -3.1738 0.1738 3.77, -3.1863 0.1575 3.7632, -3.1942 0.1385 3.7554, -3.166 0.1806 3.7728, -3.1575 0.1863 3.7752, -3.1482 0.1909 3.777, -3.1385 0.1942 3.7784, -3.1284 0.1962 3.7792, -3.1863 0.0 -1.5585, -3.1942 0.0 -1.5316, -3.1863 0.1575 -1.401, -3.1942 0.1385 -1.3931, -3.1284 0.1962 -1.417, -3.1385 0.1942 -1.4162, -3.1482 0.1909 -1.4148, -3.1575 0.1863 -1.413, -3.166 0.1806 -1.4106, -3.1738 0.1738 -1.4078, -2.8137 0.0 3.9207, -2.8262 -0.1738 3.77, -2.8137 -0.1575 3.7632, -2.8058 -0.1385 3.7554, -2.8058 0.0 3.8938, -2.834 -0.1806 3.7728, -2.8425 -0.1863 3.7752, -2.8518 -0.1909 3.777, -2.8615 -0.1942 3.7784, -2.8716 -0.1962 3.7792, -2.834 -0.1806 -1.4106, -2.8262 -0.1738 -1.4078, -2.8137 -0.1575 -1.401, -2.8058 -0.1385 -1.3931, -2.8716 -0.1962 -1.417, -2.8615 -0.1942 -1.4162, -2.8518 -0.1909 -1.4148, -2.8425 -0.1863 -1.413, -2.8716 0.1962 3.7792, -2.8615 0.1942 3.7784, -2.8518 0.1909 3.777, -2.8425 0.1863 3.7752, -2.834 0.1806 3.7728, -2.8262 0.1738 3.77, -2.8137 0.1575 3.7632, -2.8058 0.1385 3.7554, -2.8137 0.0 -1.5585, -2.8058 0.0 -1.5316, -2.8716 0.1962 -1.417, -2.8615 0.1942 -1.4162, -2.8518 0.1909 -1.4148, -2.8425 0.1863 -1.413, -2.834 0.1806 -1.4106, -2.8262 0.1738 -1.4078, -2.8137 0.1575 -1.401, -2.8058 0.1385 -1.3931, -1.1181 0.0394 3.937, -0.8819 0.0394 3.937, -1.1181 0.1969 3.7795, -0.8819 0.1969 3.7795, -1.1782 0.0 3.937, -1.1738 -0.0068 3.937, -1.1735 0.0063 3.937, -1.166 -0.0164 3.937, -0.8518 -0.0309 3.937, -0.8425 -0.0245 3.937, -0.8218 0.0 3.937, -0.8262 0.0068 3.937, -0.8265 -0.0063 3.937, -0.834 0.0164 3.937, -1.1575 -0.0245 3.937, -1.1482 -0.0309 3.937, -1.1385 -0.0356 3.937, -1.1284 0.0384 3.937, -1.1385 0.0356 3.937, -1.1181 -0.0394 3.937, -1.1482 0.0309 3.937, -1.1575 0.0245 3.937, -0.8819 -0.0394 3.937, -0.8716 -0.0384 3.937, -0.8615 -0.0356 3.937, -0.8425 0.0245 3.937, -0.8518 0.0309 3.937, -0.8615 0.0356 3.937, -1.166 0.0164 3.937, -1.1284 -0.0384 3.937, -0.834 -0.0164 3.937, -0.8716 0.0384 3.937, -1.1181 -0.1969 3.7795, -0.8819 -0.1969 3.7795, -0.8819 -0.1969 -1.4173, -1.1181 -0.1969 -1.4173, -1.1181 -0.0394 -1.5748, -0.8819 -0.0394 -1.5748, -1.1782 0.0 -1.5748, -1.1738 0.0068 -1.5748, -1.1735 -0.0063 -1.5748, -1.166 0.0164 -1.5748, -0.8518 0.0309 -1.5748, -0.8425 0.0245 -1.5748, -0.8218 0.0 -1.5748, -0.8262 -0.0068 -1.5748, -0.8265 0.0063 -1.5748, -0.834 -0.0164 -1.5748, -1.1575 0.0245 -1.5748, -1.1482 0.0309 -1.5748, -1.1385 0.0356 -1.5748, -1.1284 -0.0384 -1.5748, -1.1385 -0.0356 -1.5748, -1.1181 0.0394 -1.5748, -1.1482 -0.0309 -1.5748, -1.1575 -0.0245 -1.5748, -0.8819 0.0394 -1.5748, -0.8716 0.0384 -1.5748, -0.8615 0.0356 -1.5748, -0.8425 -0.0245 -1.5748, -0.8518 -0.0309 -1.5748, -0.8615 -0.0356 -1.5748, -1.166 -0.0164 -1.5748, -1.1284 0.0384 -1.5748, -0.834 0.0164 -1.5748, -0.8716 -0.0384 -1.5748, -1.1181 0.1969 -1.4173, -0.8819 0.1969 -1.4173, -0.8032 0.0 3.865, -0.8032 -0.1181 3.7469, -0.8032 0.1181 3.7469, -0.8032 -0.1181 -1.3847, -0.8032 0.1181 -1.3847, -0.8032 0.0 -1.5028, -1.1969 -0.1181 3.7469, -1.1969 0.0 3.865, -1.1969 0.1181 3.7469, -1.1969 -0.1181 -1.3847, -1.1969 0.1181 -1.3847, -1.1969 0.0 -1.5028, -1.1863 0.0 3.9207, -1.1284 -0.1962 3.7792, -1.1385 -0.1942 3.7784, -1.1482 -0.1909 3.777, -1.1575 -0.1863 3.7752, -1.166 -0.1806 3.7728, -1.1738 -0.1738 3.77, -1.1863 -0.1575 3.7632, -1.1942 0.0 3.8938, -1.1942 -0.1385 3.7554, -1.1284 -0.1962 -1.417, -1.1385 -0.1942 -1.4162, -1.1482 -0.1909 -1.4148, -1.1575 -0.1863 -1.413, -1.166 -0.1806 -1.4106, -1.1738 -0.1738 -1.4078, -1.1863 -0.1575 -1.401, -1.1942 -0.1385 -1.3931, -1.1738 0.1738 3.77, -1.1863 0.1575 3.7632, -1.1942 0.1385 3.7554, -1.166 0.1806 3.7728, -1.1575 0.1863 3.7752, -1.1482 0.1909 3.777, -1.1385 0.1942 3.7784, -1.1284 0.1962 3.7792, -1.1863 0.0 -1.5585, -1.1942 0.0 -1.5316, -1.166 0.1806 -1.4106, -1.1738 0.1738 -1.4078, -1.1863 0.1575 -1.401, -1.1942 0.1385 -1.3931, -1.1284 0.1962 -1.417, -1.1385 0.1942 -1.4162, -1.1482 0.1909 -1.4148, -1.1575 0.1863 -1.413, -0.8137 0.0 3.9207, -0.8262 -0.1738 3.77, -0.8137 -0.1575 3.7632, -0.8058 -0.1385 3.7554, -0.8058 0.0 3.8938, -0.834 -0.1806 3.7728, -0.8425 -0.1863 3.7752, -0.8518 -0.1909 3.777, -0.8615 -0.1942 3.7784, -0.8716 -0.1962 3.7792, -0.834 -0.1806 -1.4106, -0.8262 -0.1738 -1.4078, -0.8137 -0.1575 -1.401, -0.8058 -0.1385 -1.3931, -0.8716 -0.1962 -1.417, -0.8615 -0.1942 -1.4162, -0.8518 -0.1909 -1.4148, -0.8425 -0.1863 -1.413, -0.8716 0.1962 3.7792, -0.8615 0.1942 3.7784, -0.8518 0.1909 3.777, -0.8425 0.1863 3.7752, -0.834 0.1806 3.7728, -0.8262 0.1738 3.77, -0.8137 0.1575 3.7632, -0.8058 0.1385 3.7554, -0.8137 0.0 -1.5585, -0.8058 0.0 -1.5316, -0.8716 0.1962 -1.417, -0.8615 0.1942 -1.4162, -0.8518 0.1909 -1.4148, -0.8425 0.1863 -1.413, -0.834 0.1806 -1.4106, -0.8262 0.1738 -1.4078, -0.8137 0.1575 -1.401, -0.8058 0.1385 -1.3931, 0.8819 0.0394 3.937, 1.1181 0.0394 3.937, 0.8819 0.1969 3.7795, 1.1181 0.1969 3.7795, 1.1782 0.0 3.937, 1.1738 0.0068 3.937, 1.1735 -0.0063 3.937, 1.166 0.0164 3.937, 1.1482 -0.0309 3.937, 1.1575 -0.0245 3.937, 0.8218 0.0 3.937, 0.8262 -0.0068 3.937, 0.8265 0.0063 3.937, 0.834 -0.0164 3.937, 1.1575 0.0245 3.937, 1.1482 0.0309 3.937, 1.1385 0.0356 3.937, 0.8716 0.0384 3.937, 0.8615 0.0356 3.937, 0.8819 -0.0394 3.937, 0.8518 0.0309 3.937, 0.8425 0.0245 3.937, 1.1181 -0.0394 3.937, 1.1284 -0.0384 3.937, 1.1385 -0.0356 3.937, 0.8425 -0.0245 3.937, 0.8518 -0.0309 3.937, 0.8615 -0.0356 3.937, 1.166 -0.0164 3.937, 1.1284 0.0384 3.937, 0.834 0.0164 3.937, 0.8716 -0.0384 3.937, 0.8819 -0.1969 3.7795, 1.1181 -0.1969 3.7795, 1.1181 -0.1969 -1.4173, 0.8819 -0.1969 -1.4173, 0.8819 -0.0394 -1.5748, 1.1181 -0.0394 -1.5748, 1.1782 0.0 -1.5748, 1.1738 -0.0068 -1.5748, 1.1735 0.0063 -1.5748, 1.166 -0.0164 -1.5748, 1.1482 0.0309 -1.5748, 1.1575 0.0245 -1.5748, 0.8218 0.0 -1.5748, 0.8262 0.0068 -1.5748, 0.8265 -0.0063 -1.5748, 0.834 0.0164 -1.5748, 1.1575 -0.0245 -1.5748, 1.1482 -0.0309 -1.5748, 1.1385 -0.0356 -1.5748, 0.8716 -0.0384 -1.5748, 0.8615 -0.0356 -1.5748, 0.8819 0.0394 -1.5748, 0.8518 -0.0309 -1.5748, 0.8425 -0.0245 -1.5748, 1.1181 0.0394 -1.5748, 1.1284 0.0384 -1.5748, 1.1385 0.0356 -1.5748, 0.8425 0.0245 -1.5748, 0.8518 0.0309 -1.5748, 0.8615 0.0356 -1.5748, 1.166 0.0164 -1.5748, 1.1284 -0.0384 -1.5748, 0.834 -0.0164 -1.5748, 0.8716 0.0384 -1.5748, 0.8819 0.1969 -1.4173, 1.1181 0.1969 -1.4173, 1.1968 -0.1181 -1.3847, 1.1968 0.0 -1.5028, 1.1968 0.1181 -1.3847, 1.1968 -0.1181 3.7469, 1.1968 0.1181 3.7469, 1.1968 0.0 3.865, 0.8031 -0.1181 3.7469, 0.8031 0.0 3.865, 0.8031 0.1181 3.7469, 0.8031 -0.1181 -1.3847, 0.8031 0.1181 -1.3847, 0.8031 0.0 -1.5028, 0.8137 0.0 3.9207, 0.8716 -0.1962 3.7792, 0.8615 -0.1942 3.7784, 0.8518 -0.1909 3.777, 0.8425 -0.1863 3.7752, 0.834 -0.1806 3.7728, 0.8262 -0.1738 3.77, 0.8137 -0.1575 3.7632, 0.8058 0.0 3.8938, 0.8058 -0.1385 3.7554, 0.8716 -0.1962 -1.417, 0.8615 -0.1942 -1.4162, 0.8518 -0.1909 -1.4148, 0.8425 -0.1863 -1.413, 0.834 -0.1806 -1.4106, 0.8262 -0.1738 -1.4078, 0.8137 -0.1575 -1.401, 0.8058 -0.1385 -1.3931, 0.8262 0.1738 3.77, 0.8137 0.1575 3.7632, 0.8058 0.1385 3.7554, 0.834 0.1806 3.7728, 0.8425 0.1863 3.7752, 0.8518 0.1909 3.777, 0.8615 0.1942 3.7784, 0.8716 0.1962 3.7792, 0.8137 0.0 -1.5585, 0.8058 0.0 -1.5316, 0.8137 0.1575 -1.401, 0.8058 0.1385 -1.3931, 0.8716 0.1962 -1.417, 0.8615 0.1942 -1.4162, 0.8518 0.1909 -1.4148, 0.8425 0.1863 -1.413, 0.834 0.1806 -1.4106, 0.8262 0.1738 -1.4078, 1.1863 0.0 3.9207, 1.1738 -0.1738 3.77, 1.1863 -0.1575 3.7632, 1.1942 -0.1385 3.7554, 1.1942 0.0 3.8938, 1.166 -0.1806 3.7728, 1.1575 -0.1863 3.7752, 1.1482 -0.1909 3.777, 1.1385 -0.1942 3.7784, 1.1284 -0.1962 3.7792, 1.166 -0.1806 -1.4106, 1.1738 -0.1738 -1.4078, 1.1863 -0.1575 -1.401, 1.1942 -0.1385 -1.3931, 1.1284 -0.1962 -1.417, 1.1385 -0.1942 -1.4162, 1.1482 -0.1909 -1.4148, 1.1575 -0.1863 -1.413, 1.1284 0.1962 3.7792, 1.1385 0.1942 3.7784, 1.1482 0.1909 3.777, 1.1575 0.1863 3.7752, 1.166 0.1806 3.7728, 1.1738 0.1738 3.77, 1.1863 0.1575 3.7632, 1.1942 0.1385 3.7554, 1.1863 0.0 -1.5585, 1.1942 0.0 -1.5316, 1.1284 0.1962 -1.417, 1.1385 0.1942 -1.4162, 1.1482 0.1909 -1.4148, 1.1575 0.1863 -1.413, 1.166 0.1806 -1.4106, 1.1738 0.1738 -1.4078, 1.1863 0.1575 -1.401, 1.1942 0.1385 -1.3931, 2.8819 0.0394 3.937, 3.1181 0.0394 3.937, 2.8819 0.1969 3.7795, 3.1181 0.1969 3.7795, 3.1782 0.0 3.937, 3.1738 0.0068 3.937, 3.1735 -0.0063 3.937, 3.166 0.0164 3.937, 3.1482 -0.0309 3.937, 3.1575 -0.0245 3.937, 2.8218 0.0 3.937, 2.8262 -0.0068 3.937, 2.8265 0.0063 3.937, 2.834 -0.0164 3.937, 3.1575 0.0245 3.937, 3.1482 0.0309 3.937, 3.1385 0.0356 3.937, 2.8716 0.0384 3.937, 2.8615 0.0356 3.937, 2.8819 -0.0394 3.937, 2.8518 0.0309 3.937, 2.8425 0.0245 3.937, 3.1181 -0.0394 3.937, 3.1284 -0.0384 3.937, 3.1385 -0.0356 3.937, 2.8425 -0.0245 3.937, 2.8518 -0.0309 3.937, 2.8615 -0.0356 3.937, 3.166 -0.0164 3.937, 3.1284 0.0384 3.937, 2.834 0.0164 3.937, 2.8716 -0.0384 3.937, 2.8819 -0.1969 3.7795, 3.1181 -0.1969 3.7795, 3.1181 -0.1969 -1.4173, 2.8819 -0.1969 -1.4173, 2.8819 -0.0394 -1.5748, 3.1181 -0.0394 -1.5748, 3.1782 0.0 -1.5748, 3.1738 -0.0068 -1.5748, 3.1735 0.0063 -1.5748, 3.166 -0.0164 -1.5748, 3.1482 0.0309 -1.5748, 3.1575 0.0245 -1.5748, 2.8218 0.0 -1.5748, 2.8262 0.0068 -1.5748, 2.8265 -0.0063 -1.5748, 2.834 0.0164 -1.5748, 3.1575 -0.0245 -1.5748, 3.1482 -0.0309 -1.5748, 3.1385 -0.0356 -1.5748, 2.8716 -0.0384 -1.5748, 2.8615 -0.0356 -1.5748, 2.8819 0.0394 -1.5748, 2.8518 -0.0309 -1.5748, 2.8425 -0.0245 -1.5748, 3.1181 0.0394 -1.5748, 3.1284 0.0384 -1.5748, 3.1385 0.0356 -1.5748, 2.8425 0.0245 -1.5748, 2.8518 0.0309 -1.5748, 2.8615 0.0356 -1.5748, 3.166 0.0164 -1.5748, 3.1284 -0.0384 -1.5748, 2.834 -0.0164 -1.5748, 2.8716 0.0384 -1.5748, 2.8819 0.1969 -1.4173, 3.1181 0.1969 -1.4173, 3.1969 0.0 3.865, 3.1969 -0.1181 3.7469, 3.1969 0.1181 3.7469, 3.1969 -0.1181 -1.3847, 3.1969 0.1181 -1.3847, 3.1969 0.0 -1.5028, 2.8031 -0.1181 3.7469, 2.8031 0.0 3.865, 2.8031 0.1181 3.7469, 2.8031 -0.1181 -1.3847, 2.8031 0.1181 -1.3847, 2.8031 0.0 -1.5028, 2.8137 0.0 3.9207, 2.8716 -0.1962 3.7792, 2.8615 -0.1942 3.7784, 2.8518 -0.1909 3.777, 2.8425 -0.1863 3.7752, 2.834 -0.1806 3.7728, 2.8262 -0.1738 3.77, 2.8137 -0.1575 3.7632, 2.8058 0.0 3.8938, 2.8058 -0.1385 3.7554, 2.8716 -0.1962 -1.417, 2.8615 -0.1942 -1.4162, 2.8518 -0.1909 -1.4148, 2.8425 -0.1863 -1.413, 2.834 -0.1806 -1.4106, 2.8262 -0.1738 -1.4078, 2.8137 -0.1575 -1.401, 2.8058 -0.1385 -1.3931, 2.8262 0.1738 3.77, 2.8137 0.1575 3.7632, 2.8058 0.1385 3.7554, 2.834 0.1806 3.7728, 2.8425 0.1863 3.7752, 2.8518 0.1909 3.777, 2.8615 0.1942 3.7784, 2.8716 0.1962 3.7792, 2.8137 0.0 -1.5585, 2.8058 0.0 -1.5316, 2.8518 0.1909 -1.4148, 2.8425 0.1863 -1.413, 2.834 0.1806 -1.4106, 2.8262 0.1738 -1.4078, 2.8137 0.1575 -1.401, 2.8058 0.1385 -1.3931, 2.8716 0.1962 -1.417, 2.8615 0.1942 -1.4162, 3.1863 0.0 3.9207, 3.1738 -0.1738 3.77, 3.1863 -0.1575 3.7632, 3.1942 -0.1385 3.7554, 3.1942 0.0 3.8938, 3.166 -0.1806 3.7728, 3.1575 -0.1863 3.7752, 3.1482 -0.1909 3.777, 3.1385 -0.1942 3.7784, 3.1284 -0.1962 3.7792, 3.166 -0.1806 -1.4106, 3.1738 -0.1738 -1.4078, 3.1863 -0.1575 -1.401, 3.1942 -0.1385 -1.3931, 3.1284 -0.1962 -1.417, 3.1385 -0.1942 -1.4162, 3.1482 -0.1909 -1.4148, 3.1575 -0.1863 -1.413, 3.1284 0.1962 3.7792, 3.1385 0.1942 3.7784, 3.1482 0.1909 3.777, 3.1575 0.1863 3.7752, 3.166 0.1806 3.7728, 3.1738 0.1738 3.77, 3.1863 0.1575 3.7632, 3.1942 0.1385 3.7554, 3.1863 0.0 -1.5585, 3.1942 0.0 -1.5316, 3.1284 0.1962 -1.417, 3.1385 0.1942 -1.4162, 3.1482 0.1909 -1.4148, 3.1575 0.1863 -1.413, 3.166 0.1806 -1.4106, 3.1738 0.1738 -1.4078, 3.1863 0.1575 -1.401, 3.1942 0.1385 -1.3931
            ]
        }
        coordIndex [
            0,1,2,-1,2,1,3,-1,4,5,6,-1,6,5,7,-1,8,9,1,-1,10,11,12,-1,12,11,13,-1,7,14,6,-1,6,14,15,-1,6,15,16,-1,17,18,19,-1,19,18,20,-1,19,20,21,-1,22,23,1,-1,1,23,24,-1,1,24,8,-1,13,25,12,-1,12,25,26,-1,12,26,27,-1,21,28,19,-1,19,28,6,-1,19,6,29,-1,29,6,16,-1,22,1,19,-1,19,1,0,-1,19,0,17,-1,9,30,1,-1,1,30,12,-1,1,12,31,-1,31,12,27,-1,32,33,19,-1,19,33,22,-1,33,32,34,-1,34,32,35,-1,36,37,35,-1,35,37,34,-1,38,39,40,-1,40,39,41,-1,42,43,37,-1,44,45,46,-1,46,45,47,-1,41,48,40,-1,40,48,49,-1,40,49,50,-1,51,52,53,-1,53,52,54,-1,53,54,55,-1,56,57,37,-1,37,57,58,-1,37,58,42,-1,47,59,46,-1,46,59,60,-1,46,60,61,-1,43,62,37,-1,37,62,40,-1,37,40,63,-1,63,40,50,-1,56,37,53,-1,53,37,36,-1,53,36,51,-1,55,64,53,-1,53,64,46,-1,53,46,65,-1,65,46,61,-1,66,67,53,-1,53,67,56,-1,67,66,3,-1,3,66,2,-1,68,69,70,-1,70,69,71,-1,70,71,72,-1,72,71,73,-1,74,75,76,-1,74,76,77,-1,77,76,78,-1,77,78,79,-1,5,4,80,-1,32,19,81,-1,81,19,29,-1,81,29,82,-1,82,29,16,-1,82,16,83,-1,83,16,15,-1,83,15,84,-1,84,15,14,-1,84,14,85,-1,85,14,7,-1,85,7,86,-1,7,5,86,-1,86,5,80,-1,86,80,87,-1,87,80,88,-1,87,88,89,-1,89,88,75,-1,89,75,74,-1,35,32,81,-1,35,81,90,-1,90,81,82,-1,90,82,91,-1,91,82,92,-1,92,82,83,-1,92,83,93,-1,83,84,93,-1,93,84,85,-1,93,85,94,-1,94,85,86,-1,94,86,95,-1,95,86,87,-1,95,87,96,-1,96,87,89,-1,96,89,97,-1,97,89,74,-1,97,74,77,-1,80,4,6,-1,98,99,80,-1,80,99,100,-1,80,100,88,-1,88,100,76,-1,88,76,75,-1,80,6,98,-1,98,6,28,-1,98,28,101,-1,101,28,21,-1,101,21,102,-1,102,21,20,-1,102,20,103,-1,103,20,18,-1,103,18,104,-1,104,18,17,-1,104,17,105,-1,105,17,0,-1,105,0,2,-1,36,35,90,-1,36,90,51,-1,51,90,91,-1,51,91,52,-1,52,91,92,-1,52,92,54,-1,54,92,93,-1,54,93,55,-1,55,93,94,-1,55,94,64,-1,64,94,95,-1,64,95,46,-1,46,95,106,-1,46,106,44,-1,95,96,106,-1,106,96,97,-1,106,97,107,-1,107,97,77,-1,107,77,79,-1,98,108,99,-1,99,108,109,-1,99,109,100,-1,100,109,78,-1,100,78,76,-1,2,66,105,-1,105,66,110,-1,105,110,104,-1,104,110,111,-1,104,111,103,-1,103,111,112,-1,103,112,102,-1,102,112,113,-1,102,113,101,-1,101,113,114,-1,101,114,98,-1,98,114,115,-1,98,115,108,-1,45,44,106,-1,66,53,110,-1,110,53,65,-1,110,65,111,-1,111,65,61,-1,111,61,112,-1,112,61,60,-1,112,60,113,-1,113,60,59,-1,113,59,114,-1,114,59,47,-1,114,47,115,-1,47,45,115,-1,115,45,106,-1,115,106,108,-1,108,106,107,-1,108,107,109,-1,109,107,79,-1,109,79,78,-1,116,10,12,-1,117,118,116,-1,116,118,119,-1,116,119,120,-1,120,119,69,-1,120,69,68,-1,116,12,117,-1,117,12,30,-1,117,30,121,-1,121,30,9,-1,121,9,122,-1,122,9,8,-1,122,8,123,-1,123,8,24,-1,123,24,124,-1,124,24,23,-1,124,23,125,-1,125,23,22,-1,125,22,33,-1,122,126,121,-1,121,126,127,-1,121,127,117,-1,117,127,128,-1,117,128,118,-1,118,128,129,-1,118,129,119,-1,119,129,71,-1,119,71,69,-1,33,34,125,-1,125,34,130,-1,125,130,124,-1,124,130,131,-1,124,131,123,-1,123,131,132,-1,123,132,122,-1,122,132,133,-1,122,133,126,-1,11,10,116,-1,3,1,134,-1,134,1,31,-1,134,31,135,-1,135,31,27,-1,135,27,136,-1,136,27,26,-1,136,26,137,-1,137,26,25,-1,137,25,138,-1,138,25,13,-1,138,13,139,-1,13,11,139,-1,139,11,116,-1,139,116,140,-1,140,116,120,-1,140,120,141,-1,141,120,68,-1,141,68,70,-1,34,37,130,-1,130,37,63,-1,130,63,131,-1,131,63,50,-1,131,50,132,-1,132,50,49,-1,132,49,133,-1,133,49,48,-1,133,48,126,-1,126,48,41,-1,126,41,127,-1,39,38,142,-1,41,39,127,-1,127,39,142,-1,127,142,128,-1,128,142,143,-1,128,143,129,-1,129,143,73,-1,129,73,71,-1,67,3,134,-1,67,134,144,-1,144,134,135,-1,144,135,145,-1,145,135,136,-1,145,136,146,-1,146,136,137,-1,146,137,147,-1,147,137,148,-1,148,137,138,-1,148,138,149,-1,138,139,149,-1,149,139,140,-1,149,140,150,-1,150,140,141,-1,150,141,151,-1,151,141,70,-1,151,70,72,-1,142,38,40,-1,149,150,142,-1,142,150,151,-1,142,151,143,-1,143,151,72,-1,143,72,73,-1,142,40,149,-1,149,40,62,-1,149,62,148,-1,148,62,43,-1,148,43,147,-1,147,43,42,-1,147,42,146,-1,146,42,58,-1,146,58,145,-1,145,58,57,-1,145,57,144,-1,144,57,56,-1,144,56,67,-1,152,153,154,-1,154,153,155,-1,156,157,158,-1,158,157,159,-1,160,161,153,-1,162,163,164,-1,164,163,165,-1,159,166,158,-1,158,166,167,-1,158,167,168,-1,169,170,171,-1,171,170,172,-1,171,172,173,-1,174,175,153,-1,153,175,176,-1,153,176,160,-1,165,177,164,-1,164,177,178,-1,164,178,179,-1,161,180,153,-1,153,180,158,-1,153,158,181,-1,181,158,168,-1,174,153,171,-1,171,153,152,-1,171,152,169,-1,173,182,171,-1,171,182,164,-1,171,164,183,-1,183,164,179,-1,184,185,171,-1,171,185,174,-1,185,184,186,-1,186,184,187,-1,188,189,187,-1,187,189,186,-1,190,191,192,-1,192,191,193,-1,194,195,189,-1,196,197,198,-1,198,197,199,-1,193,200,192,-1,192,200,201,-1,192,201,202,-1,203,204,205,-1,205,204,206,-1,205,206,207,-1,208,209,189,-1,189,209,210,-1,189,210,194,-1,199,211,198,-1,198,211,212,-1,198,212,213,-1,195,214,189,-1,189,214,192,-1,189,192,215,-1,215,192,202,-1,208,189,205,-1,205,189,188,-1,205,188,203,-1,207,216,205,-1,205,216,198,-1,205,198,217,-1,217,198,213,-1,218,219,205,-1,205,219,208,-1,219,218,155,-1,155,218,154,-1,220,221,222,-1,222,221,223,-1,222,223,224,-1,224,223,225,-1,226,227,228,-1,226,228,229,-1,229,228,230,-1,229,230,231,-1,163,162,232,-1,184,171,233,-1,233,171,183,-1,233,183,234,-1,234,183,179,-1,234,179,235,-1,235,179,178,-1,235,178,236,-1,236,178,177,-1,236,177,237,-1,237,177,165,-1,237,165,238,-1,165,163,238,-1,238,163,232,-1,238,232,239,-1,239,232,240,-1,239,240,241,-1,241,240,227,-1,241,227,226,-1,187,184,233,-1,187,233,242,-1,242,233,234,-1,242,234,243,-1,243,234,235,-1,243,235,244,-1,244,235,236,-1,244,236,245,-1,245,236,237,-1,245,237,246,-1,246,237,238,-1,246,238,247,-1,247,238,239,-1,247,239,248,-1,248,239,241,-1,248,241,249,-1,249,241,226,-1,249,226,229,-1,232,162,164,-1,250,251,232,-1,232,251,252,-1,232,252,240,-1,240,252,228,-1,240,228,227,-1,232,164,250,-1,250,164,182,-1,250,182,253,-1,253,182,173,-1,253,173,254,-1,254,173,172,-1,254,172,255,-1,255,172,170,-1,255,170,256,-1,256,170,169,-1,256,169,257,-1,257,169,152,-1,257,152,154,-1,188,187,242,-1,188,242,203,-1,203,242,243,-1,203,243,204,-1,204,243,244,-1,204,244,206,-1,206,244,245,-1,206,245,207,-1,207,245,246,-1,207,246,216,-1,216,246,247,-1,216,247,198,-1,198,247,258,-1,198,258,196,-1,247,248,258,-1,258,248,249,-1,258,249,259,-1,259,249,229,-1,259,229,231,-1,250,260,251,-1,251,260,261,-1,251,261,252,-1,252,261,230,-1,252,230,228,-1,154,218,257,-1,257,218,262,-1,257,262,256,-1,256,262,263,-1,256,263,255,-1,255,263,264,-1,255,264,254,-1,254,264,265,-1,254,265,253,-1,253,265,266,-1,253,266,250,-1,250,266,267,-1,250,267,260,-1,197,196,258,-1,218,205,262,-1,262,205,217,-1,262,217,263,-1,263,217,213,-1,263,213,264,-1,264,213,212,-1,264,212,265,-1,265,212,211,-1,265,211,266,-1,266,211,199,-1,266,199,267,-1,199,197,267,-1,267,197,258,-1,267,258,260,-1,260,258,259,-1,260,259,261,-1,261,259,231,-1,261,231,230,-1,268,156,158,-1,269,270,268,-1,268,270,271,-1,268,271,272,-1,272,271,221,-1,272,221,220,-1,268,158,269,-1,269,158,180,-1,269,180,273,-1,273,180,161,-1,273,161,274,-1,274,161,160,-1,274,160,275,-1,275,160,176,-1,275,176,276,-1,276,176,175,-1,276,175,277,-1,277,175,174,-1,277,174,185,-1,274,278,273,-1,273,278,279,-1,273,279,269,-1,269,279,280,-1,269,280,270,-1,270,280,281,-1,270,281,271,-1,271,281,223,-1,271,223,221,-1,185,186,277,-1,277,186,282,-1,277,282,276,-1,276,282,283,-1,276,283,275,-1,275,283,284,-1,275,284,274,-1,274,284,285,-1,274,285,278,-1,157,156,268,-1,155,153,286,-1,286,153,181,-1,286,181,287,-1,287,181,168,-1,287,168,288,-1,288,168,167,-1,288,167,289,-1,289,167,166,-1,289,166,290,-1,290,166,159,-1,290,159,291,-1,159,157,291,-1,291,157,268,-1,291,268,292,-1,292,268,272,-1,292,272,293,-1,293,272,220,-1,293,220,222,-1,186,189,282,-1,282,189,215,-1,282,215,283,-1,283,215,202,-1,283,202,284,-1,284,202,201,-1,284,201,285,-1,285,201,200,-1,285,200,278,-1,278,200,193,-1,278,193,279,-1,191,190,294,-1,193,191,279,-1,279,191,294,-1,279,294,280,-1,280,294,295,-1,280,295,281,-1,281,295,225,-1,281,225,223,-1,219,155,286,-1,219,286,296,-1,296,286,287,-1,296,287,297,-1,297,287,288,-1,297,288,298,-1,298,288,289,-1,298,289,299,-1,299,289,300,-1,300,289,290,-1,300,290,301,-1,290,291,301,-1,301,291,292,-1,301,292,302,-1,302,292,293,-1,302,293,303,-1,303,293,222,-1,303,222,224,-1,294,190,192,-1,301,302,294,-1,294,302,303,-1,294,303,295,-1,295,303,224,-1,295,224,225,-1,294,192,301,-1,301,192,214,-1,301,214,300,-1,300,214,195,-1,300,195,299,-1,299,195,194,-1,299,194,298,-1,298,194,210,-1,298,210,297,-1,297,210,209,-1,297,209,296,-1,296,209,208,-1,296,208,219,-1,304,305,306,-1,306,305,307,-1,308,309,310,-1,310,309,311,-1,312,313,305,-1,314,315,316,-1,316,315,317,-1,311,318,310,-1,310,318,319,-1,310,319,320,-1,321,322,323,-1,323,322,324,-1,323,324,325,-1,326,327,305,-1,305,327,328,-1,305,328,312,-1,317,329,316,-1,316,329,330,-1,316,330,331,-1,313,332,305,-1,305,332,310,-1,305,310,333,-1,333,310,320,-1,326,305,323,-1,323,305,304,-1,323,304,321,-1,325,334,323,-1,323,334,316,-1,323,316,335,-1,335,316,331,-1,336,337,323,-1,323,337,326,-1,337,336,338,-1,338,336,339,-1,340,341,339,-1,339,341,338,-1,342,343,344,-1,344,343,345,-1,346,347,341,-1,348,349,350,-1,350,349,351,-1,345,352,344,-1,344,352,353,-1,344,353,354,-1,355,356,357,-1,357,356,358,-1,357,358,359,-1,360,361,341,-1,341,361,362,-1,341,362,346,-1,351,363,350,-1,350,363,364,-1,350,364,365,-1,359,366,357,-1,357,366,344,-1,357,344,367,-1,367,344,354,-1,360,341,357,-1,357,341,340,-1,357,340,355,-1,347,368,341,-1,341,368,350,-1,341,350,369,-1,369,350,365,-1,370,371,357,-1,357,371,360,-1,371,370,307,-1,307,370,306,-1,372,373,374,-1,374,373,375,-1,374,375,376,-1,376,375,377,-1,378,379,380,-1,378,380,381,-1,381,380,382,-1,381,382,383,-1,315,314,384,-1,336,323,385,-1,385,323,335,-1,385,335,386,-1,386,335,331,-1,386,331,387,-1,387,331,330,-1,387,330,388,-1,388,330,329,-1,388,329,389,-1,389,329,317,-1,389,317,390,-1,317,315,390,-1,390,315,384,-1,390,384,391,-1,391,384,392,-1,391,392,393,-1,393,392,379,-1,393,379,378,-1,339,336,385,-1,339,385,394,-1,394,385,386,-1,394,386,395,-1,395,386,387,-1,395,387,396,-1,396,387,388,-1,396,388,397,-1,397,388,389,-1,397,389,398,-1,398,389,390,-1,398,390,399,-1,399,390,391,-1,399,391,400,-1,400,391,393,-1,400,393,401,-1,401,393,378,-1,401,378,381,-1,384,314,316,-1,402,403,384,-1,384,403,404,-1,384,404,392,-1,392,404,380,-1,392,380,379,-1,384,316,402,-1,402,316,334,-1,402,334,405,-1,405,334,325,-1,405,325,406,-1,406,325,324,-1,406,324,407,-1,407,324,322,-1,407,322,408,-1,408,322,321,-1,408,321,409,-1,409,321,304,-1,409,304,306,-1,340,339,394,-1,340,394,355,-1,355,394,395,-1,355,395,356,-1,356,395,396,-1,356,396,358,-1,358,396,397,-1,358,397,359,-1,359,397,398,-1,359,398,366,-1,366,398,399,-1,366,399,344,-1,344,399,410,-1,344,410,342,-1,399,400,410,-1,410,400,401,-1,410,401,411,-1,411,401,381,-1,411,381,383,-1,402,412,403,-1,403,412,413,-1,403,413,404,-1,404,413,382,-1,404,382,380,-1,306,370,409,-1,409,370,414,-1,409,414,408,-1,408,414,415,-1,408,415,407,-1,407,415,416,-1,407,416,406,-1,406,416,417,-1,406,417,405,-1,405,417,418,-1,405,418,402,-1,402,418,419,-1,402,419,412,-1,343,342,410,-1,370,357,414,-1,414,357,367,-1,414,367,415,-1,415,367,354,-1,415,354,416,-1,416,354,353,-1,416,353,417,-1,417,353,352,-1,417,352,418,-1,418,352,345,-1,418,345,419,-1,345,343,419,-1,419,343,410,-1,419,410,412,-1,412,410,411,-1,412,411,413,-1,413,411,383,-1,413,383,382,-1,420,308,310,-1,421,422,420,-1,420,422,423,-1,420,423,424,-1,424,423,373,-1,424,373,372,-1,420,310,421,-1,421,310,332,-1,421,332,425,-1,425,332,313,-1,425,313,426,-1,426,313,312,-1,426,312,427,-1,427,312,328,-1,427,328,428,-1,428,328,327,-1,428,327,429,-1,429,327,326,-1,429,326,337,-1,426,430,425,-1,425,430,431,-1,425,431,421,-1,421,431,432,-1,421,432,422,-1,422,432,433,-1,422,433,423,-1,423,433,375,-1,423,375,373,-1,337,338,429,-1,429,338,434,-1,429,434,428,-1,428,434,435,-1,428,435,427,-1,427,435,436,-1,427,436,426,-1,426,436,437,-1,426,437,430,-1,309,308,420,-1,307,305,438,-1,438,305,333,-1,438,333,439,-1,439,333,320,-1,439,320,440,-1,440,320,319,-1,440,319,441,-1,441,319,318,-1,441,318,442,-1,442,318,311,-1,442,311,443,-1,311,309,443,-1,443,309,420,-1,443,420,444,-1,444,420,424,-1,444,424,445,-1,445,424,372,-1,445,372,374,-1,338,341,434,-1,434,341,369,-1,434,369,435,-1,435,369,365,-1,435,365,436,-1,436,365,364,-1,436,364,437,-1,437,364,363,-1,437,363,430,-1,430,363,351,-1,430,351,431,-1,349,348,446,-1,351,349,431,-1,431,349,446,-1,431,446,432,-1,432,446,447,-1,432,447,433,-1,433,447,377,-1,433,377,375,-1,371,307,438,-1,371,438,448,-1,448,438,439,-1,448,439,449,-1,449,439,440,-1,449,440,450,-1,450,440,441,-1,450,441,451,-1,451,441,452,-1,452,441,442,-1,452,442,453,-1,442,443,453,-1,453,443,444,-1,453,444,454,-1,454,444,445,-1,454,445,455,-1,455,445,374,-1,455,374,376,-1,446,348,350,-1,453,454,446,-1,446,454,455,-1,446,455,447,-1,447,455,376,-1,447,376,377,-1,446,350,453,-1,453,350,368,-1,453,368,452,-1,452,368,347,-1,452,347,451,-1,451,347,346,-1,451,346,450,-1,450,346,362,-1,450,362,449,-1,449,362,361,-1,449,361,448,-1,448,361,360,-1,448,360,371,-1,456,457,458,-1,458,457,459,-1,460,461,462,-1,462,461,463,-1,464,465,457,-1,466,467,468,-1,468,467,469,-1,463,470,462,-1,462,470,471,-1,462,471,472,-1,473,474,475,-1,475,474,476,-1,475,476,477,-1,478,479,457,-1,457,479,480,-1,457,480,464,-1,469,481,468,-1,468,481,482,-1,468,482,483,-1,477,484,475,-1,475,484,462,-1,475,462,485,-1,485,462,472,-1,478,457,475,-1,475,457,456,-1,475,456,473,-1,465,486,457,-1,457,486,468,-1,457,468,487,-1,487,468,483,-1,488,489,475,-1,475,489,478,-1,489,488,490,-1,490,488,491,-1,492,493,491,-1,491,493,490,-1,494,495,496,-1,496,495,497,-1,498,499,493,-1,500,501,502,-1,502,501,503,-1,497,504,496,-1,496,504,505,-1,496,505,506,-1,507,508,509,-1,509,508,510,-1,509,510,511,-1,512,513,493,-1,493,513,514,-1,493,514,498,-1,503,515,502,-1,502,515,516,-1,502,516,517,-1,511,518,509,-1,509,518,496,-1,509,496,519,-1,519,496,506,-1,512,493,509,-1,509,493,492,-1,509,492,507,-1,499,520,493,-1,493,520,502,-1,493,502,521,-1,521,502,517,-1,522,523,509,-1,509,523,512,-1,523,522,459,-1,459,522,458,-1,524,525,526,-1,526,525,527,-1,526,527,528,-1,528,527,529,-1,530,531,532,-1,530,532,533,-1,533,532,534,-1,533,534,535,-1,461,460,536,-1,488,475,537,-1,537,475,485,-1,537,485,538,-1,538,485,472,-1,538,472,539,-1,539,472,471,-1,539,471,540,-1,540,471,470,-1,540,470,541,-1,541,470,463,-1,541,463,542,-1,463,461,542,-1,542,461,536,-1,542,536,543,-1,543,536,544,-1,543,544,545,-1,545,544,531,-1,545,531,530,-1,491,488,537,-1,491,537,546,-1,546,537,538,-1,546,538,547,-1,547,538,539,-1,547,539,548,-1,548,539,540,-1,548,540,549,-1,549,540,541,-1,549,541,550,-1,550,541,542,-1,550,542,551,-1,551,542,543,-1,551,543,552,-1,552,543,545,-1,552,545,553,-1,553,545,530,-1,553,530,533,-1,536,460,462,-1,554,555,536,-1,536,555,556,-1,536,556,544,-1,544,556,532,-1,544,532,531,-1,536,462,554,-1,554,462,484,-1,554,484,557,-1,557,484,477,-1,557,477,558,-1,558,477,476,-1,558,476,559,-1,559,476,474,-1,559,474,560,-1,560,474,473,-1,560,473,561,-1,561,473,456,-1,561,456,458,-1,492,491,546,-1,492,546,507,-1,507,546,547,-1,507,547,508,-1,508,547,548,-1,508,548,510,-1,510,548,549,-1,510,549,511,-1,511,549,550,-1,511,550,518,-1,518,550,551,-1,518,551,496,-1,496,551,562,-1,496,562,494,-1,551,552,562,-1,562,552,553,-1,562,553,563,-1,563,553,533,-1,563,533,535,-1,558,564,557,-1,557,564,565,-1,557,565,554,-1,554,565,566,-1,554,566,555,-1,555,566,567,-1,555,567,556,-1,556,567,534,-1,556,534,532,-1,458,522,561,-1,561,522,568,-1,561,568,560,-1,560,568,569,-1,560,569,559,-1,559,569,570,-1,559,570,558,-1,558,570,571,-1,558,571,564,-1,495,494,562,-1,522,509,568,-1,568,509,519,-1,568,519,569,-1,569,519,506,-1,569,506,570,-1,570,506,505,-1,570,505,571,-1,571,505,504,-1,571,504,564,-1,564,504,497,-1,564,497,565,-1,497,495,565,-1,565,495,562,-1,565,562,566,-1,566,562,563,-1,566,563,567,-1,567,563,535,-1,567,535,534,-1,572,466,468,-1,573,574,572,-1,572,574,575,-1,572,575,576,-1,576,575,525,-1,576,525,524,-1,572,468,573,-1,573,468,486,-1,573,486,577,-1,577,486,465,-1,577,465,578,-1,578,465,464,-1,578,464,579,-1,579,464,480,-1,579,480,580,-1,580,480,479,-1,580,479,581,-1,581,479,478,-1,581,478,489,-1,578,582,577,-1,577,582,583,-1,577,583,573,-1,573,583,584,-1,573,584,574,-1,574,584,585,-1,574,585,575,-1,575,585,527,-1,575,527,525,-1,489,490,581,-1,581,490,586,-1,581,586,580,-1,580,586,587,-1,580,587,579,-1,579,587,588,-1,579,588,578,-1,578,588,589,-1,578,589,582,-1,467,466,572,-1,459,457,590,-1,590,457,487,-1,590,487,591,-1,591,487,483,-1,591,483,592,-1,592,483,482,-1,592,482,593,-1,593,482,481,-1,593,481,594,-1,594,481,469,-1,594,469,595,-1,469,467,595,-1,595,467,572,-1,595,572,596,-1,596,572,576,-1,596,576,597,-1,597,576,524,-1,597,524,526,-1,490,493,586,-1,586,493,521,-1,586,521,587,-1,587,521,517,-1,587,517,588,-1,588,517,516,-1,588,516,589,-1,589,516,515,-1,589,515,582,-1,582,515,503,-1,582,503,583,-1,501,500,598,-1,503,501,583,-1,583,501,598,-1,583,598,584,-1,584,598,599,-1,584,599,585,-1,585,599,529,-1,585,529,527,-1,523,459,590,-1,523,590,600,-1,600,590,591,-1,600,591,601,-1,601,591,592,-1,601,592,602,-1,602,592,593,-1,602,593,603,-1,603,593,604,-1,604,593,594,-1,604,594,605,-1,594,595,605,-1,605,595,596,-1,605,596,606,-1,606,596,597,-1,606,597,607,-1,607,597,526,-1,607,526,528,-1,598,500,502,-1,605,606,598,-1,598,606,607,-1,598,607,599,-1,599,607,528,-1,599,528,529,-1,598,502,605,-1,605,502,520,-1,605,520,604,-1,604,520,499,-1,604,499,603,-1,603,499,498,-1,603,498,602,-1,602,498,514,-1,602,514,601,-1,601,514,513,-1,601,513,600,-1,600,513,512,-1,600,512,523,-1,608,609,610,-1,610,609,611,-1,612,613,614,-1,614,613,615,-1,616,617,609,-1,618,619,620,-1,620,619,621,-1,615,622,614,-1,614,622,623,-1,614,623,624,-1,625,626,627,-1,627,626,628,-1,627,628,629,-1,630,631,609,-1,609,631,632,-1,609,632,616,-1,621,633,620,-1,620,633,634,-1,620,634,635,-1,617,636,609,-1,609,636,614,-1,609,614,637,-1,637,614,624,-1,630,609,627,-1,627,609,608,-1,627,608,625,-1,629,638,627,-1,627,638,620,-1,627,620,639,-1,639,620,635,-1,640,641,627,-1,627,641,630,-1,641,640,642,-1,642,640,643,-1,644,645,643,-1,643,645,642,-1,646,647,648,-1,648,647,649,-1,650,651,645,-1,652,653,654,-1,654,653,655,-1,649,656,648,-1,648,656,657,-1,648,657,658,-1,659,660,661,-1,661,660,662,-1,661,662,663,-1,664,665,645,-1,645,665,666,-1,645,666,650,-1,655,667,654,-1,654,667,668,-1,654,668,669,-1,651,670,645,-1,645,670,648,-1,645,648,671,-1,671,648,658,-1,664,645,661,-1,661,645,644,-1,661,644,659,-1,663,672,661,-1,661,672,654,-1,661,654,673,-1,673,654,669,-1,674,675,661,-1,661,675,664,-1,675,674,611,-1,611,674,610,-1,676,677,678,-1,676,678,679,-1,679,678,680,-1,679,680,681,-1,682,683,684,-1,682,684,685,-1,685,684,686,-1,685,686,687,-1,619,618,688,-1,640,627,689,-1,689,627,639,-1,689,639,690,-1,690,639,635,-1,690,635,691,-1,691,635,634,-1,691,634,692,-1,692,634,633,-1,692,633,693,-1,693,633,621,-1,693,621,694,-1,621,619,694,-1,694,619,688,-1,694,688,695,-1,695,688,696,-1,695,696,697,-1,697,696,683,-1,697,683,682,-1,643,640,689,-1,643,689,698,-1,698,689,690,-1,698,690,699,-1,699,690,691,-1,699,691,700,-1,700,691,692,-1,700,692,701,-1,701,692,693,-1,701,693,702,-1,702,693,694,-1,702,694,703,-1,703,694,695,-1,703,695,704,-1,704,695,697,-1,704,697,705,-1,705,697,682,-1,705,682,685,-1,688,618,620,-1,706,707,688,-1,688,707,708,-1,688,708,696,-1,696,708,684,-1,696,684,683,-1,688,620,706,-1,706,620,638,-1,706,638,709,-1,709,638,629,-1,709,629,710,-1,710,629,628,-1,710,628,711,-1,711,628,626,-1,711,626,712,-1,712,626,625,-1,712,625,713,-1,713,625,608,-1,713,608,610,-1,644,643,698,-1,644,698,659,-1,659,698,699,-1,659,699,660,-1,660,699,700,-1,660,700,662,-1,662,700,701,-1,662,701,663,-1,663,701,702,-1,663,702,672,-1,672,702,703,-1,672,703,654,-1,654,703,714,-1,654,714,652,-1,703,704,714,-1,714,704,705,-1,714,705,715,-1,715,705,685,-1,715,685,687,-1,706,716,707,-1,707,716,717,-1,707,717,708,-1,708,717,686,-1,708,686,684,-1,610,674,713,-1,713,674,718,-1,713,718,712,-1,712,718,719,-1,712,719,711,-1,711,719,720,-1,711,720,710,-1,710,720,721,-1,710,721,709,-1,709,721,722,-1,709,722,706,-1,706,722,723,-1,706,723,716,-1,653,652,714,-1,674,661,718,-1,718,661,673,-1,718,673,719,-1,719,673,669,-1,719,669,720,-1,720,669,668,-1,720,668,721,-1,721,668,667,-1,721,667,722,-1,722,667,655,-1,722,655,723,-1,655,653,723,-1,723,653,714,-1,723,714,716,-1,716,714,715,-1,716,715,717,-1,717,715,687,-1,717,687,686,-1,724,612,614,-1,725,726,724,-1,724,726,727,-1,724,727,728,-1,728,727,679,-1,728,679,681,-1,724,614,725,-1,725,614,636,-1,725,636,729,-1,729,636,617,-1,729,617,730,-1,730,617,616,-1,730,616,731,-1,731,616,632,-1,731,632,732,-1,732,632,631,-1,732,631,733,-1,733,631,630,-1,733,630,641,-1,730,734,729,-1,729,734,735,-1,729,735,725,-1,725,735,736,-1,725,736,726,-1,726,736,737,-1,726,737,727,-1,727,737,676,-1,727,676,679,-1,641,642,733,-1,733,642,738,-1,733,738,732,-1,732,738,739,-1,732,739,731,-1,731,739,740,-1,731,740,730,-1,730,740,741,-1,730,741,734,-1,613,612,724,-1,611,609,742,-1,742,609,637,-1,742,637,743,-1,743,637,624,-1,743,624,744,-1,744,624,623,-1,744,623,745,-1,745,623,622,-1,745,622,746,-1,746,622,615,-1,746,615,747,-1,615,613,747,-1,747,613,724,-1,747,724,748,-1,748,724,728,-1,748,728,749,-1,749,728,681,-1,749,681,680,-1,642,645,738,-1,738,645,671,-1,738,671,739,-1,739,671,658,-1,739,658,740,-1,740,658,657,-1,740,657,741,-1,741,657,656,-1,741,656,734,-1,734,656,649,-1,734,649,735,-1,647,646,750,-1,649,647,735,-1,735,647,750,-1,735,750,736,-1,736,750,751,-1,736,751,737,-1,737,751,677,-1,737,677,676,-1,675,611,742,-1,675,742,752,-1,752,742,743,-1,752,743,753,-1,753,743,744,-1,753,744,754,-1,754,744,745,-1,754,745,755,-1,755,745,756,-1,756,745,746,-1,756,746,757,-1,746,747,757,-1,757,747,748,-1,757,748,758,-1,758,748,749,-1,758,749,759,-1,759,749,680,-1,759,680,678,-1,750,646,648,-1,757,758,750,-1,750,758,759,-1,750,759,751,-1,751,759,678,-1,751,678,677,-1,750,648,757,-1,757,648,670,-1,757,670,756,-1,756,670,651,-1,756,651,755,-1,755,651,650,-1,755,650,754,-1,754,650,666,-1,754,666,753,-1,753,666,665,-1,753,665,752,-1,752,665,664,-1,752,664,675,-1,760,761,762,-1,762,761,763,-1,764,765,766,-1,766,765,767,-1,768,769,761,-1,770,771,772,-1,772,771,773,-1,767,774,766,-1,766,774,775,-1,766,775,776,-1,777,778,779,-1,779,778,780,-1,779,780,781,-1,782,783,761,-1,761,783,784,-1,761,784,768,-1,773,785,772,-1,772,785,786,-1,772,786,787,-1,769,788,761,-1,761,788,766,-1,761,766,789,-1,789,766,776,-1,782,761,779,-1,779,761,760,-1,779,760,777,-1,781,790,779,-1,779,790,772,-1,779,772,791,-1,791,772,787,-1,792,793,779,-1,779,793,782,-1,793,792,794,-1,794,792,795,-1,796,797,795,-1,795,797,794,-1,798,799,800,-1,800,799,801,-1,802,803,797,-1,804,805,806,-1,806,805,807,-1,801,808,800,-1,800,808,809,-1,800,809,810,-1,811,812,813,-1,813,812,814,-1,813,814,815,-1,816,817,797,-1,797,817,818,-1,797,818,802,-1,807,819,806,-1,806,819,820,-1,806,820,821,-1,803,822,797,-1,797,822,800,-1,797,800,823,-1,823,800,810,-1,816,797,813,-1,813,797,796,-1,813,796,811,-1,815,824,813,-1,813,824,806,-1,813,806,825,-1,825,806,821,-1,826,827,813,-1,813,827,816,-1,827,826,763,-1,763,826,762,-1,828,829,830,-1,830,829,831,-1,830,831,832,-1,832,831,833,-1,834,835,836,-1,834,836,837,-1,837,836,838,-1,837,838,839,-1,771,770,840,-1,792,779,841,-1,841,779,791,-1,841,791,842,-1,842,791,787,-1,842,787,843,-1,843,787,786,-1,843,786,844,-1,844,786,785,-1,844,785,845,-1,845,785,773,-1,845,773,846,-1,773,771,846,-1,846,771,840,-1,846,840,847,-1,847,840,848,-1,847,848,849,-1,849,848,835,-1,849,835,834,-1,795,792,841,-1,795,841,850,-1,850,841,842,-1,850,842,851,-1,851,842,843,-1,851,843,852,-1,852,843,844,-1,852,844,853,-1,853,844,845,-1,853,845,854,-1,854,845,846,-1,854,846,855,-1,855,846,847,-1,855,847,856,-1,856,847,849,-1,856,849,857,-1,857,849,834,-1,857,834,837,-1,840,770,772,-1,858,859,840,-1,840,859,860,-1,840,860,848,-1,848,860,836,-1,848,836,835,-1,840,772,858,-1,858,772,790,-1,858,790,861,-1,861,790,781,-1,861,781,862,-1,862,781,780,-1,862,780,863,-1,863,780,778,-1,863,778,864,-1,864,778,777,-1,864,777,865,-1,865,777,760,-1,865,760,762,-1,796,795,850,-1,796,850,811,-1,811,850,851,-1,811,851,812,-1,812,851,852,-1,812,852,814,-1,814,852,853,-1,814,853,815,-1,815,853,854,-1,815,854,824,-1,824,854,855,-1,824,855,806,-1,806,855,866,-1,806,866,804,-1,855,856,866,-1,866,856,857,-1,866,857,867,-1,867,857,837,-1,867,837,839,-1,864,868,863,-1,863,868,869,-1,863,869,862,-1,862,869,870,-1,862,870,861,-1,861,870,871,-1,861,871,858,-1,858,871,872,-1,858,872,859,-1,859,872,873,-1,859,873,860,-1,860,873,838,-1,860,838,836,-1,762,826,865,-1,865,826,874,-1,865,874,864,-1,864,874,875,-1,864,875,868,-1,805,804,866,-1,826,813,874,-1,874,813,825,-1,874,825,875,-1,875,825,821,-1,875,821,868,-1,868,821,820,-1,868,820,869,-1,869,820,819,-1,869,819,870,-1,870,819,807,-1,870,807,871,-1,807,805,871,-1,871,805,866,-1,871,866,872,-1,872,866,867,-1,872,867,873,-1,873,867,839,-1,873,839,838,-1,876,764,766,-1,877,878,876,-1,876,878,879,-1,876,879,880,-1,880,879,829,-1,880,829,828,-1,876,766,877,-1,877,766,788,-1,877,788,881,-1,881,788,769,-1,881,769,882,-1,882,769,768,-1,882,768,883,-1,883,768,784,-1,883,784,884,-1,884,784,783,-1,884,783,885,-1,885,783,782,-1,885,782,793,-1,882,886,881,-1,881,886,887,-1,881,887,877,-1,877,887,888,-1,877,888,878,-1,878,888,889,-1,878,889,879,-1,879,889,831,-1,879,831,829,-1,793,794,885,-1,885,794,890,-1,885,890,884,-1,884,890,891,-1,884,891,883,-1,883,891,892,-1,883,892,882,-1,882,892,893,-1,882,893,886,-1,765,764,876,-1,763,761,894,-1,894,761,789,-1,894,789,895,-1,895,789,776,-1,895,776,896,-1,896,776,775,-1,896,775,897,-1,897,775,774,-1,897,774,898,-1,898,774,767,-1,898,767,899,-1,767,765,899,-1,899,765,876,-1,899,876,900,-1,900,876,880,-1,900,880,901,-1,901,880,828,-1,901,828,830,-1,794,797,890,-1,890,797,823,-1,890,823,891,-1,891,823,810,-1,891,810,892,-1,892,810,809,-1,892,809,893,-1,893,809,808,-1,893,808,886,-1,886,808,801,-1,886,801,887,-1,799,798,902,-1,801,799,887,-1,887,799,902,-1,887,902,888,-1,888,902,903,-1,888,903,889,-1,889,903,833,-1,889,833,831,-1,827,763,894,-1,827,894,904,-1,904,894,895,-1,904,895,905,-1,905,895,896,-1,905,896,906,-1,906,896,897,-1,906,897,907,-1,907,897,908,-1,908,897,898,-1,908,898,909,-1,898,899,909,-1,909,899,900,-1,909,900,910,-1,910,900,901,-1,910,901,911,-1,911,901,830,-1,911,830,832,-1,902,798,800,-1,909,910,902,-1,902,910,911,-1,902,911,903,-1,903,911,832,-1,903,832,833,-1,902,800,909,-1,909,800,822,-1,909,822,908,-1,908,822,803,-1,908,803,907,-1,907,803,802,-1,907,802,906,-1,906,802,818,-1,906,818,905,-1,905,818,817,-1,905,817,904,-1,904,817,816,-1,904,816,827,-1,
        ]
    }
}
Shape{
    appearance Appearance {
        material  Material {
            diffuseColor 0.0 0.7529411764705882 0.0
            specularColor 0.0 0.3764705882352941 0.0
            ambientIntensity 0.442
            transparency 0.0
            shininess 0.5
        }
    }
    geometry IndexedFaceSet {
        ccw TRUE
        solid FALSE
        coord DEF co Coordinate {
            point [
                -4.8032 -0.1969 0.9843, -4.8032 -1.5945 0.9843, -5.1969 -0.1969 0.9843, -5.1969 -1.5945 0.9843, -4.5079 -1.5945 0.2368, -4.5079 -1.5945 0.0787, -4.1969 -1.5945 0.0787, -5.4848 -1.5945 0.2653, -5.8032 -1.5945 1.1811, -5.4903 -1.5945 0.2515, -5.8032 -1.5945 0.0787, -5.4921 -1.5945 0.2368, -5.4921 -1.5945 0.0787, -5.4761 -1.5945 0.2773, -5.4647 -1.5945 0.2867, -5.4513 -1.5945 0.293, -4.5487 -1.5945 0.293, -4.5353 -1.5945 0.2867, -4.1969 -1.5945 1.1811, -5.2049 -1.5945 0.4875, -5.1969 -1.5945 0.5512, -4.5239 -1.5945 0.2773, -4.5152 -1.5945 0.2653, -4.5097 -1.5945 0.2515, -5.4368 -1.5945 0.2958, -5.3737 -1.5945 0.3078, -5.3157 -1.5945 0.3351, -5.2662 -1.5945 0.376, -5.2285 -1.5945 0.4279, -4.6843 -1.5945 0.3351, -4.6263 -1.5945 0.3078, -4.5632 -1.5945 0.2958, -4.8032 -1.5945 0.5512, -4.7951 -1.5945 0.4875, -4.7715 -1.5945 0.4279, -4.7338 -1.5945 0.376, -4.0 1.1272 4.7244, -4.0 1.3424 4.7244, -4.7047 1.1272 4.7244, -4.7047 1.3424 4.7244, -6.0 1.3424 4.7244, -6.0 1.1272 4.7244, -5.2953 1.3424 4.7244, -5.2953 1.1272 4.7244, -4.815 1.6732 4.252, -4.0 1.6732 4.252, -4.8425 1.6732 4.1339, -4.0 1.6732 3.5433, -5.1575 1.6732 4.1339, -6.0 1.6732 3.5433, -5.185 1.6732 4.252, -6.0 1.6732 4.252, -6.0 1.0977 4.3706, -5.2127 1.0977 4.3706, -5.1575 1.089 4.1339, -6.0 1.0879 4.0157, -4.8425 1.089 4.1339, -4.0 1.0879 4.0157, -4.7873 1.0977 4.3706, -4.0 1.0977 4.3706, -4.5939 0.6746 0.3937, -4.4855 0.596 0.3937, -4.0 1.0879 0.3937, -4.3919 0.5002 0.3937, -4.316 0.39 0.3937, -4.0 0.2165 0.3937, -4.2598 0.2684 0.3937, -4.1857 0.2165 0.3937, -4.2511 0.2513 0.3937, -4.2385 0.2368 0.3937, -4.2227 0.2258 0.3937, -4.7141 0.7337 0.3937, -4.8425 1.0879 0.3937, -4.8425 0.7715 0.3937, -4.2048 0.2189 0.3937, -5.684 0.39 0.3937, -5.6081 0.5002 0.3937, -6.0 1.0879 0.3937, -5.7402 0.2684 0.3937, -5.5145 0.596 0.3937, -5.4061 0.6746 0.3937, -5.1575 1.0879 0.3937, -5.2859 0.7337 0.3937, -5.1575 0.7715 0.3937, -5.7773 0.2258 0.3937, -5.7615 0.2368 0.3937, -5.7952 0.2189 0.3937, -5.8143 0.2165 0.3937, -6.0 0.2165 0.3937, -5.7489 0.2513 0.3937, -5.8143 0.2165 1.1024, -6.0 0.2165 1.1811, -5.4419 0.2165 1.1024, -5.4419 0.2165 1.1811, -4.5581 0.2165 1.1024, -4.5581 0.2165 1.1811, -4.1857 0.2165 1.1024, -4.0 0.2165 1.1811, -5.2953 -1.2672 1.1811, -5.2953 -1.2672 0.3937, -5.4694 -1.2168 0.3937, -5.0957 -1.2959 1.1811, -5.2853 -1.2693 1.1811, -5.2325 -1.2795 4.6693, -5.0955 -1.2936 4.6693, -5.0491 -1.2983 4.6693, -4.9043 -1.2959 1.1811, -4.9043 -1.2938 4.6693, -4.8649 -1.2926 4.6693, -4.7147 -1.2693 1.1811, -4.5306 -1.2168 0.3937, -4.7047 -1.2672 0.3937, -4.7047 -1.2672 1.1811, -5.8071 -1.0381 0.3937, -5.8071 -1.0381 4.6693, -5.7449 -1.0805 4.6693, -5.6445 -1.1392 0.3937, -5.6431 -1.1367 4.6693, -5.5835 -1.1696 4.6693, -5.4685 -1.2142 4.6693, -5.4117 -1.2363 4.6693, -5.2847 -1.2669 4.6693, -4.715 -1.2676 4.6693, -4.6831 -1.2623 4.6693, -4.531 -1.2154 4.6693, -4.5069 -1.208 4.6693, -4.3555 -1.1392 0.3937, -4.356 -1.1382 4.6693, -4.1929 -1.0381 0.3937, -4.3396 -1.1306 4.6693, -4.1929 -1.0381 4.6693, -5.8612 -0.2559 0.3937, -6.0 -0.2559 0.3937, -6.0 -1.0381 0.3937, -5.8408 -0.2586 0.3937, -5.2953 -0.8218 0.3937, -5.2968 -0.8065 0.3937, -5.3013 -0.7917 0.3937, -5.3085 -0.7781 0.3937, -5.3183 -0.7661 0.3937, -5.8055 -0.279 0.3937, -5.8218 -0.2665 0.3937, -4.0 -1.0381 0.3937, -4.0 -0.2559 0.3937, -4.1388 -0.2559 0.3937, -4.7047 -0.8218 0.3937, -4.6817 -0.7661 0.3937, -4.6942 -0.7825 0.3937, -4.702 -0.8014 0.3937, -4.1592 -0.2586 0.3937, -4.1782 -0.2665 0.3937, -4.1945 -0.279 0.3937, -4.5222 0.1178 1.1811, -4.5642 0.2287 1.7717, -4.5222 0.1178 1.7717, -4.5079 0.0 1.7717, -4.5079 0.0 1.1811, -4.5222 -0.1178 1.7717, -4.5222 -0.1178 1.1811, -4.5642 -0.2287 1.7717, -4.5642 -0.2287 1.1811, -4.6316 -0.3263 1.7717, -4.6316 -0.3263 1.1811, -4.7204 -0.405 1.7717, -4.7204 -0.405 1.1811, -4.8255 -0.4601 1.7717, -4.8255 -0.4601 1.1811, -4.9407 -0.4885 1.7717, -4.9407 -0.4885 1.1811, -5.0593 -0.4885 1.7717, -5.0593 -0.4885 1.1811, -5.1745 -0.4601 1.7717, -5.1745 -0.4601 1.1811, -5.2796 -0.405 1.7717, -5.2796 -0.405 1.1811, -5.3684 -0.3263 1.7717, -5.3684 -0.3263 1.1811, -5.4358 -0.2287 1.7717, -5.4358 -0.2287 1.1811, -5.4778 -0.1178 1.7717, -5.4778 -0.1178 1.1811, -5.4921 0.0 1.7717, -5.4921 0.0 1.1811, -5.4778 0.1178 1.7717, -5.4778 0.1178 1.1811, -5.4358 0.2287 1.1024, -5.4358 0.2287 1.7717, -5.3684 0.3263 1.7717, -5.3684 0.3263 1.1024, -5.2796 0.405 1.7717, -5.2796 0.405 1.1024, -5.1745 0.4601 1.7717, -5.1745 0.4601 1.1024, -5.0593 0.4885 1.7717, -5.0593 0.4885 1.1024, -4.9407 0.4885 1.7717, -4.9407 0.4885 1.1024, -4.8255 0.4601 1.7717, -4.8255 0.4601 1.1024, -4.7204 0.405 1.7717, -4.7204 0.405 1.1024, -4.6316 0.3263 1.7717, -4.6316 0.3263 1.1024, -4.5642 0.2287 1.1024, -5.1575 1.0879 1.1024, -4.8425 1.0879 1.1024, -4.0 1.3583 0.0, -4.0 1.3583 3.5433, -4.0 -0.2559 1.1811, -4.0 -1.6732 0.0, -4.0 -1.0381 4.6693, -4.0 -1.1169 4.7244, -4.0 -1.6732 4.7244, -6.0 -1.6732 0.0, -6.0 -1.6732 4.7244, -6.0 -1.0381 4.7244, -6.0 1.3583 0.0, -6.0 1.3583 3.5433, -6.0 -0.2559 1.1811, -4.1678 -1.1169 4.7244, -4.3018 -1.1998 4.7244, -4.4787 -1.2815 4.7244, -4.665 -1.3389 4.7244, -4.8572 -1.3709 4.7244, -5.052 -1.377 4.7244, -5.2458 -1.3571 4.7244, -5.4352 -1.3114 4.7244, -5.9352 -1.0381 4.7244, -5.7875 -1.1467 4.7244, -5.6169 -1.2409 4.7244, -5.8032 -1.6732 0.0, -5.8032 -1.6732 1.2598, -4.1969 -1.6732 0.0, -4.1969 -1.6732 1.2598, -5.8032 1.122 0.0, -4.1969 1.122 0.0, -5.1969 -0.1969 1.7717, -4.8032 0.1969 1.7717, -4.8032 -0.1969 1.7717, -5.1969 0.1969 1.7717, -5.2953 -0.8218 1.1811, -4.7047 -0.8218 1.1811, -5.8612 -0.2559 1.1811, -5.8408 -0.2586 1.1811, -5.8218 -0.2665 1.1811, -5.8055 -0.279 1.1811, -5.3183 -0.7661 1.1811, -5.3085 -0.7781 1.1811, -5.3013 -0.7917 1.1811, -5.2968 -0.8065 1.1811, -4.702 -0.8014 1.1811, -4.6942 -0.7825 1.1811, -4.6817 -0.7661 1.1811, -4.1945 -0.279 1.1811, -4.1782 -0.2665 1.1811, -4.1592 -0.2586 1.1811, -4.1388 -0.2559 1.1811, -4.2048 0.2189 1.1024, -4.2227 0.2258 1.1024, -4.2385 0.2368 1.1024, -4.2511 0.2513 1.1024, -4.2598 0.2684 1.1024, -4.316 0.39 1.1024, -4.3919 0.5002 1.1024, -4.4855 0.596 1.1024, -4.5939 0.6746 1.1024, -4.7141 0.7337 1.1024, -4.8425 0.7715 1.1024, -5.1575 0.7715 1.1024, -5.2859 0.7337 1.1024, -5.4061 0.6746 1.1024, -5.5145 0.596 1.1024, -5.6081 0.5002 1.1024, -5.684 0.39 1.1024, -5.7402 0.2684 1.1024, -5.7489 0.2513 1.1024, -5.7615 0.2368 1.1024, -5.7773 0.2258 1.1024, -5.7952 0.2189 1.1024, -5.8032 1.122 0.0787, -4.1969 1.122 0.0787, -4.5079 0.6102 0.0787, -5.4921 0.6102 0.0787, -5.0647 0.8014 0.0787, -5.0458 0.7869 0.0787, -5.0793 0.8204 0.0787, -4.9542 0.7869 0.0787, -4.9353 0.8014 0.0787, -5.0458 0.9454 0.0787, -5.0647 0.9309 0.0787, -5.0793 0.9119 0.0787, -4.9116 0.8898 0.0787, -4.9207 0.9119 0.0787, -4.9353 0.9309 0.0787, -4.9542 0.9454 0.0787, -5.0884 0.8898 0.0787, -5.0915 0.8661 0.0787, -5.0884 0.8425 0.0787, -5.0237 0.7777 0.0787, -5.0 0.7746 0.0787, -4.9763 0.7777 0.0787, -4.9207 0.8204 0.0787, -4.9116 0.8425 0.0787, -4.9085 0.8661 0.0787, -4.9763 0.9546 0.0787, -5.0 0.9577 0.0787, -5.0237 0.9546 0.0787, -5.1969 0.6102 0.5512, -5.1969 0.1969 0.9843, -5.1969 0.6102 0.9843, -4.8032 0.1969 0.9843, -4.8032 0.6102 0.9843, -4.8032 0.6102 0.5512, -4.5632 0.6102 0.2958, -4.6263 0.6102 0.3078, -4.6843 0.6102 0.3351, -4.7338 0.6102 0.376, -4.7715 0.6102 0.4279, -4.7951 0.6102 0.4875, -4.5079 0.6102 0.2368, -4.5097 0.6102 0.2515, -4.5152 0.6102 0.2653, -4.5239 0.6102 0.2773, -4.5353 0.6102 0.2867, -4.5487 0.6102 0.293, -5.4921 0.6102 0.2368, -5.4368 0.6102 0.2958, -5.4513 0.6102 0.293, -5.4647 0.6102 0.2867, -5.4761 0.6102 0.2773, -5.4848 0.6102 0.2653, -5.4903 0.6102 0.2515, -5.2049 0.6102 0.4875, -5.2285 0.6102 0.4279, -5.2662 0.6102 0.376, -5.3157 0.6102 0.3351, -5.3737 0.6102 0.3078, -5.0118 0.8867 -0.0097, -5.0061 0.889 -0.0097, -5.0 0.8661 -0.0128, -5.0168 0.8829 -0.0097, -5.0205 0.878 -0.0097, -5.0229 0.8723 -0.0097, -5.0237 0.8661 -0.0097, -5.0229 0.86 -0.0097, -5.0205 0.8543 -0.0097, -5.0168 0.8494 -0.0097, -5.0118 0.8456 -0.0097, -5.0061 0.8433 -0.0097, -5.0 0.8425 -0.0097, -4.9939 0.8433 -0.0097, -4.9882 0.8456 -0.0097, -4.9832 0.8494 -0.0097, -4.9795 0.8543 -0.0097, -4.9771 0.86 -0.0097, -4.9763 0.8661 -0.0097, -4.9771 0.8723 -0.0097, -4.9795 0.878 -0.0097, -4.9832 0.8829 -0.0097, -4.9882 0.8867 -0.0097, -4.9939 0.889 -0.0097, -5.0 0.8898 -0.0097, -5.0229 0.9515 0.0551, -5.0442 0.9427 0.0551, -5.0625 0.9287 0.0551, -5.0766 0.9103 0.0551, -5.0854 0.889 0.0551, -5.0884 0.8661 0.0551, -5.0854 0.8433 0.0551, -5.0766 0.8219 0.0551, -5.0625 0.8036 0.0551, -5.0442 0.7896 0.0551, -5.0229 0.7807 0.0551, -5.0 0.7777 0.0551, -4.9771 0.7807 0.0551, -4.9558 0.7896 0.0551, -4.9375 0.8036 0.0551, -4.9234 0.8219 0.0551, -4.9146 0.8433 0.0551, -4.9116 0.8661 0.0551, -4.9146 0.889 0.0551, -4.9234 0.9103 0.0551, -4.9375 0.9287 0.0551, -4.9558 0.9427 0.0551, -4.9771 0.9515 0.0551, -5.0 0.9546 0.0551, -5.0205 0.9427 0.033, -5.0396 0.9348 0.033, -5.056 0.9222 0.033, -5.0686 0.9058 0.033, -5.0766 0.8867 0.033, -5.0793 0.8661 0.033, -5.0766 0.8456 0.033, -5.0686 0.8265 0.033, -5.056 0.8101 0.033, -5.0396 0.7975 0.033, -5.0205 0.7896 0.033, -5.0 0.7869 0.033, -4.9795 0.7896 0.033, -4.9604 0.7975 0.033, -4.944 0.8101 0.033, -4.9314 0.8265 0.033, -4.9234 0.8456 0.033, -4.9207 0.8661 0.033, -4.9234 0.8867 0.033, -4.9314 0.9058 0.033, -4.944 0.9222 0.033, -4.9604 0.9348 0.033, -4.9795 0.9427 0.033, -5.0 0.9454 0.033, -5.0168 0.9287 0.014, -5.0324 0.9222 0.014, -5.0458 0.9119 0.014, -5.056 0.8985 0.014, -5.0625 0.8829 0.014, -5.0647 0.8661 0.014, -5.0625 0.8494 0.014, -5.056 0.8338 0.014, -5.0458 0.8204 0.014, -5.0324 0.8101 0.014, -5.0168 0.8036 0.014, -5.0 0.8014 0.014, -4.9832 0.8036 0.014, -4.9676 0.8101 0.014, -4.9542 0.8204 0.014, -4.944 0.8338 0.014, -4.9375 0.8494 0.014, -4.9353 0.8661 0.014, -4.9375 0.8829 0.014, -4.944 0.8985 0.014, -4.9542 0.9119 0.014, -4.9676 0.9222 0.014, -4.9832 0.9287 0.014, -5.0 0.9309 0.014, -5.0118 0.9103 -0.0005, -5.0229 0.9058 -0.0005, -5.0324 0.8985 -0.0005, -5.0396 0.889 -0.0005, -5.0442 0.878 -0.0005, -5.0458 0.8661 -0.0005, -5.0442 0.8543 -0.0005, -5.0396 0.8433 -0.0005, -5.0324 0.8338 -0.0005, -5.0229 0.8265 -0.0005, -5.0118 0.8219 -0.0005, -5.0 0.8204 -0.0005, -4.9882 0.8219 -0.0005, -4.9771 0.8265 -0.0005, -4.9676 0.8338 -0.0005, -4.9604 0.8433 -0.0005, -4.9558 0.8543 -0.0005, -4.9542 0.8661 -0.0005, -4.9558 0.878 -0.0005, -4.9604 0.889 -0.0005, -4.9676 0.8985 -0.0005, -4.9771 0.9058 -0.0005, -4.9882 0.9103 -0.0005, -5.0 0.9119 -0.0005, -2.8032 -0.1969 0.9843, -2.8032 -1.5945 0.9843, -3.1969 -0.1969 0.9843, -3.1969 -1.5945 0.9843, -2.5079 -1.5945 0.2368, -2.5079 -1.5945 0.0787, -2.1969 -1.5945 0.0787, -3.1969 -1.5945 0.5512, -3.8031 -1.5945 1.1811, -3.4921 -1.5945 0.0787, -3.4921 -1.5945 0.2368, -3.8031 -1.5945 0.0787, -3.4903 -1.5945 0.2515, -3.4848 -1.5945 0.2653, -3.4761 -1.5945 0.2773, -2.5487 -1.5945 0.293, -2.5353 -1.5945 0.2867, -2.1969 -1.5945 1.1811, -3.4647 -1.5945 0.2867, -3.4513 -1.5945 0.293, -3.4368 -1.5945 0.2958, -2.5632 -1.5945 0.2958, -2.5239 -1.5945 0.2773, -2.5152 -1.5945 0.2653, -2.5097 -1.5945 0.2515, -2.8032 -1.5945 0.5512, -3.3737 -1.5945 0.3078, -3.3157 -1.5945 0.3351, -3.2662 -1.5945 0.376, -2.7951 -1.5945 0.4875, -2.7715 -1.5945 0.4279, -2.7338 -1.5945 0.376, -3.2285 -1.5945 0.4279, -3.2049 -1.5945 0.4875, -2.6843 -1.5945 0.3351, -2.6263 -1.5945 0.3078, -2.0 1.1272 4.7244, -2.0 1.3424 4.7244, -2.7047 1.1272 4.7244, -2.7047 1.3424 4.7244, -3.2953 1.3424 4.7244, -3.2953 1.1272 4.7244, -2.815 1.6732 4.252, -2.0 1.6732 4.252, -2.8425 1.6732 4.1339, -2.0 1.6732 3.5433, -3.1575 1.6732 4.1339, -3.185 1.6732 4.252, -3.2127 1.0977 4.3706, -3.1575 1.089 4.1339, -2.8425 1.089 4.1339, -2.0 1.0879 4.0157, -2.7873 1.0977 4.3706, -2.0 1.0977 4.3706, -2.8425 1.0879 0.3937, -2.8425 0.7715 0.3937, -2.7141 0.7337 0.3937, -2.0 1.0879 0.3937, -2.5939 0.6746 0.3937, -2.4855 0.596 0.3937, -2.2511 0.2513 0.3937, -2.2385 0.2368 0.3937, -2.2227 0.2258 0.3937, -2.3919 0.5002 0.3937, -2.316 0.39 0.3937, -2.0 0.2165 0.3937, -2.2598 0.2684 0.3937, -2.1857 0.2165 0.3937, -2.2048 0.2189 0.3937, -3.6081 0.5002 0.3937, -3.5145 0.596 0.3937, -3.4061 0.6746 0.3937, -3.1575 1.0879 0.3937, -3.2859 0.7337 0.3937, -3.1575 0.7715 0.3937, -3.7402 0.2684 0.3937, -3.684 0.39 0.3937, -3.7952 0.2189 0.3937, -3.7773 0.2258 0.3937, -3.7615 0.2368 0.3937, -3.8143 0.2165 0.3937, -3.7489 0.2513 0.3937, -3.8143 0.2165 1.1024, -3.4419 0.2165 1.1024, -3.4419 0.2165 1.1811, -2.5581 0.2165 1.1024, -2.5581 0.2165 1.1811, -2.1857 0.2165 1.1024, -2.0 0.2165 1.1811, -3.2953 -1.2672 1.1811, -3.2953 -1.2672 0.3937, -3.4694 -1.2168 0.3937, -3.0957 -1.2959 1.1811, -3.2853 -1.2693 1.1811, -3.2325 -1.2795 4.6693, -3.0955 -1.2936 4.6693, -3.0491 -1.2983 4.6693, -2.9043 -1.2959 1.1811, -2.9043 -1.2938 4.6693, -2.8649 -1.2926 4.6693, -2.7147 -1.2693 1.1811, -2.5306 -1.2168 0.3937, -2.7047 -1.2672 0.3937, -2.7047 -1.2672 1.1811, -3.8071 -1.0381 0.3937, -3.8071 -1.0381 4.6693, -3.7449 -1.0805 4.6693, -3.6445 -1.1392 0.3937, -3.6431 -1.1367 4.6693, -3.5835 -1.1696 4.6693, -3.4685 -1.2142 4.6693, -3.4117 -1.2363 4.6693, -3.2847 -1.2669 4.6693, -2.715 -1.2676 4.6693, -2.6831 -1.2623 4.6693, -2.531 -1.2154 4.6693, -2.5069 -1.208 4.6693, -2.3555 -1.1392 0.3937, -2.356 -1.1382 4.6693, -2.1929 -1.0381 0.3937, -2.3396 -1.1306 4.6693, -2.1929 -1.0381 4.6693, -3.8612 -0.2559 0.3937, -3.8408 -0.2586 0.3937, -3.298 -0.8014 0.3937, -3.2953 -0.8218 0.3937, -3.3058 -0.7825 0.3937, -3.3183 -0.7661 0.3937, -3.8055 -0.279 0.3937, -3.8218 -0.2665 0.3937, -2.0 -1.0381 0.3937, -2.0 -0.2559 0.3937, -2.1388 -0.2559 0.3937, -2.6942 -0.7825 0.3937, -2.702 -0.8014 0.3937, -2.7047 -0.8218 0.3937, -2.1592 -0.2586 0.3937, -2.1782 -0.2665 0.3937, -2.1945 -0.279 0.3937, -2.6817 -0.7661 0.3937, -2.5222 0.1178 1.1811, -2.5642 0.2287 1.7717, -2.5222 0.1178 1.7717, -2.5079 0.0 1.7717, -2.5079 0.0 1.1811, -2.5222 -0.1178 1.7717, -2.5222 -0.1178 1.1811, -2.5642 -0.2287 1.7717, -2.5642 -0.2287 1.1811, -2.6316 -0.3263 1.7717, -2.6316 -0.3263 1.1811, -2.7204 -0.405 1.7717, -2.7204 -0.405 1.1811, -2.8255 -0.4601 1.7717, -2.8255 -0.4601 1.1811, -2.9407 -0.4885 1.7717, -2.9407 -0.4885 1.1811, -3.0593 -0.4885 1.7717, -3.0593 -0.4885 1.1811, -3.1745 -0.4601 1.7717, -3.1745 -0.4601 1.1811, -3.2796 -0.405 1.7717, -3.2796 -0.405 1.1811, -3.3684 -0.3263 1.7717, -3.3684 -0.3263 1.1811, -3.4358 -0.2287 1.7717, -3.4358 -0.2287 1.1811, -3.4778 -0.1178 1.7717, -3.4778 -0.1178 1.1811, -3.4921 0.0 1.7717, -3.4921 0.0 1.1811, -3.4778 0.1178 1.7717, -3.4778 0.1178 1.1811, -3.4358 0.2287 1.1024, -3.4358 0.2287 1.7717, -3.3684 0.3263 1.7717, -3.3684 0.3263 1.1024, -3.2796 0.405 1.7717, -3.2796 0.405 1.1024, -3.1745 0.4601 1.7717, -3.1745 0.4601 1.1024, -3.0593 0.4885 1.7717, -3.0593 0.4885 1.1024, -2.9407 0.4885 1.7717, -2.9407 0.4885 1.1024, -2.8255 0.4601 1.7717, -2.8255 0.4601 1.1024, -2.7204 0.405 1.7717, -2.7204 0.405 1.1024, -2.6316 0.3263 1.7717, -2.6316 0.3263 1.1024, -2.5642 0.2287 1.1024, -3.1575 1.0879 1.1024, -2.8425 1.0879 1.1024, -2.0 1.3583 0.0, -2.0 1.3583 3.5433, -2.0 -0.2559 1.1811, -2.0 -1.6732 0.0, -2.0 -1.0381 4.6693, -2.0 -1.1169 4.7244, -2.0 -1.6732 4.7244, -4.0 -1.0381 4.7244, -2.4787 -1.2815 4.7244, -2.665 -1.3389 4.7244, -2.1678 -1.1169 4.7244, -2.3018 -1.1998 4.7244, -2.8572 -1.3709 4.7244, -3.052 -1.377 4.7244, -3.2458 -1.3571 4.7244, -3.4352 -1.3114 4.7244, -3.9352 -1.0381 4.7244, -3.7875 -1.1467 4.7244, -3.6169 -1.2409 4.7244, -3.8031 -1.6732 0.0, -3.8031 -1.6732 1.2598, -2.1969 -1.6732 0.0, -2.1969 -1.6732 1.2598, -3.8031 1.122 0.0, -2.1969 1.122 0.0, -2.8032 -0.1969 1.7717, -3.1969 -0.1969 1.7717, -2.8032 0.1969 1.7717, -3.1969 0.1969 1.7717, -3.2953 -0.8218 1.1811, -2.7047 -0.8218 1.1811, -3.8612 -0.2559 1.1811, -3.8408 -0.2586 1.1811, -3.8218 -0.2665 1.1811, -3.8055 -0.279 1.1811, -3.3183 -0.7661 1.1811, -3.3058 -0.7825 1.1811, -3.298 -0.8014 1.1811, -2.702 -0.8014 1.1811, -2.6942 -0.7825 1.1811, -2.6817 -0.7661 1.1811, -2.1945 -0.279 1.1811, -2.1782 -0.2665 1.1811, -2.1592 -0.2586 1.1811, -2.1388 -0.2559 1.1811, -2.2048 0.2189 1.1024, -2.2227 0.2258 1.1024, -2.2385 0.2368 1.1024, -2.2511 0.2513 1.1024, -2.2598 0.2684 1.1024, -2.316 0.39 1.1024, -2.3919 0.5002 1.1024, -2.4855 0.596 1.1024, -2.5939 0.6746 1.1024, -2.7141 0.7337 1.1024, -2.8425 0.7715 1.1024, -3.1575 0.7715 1.1024, -3.2859 0.7337 1.1024, -3.4061 0.6746 1.1024, -3.5145 0.596 1.1024, -3.6081 0.5002 1.1024, -3.684 0.39 1.1024, -3.7402 0.2684 1.1024, -3.7489 0.2513 1.1024, -3.7615 0.2368 1.1024, -3.7773 0.2258 1.1024, -3.7952 0.2189 1.1024, -3.8031 1.122 0.0787, -2.1969 1.122 0.0787, -2.5079 0.6102 0.0787, -3.4921 0.6102 0.0787, -3.0884 0.8425 0.0787, -3.0915 0.8661 0.0787, -3.0884 0.8898 0.0787, -3.0458 0.9454 0.0787, -3.0647 0.9309 0.0787, -3.0793 0.9119 0.0787, -3.0793 0.8204 0.0787, -3.0647 0.8014 0.0787, -3.0458 0.7869 0.0787, -2.9116 0.8425 0.0787, -2.9085 0.8661 0.0787, -2.9116 0.8898 0.0787, -2.9542 0.7869 0.0787, -2.9353 0.8014 0.0787, -2.9207 0.8204 0.0787, -2.9207 0.9119 0.0787, -2.9353 0.9309 0.0787, -2.9542 0.9454 0.0787, -2.9763 0.9546 0.0787, -3.0 0.9577 0.0787, -3.0237 0.9546 0.0787, -3.0237 0.7777 0.0787, -3.0 0.7746 0.0787, -2.9763 0.7777 0.0787, -3.1969 0.6102 0.5512, -3.1969 0.1969 0.9843, -3.1969 0.6102 0.9843, -2.8032 0.1969 0.9843, -2.8032 0.6102 0.9843, -2.8032 0.6102 0.5512, -2.5632 0.6102 0.2958, -2.6263 0.6102 0.3078, -2.6843 0.6102 0.3351, -2.7338 0.6102 0.376, -2.7715 0.6102 0.4279, -2.7951 0.6102 0.4875, -2.5079 0.6102 0.2368, -2.5097 0.6102 0.2515, -2.5152 0.6102 0.2653, -2.5239 0.6102 0.2773, -2.5353 0.6102 0.2867, -2.5487 0.6102 0.293, -3.4921 0.6102 0.2368, -3.4368 0.6102 0.2958, -3.4513 0.6102 0.293, -3.4647 0.6102 0.2867, -3.4761 0.6102 0.2773, -3.4848 0.6102 0.2653, -3.4903 0.6102 0.2515, -3.2049 0.6102 0.4875, -3.2285 0.6102 0.4279, -3.2662 0.6102 0.376, -3.3157 0.6102 0.3351, -3.3737 0.6102 0.3078, -3.0118 0.8867 -0.0097, -3.0061 0.889 -0.0097, -3.0 0.8661 -0.0128, -3.0168 0.8829 -0.0097, -3.0205 0.878 -0.0097, -3.0229 0.8723 -0.0097, -3.0237 0.8661 -0.0097, -3.0229 0.86 -0.0097, -3.0205 0.8543 -0.0097, -3.0168 0.8494 -0.0097, -3.0118 0.8456 -0.0097, -3.0061 0.8433 -0.0097, -3.0 0.8425 -0.0097, -2.9939 0.8433 -0.0097, -2.9882 0.8456 -0.0097, -2.9832 0.8494 -0.0097, -2.9795 0.8543 -0.0097, -2.9771 0.86 -0.0097, -2.9763 0.8661 -0.0097, -2.9771 0.8723 -0.0097, -2.9795 0.878 -0.0097, -2.9832 0.8829 -0.0097, -2.9882 0.8867 -0.0097, -2.9939 0.889 -0.0097, -3.0 0.8898 -0.0097, -3.0229 0.9515 0.0551, -3.0442 0.9427 0.0551, -3.0625 0.9287 0.0551, -3.0766 0.9103 0.0551, -3.0854 0.889 0.0551, -3.0884 0.8661 0.0551, -3.0854 0.8433 0.0551, -3.0766 0.8219 0.0551, -3.0625 0.8036 0.0551, -3.0442 0.7896 0.0551, -3.0229 0.7807 0.0551, -3.0 0.7777 0.0551, -2.9771 0.7807 0.0551, -2.9558 0.7896 0.0551, -2.9375 0.8036 0.0551, -2.9234 0.8219 0.0551, -2.9146 0.8433 0.0551, -2.9116 0.8661 0.0551, -2.9146 0.889 0.0551, -2.9234 0.9103 0.0551, -2.9375 0.9287 0.0551, -2.9558 0.9427 0.0551, -2.9771 0.9515 0.0551, -3.0 0.9546 0.0551, -3.0205 0.9427 0.033, -3.0396 0.9348 0.033, -3.056 0.9222 0.033, -3.0686 0.9058 0.033, -3.0766 0.8867 0.033, -3.0793 0.8661 0.033, -3.0766 0.8456 0.033, -3.0686 0.8265 0.033, -3.056 0.8101 0.033, -3.0396 0.7975 0.033, -3.0205 0.7896 0.033, -3.0 0.7869 0.033, -2.9795 0.7896 0.033, -2.9604 0.7975 0.033, -2.944 0.8101 0.033, -2.9314 0.8265 0.033, -2.9234 0.8456 0.033, -2.9207 0.8661 0.033, -2.9234 0.8867 0.033, -2.9314 0.9058 0.033, -2.944 0.9222 0.033, -2.9604 0.9348 0.033, -2.9795 0.9427 0.033, -3.0 0.9454 0.033, -3.0168 0.9287 0.014, -3.0324 0.9222 0.014, -3.0458 0.9119 0.014, -3.056 0.8985 0.014, -3.0625 0.8829 0.014, -3.0647 0.8661 0.014, -3.0625 0.8494 0.014, -3.056 0.8338 0.014, -3.0458 0.8204 0.014, -3.0324 0.8101 0.014, -3.0168 0.8036 0.014, -3.0 0.8014 0.014, -2.9832 0.8036 0.014, -2.9676 0.8101 0.014, -2.9542 0.8204 0.014, -2.944 0.8338 0.014, -2.9375 0.8494 0.014, -2.9353 0.8661 0.014, -2.9375 0.8829 0.014, -2.944 0.8985 0.014, -2.9542 0.9119 0.014, -2.9676 0.9222 0.014, -2.9832 0.9287 0.014, -3.0 0.9309 0.014, -3.0118 0.9103 -0.0005, -3.0229 0.9058 -0.0005, -3.0324 0.8985 -0.0005, -3.0396 0.889 -0.0005, -3.0442 0.878 -0.0005, -3.0458 0.8661 -0.0005, -3.0442 0.8543 -0.0005, -3.0396 0.8433 -0.0005, -3.0324 0.8338 -0.0005, -3.0229 0.8265 -0.0005, -3.0118 0.8219 -0.0005, -3.0 0.8204 -0.0005, -2.9882 0.8219 -0.0005, -2.9771 0.8265 -0.0005, -2.9676 0.8338 -0.0005, -2.9604 0.8433 -0.0005, -2.9558 0.8543 -0.0005, -2.9542 0.8661 -0.0005, -2.9558 0.878 -0.0005, -2.9604 0.889 -0.0005, -2.9676 0.8985 -0.0005, -2.9771 0.9058 -0.0005, -2.9882 0.9103 -0.0005, -3.0 0.9119 -0.0005, -0.8032 -0.1969 0.9843, -0.8032 -1.5945 0.9843, -1.1969 -0.1969 0.9843, -1.1969 -1.5945 0.9843, -0.5079 -1.5945 0.2368, -0.5079 -1.5945 0.0787, -0.1969 -1.5945 0.0787, -0.1969 -1.5945 1.1811, -1.8032 -1.5945 1.1811, -1.1969 -1.5945 0.5512, -1.4921 -1.5945 0.0787, -1.4921 -1.5945 0.2368, -1.8032 -1.5945 0.0787, -1.4903 -1.5945 0.2515, -1.4848 -1.5945 0.2653, -1.4761 -1.5945 0.2773, -1.4647 -1.5945 0.2867, -1.4513 -1.5945 0.293, -1.4368 -1.5945 0.2958, -0.6263 -1.5945 0.3078, -0.5632 -1.5945 0.2958, -0.5487 -1.5945 0.293, -0.5353 -1.5945 0.2867, -0.5239 -1.5945 0.2773, -0.5152 -1.5945 0.2653, -0.5097 -1.5945 0.2515, -0.8032 -1.5945 0.5512, -0.7951 -1.5945 0.4875, -0.7715 -1.5945 0.4279, -1.3737 -1.5945 0.3078, -1.3157 -1.5945 0.3351, -1.2662 -1.5945 0.376, -1.2285 -1.5945 0.4279, -1.2049 -1.5945 0.4875, -0.7338 -1.5945 0.376, -0.6843 -1.5945 0.3351, -0.0 1.1272 4.7244, -0.0 1.3424 4.7244, -0.7047 1.1272 4.7244, -0.7047 1.3424 4.7244, -1.2953 1.3424 4.7244, -1.2953 1.1272 4.7244, -0.815 1.6732 4.252, -0.0 1.6732 4.252, -0.8425 1.6732 4.1339, -0.0 1.6732 3.5433, -1.1575 1.6732 4.1339, -1.185 1.6732 4.252, -1.2127 1.0977 4.3706, -1.1575 1.089 4.1339, -0.8425 1.089 4.1339, -0.0 1.0879 4.0157, -0.7873 1.0977 4.3706, -0.0 1.0977 4.3706, -0.0 1.0879 0.3937, -0.5939 0.6746 0.3937, -0.4855 0.596 0.3937, -0.7141 0.7337 0.3937, -0.8425 1.0879 0.3937, -0.8425 0.7715 0.3937, -0.3919 0.5002 0.3937, -0.316 0.39 0.3937, -0.0 0.2165 0.3937, -0.2598 0.2684 0.3937, -0.2227 0.2258 0.3937, -0.2385 0.2368 0.3937, -0.2511 0.2513 0.3937, -0.2048 0.2189 0.3937, -0.1857 0.2165 0.3937, -1.7402 0.2684 0.3937, -1.684 0.39 0.3937, -1.6081 0.5002 0.3937, -1.7773 0.2258 0.3937, -1.7615 0.2368 0.3937, -1.7489 0.2513 0.3937, -1.5145 0.596 0.3937, -1.4061 0.6746 0.3937, -1.1575 1.0879 0.3937, -1.2859 0.7337 0.3937, -1.1575 0.7715 0.3937, -1.8143 0.2165 0.3937, -1.7952 0.2189 0.3937, -1.8143 0.2165 1.1024, -1.4419 0.2165 1.1024, -1.4419 0.2165 1.1811, -0.5581 0.2165 1.1024, -0.5581 0.2165 1.1811, -0.1857 0.2165 1.1024, -0.0 0.2165 1.1811, -1.2953 -1.2672 1.1811, -1.2953 -1.2672 0.3937, -1.4694 -1.2168 0.3937, -1.0957 -1.2959 1.1811, -1.2853 -1.2693 1.1811, -1.2325 -1.2795 4.6693, -1.0955 -1.2936 4.6693, -1.0491 -1.2983 4.6693, -0.9043 -1.2959 1.1811, -0.9043 -1.2938 4.6693, -0.8649 -1.2926 4.6693, -0.7147 -1.2693 1.1811, -0.5306 -1.2168 0.3937, -0.7047 -1.2672 0.3937, -0.7047 -1.2672 1.1811, -1.8071 -1.0381 0.3937, -1.8071 -1.0381 4.6693, -1.7449 -1.0805 4.6693, -1.6445 -1.1392 0.3937, -1.6431 -1.1367 4.6693, -1.5835 -1.1696 4.6693, -1.4685 -1.2142 4.6693, -1.4117 -1.2363 4.6693, -1.2847 -1.2669 4.6693, -0.715 -1.2676 4.6693, -0.6831 -1.2623 4.6693, -0.531 -1.2154 4.6693, -0.5069 -1.208 4.6693, -0.3555 -1.1392 0.3937, -0.356 -1.1382 4.6693, -0.1929 -1.0381 0.3937, -0.3396 -1.1306 4.6693, -0.1929 -1.0381 4.6693, -1.8612 -0.2559 0.3937, -1.298 -0.8014 0.3937, -1.2953 -0.8218 0.3937, -1.8175 -0.2692 0.3937, -1.8311 -0.2619 0.3937, -1.8458 -0.2574 0.3937, -1.3058 -0.7825 0.3937, -1.3183 -0.7661 0.3937, -1.8055 -0.279 0.3937, -0.0 -1.0381 0.3937, -0.0 -0.2559 0.3937, -0.1388 -0.2559 0.3937, -0.7047 -0.8218 0.3937, -0.6817 -0.7661 0.3937, -0.6942 -0.7825 0.3937, -0.1592 -0.2586 0.3937, -0.1782 -0.2665 0.3937, -0.1945 -0.279 0.3937, -0.702 -0.8014 0.3937, -0.5222 0.1178 1.1811, -0.5642 0.2287 1.7717, -0.5222 0.1178 1.7717, -0.5079 0.0 1.7717, -0.5079 0.0 1.1811, -0.5222 -0.1178 1.7717, -0.5222 -0.1178 1.1811, -0.5642 -0.2287 1.7717, -0.5642 -0.2287 1.1811, -0.6316 -0.3263 1.7717, -0.6316 -0.3263 1.1811, -0.7204 -0.405 1.7717, -0.7204 -0.405 1.1811, -0.8255 -0.4601 1.7717, -0.8255 -0.4601 1.1811, -0.9407 -0.4885 1.7717, -0.9407 -0.4885 1.1811, -1.0593 -0.4885 1.7717, -1.0593 -0.4885 1.1811, -1.1745 -0.4601 1.7717, -1.1745 -0.4601 1.1811, -1.2796 -0.405 1.7717, -1.2796 -0.405 1.1811, -1.3684 -0.3263 1.7717, -1.3684 -0.3263 1.1811, -1.4358 -0.2287 1.7717, -1.4358 -0.2287 1.1811, -1.4778 -0.1178 1.7717, -1.4778 -0.1178 1.1811, -1.4921 0.0 1.7717, -1.4921 0.0 1.1811, -1.4778 0.1178 1.7717, -1.4778 0.1178 1.1811, -1.4358 0.2287 1.1024, -1.4358 0.2287 1.7717, -1.3684 0.3263 1.7717, -1.3684 0.3263 1.1024, -1.2796 0.405 1.7717, -1.2796 0.405 1.1024, -1.1745 0.4601 1.7717, -1.1745 0.4601 1.1024, -1.0593 0.4885 1.7717, -1.0593 0.4885 1.1024, -0.9407 0.4885 1.7717, -0.9407 0.4885 1.1024, -0.8255 0.4601 1.7717, -0.8255 0.4601 1.1024, -0.7204 0.405 1.7717, -0.7204 0.405 1.1024, -0.6316 0.3263 1.7717, -0.6316 0.3263 1.1024, -0.5642 0.2287 1.1024, -1.1575 1.0879 1.1024, -0.8425 1.0879 1.1024, -0.0 1.3583 0.0, -0.0 1.3583 3.5433, -0.0 -0.2559 1.1811, -0.0 -1.6732 0.0, -0.0 -1.0381 4.6693, -0.0 -1.1169 4.7244, -0.0 -1.6732 4.7244, -2.0 -1.0381 4.7244, -0.1678 -1.1169 4.7244, -0.3018 -1.1998 4.7244, -0.4787 -1.2815 4.7244, -0.665 -1.3389 4.7244, -0.8572 -1.3709 4.7244, -1.052 -1.377 4.7244, -1.2458 -1.3571 4.7244, -1.4352 -1.3114 4.7244, -1.9352 -1.0381 4.7244, -1.7875 -1.1467 4.7244, -1.6169 -1.2409 4.7244, -1.8032 -1.6732 0.0, -1.8032 -1.6732 1.2598, -0.1969 -1.6732 0.0, -0.1969 -1.6732 1.2598, -1.8032 1.122 0.0, -0.1969 1.122 0.0, -1.1969 -0.1969 1.7717, -0.8032 0.1969 1.7717, -0.8032 -0.1969 1.7717, -1.1969 0.1969 1.7717, -1.2953 -0.8218 1.1811, -0.7047 -0.8218 1.1811, -1.8612 -0.2559 1.1811, -1.8458 -0.2574 1.1811, -1.8311 -0.2619 1.1811, -1.8175 -0.2692 1.1811, -1.8055 -0.279 1.1811, -1.3183 -0.7661 1.1811, -1.3058 -0.7825 1.1811, -1.298 -0.8014 1.1811, -0.702 -0.8014 1.1811, -0.6942 -0.7825 1.1811, -0.6817 -0.7661 1.1811, -0.1945 -0.279 1.1811, -0.1782 -0.2665 1.1811, -0.1592 -0.2586 1.1811, -0.1388 -0.2559 1.1811, -0.2048 0.2189 1.1024, -0.2227 0.2258 1.1024, -0.2385 0.2368 1.1024, -0.2511 0.2513 1.1024, -0.2598 0.2684 1.1024, -0.316 0.39 1.1024, -0.3919 0.5002 1.1024, -0.4855 0.596 1.1024, -0.5939 0.6746 1.1024, -0.7141 0.7337 1.1024, -0.8425 0.7715 1.1024, -1.1575 0.7715 1.1024, -1.2859 0.7337 1.1024, -1.4061 0.6746 1.1024, -1.5145 0.596 1.1024, -1.6081 0.5002 1.1024, -1.684 0.39 1.1024, -1.7402 0.2684 1.1024, -1.7489 0.2513 1.1024, -1.7615 0.2368 1.1024, -1.7773 0.2258 1.1024, -1.7952 0.2189 1.1024, -1.8032 1.122 0.0787, -0.1969 1.122 0.0787, -0.5079 0.6102 0.0787, -1.4921 0.6102 0.0787, -1.0884 0.8425 0.0787, -1.0915 0.8661 0.0787, -1.0884 0.8898 0.0787, -1.0458 0.9454 0.0787, -1.0647 0.9309 0.0787, -1.0793 0.9119 0.0787, -1.0793 0.8204 0.0787, -1.0647 0.8014 0.0787, -1.0458 0.7869 0.0787, -0.9116 0.8425 0.0787, -0.9085 0.8661 0.0787, -0.9116 0.8898 0.0787, -0.9542 0.7869 0.0787, -0.9353 0.8014 0.0787, -0.9207 0.8204 0.0787, -0.9207 0.9119 0.0787, -0.9353 0.9309 0.0787, -0.9542 0.9454 0.0787, -0.9763 0.9546 0.0787, -1.0 0.9577 0.0787, -1.0237 0.9546 0.0787, -1.0237 0.7777 0.0787, -1.0 0.7746 0.0787, -0.9763 0.7777 0.0787, -1.1969 0.6102 0.5512, -1.1969 0.1969 0.9843, -1.1969 0.6102 0.9843, -0.8032 0.1969 0.9843, -0.8032 0.6102 0.9843, -0.8032 0.6102 0.5512, -0.5632 0.6102 0.2958, -0.6263 0.6102 0.3078, -0.6843 0.6102 0.3351, -0.7338 0.6102 0.376, -0.7715 0.6102 0.4279, -0.7951 0.6102 0.4875, -0.5079 0.6102 0.2368, -0.5097 0.6102 0.2515, -0.5152 0.6102 0.2653, -0.5239 0.6102 0.2773, -0.5353 0.6102 0.2867, -0.5487 0.6102 0.293, -1.4921 0.6102 0.2368, -1.4368 0.6102 0.2958, -1.4513 0.6102 0.293, -1.4647 0.6102 0.2867, -1.4761 0.6102 0.2773, -1.4848 0.6102 0.2653, -1.4903 0.6102 0.2515, -1.2049 0.6102 0.4875, -1.2285 0.6102 0.4279, -1.2662 0.6102 0.376, -1.3157 0.6102 0.3351, -1.3737 0.6102 0.3078, -1.0118 0.8867 -0.0097, -1.0061 0.889 -0.0097, -1.0 0.8661 -0.0128, -1.0168 0.8829 -0.0097, -1.0205 0.878 -0.0097, -1.0229 0.8723 -0.0097, -1.0237 0.8661 -0.0097, -1.0229 0.86 -0.0097, -1.0205 0.8543 -0.0097, -1.0168 0.8494 -0.0097, -1.0118 0.8456 -0.0097, -1.0061 0.8433 -0.0097, -1.0 0.8425 -0.0097, -0.9939 0.8433 -0.0097, -0.9882 0.8456 -0.0097, -0.9832 0.8494 -0.0097, -0.9795 0.8543 -0.0097, -0.9771 0.86 -0.0097, -0.9763 0.8661 -0.0097, -0.9771 0.8723 -0.0097, -0.9795 0.878 -0.0097, -0.9832 0.8829 -0.0097, -0.9882 0.8867 -0.0097, -0.9939 0.889 -0.0097, -1.0 0.8898 -0.0097, -1.0229 0.9515 0.0551, -1.0442 0.9427 0.0551, -1.0625 0.9287 0.0551, -1.0766 0.9103 0.0551, -1.0854 0.889 0.0551, -1.0884 0.8661 0.0551, -1.0854 0.8433 0.0551, -1.0766 0.8219 0.0551, -1.0625 0.8036 0.0551, -1.0442 0.7896 0.0551, -1.0229 0.7807 0.0551, -1.0 0.7777 0.0551, -0.9771 0.7807 0.0551, -0.9558 0.7896 0.0551, -0.9375 0.8036 0.0551, -0.9234 0.8219 0.0551, -0.9146 0.8433 0.0551, -0.9116 0.8661 0.0551, -0.9146 0.889 0.0551, -0.9234 0.9103 0.0551, -0.9375 0.9287 0.0551, -0.9558 0.9427 0.0551, -0.9771 0.9515 0.0551, -1.0 0.9546 0.0551, -1.0205 0.9427 0.033, -1.0396 0.9348 0.033, -1.056 0.9222 0.033, -1.0686 0.9058 0.033, -1.0766 0.8867 0.033, -1.0793 0.8661 0.033, -1.0766 0.8456 0.033, -1.0686 0.8265 0.033, -1.056 0.8101 0.033, -1.0396 0.7975 0.033, -1.0205 0.7896 0.033, -1.0 0.7869 0.033, -0.9795 0.7896 0.033, -0.9604 0.7975 0.033, -0.944 0.8101 0.033, -0.9314 0.8265 0.033, -0.9234 0.8456 0.033, -0.9207 0.8661 0.033, -0.9234 0.8867 0.033, -0.9314 0.9058 0.033, -0.944 0.9222 0.033, -0.9604 0.9348 0.033, -0.9795 0.9427 0.033, -1.0 0.9454 0.033, -1.0168 0.9287 0.014, -1.0324 0.9222 0.014, -1.0458 0.9119 0.014, -1.056 0.8985 0.014, -1.0625 0.8829 0.014, -1.0647 0.8661 0.014, -1.0625 0.8494 0.014, -1.056 0.8338 0.014, -1.0458 0.8204 0.014, -1.0324 0.8101 0.014, -1.0168 0.8036 0.014, -1.0 0.8014 0.014, -0.9832 0.8036 0.014, -0.9676 0.8101 0.014, -0.9542 0.8204 0.014, -0.944 0.8338 0.014, -0.9375 0.8494 0.014, -0.9353 0.8661 0.014, -0.9375 0.8829 0.014, -0.944 0.8985 0.014, -0.9542 0.9119 0.014, -0.9676 0.9222 0.014, -0.9832 0.9287 0.014, -1.0 0.9309 0.014, -1.0118 0.9103 -0.0005, -1.0229 0.9058 -0.0005, -1.0324 0.8985 -0.0005, -1.0396 0.889 -0.0005, -1.0442 0.878 -0.0005, -1.0458 0.8661 -0.0005, -1.0442 0.8543 -0.0005, -1.0396 0.8433 -0.0005, -1.0324 0.8338 -0.0005, -1.0229 0.8265 -0.0005, -1.0118 0.8219 -0.0005, -1.0 0.8204 -0.0005, -0.9882 0.8219 -0.0005, -0.9771 0.8265 -0.0005, -0.9676 0.8338 -0.0005, -0.9604 0.8433 -0.0005, -0.9558 0.8543 -0.0005, -0.9542 0.8661 -0.0005, -0.9558 0.878 -0.0005, -0.9604 0.889 -0.0005, -0.9676 0.8985 -0.0005, -0.9771 0.9058 -0.0005, -0.9882 0.9103 -0.0005, -1.0 0.9119 -0.0005, 1.1968 -0.1969 0.9843, 1.1968 -1.5945 0.9843, 0.8031 -0.1969 0.9843, 0.8031 -1.5945 0.9843, 1.4921 -1.5945 0.2368, 1.4921 -1.5945 0.0787, 1.8031 -1.5945 0.0787, 0.5487 -1.5945 0.293, 0.1968 -1.5945 1.1811, 0.5353 -1.5945 0.2867, 0.5239 -1.5945 0.2773, 0.5079 -1.5945 0.0787, 0.5079 -1.5945 0.2368, 0.1968 -1.5945 0.0787, 0.5097 -1.5945 0.2515, 0.5152 -1.5945 0.2653, 1.8031 -1.5945 1.1811, 0.8031 -1.5945 0.5512, 0.7951 -1.5945 0.4875, 1.3737 -1.5945 0.3078, 1.4368 -1.5945 0.2958, 1.4513 -1.5945 0.293, 1.4647 -1.5945 0.2867, 1.4761 -1.5945 0.2773, 1.4848 -1.5945 0.2653, 1.4903 -1.5945 0.2515, 0.5632 -1.5945 0.2958, 0.6263 -1.5945 0.3078, 0.6843 -1.5945 0.3351, 0.7338 -1.5945 0.376, 0.7715 -1.5945 0.4279, 1.1968 -1.5945 0.5512, 1.2049 -1.5945 0.4875, 1.2285 -1.5945 0.4279, 1.2662 -1.5945 0.376, 1.3157 -1.5945 0.3351, 2.0 1.1272 4.7244, 2.0 1.3424 4.7244, 1.2953 1.1272 4.7244, 1.2953 1.3424 4.7244, 0.7047 1.3424 4.7244, 0.7047 1.1272 4.7244, 1.185 1.6732 4.252, 2.0 1.6732 4.252, 1.1575 1.6732 4.1339, 2.0 1.6732 3.5433, 0.8425 1.6732 4.1339, 0.815 1.6732 4.252, 0.7873 1.0977 4.3706, 0.8425 1.089 4.1339, 1.1575 1.089 4.1339, 2.0 1.0879 4.0157, 1.2127 1.0977 4.3706, 2.0 1.0977 4.3706, 2.0 1.0879 0.3937, 1.4061 0.6746 0.3937, 1.5145 0.596 0.3937, 1.2859 0.7337 0.3937, 1.1575 1.0879 0.3937, 1.1575 0.7715 0.3937, 1.6081 0.5002 0.3937, 1.684 0.39 0.3937, 2.0 0.2165 0.3937, 1.7402 0.2684 0.3937, 1.7773 0.2258 0.3937, 1.7615 0.2368 0.3937, 1.7489 0.2513 0.3937, 1.7952 0.2189 0.3937, 1.8143 0.2165 0.3937, 0.316 0.39 0.3937, 0.3919 0.5002 0.3937, 0.2598 0.2684 0.3937, 0.4855 0.596 0.3937, 0.5939 0.6746 0.3937, 0.8425 1.0879 0.3937, 0.7141 0.7337 0.3937, 0.8425 0.7715 0.3937, 0.1857 0.2165 0.3937, 0.2048 0.2189 0.3937, 0.2227 0.2258 0.3937, 0.2385 0.2368 0.3937, 0.2511 0.2513 0.3937, 0.1857 0.2165 1.1024, 0.5581 0.2165 1.1024, 0.5581 0.2165 1.1811, 1.4419 0.2165 1.1024, 1.4419 0.2165 1.1811, 1.8143 0.2165 1.1024, 2.0 0.2165 1.1811, 0.7047 -1.2672 1.1811, 0.7047 -1.2672 0.3937, 0.5306 -1.2168 0.3937, 0.9043 -1.2959 1.1811, 0.7147 -1.2693 1.1811, 0.7675 -1.2795 4.6693, 0.9045 -1.2936 4.6693, 0.9509 -1.2983 4.6693, 1.0957 -1.2959 1.1811, 1.0957 -1.2938 4.6693, 1.1351 -1.2926 4.6693, 1.2853 -1.2693 1.1811, 1.4694 -1.2168 0.3937, 1.2953 -1.2672 0.3937, 1.2953 -1.2672 1.1811, 0.1929 -1.0381 0.3937, 0.1929 -1.0381 4.6693, 0.2551 -1.0805 4.6693, 0.3555 -1.1392 0.3937, 0.3569 -1.1367 4.6693, 0.4165 -1.1696 4.6693, 0.5315 -1.2142 4.6693, 0.5883 -1.2363 4.6693, 0.7153 -1.2669 4.6693, 1.285 -1.2676 4.6693, 1.3169 -1.2623 4.6693, 1.469 -1.2154 4.6693, 1.4931 -1.208 4.6693, 1.6445 -1.1392 0.3937, 1.644 -1.1382 4.6693, 1.8071 -1.0381 0.3937, 1.6604 -1.1306 4.6693, 1.8071 -1.0381 4.6693, 0.7047 -0.8218 0.3937, 0.1388 -0.2559 0.3937, 0.6942 -0.7825 0.3937, 0.6817 -0.7661 0.3937, 0.1945 -0.279 0.3937, 0.1825 -0.2692 0.3937, 0.1689 -0.2619 0.3937, 0.1542 -0.2574 0.3937, 0.702 -0.8014 0.3937, 1.2953 -0.8218 0.3937, 1.8055 -0.279 0.3937, 1.3183 -0.7661 0.3937, 1.3058 -0.7825 0.3937, 2.0 -1.0381 0.3937, 2.0 -0.2559 0.3937, 1.8612 -0.2559 0.3937, 1.8458 -0.2574 0.3937, 1.298 -0.8014 0.3937, 1.8311 -0.2619 0.3937, 1.8174 -0.2692 0.3937, 1.4778 0.1178 1.1811, 1.4358 0.2287 1.7717, 1.4778 0.1178 1.7717, 1.4921 0.0 1.7717, 1.4921 0.0 1.1811, 1.4778 -0.1178 1.7717, 1.4778 -0.1178 1.1811, 1.4358 -0.2287 1.7717, 1.4358 -0.2287 1.1811, 1.3684 -0.3263 1.7717, 1.3684 -0.3263 1.1811, 1.2796 -0.405 1.7717, 1.2796 -0.405 1.1811, 1.1745 -0.4601 1.7717, 1.1745 -0.4601 1.1811, 1.0593 -0.4885 1.7717, 1.0593 -0.4885 1.1811, 0.9407 -0.4885 1.7717, 0.9407 -0.4885 1.1811, 0.8255 -0.4601 1.7717, 0.8255 -0.4601 1.1811, 0.7204 -0.405 1.7717, 0.7204 -0.405 1.1811, 0.6316 -0.3263 1.7717, 0.6316 -0.3263 1.1811, 0.5642 -0.2287 1.7717, 0.5642 -0.2287 1.1811, 0.5222 -0.1178 1.7717, 0.5222 -0.1178 1.1811, 0.5079 0.0 1.7717, 0.5079 0.0 1.1811, 0.5222 0.1178 1.7717, 0.5222 0.1178 1.1811, 0.5642 0.2287 1.1024, 0.5642 0.2287 1.7717, 0.6316 0.3263 1.7717, 0.6316 0.3263 1.1024, 0.7204 0.405 1.7717, 0.7204 0.405 1.1024, 0.8255 0.4601 1.7717, 0.8255 0.4601 1.1024, 0.9407 0.4885 1.7717, 0.9407 0.4885 1.1024, 1.0593 0.4885 1.7717, 1.0593 0.4885 1.1024, 1.1745 0.4601 1.7717, 1.1745 0.4601 1.1024, 1.2796 0.405 1.7717, 1.2796 0.405 1.1024, 1.3684 0.3263 1.7717, 1.3684 0.3263 1.1024, 1.4358 0.2287 1.1024, 0.8425 1.0879 1.1024, 1.1575 1.0879 1.1024, 2.0 1.3583 0.0, 2.0 1.3583 3.5433, 2.0 -0.2559 1.1811, 2.0 -1.6732 0.0, 2.0 -1.0381 4.6693, 2.0 -1.1169 4.7244, 2.0 -1.6732 4.7244, -0.0 -1.0381 4.7244, 1.8322 -1.1169 4.7244, 1.6982 -1.1998 4.7244, 1.5213 -1.2815 4.7244, 1.335 -1.3389 4.7244, 0.0648 -1.0381 4.7244, 0.2125 -1.1467 4.7244, 0.3831 -1.2409 4.7244, 0.5648 -1.3114 4.7244, 1.1428 -1.3709 4.7244, 0.948 -1.377 4.7244, 0.7542 -1.3571 4.7244, 0.1968 -1.6732 0.0, 0.1968 -1.6732 1.2598, 1.8031 -1.6732 0.0, 1.8031 -1.6732 1.2598, 0.1968 1.122 0.0, 1.8031 1.122 0.0, 0.8031 -0.1969 1.7717, 0.8031 0.1969 1.7717, 1.1968 -0.1969 1.7717, 1.1968 0.1969 1.7717, 0.7047 -0.8218 1.1811, 1.2953 -0.8218 1.1811, 0.1388 -0.2559 1.1811, 0.1542 -0.2574 1.1811, 0.1689 -0.2619 1.1811, 0.1825 -0.2692 1.1811, 0.1945 -0.279 1.1811, 0.6817 -0.7661 1.1811, 0.6942 -0.7825 1.1811, 0.702 -0.8014 1.1811, 1.298 -0.8014 1.1811, 1.3058 -0.7825 1.1811, 1.3183 -0.7661 1.1811, 1.8055 -0.279 1.1811, 1.8174 -0.2692 1.1811, 1.8311 -0.2619 1.1811, 1.8458 -0.2574 1.1811, 1.8612 -0.2559 1.1811, 1.7952 0.2189 1.1024, 1.7773 0.2258 1.1024, 1.7615 0.2368 1.1024, 1.7489 0.2513 1.1024, 1.7402 0.2684 1.1024, 1.684 0.39 1.1024, 1.6081 0.5002 1.1024, 1.5145 0.596 1.1024, 1.4061 0.6746 1.1024, 1.2859 0.7337 1.1024, 1.1575 0.7715 1.1024, 0.8425 0.7715 1.1024, 0.7141 0.7337 1.1024, 0.5939 0.6746 1.1024, 0.4855 0.596 1.1024, 0.3919 0.5002 1.1024, 0.316 0.39 1.1024, 0.2598 0.2684 1.1024, 0.2511 0.2513 1.1024, 0.2385 0.2368 1.1024, 0.2227 0.2258 1.1024, 0.2048 0.2189 1.1024, 0.1968 1.122 0.0787, 1.8031 1.122 0.0787, 1.4921 0.6102 0.0787, 0.5079 0.6102 0.0787, 0.9085 0.8661 0.0787, 1.0458 0.7869 0.0787, 1.0647 0.8014 0.0787, 0.9116 0.8425 0.0787, 0.9207 0.8204 0.0787, 0.9353 0.8014 0.0787, 0.9542 0.9454 0.0787, 0.9353 0.9309 0.0787, 1.0 0.7746 0.0787, 1.0237 0.7777 0.0787, 0.9207 0.9119 0.0787, 0.9116 0.8898 0.0787, 0.9542 0.7869 0.0787, 0.9763 0.7777 0.0787, 1.0793 0.8204 0.0787, 1.0884 0.8425 0.0787, 1.0915 0.8661 0.0787, 1.0884 0.8898 0.0787, 1.0793 0.9119 0.0787, 1.0647 0.9309 0.0787, 1.0458 0.9454 0.0787, 1.0237 0.9546 0.0787, 1.0 0.9577 0.0787, 0.9763 0.9546 0.0787, 0.8031 0.6102 0.5512, 0.8031 0.1969 0.9843, 0.8031 0.6102 0.9843, 1.1968 0.1969 0.9843, 1.1968 0.6102 0.9843, 1.1968 0.6102 0.5512, 1.4368 0.6102 0.2958, 1.3737 0.6102 0.3078, 1.3157 0.6102 0.3351, 1.2662 0.6102 0.376, 1.2285 0.6102 0.4279, 1.2049 0.6102 0.4875, 1.4921 0.6102 0.2368, 1.4903 0.6102 0.2515, 1.4848 0.6102 0.2653, 1.4761 0.6102 0.2773, 1.4647 0.6102 0.2867, 1.4513 0.6102 0.293, 0.5079 0.6102 0.2368, 0.5632 0.6102 0.2958, 0.5487 0.6102 0.293, 0.5353 0.6102 0.2867, 0.5239 0.6102 0.2773, 0.5152 0.6102 0.2653, 0.5097 0.6102 0.2515, 0.7951 0.6102 0.4875, 0.7715 0.6102 0.4279, 0.7338 0.6102 0.376, 0.6843 0.6102 0.3351, 0.6263 0.6102 0.3078, 0.9882 0.8867 -0.0097, 0.9939 0.889 -0.0097, 1.0 0.8661 -0.0128, 0.9832 0.8829 -0.0097, 0.9795 0.878 -0.0097, 0.9771 0.8723 -0.0097, 0.9763 0.8661 -0.0097, 0.9771 0.86 -0.0097, 0.9795 0.8543 -0.0097, 0.9832 0.8494 -0.0097, 0.9882 0.8456 -0.0097, 0.9939 0.8433 -0.0097, 1.0 0.8425 -0.0097, 1.0061 0.8433 -0.0097, 1.0118 0.8456 -0.0097, 1.0168 0.8494 -0.0097, 1.0205 0.8543 -0.0097, 1.0229 0.86 -0.0097, 1.0237 0.8661 -0.0097, 1.0229 0.8723 -0.0097, 1.0205 0.878 -0.0097, 1.0168 0.8829 -0.0097, 1.0118 0.8867 -0.0097, 1.0061 0.889 -0.0097, 1.0 0.8898 -0.0097, 0.9771 0.9515 0.0551, 0.9558 0.9427 0.0551, 0.9375 0.9287 0.0551, 0.9234 0.9103 0.0551, 0.9146 0.889 0.0551, 0.9116 0.8661 0.0551, 0.9146 0.8433 0.0551, 0.9234 0.8219 0.0551, 0.9375 0.8036 0.0551, 0.9558 0.7896 0.0551, 0.9771 0.7807 0.0551, 1.0 0.7777 0.0551, 1.0229 0.7807 0.0551, 1.0442 0.7896 0.0551, 1.0625 0.8036 0.0551, 1.0766 0.8219 0.0551, 1.0854 0.8433 0.0551, 1.0884 0.8661 0.0551, 1.0854 0.889 0.0551, 1.0766 0.9103 0.0551, 1.0625 0.9287 0.0551, 1.0442 0.9427 0.0551, 1.0229 0.9515 0.0551, 1.0 0.9546 0.0551, 0.9795 0.9427 0.033, 0.9604 0.9348 0.033, 0.944 0.9222 0.033, 0.9314 0.9058 0.033, 0.9234 0.8867 0.033, 0.9207 0.8661 0.033, 0.9234 0.8456 0.033, 0.9314 0.8265 0.033, 0.944 0.8101 0.033, 0.9604 0.7975 0.033, 0.9795 0.7896 0.033, 1.0 0.7869 0.033, 1.0205 0.7896 0.033, 1.0396 0.7975 0.033, 1.056 0.8101 0.033, 1.0686 0.8265 0.033, 1.0766 0.8456 0.033, 1.0793 0.8661 0.033, 1.0766 0.8867 0.033, 1.0686 0.9058 0.033, 1.056 0.9222 0.033, 1.0396 0.9348 0.033, 1.0205 0.9427 0.033, 1.0 0.9454 0.033, 0.9832 0.9287 0.014, 0.9676 0.9222 0.014, 0.9542 0.9119 0.014, 0.944 0.8985 0.014, 0.9375 0.8829 0.014, 0.9353 0.8661 0.014, 0.9375 0.8494 0.014, 0.944 0.8338 0.014, 0.9542 0.8204 0.014, 0.9676 0.8101 0.014, 0.9832 0.8036 0.014, 1.0 0.8014 0.014, 1.0168 0.8036 0.014, 1.0324 0.8101 0.014, 1.0458 0.8204 0.014, 1.056 0.8338 0.014, 1.0625 0.8494 0.014, 1.0647 0.8661 0.014, 1.0625 0.8829 0.014, 1.056 0.8985 0.014, 1.0458 0.9119 0.014, 1.0324 0.9222 0.014, 1.0168 0.9287 0.014, 1.0 0.9309 0.014, 0.9882 0.9103 -0.0005, 0.9771 0.9058 -0.0005, 0.9676 0.8985 -0.0005, 0.9604 0.889 -0.0005, 0.9558 0.878 -0.0005, 0.9542 0.8661 -0.0005, 0.9558 0.8543 -0.0005, 0.9604 0.8433 -0.0005, 0.9676 0.8338 -0.0005, 0.9771 0.8265 -0.0005, 0.9882 0.8219 -0.0005, 1.0 0.8204 -0.0005, 1.0118 0.8219 -0.0005, 1.0229 0.8265 -0.0005, 1.0324 0.8338 -0.0005, 1.0396 0.8433 -0.0005, 1.0442 0.8543 -0.0005, 1.0458 0.8661 -0.0005, 1.0442 0.878 -0.0005, 1.0396 0.889 -0.0005, 1.0324 0.8985 -0.0005, 1.0229 0.9058 -0.0005, 1.0118 0.9103 -0.0005, 1.0 0.9119 -0.0005, 3.1969 -0.1969 0.9843, 3.1969 -1.5945 0.9843, 2.8031 -0.1969 0.9843, 2.8031 -1.5945 0.9843, 3.4921 -1.5945 0.2368, 3.4921 -1.5945 0.0787, 3.8031 -1.5945 0.0787, 2.5487 -1.5945 0.293, 2.1969 -1.5945 1.1811, 2.5353 -1.5945 0.2867, 2.5239 -1.5945 0.2773, 2.5079 -1.5945 0.0787, 2.5079 -1.5945 0.2368, 2.1969 -1.5945 0.0787, 2.5097 -1.5945 0.2515, 2.5152 -1.5945 0.2653, 3.8031 -1.5945 1.1811, 2.8031 -1.5945 0.5512, 2.7951 -1.5945 0.4875, 3.3737 -1.5945 0.3078, 3.4368 -1.5945 0.2958, 3.4513 -1.5945 0.293, 3.4647 -1.5945 0.2867, 3.4761 -1.5945 0.2773, 3.4848 -1.5945 0.2653, 3.4903 -1.5945 0.2515, 2.5632 -1.5945 0.2958, 2.6263 -1.5945 0.3078, 2.6843 -1.5945 0.3351, 2.7338 -1.5945 0.376, 2.7715 -1.5945 0.4279, 3.1969 -1.5945 0.5512, 3.2049 -1.5945 0.4875, 3.2285 -1.5945 0.4279, 3.2662 -1.5945 0.376, 3.3157 -1.5945 0.3351, 4.0 1.1272 4.7244, 4.0 1.3424 4.7244, 3.2953 1.1272 4.7244, 3.2953 1.3424 4.7244, 2.7047 1.3424 4.7244, 2.7047 1.1272 4.7244, 3.185 1.6732 4.252, 4.0 1.6732 4.252, 3.1575 1.6732 4.1339, 4.0 1.6732 3.5433, 2.8425 1.6732 4.1339, 2.815 1.6732 4.252, 2.7873 1.0977 4.3706, 2.8425 1.089 4.1339, 3.1575 1.089 4.1339, 4.0 1.0879 4.0157, 3.2127 1.0977 4.3706, 4.0 1.0977 4.3706, 3.1575 1.0879 0.3937, 3.1575 0.7715 0.3937, 3.2859 0.7337 0.3937, 4.0 1.0879 0.3937, 3.4061 0.6746 0.3937, 3.5145 0.596 0.3937, 3.6081 0.5002 0.3937, 3.684 0.39 0.3937, 4.0 0.2165 0.3937, 3.7402 0.2684 0.3937, 3.7773 0.2258 0.3937, 3.7615 0.2368 0.3937, 3.7489 0.2513 0.3937, 3.7952 0.2189 0.3937, 3.8143 0.2165 0.3937, 2.316 0.39 0.3937, 2.3919 0.5002 0.3937, 2.2598 0.2684 0.3937, 2.4855 0.596 0.3937, 2.5939 0.6746 0.3937, 2.8425 1.0879 0.3937, 2.7141 0.7337 0.3937, 2.8425 0.7715 0.3937, 2.1857 0.2165 0.3937, 2.2048 0.2189 0.3937, 2.2227 0.2258 0.3937, 2.2385 0.2368 0.3937, 2.2511 0.2513 0.3937, 2.1857 0.2165 1.1024, 2.5581 0.2165 1.1024, 2.5581 0.2165 1.1811, 3.4419 0.2165 1.1024, 3.4419 0.2165 1.1811, 3.8143 0.2165 1.1024, 4.0 0.2165 1.1811, 2.7047 -1.2672 1.1811, 2.7047 -1.2672 0.3937, 2.5306 -1.2168 0.3937, 2.9043 -1.2959 1.1811, 2.7147 -1.2693 1.1811, 2.7675 -1.2795 4.6693, 2.9045 -1.2936 4.6693, 2.9509 -1.2983 4.6693, 3.0957 -1.2959 1.1811, 3.0957 -1.2938 4.6693, 3.1351 -1.2926 4.6693, 3.2853 -1.2693 1.1811, 3.4694 -1.2168 0.3937, 3.2953 -1.2672 0.3937, 3.2953 -1.2672 1.1811, 2.1929 -1.0381 0.3937, 2.1929 -1.0381 4.6693, 2.2551 -1.0805 4.6693, 2.3555 -1.1392 0.3937, 2.3569 -1.1367 4.6693, 2.4165 -1.1696 4.6693, 2.5315 -1.2142 4.6693, 2.5883 -1.2363 4.6693, 2.7153 -1.2669 4.6693, 3.285 -1.2676 4.6693, 3.3169 -1.2623 4.6693, 3.469 -1.2154 4.6693, 3.4931 -1.208 4.6693, 3.6445 -1.1392 0.3937, 3.644 -1.1382 4.6693, 3.8071 -1.0381 0.3937, 3.6604 -1.1306 4.6693, 3.8071 -1.0381 4.6693, 2.7047 -0.8218 0.3937, 2.1388 -0.2559 0.3937, 2.6942 -0.7825 0.3937, 2.6817 -0.7661 0.3937, 2.1945 -0.279 0.3937, 2.1825 -0.2692 0.3937, 2.1689 -0.2619 0.3937, 2.1542 -0.2574 0.3937, 2.702 -0.8014 0.3937, 4.0 -1.0381 0.3937, 4.0 -0.2559 0.3937, 3.8612 -0.2559 0.3937, 3.2953 -0.8218 0.3937, 3.3183 -0.7661 0.3937, 3.3058 -0.7825 0.3937, 3.8408 -0.2586 0.3937, 3.8218 -0.2665 0.3937, 3.8055 -0.279 0.3937, 3.298 -0.8014 0.3937, 3.4778 0.1178 1.1811, 3.4358 0.2287 1.7717, 3.4778 0.1178 1.7717, 3.4921 0.0 1.7717, 3.4921 0.0 1.1811, 3.4778 -0.1178 1.7717, 3.4778 -0.1178 1.1811, 3.4358 -0.2287 1.7717, 3.4358 -0.2287 1.1811, 3.3684 -0.3263 1.7717, 3.3684 -0.3263 1.1811, 3.2796 -0.405 1.7717, 3.2796 -0.405 1.1811, 3.1745 -0.4601 1.7717, 3.1745 -0.4601 1.1811, 3.0593 -0.4885 1.7717, 3.0593 -0.4885 1.1811, 2.9407 -0.4885 1.7717, 2.9407 -0.4885 1.1811, 2.8255 -0.4601 1.7717, 2.8255 -0.4601 1.1811, 2.7204 -0.405 1.7717, 2.7204 -0.405 1.1811, 2.6316 -0.3263 1.7717, 2.6316 -0.3263 1.1811, 2.5642 -0.2287 1.7717, 2.5642 -0.2287 1.1811, 2.5222 -0.1178 1.7717, 2.5222 -0.1178 1.1811, 2.5079 0.0 1.7717, 2.5079 0.0 1.1811, 2.5222 0.1178 1.7717, 2.5222 0.1178 1.1811, 2.5642 0.2287 1.1024, 2.5642 0.2287 1.7717, 2.6316 0.3263 1.7717, 2.6316 0.3263 1.1024, 2.7204 0.405 1.7717, 2.7204 0.405 1.1024, 2.8255 0.4601 1.7717, 2.8255 0.4601 1.1024, 2.9407 0.4885 1.7717, 2.9407 0.4885 1.1024, 3.0593 0.4885 1.7717, 3.0593 0.4885 1.1024, 3.1745 0.4601 1.7717, 3.1745 0.4601 1.1024, 3.2796 0.405 1.7717, 3.2796 0.405 1.1024, 3.3684 0.3263 1.7717, 3.3684 0.3263 1.1024, 3.4358 0.2287 1.1024, 2.8425 1.0879 1.1024, 3.1575 1.0879 1.1024, 4.0 1.3583 0.0, 4.0 1.3583 3.5433, 4.0 -0.2559 1.1811, 4.0 -1.6732 0.0, 4.0 -1.0381 4.6693, 4.0 -1.1169 4.7244, 4.0 -1.6732 4.7244, 2.0 -1.0381 4.7244, 3.8322 -1.1169 4.7244, 2.0648 -1.0381 4.7244, 2.2125 -1.1467 4.7244, 2.3831 -1.2409 4.7244, 2.5648 -1.3114 4.7244, 3.6982 -1.1998 4.7244, 3.5213 -1.2815 4.7244, 3.335 -1.3389 4.7244, 3.1428 -1.3709 4.7244, 2.948 -1.377 4.7244, 2.7542 -1.3571 4.7244, 2.1969 -1.6732 0.0, 2.1969 -1.6732 1.2598, 3.8031 -1.6732 0.0, 3.8031 -1.6732 1.2598, 2.1969 1.122 0.0, 3.8031 1.122 0.0, 2.8031 -0.1969 1.7717, 2.8031 0.1969 1.7717, 3.1969 -0.1969 1.7717, 3.1969 0.1969 1.7717, 2.7047 -0.8218 1.1811, 3.2953 -0.8218 1.1811, 2.1388 -0.2559 1.1811, 2.1542 -0.2574 1.1811, 2.1689 -0.2619 1.1811, 2.1825 -0.2692 1.1811, 2.1945 -0.279 1.1811, 2.6817 -0.7661 1.1811, 2.6942 -0.7825 1.1811, 2.702 -0.8014 1.1811, 3.298 -0.8014 1.1811, 3.3058 -0.7825 1.1811, 3.3183 -0.7661 1.1811, 3.8055 -0.279 1.1811, 3.8218 -0.2665 1.1811, 3.8408 -0.2586 1.1811, 3.8612 -0.2559 1.1811, 3.7952 0.2189 1.1024, 3.7773 0.2258 1.1024, 3.7615 0.2368 1.1024, 3.7489 0.2513 1.1024, 3.7402 0.2684 1.1024, 3.684 0.39 1.1024, 3.6081 0.5002 1.1024, 3.5145 0.596 1.1024, 3.4061 0.6746 1.1024, 3.2859 0.7337 1.1024, 3.1575 0.7715 1.1024, 2.8425 0.7715 1.1024, 2.7141 0.7337 1.1024, 2.5939 0.6746 1.1024, 2.4855 0.596 1.1024, 2.3919 0.5002 1.1024, 2.316 0.39 1.1024, 2.2598 0.2684 1.1024, 2.2511 0.2513 1.1024, 2.2385 0.2368 1.1024, 2.2227 0.2258 1.1024, 2.2048 0.2189 1.1024, 2.1969 1.122 0.0787, 3.8031 1.122 0.0787, 3.4921 0.6102 0.0787, 2.5079 0.6102 0.0787, 2.9085 0.8661 0.0787, 3.0458 0.7869 0.0787, 3.0647 0.8014 0.0787, 2.9116 0.8425 0.0787, 2.9207 0.8204 0.0787, 2.9353 0.8014 0.0787, 2.9542 0.9454 0.0787, 2.9353 0.9309 0.0787, 3.0 0.7746 0.0787, 3.0237 0.7777 0.0787, 2.9207 0.9119 0.0787, 2.9116 0.8898 0.0787, 2.9542 0.7869 0.0787, 2.9763 0.7777 0.0787, 3.0793 0.8204 0.0787, 3.0884 0.8425 0.0787, 3.0915 0.8661 0.0787, 3.0884 0.8898 0.0787, 3.0793 0.9119 0.0787, 3.0647 0.9309 0.0787, 3.0458 0.9454 0.0787, 3.0237 0.9546 0.0787, 3.0 0.9577 0.0787, 2.9763 0.9546 0.0787, 2.8031 0.6102 0.5512, 2.8031 0.1969 0.9843, 2.8031 0.6102 0.9843, 3.1969 0.1969 0.9843, 3.1969 0.6102 0.9843, 3.1969 0.6102 0.5512, 3.4368 0.6102 0.2958, 3.3737 0.6102 0.3078, 3.3157 0.6102 0.3351, 3.2662 0.6102 0.376, 3.2285 0.6102 0.4279, 3.2049 0.6102 0.4875, 3.4921 0.6102 0.2368, 3.4903 0.6102 0.2515, 3.4848 0.6102 0.2653, 3.4761 0.6102 0.2773, 3.4647 0.6102 0.2867, 3.4513 0.6102 0.293, 2.5079 0.6102 0.2368, 2.5632 0.6102 0.2958, 2.5487 0.6102 0.293, 2.5353 0.6102 0.2867, 2.5239 0.6102 0.2773, 2.5152 0.6102 0.2653, 2.5097 0.6102 0.2515, 2.7951 0.6102 0.4875, 2.7715 0.6102 0.4279, 2.7338 0.6102 0.376, 2.6843 0.6102 0.3351, 2.6263 0.6102 0.3078, 2.9882 0.8867 -0.0097, 2.9939 0.889 -0.0097, 3.0 0.8661 -0.0128, 2.9832 0.8829 -0.0097, 2.9795 0.878 -0.0097, 2.9771 0.8723 -0.0097, 2.9763 0.8661 -0.0097, 2.9771 0.86 -0.0097, 2.9795 0.8543 -0.0097, 2.9832 0.8494 -0.0097, 2.9882 0.8456 -0.0097, 2.9939 0.8433 -0.0097, 3.0 0.8425 -0.0097, 3.0061 0.8433 -0.0097, 3.0118 0.8456 -0.0097, 3.0168 0.8494 -0.0097, 3.0205 0.8543 -0.0097, 3.0229 0.86 -0.0097, 3.0237 0.8661 -0.0097, 3.0229 0.8723 -0.0097, 3.0205 0.878 -0.0097, 3.0168 0.8829 -0.0097, 3.0118 0.8867 -0.0097, 3.0061 0.889 -0.0097, 3.0 0.8898 -0.0097, 2.9771 0.9515 0.0551, 2.9558 0.9427 0.0551, 2.9375 0.9287 0.0551, 2.9234 0.9103 0.0551, 2.9146 0.889 0.0551, 2.9116 0.8661 0.0551, 2.9146 0.8433 0.0551, 2.9234 0.8219 0.0551, 2.9375 0.8036 0.0551, 2.9558 0.7896 0.0551, 2.9771 0.7807 0.0551, 3.0 0.7777 0.0551, 3.0229 0.7807 0.0551, 3.0442 0.7896 0.0551, 3.0625 0.8036 0.0551, 3.0766 0.8219 0.0551, 3.0854 0.8433 0.0551, 3.0884 0.8661 0.0551, 3.0854 0.889 0.0551, 3.0766 0.9103 0.0551, 3.0625 0.9287 0.0551, 3.0442 0.9427 0.0551, 3.0229 0.9515 0.0551, 3.0 0.9546 0.0551, 2.9795 0.9427 0.033, 2.9604 0.9348 0.033, 2.944 0.9222 0.033, 2.9314 0.9058 0.033, 2.9234 0.8867 0.033, 2.9207 0.8661 0.033, 2.9234 0.8456 0.033, 2.9314 0.8265 0.033, 2.944 0.8101 0.033, 2.9604 0.7975 0.033, 2.9795 0.7896 0.033, 3.0 0.7869 0.033, 3.0205 0.7896 0.033, 3.0396 0.7975 0.033, 3.056 0.8101 0.033, 3.0686 0.8265 0.033, 3.0766 0.8456 0.033, 3.0793 0.8661 0.033, 3.0766 0.8867 0.033, 3.0686 0.9058 0.033, 3.056 0.9222 0.033, 3.0396 0.9348 0.033, 3.0205 0.9427 0.033, 3.0 0.9454 0.033, 2.9832 0.9287 0.014, 2.9676 0.9222 0.014, 2.9542 0.9119 0.014, 2.944 0.8985 0.014, 2.9375 0.8829 0.014, 2.9353 0.8661 0.014, 2.9375 0.8494 0.014, 2.944 0.8338 0.014, 2.9542 0.8204 0.014, 2.9676 0.8101 0.014, 2.9832 0.8036 0.014, 3.0 0.8014 0.014, 3.0168 0.8036 0.014, 3.0324 0.8101 0.014, 3.0458 0.8204 0.014, 3.056 0.8338 0.014, 3.0625 0.8494 0.014, 3.0647 0.8661 0.014, 3.0625 0.8829 0.014, 3.056 0.8985 0.014, 3.0458 0.9119 0.014, 3.0324 0.9222 0.014, 3.0168 0.9287 0.014, 3.0 0.9309 0.014, 2.9882 0.9103 -0.0005, 2.9771 0.9058 -0.0005, 2.9676 0.8985 -0.0005, 2.9604 0.889 -0.0005, 2.9558 0.878 -0.0005, 2.9542 0.8661 -0.0005, 2.9558 0.8543 -0.0005, 2.9604 0.8433 -0.0005, 2.9676 0.8338 -0.0005, 2.9771 0.8265 -0.0005, 2.9882 0.8219 -0.0005, 3.0 0.8204 -0.0005, 3.0118 0.8219 -0.0005, 3.0229 0.8265 -0.0005, 3.0324 0.8338 -0.0005, 3.0396 0.8433 -0.0005, 3.0442 0.8543 -0.0005, 3.0458 0.8661 -0.0005, 3.0442 0.878 -0.0005, 3.0396 0.889 -0.0005, 3.0324 0.8985 -0.0005, 3.0229 0.9058 -0.0005, 3.0118 0.9103 -0.0005, 3.0 0.9119 -0.0005, 5.1968 -0.1969 0.9843, 5.1968 -1.5945 0.9843, 4.8031 -0.1969 0.9843, 4.8031 -1.5945 0.9843, 5.4921 -1.5945 0.2368, 5.4921 -1.5945 0.0787, 5.8031 -1.5945 0.0787, 5.4513 -1.5945 0.293, 5.4647 -1.5945 0.2867, 5.8031 -1.5945 1.1811, 4.5487 -1.5945 0.293, 4.1969 -1.5945 1.1811, 4.5353 -1.5945 0.2867, 4.5239 -1.5945 0.2773, 4.5079 -1.5945 0.0787, 4.5079 -1.5945 0.2368, 4.1969 -1.5945 0.0787, 4.5097 -1.5945 0.2515, 4.5152 -1.5945 0.2653, 4.7951 -1.5945 0.4875, 4.8031 -1.5945 0.5512, 5.4761 -1.5945 0.2773, 5.4848 -1.5945 0.2653, 5.4903 -1.5945 0.2515, 5.1968 -1.5945 0.5512, 5.2049 -1.5945 0.4875, 4.5632 -1.5945 0.2958, 4.6263 -1.5945 0.3078, 4.6843 -1.5945 0.3351, 4.7338 -1.5945 0.376, 4.7715 -1.5945 0.4279, 5.2285 -1.5945 0.4279, 5.2662 -1.5945 0.376, 5.3157 -1.5945 0.3351, 5.3737 -1.5945 0.3078, 5.4368 -1.5945 0.2958, 6.0 1.1272 4.7244, 6.0 1.3424 4.7244, 5.2953 1.1272 4.7244, 5.2953 1.3424 4.7244, 4.7047 1.3424 4.7244, 4.7047 1.1272 4.7244, 5.185 1.6732 4.252, 6.0 1.6732 4.252, 5.1575 1.6732 4.1339, 6.0 1.6732 3.5433, 4.8425 1.6732 4.1339, 4.815 1.6732 4.252, 4.7873 1.0977 4.3706, 4.8425 1.089 4.1339, 5.1575 1.089 4.1339, 6.0 1.0879 4.0157, 5.2127 1.0977 4.3706, 6.0 1.0977 4.3706, 5.4061 0.6746 0.3937, 5.5145 0.596 0.3937, 6.0 1.0879 0.3937, 5.6081 0.5002 0.3937, 5.684 0.39 0.3937, 6.0 0.2165 0.3937, 5.7402 0.2684 0.3937, 5.8143 0.2165 0.3937, 5.2859 0.7337 0.3937, 5.1575 1.0879 0.3937, 5.1575 0.7715 0.3937, 5.7489 0.2513 0.3937, 5.7615 0.2368 0.3937, 5.7952 0.2189 0.3937, 5.7773 0.2258 0.3937, 4.2598 0.2684 0.3937, 4.316 0.39 0.3937, 4.3919 0.5002 0.3937, 4.4855 0.596 0.3937, 4.5939 0.6746 0.3937, 4.8425 1.0879 0.3937, 4.7141 0.7337 0.3937, 4.8425 0.7715 0.3937, 4.1857 0.2165 0.3937, 4.2048 0.2189 0.3937, 4.2227 0.2258 0.3937, 4.2385 0.2368 0.3937, 4.2511 0.2513 0.3937, 4.1857 0.2165 1.1024, 4.5581 0.2165 1.1024, 4.5581 0.2165 1.1811, 5.4419 0.2165 1.1024, 5.4419 0.2165 1.1811, 5.8143 0.2165 1.1024, 6.0 0.2165 1.1811, 4.7047 -1.2672 1.1811, 4.7047 -1.2672 0.3937, 4.5306 -1.2168 0.3937, 4.9043 -1.2959 1.1811, 4.7147 -1.2693 1.1811, 4.7675 -1.2795 4.6693, 4.9045 -1.2936 4.6693, 4.9509 -1.2983 4.6693, 5.0957 -1.2959 1.1811, 5.0957 -1.2938 4.6693, 5.1351 -1.2926 4.6693, 5.2853 -1.2693 1.1811, 5.4694 -1.2168 0.3937, 5.2953 -1.2672 0.3937, 5.2953 -1.2672 1.1811, 4.1929 -1.0381 0.3937, 4.1929 -1.0381 4.6693, 4.2551 -1.0805 4.6693, 4.3555 -1.1392 0.3937, 4.3569 -1.1367 4.6693, 4.4165 -1.1696 4.6693, 4.5315 -1.2142 4.6693, 4.5883 -1.2363 4.6693, 4.7153 -1.2669 4.6693, 5.285 -1.2676 4.6693, 5.3169 -1.2623 4.6693, 5.469 -1.2154 4.6693, 5.4931 -1.208 4.6693, 5.6445 -1.1392 0.3937, 5.644 -1.1382 4.6693, 5.8071 -1.0381 0.3937, 5.6604 -1.1306 4.6693, 5.8071 -1.0381 4.6693, 4.7047 -0.8218 0.3937, 4.1388 -0.2559 0.3937, 4.6942 -0.7825 0.3937, 4.6817 -0.7661 0.3937, 4.1945 -0.279 0.3937, 4.1825 -0.2692 0.3937, 4.1689 -0.2619 0.3937, 4.1542 -0.2574 0.3937, 4.702 -0.8014 0.3937, 6.0 -1.0381 0.3937, 6.0 -0.2559 0.3937, 5.8612 -0.2559 0.3937, 5.3085 -0.7781 0.3937, 5.3013 -0.7917 0.3937, 5.2953 -0.8218 0.3937, 5.2968 -0.8065 0.3937, 5.8408 -0.2586 0.3937, 5.8218 -0.2665 0.3937, 5.8055 -0.279 0.3937, 5.3183 -0.7661 0.3937, 5.4778 0.1178 1.1811, 5.4358 0.2287 1.7717, 5.4778 0.1178 1.7717, 5.4921 0.0 1.7717, 5.4921 0.0 1.1811, 5.4778 -0.1178 1.7717, 5.4778 -0.1178 1.1811, 5.4358 -0.2287 1.7717, 5.4358 -0.2287 1.1811, 5.3684 -0.3263 1.7717, 5.3684 -0.3263 1.1811, 5.2796 -0.405 1.7717, 5.2796 -0.405 1.1811, 5.1745 -0.4601 1.7717, 5.1745 -0.4601 1.1811, 5.0593 -0.4885 1.7717, 5.0593 -0.4885 1.1811, 4.9407 -0.4885 1.7717, 4.9407 -0.4885 1.1811, 4.8255 -0.4601 1.7717, 4.8255 -0.4601 1.1811, 4.7204 -0.405 1.7717, 4.7204 -0.405 1.1811, 4.6316 -0.3263 1.7717, 4.6316 -0.3263 1.1811, 4.5642 -0.2287 1.7717, 4.5642 -0.2287 1.1811, 4.5222 -0.1178 1.7717, 4.5222 -0.1178 1.1811, 4.5079 0.0 1.7717, 4.5079 0.0 1.1811, 4.5222 0.1178 1.7717, 4.5222 0.1178 1.1811, 4.5642 0.2287 1.1024, 4.5642 0.2287 1.7717, 4.6316 0.3263 1.7717, 4.6316 0.3263 1.1024, 4.7204 0.405 1.7717, 4.7204 0.405 1.1024, 4.8255 0.4601 1.7717, 4.8255 0.4601 1.1024, 4.9407 0.4885 1.7717, 4.9407 0.4885 1.1024, 5.0593 0.4885 1.7717, 5.0593 0.4885 1.1024, 5.1745 0.4601 1.7717, 5.1745 0.4601 1.1024, 5.2796 0.405 1.7717, 5.2796 0.405 1.1024, 5.3684 0.3263 1.7717, 5.3684 0.3263 1.1024, 5.4358 0.2287 1.1024, 4.8425 1.0879 1.1024, 5.1575 1.0879 1.1024, 6.0 1.3583 0.0, 6.0 1.3583 3.5433, 6.0 -0.2559 1.1811, 6.0 -1.6732 0.0, 6.0 -1.0381 4.6693, 6.0 -1.1169 4.7244, 6.0 -1.6732 4.7244, 4.0 -1.0381 4.7244, 5.5213 -1.2815 4.7244, 5.335 -1.3389 4.7244, 5.8322 -1.1169 4.7244, 5.6982 -1.1998 4.7244, 5.1428 -1.3709 4.7244, 4.948 -1.377 4.7244, 4.7542 -1.3571 4.7244, 4.5648 -1.3114 4.7244, 4.0648 -1.0381 4.7244, 4.2125 -1.1467 4.7244, 4.3831 -1.2409 4.7244, 4.1969 -1.6732 0.0, 4.1969 -1.6732 1.2598, 5.8031 -1.6732 0.0, 5.8031 -1.6732 1.2598, 4.1969 1.122 0.0, 5.8031 1.122 0.0, 4.8031 -0.1969 1.7717, 4.8031 0.1969 1.7717, 5.1968 -0.1969 1.7717, 5.1968 0.1969 1.7717, 4.7047 -0.8218 1.1811, 5.2953 -0.8218 1.1811, 4.1388 -0.2559 1.1811, 4.1542 -0.2574 1.1811, 4.1689 -0.2619 1.1811, 4.1825 -0.2692 1.1811, 4.1945 -0.279 1.1811, 4.6817 -0.7661 1.1811, 4.6942 -0.7825 1.1811, 4.702 -0.8014 1.1811, 5.2968 -0.8065 1.1811, 5.3013 -0.7917 1.1811, 5.3085 -0.7781 1.1811, 5.3183 -0.7661 1.1811, 5.8055 -0.279 1.1811, 5.8218 -0.2665 1.1811, 5.8408 -0.2586 1.1811, 5.8612 -0.2559 1.1811, 5.7952 0.2189 1.1024, 5.7773 0.2258 1.1024, 5.7615 0.2368 1.1024, 5.7489 0.2513 1.1024, 5.7402 0.2684 1.1024, 5.684 0.39 1.1024, 5.6081 0.5002 1.1024, 5.5145 0.596 1.1024, 5.4061 0.6746 1.1024, 5.2859 0.7337 1.1024, 5.1575 0.7715 1.1024, 4.8425 0.7715 1.1024, 4.7141 0.7337 1.1024, 4.5939 0.6746 1.1024, 4.4855 0.596 1.1024, 4.3919 0.5002 1.1024, 4.316 0.39 1.1024, 4.2598 0.2684 1.1024, 4.2511 0.2513 1.1024, 4.2385 0.2368 1.1024, 4.2227 0.2258 1.1024, 4.2048 0.2189 1.1024, 4.1969 1.122 0.0787, 5.8031 1.122 0.0787, 5.4921 0.6102 0.0787, 4.5079 0.6102 0.0787, 4.9085 0.8661 0.0787, 5.0458 0.7869 0.0787, 5.0647 0.8014 0.0787, 4.9116 0.8425 0.0787, 4.9207 0.8204 0.0787, 4.9353 0.8014 0.0787, 4.9542 0.9454 0.0787, 4.9353 0.9309 0.0787, 5.0 0.7746 0.0787, 5.0237 0.7777 0.0787, 4.9207 0.9119 0.0787, 4.9116 0.8898 0.0787, 4.9542 0.7869 0.0787, 4.9763 0.7777 0.0787, 5.0793 0.8204 0.0787, 5.0884 0.8425 0.0787, 5.0915 0.8661 0.0787, 5.0884 0.8898 0.0787, 5.0793 0.9119 0.0787, 5.0647 0.9309 0.0787, 5.0458 0.9454 0.0787, 5.0237 0.9546 0.0787, 5.0 0.9577 0.0787, 4.9763 0.9546 0.0787, 4.8031 0.6102 0.5512, 4.8031 0.1969 0.9843, 4.8031 0.6102 0.9843, 5.1968 0.1969 0.9843, 5.1968 0.6102 0.9843, 5.1968 0.6102 0.5512, 5.4368 0.6102 0.2958, 5.3737 0.6102 0.3078, 5.3157 0.6102 0.3351, 5.2662 0.6102 0.376, 5.2285 0.6102 0.4279, 5.2049 0.6102 0.4875, 5.4921 0.6102 0.2368, 5.4903 0.6102 0.2515, 5.4848 0.6102 0.2653, 5.4761 0.6102 0.2773, 5.4647 0.6102 0.2867, 5.4513 0.6102 0.293, 4.5079 0.6102 0.2368, 4.5632 0.6102 0.2958, 4.5487 0.6102 0.293, 4.5353 0.6102 0.2867, 4.5239 0.6102 0.2773, 4.5152 0.6102 0.2653, 4.5097 0.6102 0.2515, 4.7951 0.6102 0.4875, 4.7715 0.6102 0.4279, 4.7338 0.6102 0.376, 4.6843 0.6102 0.3351, 4.6263 0.6102 0.3078, 4.9882 0.8867 -0.0097, 4.9939 0.889 -0.0097, 5.0 0.8661 -0.0128, 4.9832 0.8829 -0.0097, 4.9795 0.878 -0.0097, 4.9771 0.8723 -0.0097, 4.9763 0.8661 -0.0097, 4.9771 0.86 -0.0097, 4.9795 0.8543 -0.0097, 4.9832 0.8494 -0.0097, 4.9882 0.8456 -0.0097, 4.9939 0.8433 -0.0097, 5.0 0.8425 -0.0097, 5.0061 0.8433 -0.0097, 5.0118 0.8456 -0.0097, 5.0168 0.8494 -0.0097, 5.0205 0.8543 -0.0097, 5.0229 0.86 -0.0097, 5.0237 0.8661 -0.0097, 5.0229 0.8723 -0.0097, 5.0205 0.878 -0.0097, 5.0168 0.8829 -0.0097, 5.0118 0.8867 -0.0097, 5.0061 0.889 -0.0097, 5.0 0.8898 -0.0097, 4.9771 0.9515 0.0551, 4.9558 0.9427 0.0551, 4.9375 0.9287 0.0551, 4.9234 0.9103 0.0551, 4.9146 0.889 0.0551, 4.9116 0.8661 0.0551, 4.9146 0.8433 0.0551, 4.9234 0.8219 0.0551, 4.9375 0.8036 0.0551, 4.9558 0.7896 0.0551, 4.9771 0.7807 0.0551, 5.0 0.7777 0.0551, 5.0229 0.7807 0.0551, 5.0442 0.7896 0.0551, 5.0625 0.8036 0.0551, 5.0766 0.8219 0.0551, 5.0854 0.8433 0.0551, 5.0884 0.8661 0.0551, 5.0854 0.889 0.0551, 5.0766 0.9103 0.0551, 5.0625 0.9287 0.0551, 5.0442 0.9427 0.0551, 5.0229 0.9515 0.0551, 5.0 0.9546 0.0551, 4.9795 0.9427 0.033, 4.9604 0.9348 0.033, 4.944 0.9222 0.033, 4.9314 0.9058 0.033, 4.9234 0.8867 0.033, 4.9207 0.8661 0.033, 4.9234 0.8456 0.033, 4.9314 0.8265 0.033, 4.944 0.8101 0.033, 4.9604 0.7975 0.033, 4.9795 0.7896 0.033, 5.0 0.7869 0.033, 5.0205 0.7896 0.033, 5.0396 0.7975 0.033, 5.056 0.8101 0.033, 5.0686 0.8265 0.033, 5.0766 0.8456 0.033, 5.0793 0.8661 0.033, 5.0766 0.8867 0.033, 5.0686 0.9058 0.033, 5.056 0.9222 0.033, 5.0396 0.9348 0.033, 5.0205 0.9427 0.033, 5.0 0.9454 0.033, 4.9832 0.9287 0.014, 4.9676 0.9222 0.014, 4.9542 0.9119 0.014, 4.944 0.8985 0.014, 4.9375 0.8829 0.014, 4.9353 0.8661 0.014, 4.9375 0.8494 0.014, 4.944 0.8338 0.014, 4.9542 0.8204 0.014, 4.9676 0.8101 0.014, 4.9832 0.8036 0.014, 5.0 0.8014 0.014, 5.0168 0.8036 0.014, 5.0324 0.8101 0.014, 5.0458 0.8204 0.014, 5.056 0.8338 0.014, 5.0625 0.8494 0.014, 5.0647 0.8661 0.014, 5.0625 0.8829 0.014, 5.056 0.8985 0.014, 5.0458 0.9119 0.014, 5.0324 0.9222 0.014, 5.0168 0.9287 0.014, 5.0 0.9309 0.014, 4.9882 0.9103 -0.0005, 4.9771 0.9058 -0.0005, 4.9676 0.8985 -0.0005, 4.9604 0.889 -0.0005, 4.9558 0.878 -0.0005, 4.9542 0.8661 -0.0005, 4.9558 0.8543 -0.0005, 4.9604 0.8433 -0.0005, 4.9676 0.8338 -0.0005, 4.9771 0.8265 -0.0005, 4.9882 0.8219 -0.0005, 5.0 0.8204 -0.0005, 5.0118 0.8219 -0.0005, 5.0229 0.8265 -0.0005, 5.0324 0.8338 -0.0005, 5.0396 0.8433 -0.0005, 5.0442 0.8543 -0.0005, 5.0458 0.8661 -0.0005, 5.0442 0.878 -0.0005, 5.0396 0.889 -0.0005, 5.0324 0.8985 -0.0005, 5.0229 0.9058 -0.0005, 5.0118 0.9103 -0.0005, 5.0 0.9119 -0.0005
            ]
        }
        coordIndex [
            0,1,2,-1,2,1,3,-1,4,5,6,-1,7,8,9,-1,9,8,10,-1,9,10,11,-1,11,10,12,-1,7,13,8,-1,8,13,14,-1,8,14,15,-1,16,17,18,-1,19,20,8,-1,8,20,3,-1,8,3,18,-1,17,21,18,-1,18,21,22,-1,18,22,6,-1,6,22,23,-1,6,23,4,-1,15,24,8,-1,8,24,25,-1,8,25,26,-1,26,27,8,-1,8,27,28,-1,8,28,19,-1,29,30,18,-1,18,30,31,-1,18,31,16,-1,3,1,18,-1,18,1,32,-1,18,32,33,-1,33,34,18,-1,18,34,35,-1,18,35,29,-1,36,37,38,-1,38,37,39,-1,40,41,42,-1,42,41,43,-1,44,45,46,-1,46,45,47,-1,46,47,48,-1,48,47,49,-1,48,49,50,-1,50,49,51,-1,39,37,44,-1,44,37,45,-1,50,51,42,-1,42,51,40,-1,41,52,43,-1,43,52,53,-1,53,52,54,-1,54,52,55,-1,54,55,56,-1,56,55,57,-1,56,57,58,-1,57,59,58,-1,58,59,36,-1,58,36,38,-1,60,61,62,-1,61,63,62,-1,62,63,64,-1,62,64,65,-1,65,64,66,-1,65,66,67,-1,68,69,70,-1,60,62,71,-1,71,62,72,-1,71,72,73,-1,68,70,66,-1,66,70,74,-1,66,74,67,-1,75,76,77,-1,75,77,78,-1,76,79,77,-1,77,79,80,-1,77,80,81,-1,81,80,82,-1,81,82,83,-1,84,85,86,-1,86,85,87,-1,77,88,78,-1,78,88,87,-1,78,87,89,-1,89,87,85,-1,87,88,90,-1,90,88,91,-1,90,91,92,-1,92,91,93,-1,94,95,96,-1,96,95,97,-1,96,97,67,-1,67,97,65,-1,98,99,100,-1,101,102,103,-1,103,104,101,-1,101,104,105,-1,101,105,106,-1,105,107,106,-1,106,107,108,-1,106,108,109,-1,110,111,112,-1,113,114,115,-1,113,115,116,-1,115,117,116,-1,116,117,118,-1,116,118,100,-1,100,118,119,-1,100,119,98,-1,98,119,120,-1,98,120,102,-1,102,120,121,-1,102,121,103,-1,108,122,109,-1,109,122,123,-1,109,123,112,-1,112,123,124,-1,112,124,110,-1,110,124,125,-1,110,125,126,-1,126,125,127,-1,126,127,128,-1,128,127,129,-1,128,129,130,-1,131,132,133,-1,131,133,134,-1,100,99,135,-1,100,135,116,-1,116,135,136,-1,116,136,137,-1,137,138,116,-1,116,138,139,-1,116,139,113,-1,113,139,140,-1,113,140,133,-1,133,140,141,-1,133,141,134,-1,142,143,144,-1,145,111,110,-1,128,146,147,-1,110,126,145,-1,145,126,128,-1,145,128,148,-1,148,128,147,-1,144,149,142,-1,142,149,150,-1,142,150,128,-1,128,150,151,-1,128,151,146,-1,152,95,153,-1,153,154,152,-1,152,154,155,-1,152,155,156,-1,156,155,157,-1,156,157,158,-1,158,157,159,-1,158,159,160,-1,160,159,161,-1,160,161,162,-1,162,161,163,-1,162,163,164,-1,164,163,165,-1,164,165,166,-1,166,165,167,-1,166,167,168,-1,168,167,169,-1,168,169,170,-1,170,169,171,-1,170,171,172,-1,172,171,173,-1,172,173,174,-1,174,173,175,-1,174,175,176,-1,176,175,177,-1,176,177,178,-1,178,177,179,-1,178,179,180,-1,180,179,181,-1,180,181,182,-1,182,181,183,-1,182,183,184,-1,185,92,93,-1,184,183,93,-1,93,183,186,-1,93,186,185,-1,185,186,187,-1,185,187,188,-1,188,187,189,-1,188,189,190,-1,190,189,191,-1,190,191,192,-1,192,191,193,-1,192,193,194,-1,194,193,195,-1,194,195,196,-1,196,195,197,-1,196,197,198,-1,198,197,199,-1,198,199,200,-1,200,199,201,-1,200,201,202,-1,202,201,153,-1,202,153,203,-1,203,153,95,-1,203,95,94,-1,77,81,204,-1,72,62,205,-1,205,62,57,-1,205,57,204,-1,204,57,55,-1,204,55,77,-1,206,207,57,-1,45,37,36,-1,207,47,57,-1,57,47,45,-1,57,45,59,-1,59,45,36,-1,97,208,65,-1,65,208,143,-1,57,62,206,-1,206,62,65,-1,206,65,209,-1,209,65,143,-1,209,143,142,-1,142,210,209,-1,209,210,211,-1,209,211,212,-1,213,214,215,-1,41,40,52,-1,52,40,51,-1,52,51,55,-1,215,133,213,-1,213,133,132,-1,213,132,216,-1,51,49,55,-1,55,49,217,-1,55,217,77,-1,77,217,216,-1,77,216,88,-1,88,216,132,-1,88,132,91,-1,91,132,218,-1,212,211,219,-1,219,220,212,-1,212,220,221,-1,212,221,222,-1,222,223,212,-1,212,223,224,-1,212,224,214,-1,214,224,225,-1,214,225,226,-1,227,215,228,-1,228,215,214,-1,228,214,229,-1,229,214,226,-1,213,230,231,-1,232,209,233,-1,233,209,212,-1,233,212,231,-1,231,212,214,-1,231,214,213,-1,230,213,234,-1,234,213,216,-1,234,216,235,-1,235,216,206,-1,235,206,232,-1,232,206,209,-1,49,47,217,-1,217,47,207,-1,217,207,216,-1,216,207,206,-1,210,142,130,-1,130,142,128,-1,114,113,227,-1,227,113,133,-1,227,133,215,-1,177,175,236,-1,236,175,173,-1,153,201,237,-1,237,201,199,-1,173,171,236,-1,236,171,169,-1,236,169,238,-1,238,169,167,-1,238,167,165,-1,186,183,239,-1,239,183,181,-1,239,181,236,-1,236,181,179,-1,236,179,177,-1,191,189,239,-1,239,189,187,-1,239,187,186,-1,165,163,238,-1,238,163,161,-1,238,161,159,-1,159,157,238,-1,238,157,155,-1,238,155,237,-1,237,155,154,-1,237,154,153,-1,199,197,237,-1,237,197,195,-1,237,195,239,-1,239,195,193,-1,239,193,191,-1,98,240,99,-1,99,240,135,-1,111,145,112,-1,112,145,241,-1,242,218,131,-1,131,218,132,-1,242,131,243,-1,243,131,134,-1,243,134,244,-1,244,134,141,-1,244,141,245,-1,245,141,140,-1,246,245,139,-1,139,245,140,-1,246,139,247,-1,247,139,138,-1,247,138,248,-1,248,138,137,-1,248,137,249,-1,249,137,136,-1,249,136,240,-1,240,136,135,-1,241,145,250,-1,250,145,148,-1,250,148,251,-1,251,148,147,-1,251,147,252,-1,252,147,146,-1,253,252,151,-1,151,252,146,-1,253,151,254,-1,254,151,150,-1,254,150,255,-1,255,150,149,-1,255,149,256,-1,256,149,144,-1,208,256,143,-1,143,256,144,-1,246,247,250,-1,240,98,102,-1,182,184,243,-1,243,184,93,-1,243,93,242,-1,242,93,91,-1,242,91,218,-1,101,106,241,-1,241,106,109,-1,241,109,112,-1,152,254,95,-1,95,254,255,-1,95,255,97,-1,97,255,256,-1,97,256,208,-1,168,170,251,-1,251,170,172,-1,174,176,244,-1,244,176,178,-1,244,178,243,-1,243,178,180,-1,243,180,182,-1,152,156,254,-1,254,156,158,-1,254,158,253,-1,102,101,240,-1,240,101,241,-1,240,241,249,-1,249,241,250,-1,249,250,248,-1,248,250,247,-1,172,174,251,-1,251,174,244,-1,251,244,250,-1,250,244,245,-1,250,245,246,-1,158,160,253,-1,253,160,162,-1,253,162,252,-1,252,162,164,-1,252,164,251,-1,251,164,166,-1,251,166,168,-1,96,67,257,-1,257,67,74,-1,257,74,258,-1,258,74,70,-1,258,70,259,-1,259,70,69,-1,259,69,260,-1,260,69,68,-1,260,68,261,-1,261,68,66,-1,261,66,64,-1,261,64,262,-1,262,64,63,-1,262,63,263,-1,263,63,61,-1,263,61,264,-1,264,61,60,-1,264,60,265,-1,265,60,71,-1,265,71,266,-1,266,71,73,-1,266,73,267,-1,205,267,72,-1,72,267,73,-1,268,204,83,-1,83,204,81,-1,268,83,82,-1,268,82,269,-1,269,82,80,-1,269,80,270,-1,270,80,79,-1,270,79,271,-1,271,79,76,-1,271,76,272,-1,272,76,75,-1,272,75,273,-1,273,75,78,-1,273,78,274,-1,274,78,275,-1,275,78,89,-1,275,89,276,-1,276,89,85,-1,276,85,277,-1,277,85,84,-1,277,84,278,-1,278,84,86,-1,278,86,90,-1,90,86,87,-1,278,90,92,-1,96,257,94,-1,94,257,258,-1,94,258,259,-1,267,190,192,-1,275,276,92,-1,92,276,277,-1,92,277,278,-1,192,194,267,-1,267,194,196,-1,267,196,266,-1,266,196,198,-1,266,198,265,-1,265,198,200,-1,265,200,264,-1,264,200,202,-1,259,260,94,-1,94,260,261,-1,94,261,203,-1,203,261,262,-1,203,262,202,-1,202,262,263,-1,202,263,264,-1,269,190,268,-1,268,190,267,-1,268,267,204,-1,204,267,205,-1,269,270,190,-1,190,270,271,-1,190,271,188,-1,188,271,272,-1,188,272,185,-1,185,272,273,-1,185,273,92,-1,92,273,274,-1,92,274,275,-1,38,39,58,-1,58,39,44,-1,58,44,56,-1,56,44,46,-1,54,56,48,-1,48,56,46,-1,54,48,53,-1,53,48,50,-1,53,50,43,-1,43,50,42,-1,8,231,10,-1,10,231,230,-1,10,230,279,-1,279,230,234,-1,280,235,6,-1,6,235,232,-1,6,232,18,-1,18,232,233,-1,280,279,235,-1,235,279,234,-1,6,5,280,-1,280,5,281,-1,12,10,282,-1,282,10,279,-1,283,284,282,-1,283,282,285,-1,281,286,287,-1,288,289,279,-1,279,289,290,-1,291,292,280,-1,280,292,293,-1,280,293,294,-1,290,295,279,-1,279,295,296,-1,279,296,282,-1,282,296,297,-1,282,297,285,-1,284,298,282,-1,282,298,299,-1,282,299,281,-1,281,299,300,-1,281,300,286,-1,287,301,281,-1,281,301,302,-1,281,302,280,-1,280,302,303,-1,280,303,291,-1,294,304,280,-1,280,304,305,-1,280,305,279,-1,279,305,306,-1,279,306,288,-1,231,8,233,-1,233,8,18,-1,20,307,308,-1,308,307,309,-1,3,20,2,-1,2,20,308,-1,2,308,236,-1,236,308,239,-1,308,309,310,-1,310,309,311,-1,32,1,312,-1,312,1,0,-1,311,312,310,-1,310,312,0,-1,310,0,237,-1,237,0,238,-1,313,31,30,-1,313,30,314,-1,314,30,29,-1,314,29,315,-1,315,29,35,-1,315,35,316,-1,316,35,34,-1,316,34,317,-1,317,34,33,-1,317,33,318,-1,318,33,32,-1,318,32,312,-1,319,4,320,-1,320,4,23,-1,320,23,321,-1,321,23,22,-1,321,22,322,-1,322,22,21,-1,322,21,323,-1,323,21,17,-1,323,17,324,-1,324,17,16,-1,324,16,313,-1,313,16,31,-1,319,281,4,-1,4,281,5,-1,282,325,12,-1,12,325,11,-1,326,24,327,-1,327,24,15,-1,327,15,328,-1,328,15,14,-1,328,14,329,-1,329,14,13,-1,329,13,330,-1,330,13,7,-1,330,7,331,-1,331,7,9,-1,331,9,325,-1,325,9,11,-1,307,20,19,-1,307,19,332,-1,332,19,28,-1,332,28,333,-1,333,28,27,-1,333,27,334,-1,334,27,26,-1,334,26,335,-1,335,26,25,-1,335,25,336,-1,336,25,24,-1,336,24,326,-1,281,334,335,-1,311,309,312,-1,312,309,307,-1,312,307,318,-1,318,307,332,-1,315,316,332,-1,332,316,317,-1,332,317,318,-1,281,335,282,-1,319,313,281,-1,281,313,314,-1,281,314,334,-1,334,314,315,-1,334,315,333,-1,333,315,332,-1,328,329,325,-1,325,329,330,-1,325,330,331,-1,319,320,313,-1,313,320,321,-1,313,321,324,-1,324,321,322,-1,324,322,323,-1,335,336,282,-1,282,336,326,-1,282,326,325,-1,325,326,327,-1,325,327,328,-1,0,2,238,-1,238,2,236,-1,308,310,239,-1,239,310,237,-1,337,338,339,-1,337,339,340,-1,341,340,339,-1,342,341,339,-1,343,342,339,-1,344,343,339,-1,345,344,339,-1,346,345,339,-1,347,346,339,-1,348,347,339,-1,349,348,339,-1,350,349,339,-1,351,350,339,-1,352,351,339,-1,353,352,339,-1,354,353,339,-1,355,354,339,-1,356,355,339,-1,357,356,339,-1,358,357,339,-1,359,358,339,-1,360,359,339,-1,361,360,339,-1,338,361,339,-1,305,362,306,-1,306,362,363,-1,306,363,288,-1,288,363,364,-1,288,364,289,-1,289,364,365,-1,289,365,290,-1,290,365,366,-1,290,366,295,-1,295,366,367,-1,295,367,296,-1,296,367,368,-1,296,368,297,-1,297,368,369,-1,297,369,285,-1,285,369,370,-1,285,370,283,-1,283,370,371,-1,283,371,284,-1,284,371,372,-1,284,372,298,-1,298,372,373,-1,298,373,299,-1,299,373,374,-1,299,374,300,-1,300,374,375,-1,300,375,286,-1,286,375,376,-1,286,376,287,-1,287,376,377,-1,287,377,301,-1,301,377,378,-1,301,378,302,-1,302,378,379,-1,302,379,303,-1,303,379,380,-1,303,380,291,-1,291,380,381,-1,291,381,292,-1,292,381,382,-1,292,382,293,-1,293,382,383,-1,293,383,294,-1,294,383,384,-1,294,384,304,-1,304,384,385,-1,304,385,305,-1,305,385,362,-1,385,386,362,-1,362,386,387,-1,362,387,363,-1,363,387,388,-1,363,388,364,-1,364,388,389,-1,364,389,365,-1,365,389,390,-1,365,390,366,-1,366,390,391,-1,366,391,367,-1,367,391,392,-1,367,392,368,-1,368,392,393,-1,368,393,369,-1,369,393,394,-1,369,394,370,-1,370,394,395,-1,370,395,371,-1,371,395,396,-1,371,396,372,-1,372,396,397,-1,372,397,373,-1,373,397,398,-1,373,398,374,-1,374,398,399,-1,374,399,375,-1,375,399,400,-1,375,400,376,-1,376,400,401,-1,376,401,377,-1,377,401,402,-1,377,402,378,-1,378,402,403,-1,378,403,379,-1,379,403,404,-1,379,404,380,-1,380,404,405,-1,380,405,381,-1,381,405,406,-1,381,406,382,-1,382,406,407,-1,382,407,383,-1,383,407,408,-1,383,408,384,-1,384,408,409,-1,384,409,385,-1,385,409,386,-1,409,410,386,-1,386,410,411,-1,386,411,387,-1,387,411,412,-1,387,412,388,-1,388,412,413,-1,388,413,389,-1,389,413,414,-1,389,414,390,-1,390,414,415,-1,390,415,391,-1,391,415,416,-1,391,416,392,-1,392,416,417,-1,392,417,393,-1,393,417,418,-1,393,418,394,-1,394,418,419,-1,394,419,395,-1,395,419,420,-1,395,420,396,-1,396,420,421,-1,396,421,397,-1,397,421,422,-1,397,422,398,-1,398,422,423,-1,398,423,399,-1,399,423,424,-1,399,424,400,-1,400,424,425,-1,400,425,401,-1,401,425,426,-1,401,426,402,-1,402,426,427,-1,402,427,403,-1,403,427,428,-1,403,428,404,-1,404,428,429,-1,404,429,405,-1,405,429,430,-1,405,430,406,-1,406,430,431,-1,406,431,407,-1,407,431,432,-1,407,432,408,-1,408,432,433,-1,408,433,409,-1,409,433,410,-1,433,434,410,-1,410,434,435,-1,410,435,411,-1,411,435,436,-1,411,436,412,-1,412,436,437,-1,412,437,413,-1,413,437,438,-1,413,438,414,-1,414,438,439,-1,414,439,415,-1,415,439,440,-1,415,440,416,-1,416,440,441,-1,416,441,417,-1,417,441,442,-1,417,442,418,-1,418,442,443,-1,418,443,419,-1,419,443,444,-1,419,444,420,-1,420,444,445,-1,420,445,421,-1,421,445,446,-1,421,446,422,-1,422,446,447,-1,422,447,423,-1,423,447,448,-1,423,448,424,-1,424,448,449,-1,424,449,425,-1,425,449,450,-1,425,450,426,-1,426,450,451,-1,426,451,427,-1,427,451,452,-1,427,452,428,-1,428,452,453,-1,428,453,429,-1,429,453,454,-1,429,454,430,-1,430,454,455,-1,430,455,431,-1,431,455,456,-1,431,456,432,-1,432,456,457,-1,432,457,433,-1,433,457,434,-1,457,338,434,-1,434,338,337,-1,434,337,435,-1,435,337,340,-1,435,340,436,-1,436,340,341,-1,436,341,437,-1,437,341,342,-1,437,342,438,-1,438,342,343,-1,438,343,439,-1,439,343,344,-1,439,344,440,-1,440,344,345,-1,440,345,441,-1,441,345,346,-1,441,346,442,-1,442,346,347,-1,442,347,443,-1,443,347,348,-1,443,348,444,-1,444,348,349,-1,444,349,445,-1,445,349,350,-1,445,350,446,-1,446,350,351,-1,446,351,447,-1,447,351,352,-1,447,352,448,-1,448,352,353,-1,448,353,449,-1,449,353,354,-1,449,354,450,-1,450,354,355,-1,450,355,451,-1,451,355,356,-1,451,356,452,-1,452,356,357,-1,452,357,453,-1,453,357,358,-1,453,358,454,-1,454,358,359,-1,454,359,455,-1,455,359,360,-1,455,360,456,-1,456,360,361,-1,456,361,457,-1,457,361,338,-1,220,219,130,-1,130,129,220,-1,220,129,127,-1,220,127,221,-1,127,125,221,-1,221,125,124,-1,221,124,222,-1,124,123,222,-1,222,123,122,-1,222,122,223,-1,122,108,223,-1,223,108,107,-1,223,107,224,-1,107,105,224,-1,224,105,104,-1,224,104,225,-1,104,103,225,-1,225,103,121,-1,225,121,226,-1,121,120,226,-1,226,120,119,-1,226,119,229,-1,114,227,115,-1,115,227,228,-1,115,228,117,-1,117,228,229,-1,117,229,118,-1,118,229,119,-1,211,210,219,-1,219,210,130,-1,458,459,460,-1,460,459,461,-1,462,463,464,-1,465,461,466,-1,467,468,469,-1,469,468,470,-1,469,470,466,-1,466,470,471,-1,466,471,472,-1,473,474,475,-1,472,476,466,-1,466,476,477,-1,466,477,478,-1,473,475,479,-1,474,480,475,-1,475,480,481,-1,475,481,464,-1,464,481,482,-1,464,482,462,-1,466,461,475,-1,475,461,459,-1,475,459,483,-1,478,484,466,-1,466,484,485,-1,466,485,486,-1,483,487,475,-1,475,487,488,-1,475,488,489,-1,486,490,466,-1,466,490,491,-1,466,491,465,-1,489,492,475,-1,475,492,493,-1,475,493,479,-1,494,495,496,-1,496,495,497,-1,37,36,498,-1,498,36,499,-1,500,501,502,-1,502,501,503,-1,502,503,504,-1,504,503,47,-1,504,47,505,-1,505,47,45,-1,497,495,500,-1,500,495,501,-1,505,45,498,-1,498,45,37,-1,36,59,499,-1,499,59,506,-1,506,59,507,-1,507,59,57,-1,507,57,508,-1,508,57,509,-1,508,509,510,-1,509,511,510,-1,510,511,494,-1,510,494,496,-1,512,513,514,-1,512,514,515,-1,515,514,516,-1,515,516,517,-1,518,519,520,-1,517,521,515,-1,515,521,522,-1,515,522,523,-1,523,522,524,-1,523,524,525,-1,525,524,518,-1,525,518,526,-1,526,518,520,-1,527,528,62,-1,62,528,529,-1,62,529,530,-1,530,529,531,-1,530,531,532,-1,65,533,62,-1,62,533,534,-1,62,534,527,-1,535,536,537,-1,65,538,533,-1,533,538,535,-1,533,535,539,-1,539,535,537,-1,538,65,540,-1,540,65,97,-1,540,97,541,-1,541,97,542,-1,543,544,545,-1,545,544,546,-1,545,546,525,-1,525,546,523,-1,547,548,549,-1,550,551,552,-1,552,553,550,-1,550,553,554,-1,550,554,555,-1,554,556,555,-1,555,556,557,-1,555,557,558,-1,559,560,561,-1,562,563,564,-1,562,564,565,-1,564,566,565,-1,565,566,567,-1,565,567,549,-1,549,567,568,-1,549,568,547,-1,547,568,569,-1,547,569,551,-1,551,569,570,-1,551,570,552,-1,557,571,558,-1,558,571,572,-1,558,572,561,-1,561,572,573,-1,561,573,559,-1,559,573,574,-1,559,574,575,-1,575,574,576,-1,575,576,577,-1,577,576,578,-1,577,578,579,-1,580,143,142,-1,580,142,581,-1,582,565,583,-1,583,565,549,-1,583,549,548,-1,582,584,565,-1,565,584,585,-1,565,585,562,-1,562,585,586,-1,562,586,142,-1,142,586,587,-1,142,587,581,-1,588,589,590,-1,591,592,575,-1,575,592,593,-1,575,593,559,-1,559,593,560,-1,590,594,588,-1,588,594,595,-1,588,595,577,-1,577,595,596,-1,577,596,575,-1,575,596,597,-1,575,597,591,-1,598,544,599,-1,599,600,598,-1,598,600,601,-1,598,601,602,-1,602,601,603,-1,602,603,604,-1,604,603,605,-1,604,605,606,-1,606,605,607,-1,606,607,608,-1,608,607,609,-1,608,609,610,-1,610,609,611,-1,610,611,612,-1,612,611,613,-1,612,613,614,-1,614,613,615,-1,614,615,616,-1,616,615,617,-1,616,617,618,-1,618,617,619,-1,618,619,620,-1,620,619,621,-1,620,621,622,-1,622,621,623,-1,622,623,624,-1,624,623,625,-1,624,625,626,-1,626,625,627,-1,626,627,628,-1,628,627,629,-1,628,629,630,-1,631,541,542,-1,630,629,542,-1,542,629,632,-1,542,632,631,-1,631,632,633,-1,631,633,634,-1,634,633,635,-1,634,635,636,-1,636,635,637,-1,636,637,638,-1,638,637,639,-1,638,639,640,-1,640,639,641,-1,640,641,642,-1,642,641,643,-1,642,643,644,-1,644,643,645,-1,644,645,646,-1,646,645,647,-1,646,647,648,-1,648,647,599,-1,648,599,649,-1,649,599,544,-1,649,544,543,-1,62,530,650,-1,512,515,651,-1,651,515,509,-1,651,509,650,-1,650,509,57,-1,650,57,62,-1,652,653,509,-1,501,495,494,-1,653,503,509,-1,509,503,501,-1,509,501,511,-1,511,501,494,-1,546,654,523,-1,523,654,589,-1,509,515,652,-1,652,515,523,-1,652,523,655,-1,655,523,589,-1,655,589,588,-1,588,656,655,-1,655,656,657,-1,655,657,658,-1,209,212,659,-1,36,37,59,-1,59,37,45,-1,59,45,57,-1,659,142,209,-1,209,142,143,-1,209,143,206,-1,45,47,57,-1,57,47,207,-1,57,207,62,-1,62,207,206,-1,62,206,65,-1,65,206,143,-1,65,143,97,-1,97,143,208,-1,658,660,661,-1,657,662,658,-1,658,662,663,-1,658,663,660,-1,661,664,658,-1,658,664,665,-1,658,665,212,-1,212,665,666,-1,212,666,667,-1,668,659,669,-1,669,659,212,-1,669,212,670,-1,670,212,667,-1,209,671,672,-1,673,655,674,-1,674,655,658,-1,674,658,672,-1,672,658,212,-1,672,212,209,-1,671,209,675,-1,675,209,206,-1,675,206,676,-1,676,206,652,-1,676,652,673,-1,673,652,655,-1,47,503,207,-1,207,503,653,-1,207,653,206,-1,206,653,652,-1,656,588,579,-1,579,588,577,-1,563,562,668,-1,668,562,142,-1,668,142,659,-1,609,607,677,-1,678,621,619,-1,609,677,611,-1,627,625,678,-1,678,625,623,-1,678,623,621,-1,600,599,679,-1,679,599,647,-1,679,647,645,-1,627,678,629,-1,629,678,680,-1,629,680,632,-1,619,617,678,-1,678,617,615,-1,678,615,677,-1,677,615,613,-1,677,613,611,-1,645,643,679,-1,679,643,641,-1,679,641,680,-1,680,641,639,-1,680,639,637,-1,607,605,677,-1,677,605,603,-1,677,603,679,-1,679,603,601,-1,679,601,600,-1,637,635,680,-1,680,635,633,-1,680,633,632,-1,547,681,548,-1,548,681,583,-1,560,593,561,-1,561,593,682,-1,683,208,580,-1,580,208,143,-1,683,580,684,-1,684,580,581,-1,684,581,685,-1,685,581,587,-1,685,587,686,-1,686,587,586,-1,687,686,585,-1,585,686,586,-1,687,585,688,-1,688,585,584,-1,688,584,689,-1,689,584,582,-1,689,582,681,-1,681,582,583,-1,682,593,690,-1,690,593,592,-1,690,592,691,-1,691,592,591,-1,691,591,692,-1,692,591,597,-1,693,692,596,-1,596,692,597,-1,693,596,694,-1,694,596,595,-1,694,595,695,-1,695,595,594,-1,695,594,696,-1,696,594,590,-1,654,696,589,-1,589,696,590,-1,97,208,683,-1,97,683,542,-1,683,684,542,-1,542,684,685,-1,542,685,630,-1,630,685,628,-1,558,561,682,-1,610,612,688,-1,688,612,614,-1,686,624,685,-1,685,624,626,-1,685,626,628,-1,681,682,689,-1,689,682,690,-1,689,690,691,-1,598,602,694,-1,694,602,604,-1,694,604,693,-1,598,694,544,-1,544,694,695,-1,544,695,546,-1,546,695,696,-1,546,696,654,-1,604,606,693,-1,693,606,608,-1,693,608,692,-1,692,608,610,-1,692,610,691,-1,691,610,688,-1,691,688,689,-1,614,616,688,-1,688,616,618,-1,688,618,687,-1,687,618,620,-1,687,620,686,-1,686,620,622,-1,686,622,624,-1,547,551,681,-1,681,551,550,-1,681,550,682,-1,682,550,555,-1,682,555,558,-1,545,525,697,-1,697,525,526,-1,697,526,698,-1,698,526,520,-1,698,520,699,-1,699,520,519,-1,699,519,700,-1,700,519,518,-1,700,518,701,-1,701,518,524,-1,701,524,522,-1,701,522,702,-1,702,522,521,-1,702,521,703,-1,703,521,517,-1,703,517,704,-1,704,517,516,-1,704,516,705,-1,705,516,514,-1,705,514,706,-1,706,514,513,-1,706,513,707,-1,651,707,512,-1,512,707,513,-1,708,650,532,-1,532,650,530,-1,708,532,531,-1,708,531,709,-1,709,531,529,-1,709,529,710,-1,710,529,528,-1,710,528,711,-1,711,528,527,-1,711,527,712,-1,712,527,534,-1,712,534,713,-1,713,534,533,-1,713,533,714,-1,714,533,715,-1,715,533,539,-1,715,539,716,-1,716,539,537,-1,716,537,717,-1,717,537,536,-1,717,536,718,-1,718,536,535,-1,718,535,540,-1,540,535,538,-1,718,540,541,-1,545,697,543,-1,543,697,698,-1,543,698,699,-1,707,636,638,-1,715,716,541,-1,541,716,717,-1,541,717,718,-1,699,700,543,-1,543,700,701,-1,543,701,649,-1,649,701,702,-1,649,702,648,-1,709,636,708,-1,708,636,707,-1,708,707,650,-1,650,707,651,-1,709,710,636,-1,636,710,711,-1,636,711,634,-1,634,711,712,-1,634,712,631,-1,631,712,713,-1,631,713,541,-1,541,713,714,-1,541,714,715,-1,702,703,648,-1,648,703,704,-1,648,704,646,-1,646,704,705,-1,646,705,644,-1,644,705,706,-1,644,706,642,-1,642,706,707,-1,642,707,640,-1,640,707,638,-1,496,497,510,-1,510,497,500,-1,510,500,508,-1,508,500,502,-1,507,508,504,-1,504,508,502,-1,507,504,506,-1,506,504,505,-1,506,505,499,-1,499,505,498,-1,466,672,469,-1,469,672,671,-1,469,671,719,-1,719,671,675,-1,720,676,464,-1,464,676,673,-1,464,673,475,-1,475,673,674,-1,720,719,676,-1,676,719,675,-1,464,463,720,-1,720,463,721,-1,467,469,722,-1,722,469,719,-1,723,722,724,-1,724,722,719,-1,724,719,725,-1,726,727,719,-1,719,727,728,-1,719,728,725,-1,723,729,722,-1,722,729,730,-1,722,730,731,-1,721,732,720,-1,720,732,733,-1,720,733,734,-1,735,736,721,-1,721,736,737,-1,721,737,732,-1,734,738,720,-1,720,738,739,-1,720,739,740,-1,740,741,720,-1,720,741,742,-1,720,742,719,-1,719,742,743,-1,719,743,726,-1,731,744,722,-1,722,744,745,-1,722,745,721,-1,721,745,746,-1,721,746,735,-1,672,466,674,-1,674,466,475,-1,465,747,748,-1,748,747,749,-1,461,465,460,-1,460,465,748,-1,460,748,678,-1,678,748,680,-1,748,749,750,-1,750,749,751,-1,483,459,752,-1,752,459,458,-1,751,752,750,-1,750,752,458,-1,750,458,679,-1,679,458,677,-1,753,479,493,-1,753,493,754,-1,754,493,492,-1,754,492,755,-1,755,492,489,-1,755,489,756,-1,756,489,488,-1,756,488,757,-1,757,488,487,-1,757,487,758,-1,758,487,483,-1,758,483,752,-1,759,462,760,-1,760,462,482,-1,760,482,761,-1,761,482,481,-1,761,481,762,-1,762,481,480,-1,762,480,763,-1,763,480,474,-1,763,474,764,-1,764,474,473,-1,764,473,753,-1,753,473,479,-1,759,721,462,-1,462,721,463,-1,722,765,467,-1,467,765,468,-1,766,478,767,-1,767,478,477,-1,767,477,768,-1,768,477,476,-1,768,476,769,-1,769,476,472,-1,769,472,770,-1,770,472,471,-1,770,471,771,-1,771,471,470,-1,771,470,765,-1,765,470,468,-1,747,465,491,-1,747,491,772,-1,772,491,490,-1,772,490,773,-1,773,490,486,-1,773,486,774,-1,774,486,485,-1,774,485,775,-1,775,485,484,-1,775,484,776,-1,776,484,478,-1,776,478,766,-1,722,755,775,-1,755,722,754,-1,754,722,721,-1,754,721,753,-1,753,721,759,-1,753,759,764,-1,772,758,747,-1,747,758,752,-1,747,752,749,-1,749,752,751,-1,772,773,758,-1,758,773,774,-1,758,774,757,-1,757,774,775,-1,757,775,756,-1,756,775,755,-1,760,761,762,-1,760,762,759,-1,759,762,763,-1,759,763,764,-1,770,771,769,-1,769,771,765,-1,769,765,768,-1,775,776,722,-1,722,776,766,-1,722,766,765,-1,765,766,767,-1,765,767,768,-1,458,460,677,-1,677,460,678,-1,748,750,680,-1,680,750,679,-1,777,778,779,-1,777,779,780,-1,781,780,779,-1,782,781,779,-1,783,782,779,-1,784,783,779,-1,785,784,779,-1,786,785,779,-1,787,786,779,-1,788,787,779,-1,789,788,779,-1,790,789,779,-1,791,790,779,-1,792,791,779,-1,793,792,779,-1,794,793,779,-1,795,794,779,-1,796,795,779,-1,797,796,779,-1,798,797,779,-1,799,798,779,-1,800,799,779,-1,801,800,779,-1,778,801,779,-1,742,802,743,-1,743,802,803,-1,743,803,726,-1,726,803,804,-1,726,804,727,-1,727,804,805,-1,727,805,728,-1,728,805,806,-1,728,806,725,-1,725,806,807,-1,725,807,724,-1,724,807,808,-1,724,808,723,-1,723,808,809,-1,723,809,729,-1,729,809,810,-1,729,810,730,-1,730,810,811,-1,730,811,731,-1,731,811,812,-1,731,812,744,-1,744,812,813,-1,744,813,745,-1,745,813,814,-1,745,814,746,-1,746,814,815,-1,746,815,735,-1,735,815,816,-1,735,816,736,-1,736,816,817,-1,736,817,737,-1,737,817,818,-1,737,818,732,-1,732,818,819,-1,732,819,733,-1,733,819,820,-1,733,820,734,-1,734,820,821,-1,734,821,738,-1,738,821,822,-1,738,822,739,-1,739,822,823,-1,739,823,740,-1,740,823,824,-1,740,824,741,-1,741,824,825,-1,741,825,742,-1,742,825,802,-1,825,826,802,-1,802,826,827,-1,802,827,803,-1,803,827,828,-1,803,828,804,-1,804,828,829,-1,804,829,805,-1,805,829,830,-1,805,830,806,-1,806,830,831,-1,806,831,807,-1,807,831,832,-1,807,832,808,-1,808,832,833,-1,808,833,809,-1,809,833,834,-1,809,834,810,-1,810,834,835,-1,810,835,811,-1,811,835,836,-1,811,836,812,-1,812,836,837,-1,812,837,813,-1,813,837,838,-1,813,838,814,-1,814,838,839,-1,814,839,815,-1,815,839,840,-1,815,840,816,-1,816,840,841,-1,816,841,817,-1,817,841,842,-1,817,842,818,-1,818,842,843,-1,818,843,819,-1,819,843,844,-1,819,844,820,-1,820,844,845,-1,820,845,821,-1,821,845,846,-1,821,846,822,-1,822,846,847,-1,822,847,823,-1,823,847,848,-1,823,848,824,-1,824,848,849,-1,824,849,825,-1,825,849,826,-1,849,850,826,-1,826,850,851,-1,826,851,827,-1,827,851,852,-1,827,852,828,-1,828,852,853,-1,828,853,829,-1,829,853,854,-1,829,854,830,-1,830,854,855,-1,830,855,831,-1,831,855,856,-1,831,856,832,-1,832,856,857,-1,832,857,833,-1,833,857,858,-1,833,858,834,-1,834,858,859,-1,834,859,835,-1,835,859,860,-1,835,860,836,-1,836,860,861,-1,836,861,837,-1,837,861,862,-1,837,862,838,-1,838,862,863,-1,838,863,839,-1,839,863,864,-1,839,864,840,-1,840,864,865,-1,840,865,841,-1,841,865,866,-1,841,866,842,-1,842,866,867,-1,842,867,843,-1,843,867,868,-1,843,868,844,-1,844,868,869,-1,844,869,845,-1,845,869,870,-1,845,870,846,-1,846,870,871,-1,846,871,847,-1,847,871,872,-1,847,872,848,-1,848,872,873,-1,848,873,849,-1,849,873,850,-1,873,874,850,-1,850,874,875,-1,850,875,851,-1,851,875,876,-1,851,876,852,-1,852,876,877,-1,852,877,853,-1,853,877,878,-1,853,878,854,-1,854,878,879,-1,854,879,855,-1,855,879,880,-1,855,880,856,-1,856,880,881,-1,856,881,857,-1,857,881,882,-1,857,882,858,-1,858,882,883,-1,858,883,859,-1,859,883,884,-1,859,884,860,-1,860,884,885,-1,860,885,861,-1,861,885,886,-1,861,886,862,-1,862,886,887,-1,862,887,863,-1,863,887,888,-1,863,888,864,-1,864,888,889,-1,864,889,865,-1,865,889,890,-1,865,890,866,-1,866,890,891,-1,866,891,867,-1,867,891,892,-1,867,892,868,-1,868,892,893,-1,868,893,869,-1,869,893,894,-1,869,894,870,-1,870,894,895,-1,870,895,871,-1,871,895,896,-1,871,896,872,-1,872,896,897,-1,872,897,873,-1,873,897,874,-1,897,778,874,-1,874,778,777,-1,874,777,875,-1,875,777,780,-1,875,780,876,-1,876,780,781,-1,876,781,877,-1,877,781,782,-1,877,782,878,-1,878,782,783,-1,878,783,879,-1,879,783,784,-1,879,784,880,-1,880,784,785,-1,880,785,881,-1,881,785,786,-1,881,786,882,-1,882,786,787,-1,882,787,883,-1,883,787,788,-1,883,788,884,-1,884,788,789,-1,884,789,885,-1,885,789,790,-1,885,790,886,-1,886,790,791,-1,886,791,887,-1,887,791,792,-1,887,792,888,-1,888,792,793,-1,888,793,889,-1,889,793,794,-1,889,794,890,-1,890,794,795,-1,890,795,891,-1,891,795,796,-1,891,796,892,-1,892,796,797,-1,892,797,893,-1,893,797,798,-1,893,798,894,-1,894,798,799,-1,894,799,895,-1,895,799,800,-1,895,800,896,-1,896,800,801,-1,896,801,897,-1,897,801,778,-1,663,662,579,-1,579,578,663,-1,663,578,576,-1,663,576,660,-1,576,574,660,-1,660,574,573,-1,660,573,661,-1,573,572,661,-1,661,572,571,-1,661,571,664,-1,571,557,664,-1,664,557,556,-1,664,556,665,-1,556,554,665,-1,665,554,553,-1,665,553,666,-1,553,552,666,-1,666,552,570,-1,666,570,667,-1,570,569,667,-1,667,569,568,-1,667,568,670,-1,563,668,564,-1,564,668,669,-1,564,669,566,-1,566,669,670,-1,566,670,567,-1,567,670,568,-1,657,656,662,-1,662,656,579,-1,898,899,900,-1,900,899,901,-1,902,903,904,-1,899,905,901,-1,901,905,906,-1,901,906,907,-1,908,909,910,-1,910,909,911,-1,910,911,906,-1,906,911,912,-1,906,912,913,-1,913,914,906,-1,906,914,915,-1,906,915,916,-1,917,918,905,-1,905,918,919,-1,905,919,920,-1,920,921,905,-1,905,921,922,-1,905,922,904,-1,904,922,923,-1,904,923,902,-1,899,924,905,-1,905,924,925,-1,905,925,926,-1,916,927,906,-1,906,927,928,-1,906,928,929,-1,929,930,906,-1,906,930,931,-1,906,931,907,-1,926,932,905,-1,905,932,933,-1,905,933,917,-1,934,935,936,-1,936,935,937,-1,495,494,938,-1,938,494,939,-1,940,941,942,-1,942,941,943,-1,942,943,944,-1,944,943,503,-1,944,503,945,-1,945,503,501,-1,937,935,940,-1,940,935,941,-1,945,501,938,-1,938,501,495,-1,494,511,939,-1,939,511,946,-1,946,511,947,-1,947,511,509,-1,947,509,948,-1,948,509,949,-1,948,949,950,-1,949,951,950,-1,950,951,934,-1,950,934,936,-1,952,953,954,-1,953,952,955,-1,955,952,956,-1,955,956,957,-1,954,958,952,-1,952,958,959,-1,952,959,960,-1,960,959,961,-1,962,961,963,-1,963,961,964,-1,962,965,961,-1,961,965,966,-1,961,966,960,-1,967,968,515,-1,515,968,969,-1,970,971,972,-1,969,973,515,-1,515,973,974,-1,515,974,975,-1,975,974,976,-1,975,976,977,-1,515,523,967,-1,967,523,978,-1,967,978,972,-1,972,978,979,-1,972,979,970,-1,978,523,980,-1,980,523,546,-1,980,546,981,-1,981,546,982,-1,983,984,985,-1,985,984,986,-1,985,986,966,-1,966,986,960,-1,987,988,989,-1,990,991,992,-1,992,993,990,-1,990,993,994,-1,990,994,995,-1,994,996,995,-1,995,996,997,-1,995,997,998,-1,999,1000,1001,-1,1002,1003,1004,-1,1002,1004,1005,-1,1004,1006,1005,-1,1005,1006,1007,-1,1005,1007,989,-1,989,1007,1008,-1,989,1008,987,-1,987,1008,1009,-1,987,1009,991,-1,991,1009,1010,-1,991,1010,992,-1,997,1011,998,-1,998,1011,1012,-1,998,1012,1001,-1,1001,1012,1013,-1,1001,1013,999,-1,999,1013,1014,-1,999,1014,1015,-1,1015,1014,1016,-1,1015,1016,1017,-1,1017,1016,1018,-1,1017,1018,1019,-1,589,588,1020,-1,1020,588,1002,-1,1021,1005,1022,-1,1022,1005,989,-1,1022,989,988,-1,1023,1024,1002,-1,1002,1024,1025,-1,1002,1025,1020,-1,1021,1026,1005,-1,1005,1026,1027,-1,1005,1027,1002,-1,1002,1027,1028,-1,1002,1028,1023,-1,1029,1030,1031,-1,1032,1000,999,-1,1017,1033,1034,-1,1031,1035,1029,-1,1029,1035,1036,-1,1029,1036,1017,-1,1017,1036,1037,-1,1017,1037,1033,-1,999,1015,1032,-1,1032,1015,1017,-1,1032,1017,1038,-1,1038,1017,1034,-1,1039,984,1040,-1,1040,1041,1039,-1,1039,1041,1042,-1,1039,1042,1043,-1,1043,1042,1044,-1,1043,1044,1045,-1,1045,1044,1046,-1,1045,1046,1047,-1,1047,1046,1048,-1,1047,1048,1049,-1,1049,1048,1050,-1,1049,1050,1051,-1,1051,1050,1052,-1,1051,1052,1053,-1,1053,1052,1054,-1,1053,1054,1055,-1,1055,1054,1056,-1,1055,1056,1057,-1,1057,1056,1058,-1,1057,1058,1059,-1,1059,1058,1060,-1,1059,1060,1061,-1,1061,1060,1062,-1,1061,1062,1063,-1,1063,1062,1064,-1,1063,1064,1065,-1,1065,1064,1066,-1,1065,1066,1067,-1,1067,1066,1068,-1,1067,1068,1069,-1,1069,1068,1070,-1,1069,1070,1071,-1,1072,981,982,-1,1071,1070,982,-1,982,1070,1073,-1,982,1073,1072,-1,1072,1073,1074,-1,1072,1074,1075,-1,1075,1074,1076,-1,1075,1076,1077,-1,1077,1076,1078,-1,1077,1078,1079,-1,1079,1078,1080,-1,1079,1080,1081,-1,1081,1080,1082,-1,1081,1082,1083,-1,1083,1082,1084,-1,1083,1084,1085,-1,1085,1084,1086,-1,1085,1086,1087,-1,1087,1086,1088,-1,1087,1088,1089,-1,1089,1088,1040,-1,1089,1040,1090,-1,1090,1040,984,-1,1090,984,983,-1,515,975,1091,-1,956,952,1092,-1,1092,952,949,-1,1092,949,1091,-1,1091,949,509,-1,1091,509,515,-1,1093,1094,949,-1,941,935,934,-1,1094,943,949,-1,949,943,941,-1,949,941,951,-1,951,941,934,-1,986,1095,960,-1,960,1095,1030,-1,949,952,1093,-1,1093,952,960,-1,1093,960,1096,-1,1096,960,1030,-1,1096,1030,1029,-1,1029,1097,1096,-1,1096,1097,1098,-1,1096,1098,1099,-1,655,658,1100,-1,494,495,511,-1,511,495,501,-1,511,501,509,-1,1100,588,655,-1,655,588,589,-1,655,589,652,-1,501,503,509,-1,509,503,653,-1,509,653,515,-1,515,653,652,-1,515,652,523,-1,523,652,589,-1,523,589,546,-1,546,589,654,-1,1099,1098,1101,-1,1101,1102,1099,-1,1099,1102,1103,-1,1099,1103,1104,-1,1104,1105,1099,-1,1099,1105,1106,-1,1099,1106,658,-1,658,1106,1107,-1,658,1107,1108,-1,1109,1100,1110,-1,1110,1100,658,-1,1110,658,1111,-1,1111,658,1108,-1,655,1112,1113,-1,1114,1096,1115,-1,1115,1096,1099,-1,1115,1099,1113,-1,1113,1099,658,-1,1113,658,655,-1,1112,655,1116,-1,1116,655,652,-1,1116,652,1117,-1,1117,652,1093,-1,1117,1093,1114,-1,1114,1093,1096,-1,503,943,653,-1,653,943,1094,-1,653,1094,652,-1,652,1094,1093,-1,1097,1029,1019,-1,1019,1029,1017,-1,1003,1002,1109,-1,1109,1002,588,-1,1109,588,1100,-1,1118,1062,1060,-1,1040,1088,1119,-1,1119,1088,1086,-1,1068,1066,1118,-1,1118,1066,1064,-1,1118,1064,1062,-1,1052,1050,1120,-1,1120,1050,1048,-1,1120,1048,1046,-1,1060,1058,1118,-1,1118,1058,1056,-1,1118,1056,1120,-1,1120,1056,1054,-1,1120,1054,1052,-1,1068,1118,1070,-1,1070,1118,1121,-1,1070,1121,1073,-1,1086,1084,1119,-1,1119,1084,1082,-1,1119,1082,1121,-1,1121,1082,1080,-1,1121,1080,1078,-1,1078,1076,1121,-1,1121,1076,1074,-1,1121,1074,1073,-1,1046,1044,1120,-1,1120,1044,1042,-1,1120,1042,1119,-1,1119,1042,1041,-1,1119,1041,1040,-1,987,1122,988,-1,988,1122,1022,-1,1000,1032,1001,-1,1001,1032,1123,-1,1124,654,1020,-1,1020,654,589,-1,1124,1020,1125,-1,1125,1020,1025,-1,1125,1025,1126,-1,1126,1025,1024,-1,1126,1024,1127,-1,1127,1024,1023,-1,1127,1023,1128,-1,1128,1023,1028,-1,1129,1128,1027,-1,1027,1128,1028,-1,1129,1027,1130,-1,1130,1027,1026,-1,1130,1026,1131,-1,1131,1026,1021,-1,1131,1021,1122,-1,1122,1021,1022,-1,1123,1032,1132,-1,1132,1032,1038,-1,1132,1038,1133,-1,1133,1038,1034,-1,1133,1034,1134,-1,1134,1034,1033,-1,1135,1134,1037,-1,1037,1134,1033,-1,1135,1037,1136,-1,1136,1037,1036,-1,1136,1036,1137,-1,1137,1036,1035,-1,1137,1035,1138,-1,1138,1035,1031,-1,1095,1138,1030,-1,1030,1138,1031,-1,1123,1132,1122,-1,982,546,1071,-1,1071,546,1069,-1,1051,1053,1130,-1,1130,1053,1055,-1,998,1001,1123,-1,1124,1125,1067,-1,1039,1136,984,-1,984,1136,1137,-1,984,1137,986,-1,986,1137,1138,-1,986,1138,1095,-1,1069,546,1067,-1,1067,546,654,-1,1067,654,1124,-1,1128,1065,1127,-1,1127,1065,1067,-1,1127,1067,1126,-1,1126,1067,1125,-1,1039,1043,1136,-1,1136,1043,1045,-1,1136,1045,1135,-1,1055,1057,1130,-1,1130,1057,1059,-1,1130,1059,1129,-1,1129,1059,1061,-1,1129,1061,1128,-1,1128,1061,1063,-1,1128,1063,1065,-1,1045,1047,1135,-1,1135,1047,1049,-1,1135,1049,1134,-1,1134,1049,1051,-1,1134,1051,1133,-1,1133,1051,1130,-1,1133,1130,1132,-1,1132,1130,1131,-1,1132,1131,1122,-1,987,991,1122,-1,1122,991,990,-1,1122,990,1123,-1,1123,990,995,-1,1123,995,998,-1,985,966,1139,-1,1139,966,965,-1,1139,965,1140,-1,1140,965,962,-1,1140,962,1141,-1,1141,962,963,-1,1141,963,1142,-1,1142,963,964,-1,1142,964,1143,-1,1143,964,961,-1,1143,961,959,-1,1143,959,1144,-1,1144,959,958,-1,1144,958,1145,-1,1145,958,954,-1,1145,954,1146,-1,1146,954,953,-1,1146,953,1147,-1,1147,953,955,-1,1147,955,1148,-1,1148,955,957,-1,1148,957,1149,-1,1092,1149,956,-1,956,1149,957,-1,1150,1091,977,-1,977,1091,975,-1,1150,977,976,-1,1150,976,1151,-1,1151,976,974,-1,1151,974,1152,-1,1152,974,973,-1,1152,973,1153,-1,1153,973,969,-1,1153,969,1154,-1,1154,969,968,-1,1154,968,1155,-1,1155,968,967,-1,1155,967,1156,-1,1156,967,1157,-1,1157,967,972,-1,1157,972,1158,-1,1158,972,971,-1,1158,971,1159,-1,1159,971,970,-1,1159,970,1160,-1,1160,970,979,-1,1160,979,980,-1,980,979,978,-1,1157,1158,981,-1,985,1139,983,-1,983,1139,1140,-1,983,1140,1141,-1,1152,1153,1077,-1,1158,1159,981,-1,981,1159,1160,-1,981,1160,980,-1,1149,1077,1079,-1,1141,1142,983,-1,983,1142,1143,-1,983,1143,1090,-1,1090,1143,1144,-1,1090,1144,1089,-1,1079,1081,1149,-1,1149,1081,1083,-1,1149,1083,1148,-1,1148,1083,1085,-1,1148,1085,1147,-1,1147,1085,1087,-1,1147,1087,1146,-1,1146,1087,1089,-1,1146,1089,1145,-1,1145,1089,1144,-1,1077,1153,1075,-1,1075,1153,1154,-1,1075,1154,1072,-1,1072,1154,1155,-1,1072,1155,981,-1,981,1155,1156,-1,981,1156,1157,-1,1092,1091,1149,-1,1149,1091,1150,-1,1149,1150,1077,-1,1077,1150,1151,-1,1077,1151,1152,-1,936,937,950,-1,950,937,940,-1,950,940,948,-1,948,940,942,-1,947,948,944,-1,944,948,942,-1,947,944,946,-1,946,944,945,-1,946,945,939,-1,939,945,938,-1,906,1113,910,-1,910,1113,1112,-1,910,1112,1161,-1,1161,1112,1116,-1,1162,1117,904,-1,904,1117,1114,-1,904,1114,905,-1,905,1114,1115,-1,1162,1161,1117,-1,1117,1161,1116,-1,904,903,1162,-1,1162,903,1163,-1,908,910,1164,-1,1164,910,1161,-1,1165,1164,1166,-1,1166,1164,1161,-1,1166,1161,1167,-1,1168,1169,1161,-1,1161,1169,1170,-1,1161,1170,1167,-1,1165,1171,1164,-1,1164,1171,1172,-1,1164,1172,1173,-1,1163,1174,1162,-1,1162,1174,1175,-1,1162,1175,1176,-1,1177,1178,1163,-1,1163,1178,1179,-1,1163,1179,1174,-1,1176,1180,1162,-1,1162,1180,1181,-1,1162,1181,1182,-1,1182,1183,1162,-1,1162,1183,1184,-1,1162,1184,1161,-1,1161,1184,1185,-1,1161,1185,1168,-1,1173,1186,1164,-1,1164,1186,1187,-1,1164,1187,1163,-1,1163,1187,1188,-1,1163,1188,1177,-1,1113,906,1115,-1,1115,906,905,-1,907,1189,1190,-1,1190,1189,1191,-1,901,907,900,-1,900,907,1190,-1,900,1190,1118,-1,1118,1190,1121,-1,1190,1191,1192,-1,1192,1191,1193,-1,924,899,1194,-1,1194,899,898,-1,1193,1194,1192,-1,1192,1194,898,-1,1192,898,1119,-1,1119,898,1120,-1,1195,918,917,-1,1195,917,1196,-1,1196,917,933,-1,1196,933,1197,-1,1197,933,932,-1,1197,932,1198,-1,1198,932,926,-1,1198,926,1199,-1,1199,926,925,-1,1199,925,1200,-1,1200,925,924,-1,1200,924,1194,-1,1201,902,1202,-1,1202,902,923,-1,1202,923,1203,-1,1203,923,922,-1,1203,922,1204,-1,1204,922,921,-1,1204,921,1205,-1,1205,921,920,-1,1205,920,1206,-1,1206,920,919,-1,1206,919,1195,-1,1195,919,918,-1,1201,1163,902,-1,902,1163,903,-1,1164,1207,908,-1,908,1207,909,-1,1208,916,1209,-1,1209,916,915,-1,1209,915,1210,-1,1210,915,914,-1,1210,914,1211,-1,1211,914,913,-1,1211,913,1212,-1,1212,913,912,-1,1212,912,1213,-1,1213,912,911,-1,1213,911,1207,-1,1207,911,909,-1,1189,907,931,-1,1189,931,1214,-1,1214,931,930,-1,1214,930,1215,-1,1215,930,929,-1,1215,929,1216,-1,1216,929,928,-1,1216,928,1217,-1,1217,928,927,-1,1217,927,1218,-1,1218,927,916,-1,1218,916,1208,-1,1215,1216,1200,-1,1200,1216,1199,-1,1199,1216,1217,-1,1199,1217,1198,-1,1198,1217,1164,-1,1198,1164,1197,-1,1193,1191,1194,-1,1194,1191,1189,-1,1194,1189,1200,-1,1200,1189,1214,-1,1200,1214,1215,-1,1197,1164,1196,-1,1196,1164,1163,-1,1196,1163,1195,-1,1195,1163,1201,-1,1195,1201,1206,-1,1203,1204,1205,-1,1212,1213,1211,-1,1211,1213,1207,-1,1211,1207,1210,-1,1206,1201,1205,-1,1205,1201,1202,-1,1205,1202,1203,-1,1217,1218,1164,-1,1164,1218,1208,-1,1164,1208,1207,-1,1207,1208,1209,-1,1207,1209,1210,-1,898,900,1120,-1,1120,900,1118,-1,1190,1192,1121,-1,1121,1192,1119,-1,1219,1220,1221,-1,1219,1221,1222,-1,1223,1222,1221,-1,1224,1223,1221,-1,1225,1224,1221,-1,1226,1225,1221,-1,1227,1226,1221,-1,1228,1227,1221,-1,1229,1228,1221,-1,1230,1229,1221,-1,1231,1230,1221,-1,1232,1231,1221,-1,1233,1232,1221,-1,1234,1233,1221,-1,1235,1234,1221,-1,1236,1235,1221,-1,1237,1236,1221,-1,1238,1237,1221,-1,1239,1238,1221,-1,1240,1239,1221,-1,1241,1240,1221,-1,1242,1241,1221,-1,1243,1242,1221,-1,1220,1243,1221,-1,1184,1244,1185,-1,1185,1244,1245,-1,1185,1245,1168,-1,1168,1245,1246,-1,1168,1246,1169,-1,1169,1246,1247,-1,1169,1247,1170,-1,1170,1247,1248,-1,1170,1248,1167,-1,1167,1248,1249,-1,1167,1249,1166,-1,1166,1249,1250,-1,1166,1250,1165,-1,1165,1250,1251,-1,1165,1251,1171,-1,1171,1251,1252,-1,1171,1252,1172,-1,1172,1252,1253,-1,1172,1253,1173,-1,1173,1253,1254,-1,1173,1254,1186,-1,1186,1254,1255,-1,1186,1255,1187,-1,1187,1255,1256,-1,1187,1256,1188,-1,1188,1256,1257,-1,1188,1257,1177,-1,1177,1257,1258,-1,1177,1258,1178,-1,1178,1258,1259,-1,1178,1259,1179,-1,1179,1259,1260,-1,1179,1260,1174,-1,1174,1260,1261,-1,1174,1261,1175,-1,1175,1261,1262,-1,1175,1262,1176,-1,1176,1262,1263,-1,1176,1263,1180,-1,1180,1263,1264,-1,1180,1264,1181,-1,1181,1264,1265,-1,1181,1265,1182,-1,1182,1265,1266,-1,1182,1266,1183,-1,1183,1266,1267,-1,1183,1267,1184,-1,1184,1267,1244,-1,1267,1268,1244,-1,1244,1268,1269,-1,1244,1269,1245,-1,1245,1269,1270,-1,1245,1270,1246,-1,1246,1270,1271,-1,1246,1271,1247,-1,1247,1271,1272,-1,1247,1272,1248,-1,1248,1272,1273,-1,1248,1273,1249,-1,1249,1273,1274,-1,1249,1274,1250,-1,1250,1274,1275,-1,1250,1275,1251,-1,1251,1275,1276,-1,1251,1276,1252,-1,1252,1276,1277,-1,1252,1277,1253,-1,1253,1277,1278,-1,1253,1278,1254,-1,1254,1278,1279,-1,1254,1279,1255,-1,1255,1279,1280,-1,1255,1280,1256,-1,1256,1280,1281,-1,1256,1281,1257,-1,1257,1281,1282,-1,1257,1282,1258,-1,1258,1282,1283,-1,1258,1283,1259,-1,1259,1283,1284,-1,1259,1284,1260,-1,1260,1284,1285,-1,1260,1285,1261,-1,1261,1285,1286,-1,1261,1286,1262,-1,1262,1286,1287,-1,1262,1287,1263,-1,1263,1287,1288,-1,1263,1288,1264,-1,1264,1288,1289,-1,1264,1289,1265,-1,1265,1289,1290,-1,1265,1290,1266,-1,1266,1290,1291,-1,1266,1291,1267,-1,1267,1291,1268,-1,1291,1292,1268,-1,1268,1292,1293,-1,1268,1293,1269,-1,1269,1293,1294,-1,1269,1294,1270,-1,1270,1294,1295,-1,1270,1295,1271,-1,1271,1295,1296,-1,1271,1296,1272,-1,1272,1296,1297,-1,1272,1297,1273,-1,1273,1297,1298,-1,1273,1298,1274,-1,1274,1298,1299,-1,1274,1299,1275,-1,1275,1299,1300,-1,1275,1300,1276,-1,1276,1300,1301,-1,1276,1301,1277,-1,1277,1301,1302,-1,1277,1302,1278,-1,1278,1302,1303,-1,1278,1303,1279,-1,1279,1303,1304,-1,1279,1304,1280,-1,1280,1304,1305,-1,1280,1305,1281,-1,1281,1305,1306,-1,1281,1306,1282,-1,1282,1306,1307,-1,1282,1307,1283,-1,1283,1307,1308,-1,1283,1308,1284,-1,1284,1308,1309,-1,1284,1309,1285,-1,1285,1309,1310,-1,1285,1310,1286,-1,1286,1310,1311,-1,1286,1311,1287,-1,1287,1311,1312,-1,1287,1312,1288,-1,1288,1312,1313,-1,1288,1313,1289,-1,1289,1313,1314,-1,1289,1314,1290,-1,1290,1314,1315,-1,1290,1315,1291,-1,1291,1315,1292,-1,1315,1316,1292,-1,1292,1316,1317,-1,1292,1317,1293,-1,1293,1317,1318,-1,1293,1318,1294,-1,1294,1318,1319,-1,1294,1319,1295,-1,1295,1319,1320,-1,1295,1320,1296,-1,1296,1320,1321,-1,1296,1321,1297,-1,1297,1321,1322,-1,1297,1322,1298,-1,1298,1322,1323,-1,1298,1323,1299,-1,1299,1323,1324,-1,1299,1324,1300,-1,1300,1324,1325,-1,1300,1325,1301,-1,1301,1325,1326,-1,1301,1326,1302,-1,1302,1326,1327,-1,1302,1327,1303,-1,1303,1327,1328,-1,1303,1328,1304,-1,1304,1328,1329,-1,1304,1329,1305,-1,1305,1329,1330,-1,1305,1330,1306,-1,1306,1330,1331,-1,1306,1331,1307,-1,1307,1331,1332,-1,1307,1332,1308,-1,1308,1332,1333,-1,1308,1333,1309,-1,1309,1333,1334,-1,1309,1334,1310,-1,1310,1334,1335,-1,1310,1335,1311,-1,1311,1335,1336,-1,1311,1336,1312,-1,1312,1336,1337,-1,1312,1337,1313,-1,1313,1337,1338,-1,1313,1338,1314,-1,1314,1338,1339,-1,1314,1339,1315,-1,1315,1339,1316,-1,1339,1220,1316,-1,1316,1220,1219,-1,1316,1219,1317,-1,1317,1219,1222,-1,1317,1222,1318,-1,1318,1222,1223,-1,1318,1223,1319,-1,1319,1223,1224,-1,1319,1224,1320,-1,1320,1224,1225,-1,1320,1225,1321,-1,1321,1225,1226,-1,1321,1226,1322,-1,1322,1226,1227,-1,1322,1227,1323,-1,1323,1227,1228,-1,1323,1228,1324,-1,1324,1228,1229,-1,1324,1229,1325,-1,1325,1229,1230,-1,1325,1230,1326,-1,1326,1230,1231,-1,1326,1231,1327,-1,1327,1231,1232,-1,1327,1232,1328,-1,1328,1232,1233,-1,1328,1233,1329,-1,1329,1233,1234,-1,1329,1234,1330,-1,1330,1234,1235,-1,1330,1235,1331,-1,1331,1235,1236,-1,1331,1236,1332,-1,1332,1236,1237,-1,1332,1237,1333,-1,1333,1237,1238,-1,1333,1238,1334,-1,1334,1238,1239,-1,1334,1239,1335,-1,1335,1239,1240,-1,1335,1240,1336,-1,1336,1240,1241,-1,1336,1241,1337,-1,1337,1241,1242,-1,1337,1242,1338,-1,1338,1242,1243,-1,1338,1243,1339,-1,1339,1243,1220,-1,1102,1101,1019,-1,1019,1018,1102,-1,1102,1018,1016,-1,1102,1016,1103,-1,1016,1014,1103,-1,1103,1014,1013,-1,1103,1013,1104,-1,1013,1012,1104,-1,1104,1012,1011,-1,1104,1011,1105,-1,1011,997,1105,-1,1105,997,996,-1,1105,996,1106,-1,996,994,1106,-1,1106,994,993,-1,1106,993,1107,-1,993,992,1107,-1,1107,992,1010,-1,1107,1010,1108,-1,1010,1009,1108,-1,1108,1009,1008,-1,1108,1008,1111,-1,1003,1109,1004,-1,1004,1109,1110,-1,1004,1110,1006,-1,1006,1110,1111,-1,1006,1111,1007,-1,1007,1111,1008,-1,1098,1097,1101,-1,1101,1097,1019,-1,1340,1341,1342,-1,1342,1341,1343,-1,1344,1345,1346,-1,1347,1348,1349,-1,1349,1348,1350,-1,1351,1352,1353,-1,1353,1352,1354,-1,1353,1354,1348,-1,1348,1354,1355,-1,1348,1355,1350,-1,1341,1356,1343,-1,1343,1356,1348,-1,1343,1348,1357,-1,1357,1348,1358,-1,1359,1360,1356,-1,1356,1360,1361,-1,1356,1361,1362,-1,1362,1363,1356,-1,1356,1363,1364,-1,1356,1364,1346,-1,1346,1364,1365,-1,1346,1365,1344,-1,1347,1366,1348,-1,1348,1366,1367,-1,1348,1367,1368,-1,1368,1369,1348,-1,1348,1369,1370,-1,1348,1370,1358,-1,1341,1371,1356,-1,1356,1371,1372,-1,1356,1372,1373,-1,1373,1374,1356,-1,1356,1374,1375,-1,1356,1375,1359,-1,1376,1377,1378,-1,1378,1377,1379,-1,935,934,1380,-1,1380,934,1381,-1,1382,1383,1384,-1,1384,1383,1385,-1,1384,1385,1386,-1,1386,1385,943,-1,1386,943,1387,-1,1387,943,941,-1,1379,1377,1382,-1,1382,1377,1383,-1,1387,941,1380,-1,1380,941,935,-1,934,951,1381,-1,1381,951,1388,-1,1388,951,1389,-1,1389,951,949,-1,1389,949,1390,-1,1390,949,1391,-1,1390,1391,1392,-1,1391,1393,1392,-1,1392,1393,1376,-1,1392,1376,1378,-1,1394,1395,1396,-1,1395,1394,1397,-1,1397,1394,1398,-1,1397,1398,1399,-1,1396,1400,1394,-1,1394,1400,1401,-1,1394,1401,1402,-1,1402,1401,1403,-1,1404,1403,1405,-1,1405,1403,1406,-1,1404,1407,1403,-1,1403,1407,1408,-1,1403,1408,1402,-1,1409,1410,952,-1,1409,952,1411,-1,1410,1412,952,-1,952,1412,1413,-1,952,1413,1414,-1,1414,1413,1415,-1,1414,1415,1416,-1,952,960,1411,-1,1411,960,1417,-1,1411,1417,1418,-1,1418,1419,1411,-1,1411,1419,1420,-1,1411,1420,1421,-1,1417,960,1422,-1,1422,960,986,-1,1422,986,1423,-1,1423,986,1424,-1,1425,1426,1427,-1,1427,1426,1428,-1,1427,1428,1408,-1,1408,1428,1402,-1,1429,1430,1431,-1,1432,1433,1434,-1,1434,1435,1432,-1,1432,1435,1436,-1,1432,1436,1437,-1,1436,1438,1437,-1,1437,1438,1439,-1,1437,1439,1440,-1,1441,1442,1443,-1,1444,1445,1446,-1,1444,1446,1447,-1,1446,1448,1447,-1,1447,1448,1449,-1,1447,1449,1431,-1,1431,1449,1450,-1,1431,1450,1429,-1,1429,1450,1451,-1,1429,1451,1433,-1,1433,1451,1452,-1,1433,1452,1434,-1,1439,1453,1440,-1,1440,1453,1454,-1,1440,1454,1443,-1,1443,1454,1455,-1,1443,1455,1441,-1,1441,1455,1456,-1,1441,1456,1457,-1,1457,1456,1458,-1,1457,1458,1459,-1,1459,1458,1460,-1,1459,1460,1461,-1,1431,1430,1462,-1,1030,1029,1463,-1,1463,1029,1444,-1,1431,1462,1447,-1,1464,1465,1444,-1,1444,1465,1466,-1,1444,1466,1467,-1,1467,1468,1444,-1,1444,1468,1469,-1,1444,1469,1463,-1,1447,1462,1444,-1,1444,1462,1470,-1,1444,1470,1464,-1,1471,1442,1441,-1,1472,1473,1459,-1,1459,1473,1474,-1,1475,1476,1459,-1,1459,1476,1477,-1,1459,1477,1478,-1,1441,1457,1471,-1,1471,1457,1459,-1,1471,1459,1479,-1,1479,1459,1474,-1,1478,1480,1459,-1,1459,1480,1481,-1,1459,1481,1472,-1,1482,1426,1483,-1,1483,1484,1482,-1,1482,1484,1485,-1,1482,1485,1486,-1,1486,1485,1487,-1,1486,1487,1488,-1,1488,1487,1489,-1,1488,1489,1490,-1,1490,1489,1491,-1,1490,1491,1492,-1,1492,1491,1493,-1,1492,1493,1494,-1,1494,1493,1495,-1,1494,1495,1496,-1,1496,1495,1497,-1,1496,1497,1498,-1,1498,1497,1499,-1,1498,1499,1500,-1,1500,1499,1501,-1,1500,1501,1502,-1,1502,1501,1503,-1,1502,1503,1504,-1,1504,1503,1505,-1,1504,1505,1506,-1,1506,1505,1507,-1,1506,1507,1508,-1,1508,1507,1509,-1,1508,1509,1510,-1,1510,1509,1511,-1,1510,1511,1512,-1,1512,1511,1513,-1,1512,1513,1514,-1,1515,1423,1424,-1,1514,1513,1424,-1,1424,1513,1516,-1,1424,1516,1515,-1,1515,1516,1517,-1,1515,1517,1518,-1,1518,1517,1519,-1,1518,1519,1520,-1,1520,1519,1521,-1,1520,1521,1522,-1,1522,1521,1523,-1,1522,1523,1524,-1,1524,1523,1525,-1,1524,1525,1526,-1,1526,1525,1527,-1,1526,1527,1528,-1,1528,1527,1529,-1,1528,1529,1530,-1,1530,1529,1531,-1,1530,1531,1532,-1,1532,1531,1483,-1,1532,1483,1533,-1,1533,1483,1426,-1,1533,1426,1425,-1,952,1414,1534,-1,1398,1394,1535,-1,1535,1394,1391,-1,1535,1391,1534,-1,1534,1391,949,-1,1534,949,952,-1,1536,1537,1391,-1,1383,1377,1376,-1,1537,1385,1391,-1,1391,1385,1383,-1,1391,1383,1393,-1,1393,1383,1376,-1,1428,1538,1402,-1,1402,1538,1476,-1,1391,1394,1536,-1,1536,1394,1402,-1,1536,1402,1539,-1,1539,1402,1476,-1,1539,1476,1475,-1,1475,1540,1539,-1,1539,1540,1541,-1,1539,1541,1542,-1,1096,1099,1543,-1,934,935,951,-1,951,935,941,-1,951,941,949,-1,1543,1029,1096,-1,1096,1029,1030,-1,1096,1030,1093,-1,941,943,949,-1,949,943,1094,-1,949,1094,952,-1,952,1094,1093,-1,952,1093,960,-1,960,1093,1030,-1,960,1030,986,-1,986,1030,1095,-1,1542,1541,1544,-1,1544,1545,1542,-1,1542,1545,1546,-1,1542,1546,1547,-1,1548,1543,1549,-1,1549,1543,1099,-1,1549,1099,1550,-1,1550,1099,1551,-1,1547,1552,1542,-1,1542,1552,1553,-1,1542,1553,1099,-1,1099,1553,1554,-1,1099,1554,1551,-1,1096,1555,1556,-1,1557,1539,1558,-1,1558,1539,1542,-1,1558,1542,1556,-1,1556,1542,1099,-1,1556,1099,1096,-1,1555,1096,1559,-1,1559,1096,1093,-1,1559,1093,1560,-1,1560,1093,1536,-1,1560,1536,1557,-1,1557,1536,1539,-1,943,1385,1094,-1,1094,1385,1537,-1,1094,1537,1093,-1,1093,1537,1536,-1,1540,1475,1461,-1,1461,1475,1459,-1,1445,1444,1548,-1,1548,1444,1029,-1,1548,1029,1543,-1,1507,1505,1561,-1,1561,1505,1503,-1,1519,1517,1562,-1,1562,1517,1516,-1,1495,1493,1563,-1,1563,1493,1491,-1,1563,1491,1489,-1,1503,1501,1561,-1,1561,1501,1499,-1,1561,1499,1563,-1,1563,1499,1497,-1,1563,1497,1495,-1,1516,1513,1562,-1,1562,1513,1511,-1,1562,1511,1561,-1,1561,1511,1509,-1,1561,1509,1507,-1,1483,1531,1564,-1,1564,1531,1529,-1,1564,1529,1527,-1,1489,1487,1563,-1,1563,1487,1485,-1,1563,1485,1564,-1,1564,1485,1484,-1,1564,1484,1483,-1,1527,1525,1564,-1,1564,1525,1523,-1,1564,1523,1562,-1,1562,1523,1521,-1,1562,1521,1519,-1,1429,1565,1430,-1,1430,1565,1462,-1,1442,1471,1443,-1,1443,1471,1566,-1,1567,1095,1463,-1,1463,1095,1030,-1,1567,1463,1568,-1,1568,1463,1469,-1,1568,1469,1569,-1,1569,1469,1468,-1,1569,1468,1570,-1,1570,1468,1467,-1,1570,1467,1571,-1,1571,1467,1466,-1,1572,1571,1465,-1,1465,1571,1466,-1,1572,1465,1573,-1,1573,1465,1464,-1,1573,1464,1574,-1,1574,1464,1470,-1,1574,1470,1565,-1,1565,1470,1462,-1,1566,1471,1575,-1,1575,1471,1479,-1,1575,1479,1576,-1,1576,1479,1474,-1,1576,1474,1577,-1,1577,1474,1473,-1,1578,1577,1472,-1,1472,1577,1473,-1,1578,1472,1579,-1,1579,1472,1481,-1,1579,1481,1580,-1,1580,1481,1480,-1,1580,1480,1581,-1,1581,1480,1478,-1,1581,1478,1582,-1,1582,1478,1477,-1,1538,1582,1476,-1,1476,1582,1477,-1,1440,1443,1566,-1,1424,986,1514,-1,1514,986,1512,-1,1440,1566,1437,-1,1574,1494,1573,-1,1573,1494,1496,-1,1573,1496,1498,-1,1429,1433,1565,-1,1565,1433,1432,-1,1574,1576,1494,-1,1494,1576,1577,-1,1494,1577,1492,-1,1492,1577,1578,-1,1492,1578,1490,-1,1432,1437,1565,-1,1565,1437,1566,-1,1565,1566,1574,-1,1574,1566,1575,-1,1574,1575,1576,-1,1498,1500,1573,-1,1573,1500,1502,-1,1573,1502,1572,-1,1572,1502,1504,-1,1572,1504,1571,-1,1567,1568,1510,-1,1488,1580,1581,-1,1512,986,1510,-1,1510,986,1095,-1,1510,1095,1567,-1,1504,1506,1571,-1,1571,1506,1508,-1,1571,1508,1570,-1,1570,1508,1510,-1,1570,1510,1569,-1,1569,1510,1568,-1,1490,1578,1488,-1,1488,1578,1579,-1,1488,1579,1580,-1,1426,1482,1428,-1,1428,1482,1486,-1,1428,1486,1538,-1,1538,1486,1488,-1,1538,1488,1582,-1,1582,1488,1581,-1,1427,1408,1583,-1,1583,1408,1407,-1,1583,1407,1584,-1,1584,1407,1404,-1,1584,1404,1585,-1,1585,1404,1405,-1,1585,1405,1586,-1,1586,1405,1406,-1,1586,1406,1587,-1,1587,1406,1403,-1,1587,1403,1401,-1,1587,1401,1588,-1,1588,1401,1400,-1,1588,1400,1589,-1,1589,1400,1396,-1,1589,1396,1590,-1,1590,1396,1395,-1,1590,1395,1591,-1,1591,1395,1397,-1,1591,1397,1592,-1,1592,1397,1399,-1,1592,1399,1593,-1,1535,1593,1398,-1,1398,1593,1399,-1,1594,1534,1416,-1,1416,1534,1414,-1,1594,1416,1415,-1,1594,1415,1595,-1,1595,1415,1413,-1,1595,1413,1596,-1,1596,1413,1412,-1,1596,1412,1597,-1,1597,1412,1410,-1,1597,1410,1598,-1,1598,1410,1409,-1,1598,1409,1599,-1,1599,1409,1411,-1,1599,1411,1600,-1,1600,1411,1601,-1,1601,1411,1421,-1,1601,1421,1602,-1,1602,1421,1420,-1,1602,1420,1603,-1,1603,1420,1419,-1,1603,1419,1604,-1,1604,1419,1418,-1,1604,1418,1422,-1,1422,1418,1417,-1,1427,1583,1425,-1,1425,1583,1584,-1,1425,1584,1585,-1,1423,1601,1602,-1,1593,1520,1522,-1,1602,1603,1423,-1,1423,1603,1604,-1,1423,1604,1422,-1,1585,1586,1425,-1,1425,1586,1587,-1,1425,1587,1533,-1,1533,1587,1588,-1,1533,1588,1532,-1,1595,1520,1594,-1,1594,1520,1593,-1,1594,1593,1534,-1,1534,1593,1535,-1,1595,1596,1520,-1,1520,1596,1597,-1,1520,1597,1518,-1,1518,1597,1598,-1,1518,1598,1515,-1,1515,1598,1599,-1,1515,1599,1423,-1,1423,1599,1600,-1,1423,1600,1601,-1,1522,1524,1593,-1,1593,1524,1526,-1,1593,1526,1592,-1,1592,1526,1528,-1,1592,1528,1591,-1,1591,1528,1530,-1,1591,1530,1590,-1,1590,1530,1532,-1,1590,1532,1589,-1,1589,1532,1588,-1,1378,1379,1392,-1,1392,1379,1382,-1,1392,1382,1390,-1,1390,1382,1384,-1,1389,1390,1386,-1,1386,1390,1384,-1,1389,1386,1388,-1,1388,1386,1387,-1,1388,1387,1381,-1,1381,1387,1380,-1,1348,1556,1353,-1,1353,1556,1555,-1,1353,1555,1605,-1,1605,1555,1559,-1,1606,1560,1346,-1,1346,1560,1557,-1,1346,1557,1356,-1,1356,1557,1558,-1,1606,1605,1560,-1,1560,1605,1559,-1,1346,1345,1606,-1,1606,1345,1607,-1,1351,1353,1608,-1,1608,1353,1605,-1,1608,1605,1609,-1,1610,1611,1607,-1,1609,1612,1608,-1,1608,1612,1613,-1,1608,1613,1614,-1,1615,1616,1605,-1,1608,1617,1607,-1,1607,1617,1618,-1,1607,1618,1610,-1,1616,1619,1605,-1,1605,1619,1620,-1,1605,1620,1609,-1,1614,1621,1608,-1,1608,1621,1622,-1,1608,1622,1617,-1,1611,1623,1607,-1,1607,1623,1624,-1,1607,1624,1606,-1,1606,1624,1625,-1,1606,1625,1626,-1,1626,1627,1606,-1,1606,1627,1628,-1,1606,1628,1629,-1,1629,1630,1606,-1,1606,1630,1631,-1,1606,1631,1605,-1,1605,1631,1632,-1,1605,1632,1615,-1,1556,1348,1558,-1,1558,1348,1356,-1,1357,1633,1634,-1,1634,1633,1635,-1,1343,1357,1342,-1,1342,1357,1634,-1,1342,1634,1561,-1,1561,1634,1562,-1,1634,1635,1636,-1,1636,1635,1637,-1,1371,1341,1638,-1,1638,1341,1340,-1,1637,1638,1636,-1,1636,1638,1340,-1,1636,1340,1564,-1,1564,1340,1563,-1,1639,1360,1359,-1,1639,1359,1640,-1,1640,1359,1375,-1,1640,1375,1641,-1,1641,1375,1374,-1,1641,1374,1642,-1,1642,1374,1373,-1,1642,1373,1643,-1,1643,1373,1372,-1,1643,1372,1644,-1,1644,1372,1371,-1,1644,1371,1638,-1,1645,1344,1646,-1,1646,1344,1365,-1,1646,1365,1647,-1,1647,1365,1364,-1,1647,1364,1648,-1,1648,1364,1363,-1,1648,1363,1649,-1,1649,1363,1362,-1,1649,1362,1650,-1,1650,1362,1361,-1,1650,1361,1639,-1,1639,1361,1360,-1,1645,1607,1344,-1,1344,1607,1345,-1,1608,1651,1351,-1,1351,1651,1352,-1,1652,1366,1653,-1,1653,1366,1347,-1,1653,1347,1654,-1,1654,1347,1349,-1,1654,1349,1655,-1,1655,1349,1350,-1,1655,1350,1656,-1,1656,1350,1355,-1,1656,1355,1657,-1,1657,1355,1354,-1,1657,1354,1651,-1,1651,1354,1352,-1,1633,1357,1358,-1,1633,1358,1658,-1,1658,1358,1370,-1,1658,1370,1659,-1,1659,1370,1369,-1,1659,1369,1660,-1,1660,1369,1368,-1,1660,1368,1661,-1,1661,1368,1367,-1,1661,1367,1662,-1,1662,1367,1366,-1,1662,1366,1652,-1,1658,1644,1633,-1,1633,1644,1638,-1,1633,1638,1635,-1,1635,1638,1637,-1,1608,1607,1640,-1,1640,1607,1639,-1,1639,1607,1645,-1,1639,1645,1650,-1,1658,1659,1644,-1,1644,1659,1660,-1,1644,1660,1643,-1,1643,1660,1661,-1,1643,1661,1642,-1,1642,1661,1608,-1,1642,1608,1641,-1,1641,1608,1640,-1,1647,1648,1649,-1,1661,1662,1608,-1,1608,1662,1652,-1,1608,1652,1651,-1,1651,1652,1653,-1,1651,1653,1654,-1,1655,1656,1654,-1,1654,1656,1657,-1,1654,1657,1651,-1,1650,1645,1649,-1,1649,1645,1646,-1,1649,1646,1647,-1,1340,1342,1563,-1,1563,1342,1561,-1,1634,1636,1562,-1,1562,1636,1564,-1,1663,1664,1665,-1,1663,1665,1666,-1,1667,1666,1665,-1,1668,1667,1665,-1,1669,1668,1665,-1,1670,1669,1665,-1,1671,1670,1665,-1,1672,1671,1665,-1,1673,1672,1665,-1,1674,1673,1665,-1,1675,1674,1665,-1,1676,1675,1665,-1,1677,1676,1665,-1,1678,1677,1665,-1,1679,1678,1665,-1,1680,1679,1665,-1,1681,1680,1665,-1,1682,1681,1665,-1,1683,1682,1665,-1,1684,1683,1665,-1,1685,1684,1665,-1,1686,1685,1665,-1,1687,1686,1665,-1,1664,1687,1665,-1,1631,1688,1632,-1,1632,1688,1689,-1,1632,1689,1615,-1,1615,1689,1690,-1,1615,1690,1616,-1,1616,1690,1691,-1,1616,1691,1619,-1,1619,1691,1692,-1,1619,1692,1620,-1,1620,1692,1693,-1,1620,1693,1609,-1,1609,1693,1694,-1,1609,1694,1612,-1,1612,1694,1695,-1,1612,1695,1613,-1,1613,1695,1696,-1,1613,1696,1614,-1,1614,1696,1697,-1,1614,1697,1621,-1,1621,1697,1698,-1,1621,1698,1622,-1,1622,1698,1699,-1,1622,1699,1617,-1,1617,1699,1700,-1,1617,1700,1618,-1,1618,1700,1701,-1,1618,1701,1610,-1,1610,1701,1702,-1,1610,1702,1611,-1,1611,1702,1703,-1,1611,1703,1623,-1,1623,1703,1704,-1,1623,1704,1624,-1,1624,1704,1705,-1,1624,1705,1625,-1,1625,1705,1706,-1,1625,1706,1626,-1,1626,1706,1707,-1,1626,1707,1627,-1,1627,1707,1708,-1,1627,1708,1628,-1,1628,1708,1709,-1,1628,1709,1629,-1,1629,1709,1710,-1,1629,1710,1630,-1,1630,1710,1711,-1,1630,1711,1631,-1,1631,1711,1688,-1,1711,1712,1688,-1,1688,1712,1713,-1,1688,1713,1689,-1,1689,1713,1714,-1,1689,1714,1690,-1,1690,1714,1715,-1,1690,1715,1691,-1,1691,1715,1716,-1,1691,1716,1692,-1,1692,1716,1717,-1,1692,1717,1693,-1,1693,1717,1718,-1,1693,1718,1694,-1,1694,1718,1719,-1,1694,1719,1695,-1,1695,1719,1720,-1,1695,1720,1696,-1,1696,1720,1721,-1,1696,1721,1697,-1,1697,1721,1722,-1,1697,1722,1698,-1,1698,1722,1723,-1,1698,1723,1699,-1,1699,1723,1724,-1,1699,1724,1700,-1,1700,1724,1725,-1,1700,1725,1701,-1,1701,1725,1726,-1,1701,1726,1702,-1,1702,1726,1727,-1,1702,1727,1703,-1,1703,1727,1728,-1,1703,1728,1704,-1,1704,1728,1729,-1,1704,1729,1705,-1,1705,1729,1730,-1,1705,1730,1706,-1,1706,1730,1731,-1,1706,1731,1707,-1,1707,1731,1732,-1,1707,1732,1708,-1,1708,1732,1733,-1,1708,1733,1709,-1,1709,1733,1734,-1,1709,1734,1710,-1,1710,1734,1735,-1,1710,1735,1711,-1,1711,1735,1712,-1,1735,1736,1712,-1,1712,1736,1737,-1,1712,1737,1713,-1,1713,1737,1738,-1,1713,1738,1714,-1,1714,1738,1739,-1,1714,1739,1715,-1,1715,1739,1740,-1,1715,1740,1716,-1,1716,1740,1741,-1,1716,1741,1717,-1,1717,1741,1742,-1,1717,1742,1718,-1,1718,1742,1743,-1,1718,1743,1719,-1,1719,1743,1744,-1,1719,1744,1720,-1,1720,1744,1745,-1,1720,1745,1721,-1,1721,1745,1746,-1,1721,1746,1722,-1,1722,1746,1747,-1,1722,1747,1723,-1,1723,1747,1748,-1,1723,1748,1724,-1,1724,1748,1749,-1,1724,1749,1725,-1,1725,1749,1750,-1,1725,1750,1726,-1,1726,1750,1751,-1,1726,1751,1727,-1,1727,1751,1752,-1,1727,1752,1728,-1,1728,1752,1753,-1,1728,1753,1729,-1,1729,1753,1754,-1,1729,1754,1730,-1,1730,1754,1755,-1,1730,1755,1731,-1,1731,1755,1756,-1,1731,1756,1732,-1,1732,1756,1757,-1,1732,1757,1733,-1,1733,1757,1758,-1,1733,1758,1734,-1,1734,1758,1759,-1,1734,1759,1735,-1,1735,1759,1736,-1,1759,1760,1736,-1,1736,1760,1761,-1,1736,1761,1737,-1,1737,1761,1762,-1,1737,1762,1738,-1,1738,1762,1763,-1,1738,1763,1739,-1,1739,1763,1764,-1,1739,1764,1740,-1,1740,1764,1765,-1,1740,1765,1741,-1,1741,1765,1766,-1,1741,1766,1742,-1,1742,1766,1767,-1,1742,1767,1743,-1,1743,1767,1768,-1,1743,1768,1744,-1,1744,1768,1769,-1,1744,1769,1745,-1,1745,1769,1770,-1,1745,1770,1746,-1,1746,1770,1771,-1,1746,1771,1747,-1,1747,1771,1772,-1,1747,1772,1748,-1,1748,1772,1773,-1,1748,1773,1749,-1,1749,1773,1774,-1,1749,1774,1750,-1,1750,1774,1775,-1,1750,1775,1751,-1,1751,1775,1776,-1,1751,1776,1752,-1,1752,1776,1777,-1,1752,1777,1753,-1,1753,1777,1778,-1,1753,1778,1754,-1,1754,1778,1779,-1,1754,1779,1755,-1,1755,1779,1780,-1,1755,1780,1756,-1,1756,1780,1781,-1,1756,1781,1757,-1,1757,1781,1782,-1,1757,1782,1758,-1,1758,1782,1783,-1,1758,1783,1759,-1,1759,1783,1760,-1,1783,1664,1760,-1,1760,1664,1663,-1,1760,1663,1761,-1,1761,1663,1666,-1,1761,1666,1762,-1,1762,1666,1667,-1,1762,1667,1763,-1,1763,1667,1668,-1,1763,1668,1764,-1,1764,1668,1669,-1,1764,1669,1765,-1,1765,1669,1670,-1,1765,1670,1766,-1,1766,1670,1671,-1,1766,1671,1767,-1,1767,1671,1672,-1,1767,1672,1768,-1,1768,1672,1673,-1,1768,1673,1769,-1,1769,1673,1674,-1,1769,1674,1770,-1,1770,1674,1675,-1,1770,1675,1771,-1,1771,1675,1676,-1,1771,1676,1772,-1,1772,1676,1677,-1,1772,1677,1773,-1,1773,1677,1678,-1,1773,1678,1774,-1,1774,1678,1679,-1,1774,1679,1775,-1,1775,1679,1680,-1,1775,1680,1776,-1,1776,1680,1681,-1,1776,1681,1777,-1,1777,1681,1682,-1,1777,1682,1778,-1,1778,1682,1683,-1,1778,1683,1779,-1,1779,1683,1684,-1,1779,1684,1780,-1,1780,1684,1685,-1,1780,1685,1781,-1,1781,1685,1686,-1,1781,1686,1782,-1,1782,1686,1687,-1,1782,1687,1783,-1,1783,1687,1664,-1,1545,1544,1461,-1,1461,1460,1545,-1,1545,1460,1458,-1,1545,1458,1546,-1,1458,1456,1546,-1,1546,1456,1455,-1,1546,1455,1547,-1,1455,1454,1547,-1,1547,1454,1453,-1,1547,1453,1552,-1,1453,1439,1552,-1,1552,1439,1438,-1,1552,1438,1553,-1,1438,1436,1553,-1,1553,1436,1435,-1,1553,1435,1554,-1,1435,1434,1554,-1,1554,1434,1452,-1,1554,1452,1551,-1,1452,1451,1551,-1,1551,1451,1450,-1,1551,1450,1550,-1,1445,1548,1446,-1,1446,1548,1549,-1,1446,1549,1448,-1,1448,1549,1550,-1,1448,1550,1449,-1,1449,1550,1450,-1,1541,1540,1544,-1,1544,1540,1461,-1,1784,1785,1786,-1,1786,1785,1787,-1,1788,1789,1790,-1,1791,1792,1793,-1,1793,1792,1794,-1,1795,1796,1797,-1,1797,1796,1798,-1,1797,1798,1792,-1,1792,1798,1799,-1,1792,1799,1794,-1,1785,1800,1787,-1,1787,1800,1792,-1,1787,1792,1801,-1,1801,1792,1802,-1,1803,1804,1800,-1,1800,1804,1805,-1,1800,1805,1806,-1,1806,1807,1800,-1,1800,1807,1808,-1,1800,1808,1790,-1,1790,1808,1809,-1,1790,1809,1788,-1,1791,1810,1792,-1,1792,1810,1811,-1,1792,1811,1812,-1,1812,1813,1792,-1,1792,1813,1814,-1,1792,1814,1802,-1,1785,1815,1800,-1,1800,1815,1816,-1,1800,1816,1817,-1,1817,1818,1800,-1,1800,1818,1819,-1,1800,1819,1803,-1,1820,1821,1822,-1,1822,1821,1823,-1,1377,1376,1824,-1,1824,1376,1825,-1,1826,1827,1828,-1,1828,1827,1829,-1,1828,1829,1830,-1,1830,1829,1385,-1,1830,1385,1831,-1,1831,1385,1383,-1,1823,1821,1826,-1,1826,1821,1827,-1,1831,1383,1824,-1,1824,1383,1377,-1,1376,1393,1825,-1,1825,1393,1832,-1,1832,1393,1833,-1,1833,1393,1391,-1,1833,1391,1834,-1,1834,1391,1835,-1,1834,1835,1836,-1,1835,1837,1836,-1,1836,1837,1820,-1,1836,1820,1822,-1,1838,1839,1840,-1,1838,1840,1841,-1,1841,1840,1842,-1,1841,1842,1843,-1,1843,1844,1841,-1,1841,1844,1845,-1,1841,1845,1846,-1,1846,1845,1847,-1,1848,1847,1849,-1,1849,1847,1850,-1,1848,1851,1847,-1,1847,1851,1852,-1,1847,1852,1846,-1,1853,1854,1394,-1,1853,1394,1855,-1,1854,1856,1394,-1,1394,1856,1857,-1,1394,1857,1858,-1,1858,1857,1859,-1,1858,1859,1860,-1,1394,1402,1855,-1,1855,1402,1861,-1,1855,1861,1862,-1,1862,1863,1855,-1,1855,1863,1864,-1,1855,1864,1865,-1,1861,1402,1866,-1,1866,1402,1428,-1,1866,1428,1867,-1,1867,1428,1868,-1,1869,1870,1871,-1,1871,1870,1872,-1,1871,1872,1852,-1,1852,1872,1846,-1,1873,1874,1875,-1,1876,1877,1878,-1,1878,1879,1876,-1,1876,1879,1880,-1,1876,1880,1881,-1,1880,1882,1881,-1,1881,1882,1883,-1,1881,1883,1884,-1,1885,1886,1887,-1,1888,1889,1890,-1,1888,1890,1891,-1,1890,1892,1891,-1,1891,1892,1893,-1,1891,1893,1875,-1,1875,1893,1894,-1,1875,1894,1873,-1,1873,1894,1895,-1,1873,1895,1877,-1,1877,1895,1896,-1,1877,1896,1878,-1,1883,1897,1884,-1,1884,1897,1898,-1,1884,1898,1887,-1,1887,1898,1899,-1,1887,1899,1885,-1,1885,1899,1900,-1,1885,1900,1901,-1,1901,1900,1902,-1,1901,1902,1903,-1,1903,1902,1904,-1,1903,1904,1905,-1,1875,1874,1906,-1,1476,1475,1907,-1,1907,1475,1888,-1,1875,1906,1891,-1,1908,1909,1888,-1,1888,1909,1910,-1,1888,1910,1911,-1,1911,1912,1888,-1,1888,1912,1913,-1,1888,1913,1907,-1,1891,1906,1888,-1,1888,1906,1914,-1,1888,1914,1908,-1,1915,1916,1917,-1,1918,1886,1885,-1,1903,1919,1920,-1,1917,1921,1915,-1,1915,1921,1922,-1,1915,1922,1903,-1,1903,1922,1923,-1,1903,1923,1919,-1,1885,1901,1918,-1,1918,1901,1903,-1,1918,1903,1924,-1,1924,1903,1920,-1,1925,1870,1926,-1,1926,1927,1925,-1,1925,1927,1928,-1,1925,1928,1929,-1,1929,1928,1930,-1,1929,1930,1931,-1,1931,1930,1932,-1,1931,1932,1933,-1,1933,1932,1934,-1,1933,1934,1935,-1,1935,1934,1936,-1,1935,1936,1937,-1,1937,1936,1938,-1,1937,1938,1939,-1,1939,1938,1940,-1,1939,1940,1941,-1,1941,1940,1942,-1,1941,1942,1943,-1,1943,1942,1944,-1,1943,1944,1945,-1,1945,1944,1946,-1,1945,1946,1947,-1,1947,1946,1948,-1,1947,1948,1949,-1,1949,1948,1950,-1,1949,1950,1951,-1,1951,1950,1952,-1,1951,1952,1953,-1,1953,1952,1954,-1,1953,1954,1955,-1,1955,1954,1956,-1,1955,1956,1957,-1,1958,1867,1868,-1,1957,1956,1868,-1,1868,1956,1959,-1,1868,1959,1958,-1,1958,1959,1960,-1,1958,1960,1961,-1,1961,1960,1962,-1,1961,1962,1963,-1,1963,1962,1964,-1,1963,1964,1965,-1,1965,1964,1966,-1,1965,1966,1967,-1,1967,1966,1968,-1,1967,1968,1969,-1,1969,1968,1970,-1,1969,1970,1971,-1,1971,1970,1972,-1,1971,1972,1973,-1,1973,1972,1974,-1,1973,1974,1975,-1,1975,1974,1926,-1,1975,1926,1976,-1,1976,1926,1870,-1,1976,1870,1869,-1,1394,1858,1977,-1,1838,1841,1978,-1,1978,1841,1835,-1,1978,1835,1977,-1,1977,1835,1391,-1,1977,1391,1394,-1,1979,1980,1835,-1,1827,1821,1820,-1,1980,1829,1835,-1,1835,1829,1827,-1,1835,1827,1837,-1,1837,1827,1820,-1,1872,1981,1846,-1,1846,1981,1916,-1,1835,1841,1979,-1,1979,1841,1846,-1,1979,1846,1982,-1,1982,1846,1916,-1,1982,1916,1915,-1,1915,1983,1982,-1,1982,1983,1984,-1,1982,1984,1985,-1,1539,1542,1986,-1,1376,1377,1393,-1,1393,1377,1383,-1,1393,1383,1391,-1,1986,1475,1539,-1,1539,1475,1476,-1,1539,1476,1536,-1,1383,1385,1391,-1,1391,1385,1537,-1,1391,1537,1394,-1,1394,1537,1536,-1,1394,1536,1402,-1,1402,1536,1476,-1,1402,1476,1428,-1,1428,1476,1538,-1,1985,1984,1987,-1,1988,1986,1989,-1,1989,1986,1542,-1,1989,1542,1990,-1,1990,1542,1991,-1,1987,1992,1985,-1,1985,1992,1993,-1,1985,1993,1994,-1,1994,1995,1985,-1,1985,1995,1996,-1,1985,1996,1542,-1,1542,1996,1997,-1,1542,1997,1991,-1,1539,1998,1999,-1,2000,1982,2001,-1,2001,1982,1985,-1,2001,1985,1999,-1,1999,1985,1542,-1,1999,1542,1539,-1,1998,1539,2002,-1,2002,1539,1536,-1,2002,1536,2003,-1,2003,1536,1979,-1,2003,1979,2000,-1,2000,1979,1982,-1,1385,1829,1537,-1,1537,1829,1980,-1,1537,1980,1536,-1,1536,1980,1979,-1,1983,1915,1905,-1,1905,1915,1903,-1,1889,1888,1988,-1,1988,1888,1475,-1,1988,1475,1986,-1,1950,1948,2004,-1,2004,1948,1946,-1,1962,1960,2005,-1,2005,1960,1959,-1,1938,1936,2006,-1,2006,1936,1934,-1,2006,1934,1932,-1,1946,1944,2004,-1,2004,1944,1942,-1,2004,1942,2006,-1,2006,1942,1940,-1,2006,1940,1938,-1,1959,1956,2005,-1,2005,1956,1954,-1,2005,1954,2004,-1,2004,1954,1952,-1,2004,1952,1950,-1,1926,1974,2007,-1,2007,1974,1972,-1,2007,1972,1970,-1,1932,1930,2006,-1,2006,1930,1928,-1,2006,1928,2007,-1,2007,1928,1927,-1,2007,1927,1926,-1,1970,1968,2007,-1,2007,1968,1966,-1,2007,1966,2005,-1,2005,1966,1964,-1,2005,1964,1962,-1,1873,2008,1874,-1,1874,2008,1906,-1,1886,1918,1887,-1,1887,1918,2009,-1,2010,1538,1907,-1,1907,1538,1476,-1,2010,1907,2011,-1,2011,1907,1913,-1,2011,1913,2012,-1,2012,1913,1912,-1,2012,1912,2013,-1,2013,1912,1911,-1,2013,1911,2014,-1,2014,1911,1910,-1,2015,2014,1909,-1,1909,2014,1910,-1,2015,1909,2016,-1,2016,1909,1908,-1,2016,1908,2017,-1,2017,1908,1914,-1,2017,1914,2008,-1,2008,1914,1906,-1,2009,1918,2018,-1,2018,1918,1924,-1,2018,1924,2019,-1,2019,1924,1920,-1,2019,1920,2020,-1,2020,1920,1919,-1,2021,2020,1923,-1,1923,2020,1919,-1,2021,1923,2022,-1,2022,1923,1922,-1,2022,1922,2023,-1,2023,1922,1921,-1,2023,1921,2024,-1,2024,1921,1917,-1,1981,2024,1916,-1,1916,2024,1917,-1,1868,1428,1957,-1,1957,1428,1955,-1,2009,2017,2008,-1,2017,1937,2016,-1,2016,1937,1939,-1,2016,1939,1941,-1,2008,1873,1877,-1,1925,2022,1870,-1,1870,2022,2023,-1,1870,2023,1872,-1,1872,2023,2024,-1,1872,2024,1981,-1,1877,1876,2008,-1,2008,1876,1881,-1,2008,1881,2009,-1,2009,1881,1884,-1,2009,1884,1887,-1,1925,1929,2022,-1,2022,1929,1931,-1,2022,1931,2021,-1,1941,1943,2016,-1,2016,1943,1945,-1,2016,1945,2015,-1,2015,1945,1947,-1,2015,1947,2014,-1,2010,2011,1953,-1,2009,2018,2017,-1,2017,2018,2019,-1,2017,2019,1937,-1,1937,2019,2020,-1,1937,2020,1935,-1,1935,2020,2021,-1,1935,2021,1933,-1,1933,2021,1931,-1,1955,1428,1953,-1,1953,1428,1538,-1,1953,1538,2010,-1,1947,1949,2014,-1,2014,1949,1951,-1,2014,1951,2013,-1,2013,1951,1953,-1,2013,1953,2012,-1,2012,1953,2011,-1,1871,1852,2025,-1,2025,1852,1851,-1,2025,1851,2026,-1,2026,1851,1848,-1,2026,1848,2027,-1,2027,1848,1849,-1,2027,1849,2028,-1,2028,1849,1850,-1,2028,1850,2029,-1,2029,1850,1847,-1,2029,1847,1845,-1,2029,1845,2030,-1,2030,1845,1844,-1,2030,1844,2031,-1,2031,1844,1843,-1,2031,1843,2032,-1,2032,1843,1842,-1,2032,1842,2033,-1,2033,1842,1840,-1,2033,1840,2034,-1,2034,1840,1839,-1,2034,1839,2035,-1,1978,2035,1838,-1,1838,2035,1839,-1,2036,1977,1860,-1,1860,1977,1858,-1,2036,1860,1859,-1,2036,1859,2037,-1,2037,1859,1857,-1,2037,1857,2038,-1,2038,1857,1856,-1,2038,1856,2039,-1,2039,1856,1854,-1,2039,1854,2040,-1,2040,1854,1853,-1,2040,1853,2041,-1,2041,1853,1855,-1,2041,1855,2042,-1,2042,1855,2043,-1,2043,1855,1865,-1,2043,1865,2044,-1,2044,1865,1864,-1,2044,1864,2045,-1,2045,1864,1863,-1,2045,1863,2046,-1,2046,1863,1862,-1,2046,1862,1866,-1,1866,1862,1861,-1,1871,2025,1869,-1,1869,2025,2026,-1,1869,2026,2027,-1,1867,2043,2044,-1,2035,1963,1965,-1,2044,2045,1867,-1,1867,2045,2046,-1,1867,2046,1866,-1,2027,2028,1869,-1,1869,2028,2029,-1,1869,2029,1976,-1,1976,2029,2030,-1,1976,2030,1975,-1,2037,1963,2036,-1,2036,1963,2035,-1,2036,2035,1977,-1,1977,2035,1978,-1,2037,2038,1963,-1,1963,2038,2039,-1,1963,2039,1961,-1,1961,2039,2040,-1,1961,2040,1958,-1,1958,2040,2041,-1,1958,2041,1867,-1,1867,2041,2042,-1,1867,2042,2043,-1,1965,1967,2035,-1,2035,1967,1969,-1,2035,1969,2034,-1,2034,1969,1971,-1,2034,1971,2033,-1,2033,1971,1973,-1,2033,1973,2032,-1,2032,1973,1975,-1,2032,1975,2031,-1,2031,1975,2030,-1,1822,1823,1836,-1,1836,1823,1826,-1,1836,1826,1834,-1,1834,1826,1828,-1,1833,1834,1830,-1,1830,1834,1828,-1,1833,1830,1832,-1,1832,1830,1831,-1,1832,1831,1825,-1,1825,1831,1824,-1,1792,1999,1797,-1,1797,1999,1998,-1,1797,1998,2047,-1,2047,1998,2002,-1,2048,2003,1790,-1,1790,2003,2000,-1,1790,2000,1800,-1,1800,2000,2001,-1,2048,2047,2003,-1,2003,2047,2002,-1,1790,1789,2048,-1,2048,1789,2049,-1,1795,1797,2050,-1,2050,1797,2047,-1,2050,2047,2051,-1,2052,2053,2049,-1,2051,2054,2050,-1,2050,2054,2055,-1,2050,2055,2056,-1,2057,2058,2047,-1,2050,2059,2049,-1,2049,2059,2060,-1,2049,2060,2052,-1,2058,2061,2047,-1,2047,2061,2062,-1,2047,2062,2051,-1,2056,2063,2050,-1,2050,2063,2064,-1,2050,2064,2059,-1,2053,2065,2049,-1,2049,2065,2066,-1,2049,2066,2048,-1,2048,2066,2067,-1,2048,2067,2068,-1,2068,2069,2048,-1,2048,2069,2070,-1,2048,2070,2071,-1,2071,2072,2048,-1,2048,2072,2073,-1,2048,2073,2047,-1,2047,2073,2074,-1,2047,2074,2057,-1,1999,1792,2001,-1,2001,1792,1800,-1,1801,2075,2076,-1,2076,2075,2077,-1,1787,1801,1786,-1,1786,1801,2076,-1,1786,2076,2004,-1,2004,2076,2005,-1,2076,2077,2078,-1,2078,2077,2079,-1,1815,1785,2080,-1,2080,1785,1784,-1,2079,2080,2078,-1,2078,2080,1784,-1,2078,1784,2007,-1,2007,1784,2006,-1,2081,1804,1803,-1,2081,1803,2082,-1,2082,1803,1819,-1,2082,1819,2083,-1,2083,1819,1818,-1,2083,1818,2084,-1,2084,1818,1817,-1,2084,1817,2085,-1,2085,1817,1816,-1,2085,1816,2086,-1,2086,1816,1815,-1,2086,1815,2080,-1,2087,1788,2088,-1,2088,1788,1809,-1,2088,1809,2089,-1,2089,1809,1808,-1,2089,1808,2090,-1,2090,1808,1807,-1,2090,1807,2091,-1,2091,1807,1806,-1,2091,1806,2092,-1,2092,1806,1805,-1,2092,1805,2081,-1,2081,1805,1804,-1,2087,2049,1788,-1,1788,2049,1789,-1,2050,2093,1795,-1,1795,2093,1796,-1,2094,1810,2095,-1,2095,1810,1791,-1,2095,1791,2096,-1,2096,1791,1793,-1,2096,1793,2097,-1,2097,1793,1794,-1,2097,1794,2098,-1,2098,1794,1799,-1,2098,1799,2099,-1,2099,1799,1798,-1,2099,1798,2093,-1,2093,1798,1796,-1,2075,1801,1802,-1,2075,1802,2100,-1,2100,1802,1814,-1,2100,1814,2101,-1,2101,1814,1813,-1,2101,1813,2102,-1,2102,1813,1812,-1,2102,1812,2103,-1,2103,1812,1811,-1,2103,1811,2104,-1,2104,1811,1810,-1,2104,1810,2094,-1,2100,2086,2075,-1,2075,2086,2080,-1,2075,2080,2077,-1,2077,2080,2079,-1,2050,2049,2082,-1,2082,2049,2081,-1,2081,2049,2087,-1,2081,2087,2092,-1,2100,2101,2086,-1,2086,2101,2102,-1,2086,2102,2085,-1,2085,2102,2103,-1,2085,2103,2084,-1,2084,2103,2050,-1,2084,2050,2083,-1,2083,2050,2082,-1,2089,2090,2091,-1,2103,2104,2050,-1,2050,2104,2094,-1,2050,2094,2093,-1,2093,2094,2095,-1,2093,2095,2096,-1,2097,2098,2096,-1,2096,2098,2099,-1,2096,2099,2093,-1,2092,2087,2091,-1,2091,2087,2088,-1,2091,2088,2089,-1,1784,1786,2006,-1,2006,1786,2004,-1,2076,2078,2005,-1,2005,2078,2007,-1,2105,2106,2107,-1,2105,2107,2108,-1,2109,2108,2107,-1,2110,2109,2107,-1,2111,2110,2107,-1,2112,2111,2107,-1,2113,2112,2107,-1,2114,2113,2107,-1,2115,2114,2107,-1,2116,2115,2107,-1,2117,2116,2107,-1,2118,2117,2107,-1,2119,2118,2107,-1,2120,2119,2107,-1,2121,2120,2107,-1,2122,2121,2107,-1,2123,2122,2107,-1,2124,2123,2107,-1,2125,2124,2107,-1,2126,2125,2107,-1,2127,2126,2107,-1,2128,2127,2107,-1,2129,2128,2107,-1,2106,2129,2107,-1,2073,2130,2074,-1,2074,2130,2131,-1,2074,2131,2057,-1,2057,2131,2132,-1,2057,2132,2058,-1,2058,2132,2133,-1,2058,2133,2061,-1,2061,2133,2134,-1,2061,2134,2062,-1,2062,2134,2135,-1,2062,2135,2051,-1,2051,2135,2136,-1,2051,2136,2054,-1,2054,2136,2137,-1,2054,2137,2055,-1,2055,2137,2138,-1,2055,2138,2056,-1,2056,2138,2139,-1,2056,2139,2063,-1,2063,2139,2140,-1,2063,2140,2064,-1,2064,2140,2141,-1,2064,2141,2059,-1,2059,2141,2142,-1,2059,2142,2060,-1,2060,2142,2143,-1,2060,2143,2052,-1,2052,2143,2144,-1,2052,2144,2053,-1,2053,2144,2145,-1,2053,2145,2065,-1,2065,2145,2146,-1,2065,2146,2066,-1,2066,2146,2147,-1,2066,2147,2067,-1,2067,2147,2148,-1,2067,2148,2068,-1,2068,2148,2149,-1,2068,2149,2069,-1,2069,2149,2150,-1,2069,2150,2070,-1,2070,2150,2151,-1,2070,2151,2071,-1,2071,2151,2152,-1,2071,2152,2072,-1,2072,2152,2153,-1,2072,2153,2073,-1,2073,2153,2130,-1,2153,2154,2130,-1,2130,2154,2155,-1,2130,2155,2131,-1,2131,2155,2156,-1,2131,2156,2132,-1,2132,2156,2157,-1,2132,2157,2133,-1,2133,2157,2158,-1,2133,2158,2134,-1,2134,2158,2159,-1,2134,2159,2135,-1,2135,2159,2160,-1,2135,2160,2136,-1,2136,2160,2161,-1,2136,2161,2137,-1,2137,2161,2162,-1,2137,2162,2138,-1,2138,2162,2163,-1,2138,2163,2139,-1,2139,2163,2164,-1,2139,2164,2140,-1,2140,2164,2165,-1,2140,2165,2141,-1,2141,2165,2166,-1,2141,2166,2142,-1,2142,2166,2167,-1,2142,2167,2143,-1,2143,2167,2168,-1,2143,2168,2144,-1,2144,2168,2169,-1,2144,2169,2145,-1,2145,2169,2170,-1,2145,2170,2146,-1,2146,2170,2171,-1,2146,2171,2147,-1,2147,2171,2172,-1,2147,2172,2148,-1,2148,2172,2173,-1,2148,2173,2149,-1,2149,2173,2174,-1,2149,2174,2150,-1,2150,2174,2175,-1,2150,2175,2151,-1,2151,2175,2176,-1,2151,2176,2152,-1,2152,2176,2177,-1,2152,2177,2153,-1,2153,2177,2154,-1,2177,2178,2154,-1,2154,2178,2179,-1,2154,2179,2155,-1,2155,2179,2180,-1,2155,2180,2156,-1,2156,2180,2181,-1,2156,2181,2157,-1,2157,2181,2182,-1,2157,2182,2158,-1,2158,2182,2183,-1,2158,2183,2159,-1,2159,2183,2184,-1,2159,2184,2160,-1,2160,2184,2185,-1,2160,2185,2161,-1,2161,2185,2186,-1,2161,2186,2162,-1,2162,2186,2187,-1,2162,2187,2163,-1,2163,2187,2188,-1,2163,2188,2164,-1,2164,2188,2189,-1,2164,2189,2165,-1,2165,2189,2190,-1,2165,2190,2166,-1,2166,2190,2191,-1,2166,2191,2167,-1,2167,2191,2192,-1,2167,2192,2168,-1,2168,2192,2193,-1,2168,2193,2169,-1,2169,2193,2194,-1,2169,2194,2170,-1,2170,2194,2195,-1,2170,2195,2171,-1,2171,2195,2196,-1,2171,2196,2172,-1,2172,2196,2197,-1,2172,2197,2173,-1,2173,2197,2198,-1,2173,2198,2174,-1,2174,2198,2199,-1,2174,2199,2175,-1,2175,2199,2200,-1,2175,2200,2176,-1,2176,2200,2201,-1,2176,2201,2177,-1,2177,2201,2178,-1,2201,2202,2178,-1,2178,2202,2203,-1,2178,2203,2179,-1,2179,2203,2204,-1,2179,2204,2180,-1,2180,2204,2205,-1,2180,2205,2181,-1,2181,2205,2206,-1,2181,2206,2182,-1,2182,2206,2207,-1,2182,2207,2183,-1,2183,2207,2208,-1,2183,2208,2184,-1,2184,2208,2209,-1,2184,2209,2185,-1,2185,2209,2210,-1,2185,2210,2186,-1,2186,2210,2211,-1,2186,2211,2187,-1,2187,2211,2212,-1,2187,2212,2188,-1,2188,2212,2213,-1,2188,2213,2189,-1,2189,2213,2214,-1,2189,2214,2190,-1,2190,2214,2215,-1,2190,2215,2191,-1,2191,2215,2216,-1,2191,2216,2192,-1,2192,2216,2217,-1,2192,2217,2193,-1,2193,2217,2218,-1,2193,2218,2194,-1,2194,2218,2219,-1,2194,2219,2195,-1,2195,2219,2220,-1,2195,2220,2196,-1,2196,2220,2221,-1,2196,2221,2197,-1,2197,2221,2222,-1,2197,2222,2198,-1,2198,2222,2223,-1,2198,2223,2199,-1,2199,2223,2224,-1,2199,2224,2200,-1,2200,2224,2225,-1,2200,2225,2201,-1,2201,2225,2202,-1,2225,2106,2202,-1,2202,2106,2105,-1,2202,2105,2203,-1,2203,2105,2108,-1,2203,2108,2204,-1,2204,2108,2109,-1,2204,2109,2205,-1,2205,2109,2110,-1,2205,2110,2206,-1,2206,2110,2111,-1,2206,2111,2207,-1,2207,2111,2112,-1,2207,2112,2208,-1,2208,2112,2113,-1,2208,2113,2209,-1,2209,2113,2114,-1,2209,2114,2210,-1,2210,2114,2115,-1,2210,2115,2211,-1,2211,2115,2116,-1,2211,2116,2212,-1,2212,2116,2117,-1,2212,2117,2213,-1,2213,2117,2118,-1,2213,2118,2214,-1,2214,2118,2119,-1,2214,2119,2215,-1,2215,2119,2120,-1,2215,2120,2216,-1,2216,2120,2121,-1,2216,2121,2217,-1,2217,2121,2122,-1,2217,2122,2218,-1,2218,2122,2123,-1,2218,2123,2219,-1,2219,2123,2124,-1,2219,2124,2220,-1,2220,2124,2125,-1,2220,2125,2221,-1,2221,2125,2126,-1,2221,2126,2222,-1,2222,2126,2127,-1,2222,2127,2223,-1,2223,2127,2128,-1,2223,2128,2224,-1,2224,2128,2129,-1,2224,2129,2225,-1,2225,2129,2106,-1,1992,1987,1905,-1,1905,1904,1992,-1,1992,1904,1902,-1,1992,1902,1993,-1,1902,1900,1993,-1,1993,1900,1899,-1,1993,1899,1994,-1,1899,1898,1994,-1,1994,1898,1897,-1,1994,1897,1995,-1,1897,1883,1995,-1,1995,1883,1882,-1,1995,1882,1996,-1,1882,1880,1996,-1,1996,1880,1879,-1,1996,1879,1997,-1,1879,1878,1997,-1,1997,1878,1896,-1,1997,1896,1991,-1,1896,1895,1991,-1,1991,1895,1894,-1,1991,1894,1990,-1,1889,1988,1890,-1,1890,1988,1989,-1,1890,1989,1892,-1,1892,1989,1990,-1,1892,1990,1893,-1,1893,1990,1894,-1,1984,1983,1987,-1,1987,1983,1905,-1,2226,2227,2228,-1,2228,2227,2229,-1,2230,2231,2232,-1,2233,2234,2235,-1,2236,2237,2238,-1,2238,2237,2239,-1,2240,2241,2242,-1,2242,2241,2243,-1,2242,2243,2237,-1,2237,2243,2244,-1,2237,2244,2239,-1,2245,2246,2237,-1,2237,2246,2229,-1,2237,2229,2235,-1,2234,2247,2235,-1,2235,2247,2248,-1,2235,2248,2232,-1,2232,2248,2249,-1,2232,2249,2230,-1,2229,2227,2235,-1,2235,2227,2250,-1,2235,2250,2251,-1,2236,2252,2237,-1,2237,2252,2253,-1,2237,2253,2254,-1,2254,2255,2237,-1,2237,2255,2256,-1,2237,2256,2245,-1,2251,2257,2235,-1,2235,2257,2258,-1,2235,2258,2259,-1,2259,2260,2235,-1,2235,2260,2261,-1,2235,2261,2233,-1,2262,2263,2264,-1,2264,2263,2265,-1,1821,1820,2266,-1,2266,1820,2267,-1,2268,2269,2270,-1,2270,2269,2271,-1,2270,2271,2272,-1,2272,2271,1829,-1,2272,1829,2273,-1,2273,1829,1827,-1,2265,2263,2268,-1,2268,2263,2269,-1,2273,1827,2266,-1,2266,1827,1821,-1,1820,1837,2267,-1,2267,1837,2274,-1,2274,1837,2275,-1,2275,1837,1835,-1,2275,1835,2276,-1,2276,1835,2277,-1,2276,2277,2278,-1,2277,2279,2278,-1,2278,2279,2262,-1,2278,2262,2264,-1,2280,2281,2282,-1,2281,2283,2282,-1,2282,2283,2284,-1,2282,2284,2285,-1,2285,2284,2286,-1,2285,2286,2287,-1,2280,2282,2288,-1,2288,2282,2289,-1,2288,2289,2290,-1,2286,2291,2287,-1,2287,2291,2292,-1,2287,2292,2293,-1,2293,2292,2294,-1,2295,2296,1841,-1,1841,2296,2297,-1,2297,2298,1841,-1,1841,2298,2299,-1,1841,2299,2300,-1,2300,2299,2301,-1,2300,2301,2302,-1,1841,1846,2295,-1,2295,1846,2303,-1,2295,2303,2304,-1,2304,2305,2295,-1,2295,2305,2306,-1,2295,2306,2307,-1,2303,1846,2308,-1,2308,1846,1872,-1,2308,1872,2309,-1,2309,1872,2310,-1,2311,2312,2313,-1,2313,2312,2314,-1,2313,2314,2287,-1,2287,2314,2285,-1,2315,2316,2317,-1,2318,2319,2320,-1,2320,2321,2318,-1,2318,2321,2322,-1,2318,2322,2323,-1,2322,2324,2323,-1,2323,2324,2325,-1,2323,2325,2326,-1,2327,2328,2329,-1,2330,2331,2332,-1,2330,2332,2333,-1,2332,2334,2333,-1,2333,2334,2335,-1,2333,2335,2317,-1,2317,2335,2336,-1,2317,2336,2315,-1,2315,2336,2337,-1,2315,2337,2319,-1,2319,2337,2338,-1,2319,2338,2320,-1,2325,2339,2326,-1,2326,2339,2340,-1,2326,2340,2329,-1,2329,2340,2341,-1,2329,2341,2327,-1,2327,2341,2342,-1,2327,2342,2343,-1,2343,2342,2344,-1,2343,2344,2345,-1,2345,2344,2346,-1,2345,2346,2347,-1,2317,2316,2348,-1,1916,1915,2349,-1,2349,1915,2330,-1,2317,2348,2333,-1,2350,2351,2330,-1,2330,2351,2352,-1,2330,2352,2353,-1,2353,2354,2330,-1,2330,2354,2355,-1,2330,2355,2349,-1,2333,2348,2330,-1,2330,2348,2356,-1,2330,2356,2350,-1,2357,2358,2359,-1,2360,2361,2343,-1,2328,2327,2362,-1,2362,2327,2343,-1,2362,2343,2363,-1,2363,2343,2361,-1,2359,2364,2357,-1,2357,2364,2365,-1,2357,2365,2345,-1,2345,2365,2366,-1,2345,2366,2343,-1,2343,2366,2367,-1,2343,2367,2360,-1,2368,2312,2369,-1,2369,2370,2368,-1,2368,2370,2371,-1,2368,2371,2372,-1,2372,2371,2373,-1,2372,2373,2374,-1,2374,2373,2375,-1,2374,2375,2376,-1,2376,2375,2377,-1,2376,2377,2378,-1,2378,2377,2379,-1,2378,2379,2380,-1,2380,2379,2381,-1,2380,2381,2382,-1,2382,2381,2383,-1,2382,2383,2384,-1,2384,2383,2385,-1,2384,2385,2386,-1,2386,2385,2387,-1,2386,2387,2388,-1,2388,2387,2389,-1,2388,2389,2390,-1,2390,2389,2391,-1,2390,2391,2392,-1,2392,2391,2393,-1,2392,2393,2394,-1,2394,2393,2395,-1,2394,2395,2396,-1,2396,2395,2397,-1,2396,2397,2398,-1,2398,2397,2399,-1,2398,2399,2400,-1,2401,2309,2310,-1,2400,2399,2310,-1,2310,2399,2402,-1,2310,2402,2401,-1,2401,2402,2403,-1,2401,2403,2404,-1,2404,2403,2405,-1,2404,2405,2406,-1,2406,2405,2407,-1,2406,2407,2408,-1,2408,2407,2409,-1,2408,2409,2410,-1,2410,2409,2411,-1,2410,2411,2412,-1,2412,2411,2413,-1,2412,2413,2414,-1,2414,2413,2415,-1,2414,2415,2416,-1,2416,2415,2417,-1,2416,2417,2418,-1,2418,2417,2369,-1,2418,2369,2419,-1,2419,2369,2312,-1,2419,2312,2311,-1,1841,2300,2420,-1,2289,2282,2421,-1,2421,2282,2277,-1,2421,2277,2420,-1,2420,2277,1835,-1,2420,1835,1841,-1,2422,2423,2277,-1,2269,2263,2262,-1,2423,2271,2277,-1,2277,2271,2269,-1,2277,2269,2279,-1,2279,2269,2262,-1,2314,2424,2285,-1,2285,2424,2358,-1,2277,2282,2422,-1,2422,2282,2285,-1,2422,2285,2425,-1,2425,2285,2358,-1,2425,2358,2357,-1,2357,2426,2425,-1,2425,2426,2427,-1,2425,2427,2428,-1,1982,1985,2429,-1,1820,1821,1837,-1,1837,1821,1827,-1,1837,1827,1835,-1,2429,1915,1982,-1,1982,1915,1916,-1,1982,1916,1979,-1,1827,1829,1835,-1,1835,1829,1980,-1,1835,1980,1841,-1,1841,1980,1979,-1,1841,1979,1846,-1,1846,1979,1916,-1,1846,1916,1872,-1,1872,1916,1981,-1,2428,2430,2431,-1,2427,2432,2428,-1,2428,2432,2433,-1,2428,2433,2430,-1,2431,2434,2428,-1,2428,2434,2435,-1,2428,2435,1985,-1,1985,2435,2436,-1,1985,2436,2437,-1,2438,2429,2439,-1,2439,2429,1985,-1,2439,1985,2440,-1,2440,1985,2437,-1,1982,2441,2442,-1,2443,2425,2444,-1,2444,2425,2428,-1,2444,2428,2442,-1,2442,2428,1985,-1,2442,1985,1982,-1,2441,1982,2445,-1,2445,1982,1979,-1,2445,1979,2446,-1,2446,1979,2422,-1,2446,2422,2443,-1,2443,2422,2425,-1,1829,2271,1980,-1,1980,2271,2423,-1,1980,2423,1979,-1,1979,2423,2422,-1,2426,2357,2347,-1,2347,2357,2345,-1,2331,2330,2438,-1,2438,2330,1915,-1,2438,1915,2429,-1,2393,2391,2447,-1,2447,2391,2389,-1,2448,2403,2402,-1,2403,2448,2405,-1,2381,2379,2449,-1,2449,2379,2377,-1,2449,2377,2375,-1,2389,2387,2447,-1,2447,2387,2385,-1,2447,2385,2449,-1,2449,2385,2383,-1,2449,2383,2381,-1,2369,2417,2450,-1,2450,2417,2415,-1,2450,2415,2413,-1,2402,2399,2448,-1,2448,2399,2397,-1,2448,2397,2447,-1,2447,2397,2395,-1,2447,2395,2393,-1,2413,2411,2450,-1,2450,2411,2409,-1,2450,2409,2448,-1,2448,2409,2407,-1,2448,2407,2405,-1,2375,2373,2449,-1,2449,2373,2371,-1,2449,2371,2450,-1,2450,2371,2370,-1,2450,2370,2369,-1,2315,2451,2316,-1,2316,2451,2348,-1,2328,2362,2329,-1,2329,2362,2452,-1,2453,1981,2349,-1,2349,1981,1916,-1,2453,2349,2454,-1,2454,2349,2355,-1,2454,2355,2455,-1,2455,2355,2354,-1,2455,2354,2456,-1,2456,2354,2353,-1,2456,2353,2457,-1,2457,2353,2352,-1,2458,2457,2351,-1,2351,2457,2352,-1,2458,2351,2459,-1,2459,2351,2350,-1,2459,2350,2460,-1,2460,2350,2356,-1,2460,2356,2451,-1,2451,2356,2348,-1,2452,2362,2461,-1,2461,2362,2363,-1,2461,2363,2462,-1,2462,2363,2361,-1,2462,2361,2463,-1,2463,2361,2360,-1,2463,2360,2464,-1,2464,2360,2367,-1,2465,2464,2366,-1,2366,2464,2367,-1,2465,2366,2466,-1,2466,2366,2365,-1,2466,2365,2467,-1,2467,2365,2364,-1,2467,2364,2468,-1,2468,2364,2359,-1,2424,2468,2358,-1,2358,2468,2359,-1,2310,1872,2400,-1,2400,1872,2398,-1,2368,2466,2312,-1,2312,2466,2467,-1,2312,2467,2314,-1,2314,2467,2468,-1,2314,2468,2424,-1,2460,2380,2459,-1,2459,2380,2382,-1,2459,2382,2384,-1,2368,2372,2466,-1,2466,2372,2374,-1,2466,2374,2465,-1,2374,2376,2465,-1,2465,2376,2378,-1,2465,2378,2464,-1,2464,2378,2380,-1,2464,2380,2463,-1,2463,2380,2460,-1,2463,2460,2462,-1,2384,2386,2459,-1,2459,2386,2388,-1,2459,2388,2458,-1,2458,2388,2390,-1,2458,2390,2457,-1,2453,2454,2396,-1,2326,2329,2452,-1,2398,1872,2396,-1,2396,1872,1981,-1,2396,1981,2453,-1,2390,2392,2457,-1,2457,2392,2394,-1,2457,2394,2456,-1,2456,2394,2396,-1,2456,2396,2455,-1,2455,2396,2454,-1,2326,2452,2323,-1,2315,2319,2451,-1,2451,2319,2318,-1,2462,2460,2461,-1,2461,2460,2451,-1,2461,2451,2452,-1,2452,2451,2318,-1,2452,2318,2323,-1,2313,2287,2469,-1,2469,2287,2293,-1,2469,2293,2470,-1,2470,2293,2294,-1,2470,2294,2471,-1,2471,2294,2292,-1,2471,2292,2472,-1,2472,2292,2291,-1,2472,2291,2473,-1,2473,2291,2286,-1,2473,2286,2284,-1,2473,2284,2474,-1,2474,2284,2283,-1,2474,2283,2475,-1,2475,2283,2281,-1,2475,2281,2476,-1,2476,2281,2280,-1,2476,2280,2477,-1,2477,2280,2288,-1,2477,2288,2478,-1,2478,2288,2290,-1,2478,2290,2479,-1,2421,2479,2289,-1,2289,2479,2290,-1,2480,2420,2302,-1,2302,2420,2300,-1,2480,2302,2301,-1,2480,2301,2481,-1,2481,2301,2299,-1,2481,2299,2482,-1,2482,2299,2298,-1,2482,2298,2483,-1,2483,2298,2297,-1,2483,2297,2484,-1,2484,2297,2296,-1,2484,2296,2485,-1,2485,2296,2295,-1,2485,2295,2486,-1,2486,2295,2487,-1,2487,2295,2307,-1,2487,2307,2488,-1,2488,2307,2306,-1,2488,2306,2489,-1,2489,2306,2305,-1,2489,2305,2490,-1,2490,2305,2304,-1,2490,2304,2308,-1,2308,2304,2303,-1,2313,2469,2311,-1,2311,2469,2470,-1,2311,2470,2471,-1,2309,2487,2488,-1,2479,2406,2408,-1,2488,2489,2309,-1,2309,2489,2490,-1,2309,2490,2308,-1,2418,2476,2416,-1,2416,2476,2477,-1,2416,2477,2414,-1,2414,2477,2478,-1,2414,2478,2412,-1,2412,2478,2479,-1,2412,2479,2410,-1,2410,2479,2408,-1,2471,2472,2311,-1,2311,2472,2473,-1,2311,2473,2419,-1,2419,2473,2474,-1,2419,2474,2418,-1,2418,2474,2475,-1,2418,2475,2476,-1,2481,2406,2480,-1,2480,2406,2479,-1,2480,2479,2420,-1,2420,2479,2421,-1,2481,2482,2406,-1,2406,2482,2483,-1,2406,2483,2404,-1,2404,2483,2484,-1,2404,2484,2401,-1,2401,2484,2485,-1,2401,2485,2309,-1,2309,2485,2486,-1,2309,2486,2487,-1,2264,2265,2278,-1,2278,2265,2268,-1,2278,2268,2276,-1,2276,2268,2270,-1,2275,2276,2272,-1,2272,2276,2270,-1,2275,2272,2274,-1,2274,2272,2273,-1,2274,2273,2267,-1,2267,2273,2266,-1,2237,2442,2242,-1,2242,2442,2441,-1,2242,2441,2491,-1,2491,2441,2445,-1,2492,2446,2232,-1,2232,2446,2443,-1,2232,2443,2235,-1,2235,2443,2444,-1,2492,2491,2446,-1,2446,2491,2445,-1,2232,2231,2492,-1,2492,2231,2493,-1,2240,2242,2494,-1,2494,2242,2491,-1,2494,2491,2495,-1,2496,2497,2493,-1,2495,2498,2494,-1,2494,2498,2499,-1,2494,2499,2500,-1,2501,2502,2491,-1,2494,2503,2493,-1,2493,2503,2504,-1,2493,2504,2496,-1,2502,2505,2491,-1,2491,2505,2506,-1,2491,2506,2495,-1,2500,2507,2494,-1,2494,2507,2508,-1,2494,2508,2503,-1,2497,2509,2493,-1,2493,2509,2510,-1,2493,2510,2492,-1,2492,2510,2511,-1,2492,2511,2512,-1,2512,2513,2492,-1,2492,2513,2514,-1,2492,2514,2515,-1,2515,2516,2492,-1,2492,2516,2517,-1,2492,2517,2491,-1,2491,2517,2518,-1,2491,2518,2501,-1,2442,2237,2444,-1,2444,2237,2235,-1,2246,2519,2520,-1,2520,2519,2521,-1,2229,2246,2228,-1,2228,2246,2520,-1,2228,2520,2447,-1,2447,2520,2448,-1,2520,2521,2522,-1,2522,2521,2523,-1,2250,2227,2524,-1,2524,2227,2226,-1,2523,2524,2522,-1,2522,2524,2226,-1,2522,2226,2450,-1,2450,2226,2449,-1,2525,2261,2260,-1,2525,2260,2526,-1,2526,2260,2259,-1,2526,2259,2527,-1,2527,2259,2258,-1,2527,2258,2528,-1,2528,2258,2257,-1,2528,2257,2529,-1,2529,2257,2251,-1,2529,2251,2530,-1,2530,2251,2250,-1,2530,2250,2524,-1,2531,2230,2532,-1,2532,2230,2249,-1,2532,2249,2533,-1,2533,2249,2248,-1,2533,2248,2534,-1,2534,2248,2247,-1,2534,2247,2535,-1,2535,2247,2234,-1,2535,2234,2536,-1,2536,2234,2233,-1,2536,2233,2525,-1,2525,2233,2261,-1,2531,2493,2230,-1,2230,2493,2231,-1,2494,2537,2240,-1,2240,2537,2241,-1,2538,2252,2539,-1,2539,2252,2236,-1,2539,2236,2540,-1,2540,2236,2238,-1,2540,2238,2541,-1,2541,2238,2239,-1,2541,2239,2542,-1,2542,2239,2244,-1,2542,2244,2543,-1,2543,2244,2243,-1,2543,2243,2537,-1,2537,2243,2241,-1,2519,2246,2245,-1,2519,2245,2544,-1,2544,2245,2256,-1,2544,2256,2545,-1,2545,2256,2255,-1,2545,2255,2546,-1,2546,2255,2254,-1,2546,2254,2547,-1,2547,2254,2253,-1,2547,2253,2548,-1,2548,2253,2252,-1,2548,2252,2538,-1,2544,2530,2519,-1,2519,2530,2524,-1,2519,2524,2521,-1,2521,2524,2523,-1,2525,2531,2532,-1,2531,2525,2493,-1,2493,2525,2526,-1,2493,2526,2494,-1,2494,2526,2527,-1,2494,2527,2547,-1,2532,2533,2525,-1,2525,2533,2534,-1,2525,2534,2536,-1,2536,2534,2535,-1,2544,2545,2530,-1,2530,2545,2546,-1,2530,2546,2529,-1,2529,2546,2547,-1,2529,2547,2528,-1,2528,2547,2527,-1,2547,2548,2494,-1,2494,2548,2538,-1,2494,2538,2537,-1,2537,2538,2539,-1,2537,2539,2540,-1,2541,2542,2540,-1,2540,2542,2543,-1,2540,2543,2537,-1,2226,2228,2449,-1,2449,2228,2447,-1,2520,2522,2448,-1,2448,2522,2450,-1,2549,2550,2551,-1,2549,2551,2552,-1,2553,2552,2551,-1,2554,2553,2551,-1,2555,2554,2551,-1,2556,2555,2551,-1,2557,2556,2551,-1,2558,2557,2551,-1,2559,2558,2551,-1,2560,2559,2551,-1,2561,2560,2551,-1,2562,2561,2551,-1,2563,2562,2551,-1,2564,2563,2551,-1,2565,2564,2551,-1,2566,2565,2551,-1,2567,2566,2551,-1,2568,2567,2551,-1,2569,2568,2551,-1,2570,2569,2551,-1,2571,2570,2551,-1,2572,2571,2551,-1,2573,2572,2551,-1,2550,2573,2551,-1,2517,2574,2518,-1,2518,2574,2575,-1,2518,2575,2501,-1,2501,2575,2576,-1,2501,2576,2502,-1,2502,2576,2577,-1,2502,2577,2505,-1,2505,2577,2578,-1,2505,2578,2506,-1,2506,2578,2579,-1,2506,2579,2495,-1,2495,2579,2580,-1,2495,2580,2498,-1,2498,2580,2581,-1,2498,2581,2499,-1,2499,2581,2582,-1,2499,2582,2500,-1,2500,2582,2583,-1,2500,2583,2507,-1,2507,2583,2584,-1,2507,2584,2508,-1,2508,2584,2585,-1,2508,2585,2503,-1,2503,2585,2586,-1,2503,2586,2504,-1,2504,2586,2587,-1,2504,2587,2496,-1,2496,2587,2588,-1,2496,2588,2497,-1,2497,2588,2589,-1,2497,2589,2509,-1,2509,2589,2590,-1,2509,2590,2510,-1,2510,2590,2591,-1,2510,2591,2511,-1,2511,2591,2592,-1,2511,2592,2512,-1,2512,2592,2593,-1,2512,2593,2513,-1,2513,2593,2594,-1,2513,2594,2514,-1,2514,2594,2595,-1,2514,2595,2515,-1,2515,2595,2596,-1,2515,2596,2516,-1,2516,2596,2597,-1,2516,2597,2517,-1,2517,2597,2574,-1,2597,2598,2574,-1,2574,2598,2599,-1,2574,2599,2575,-1,2575,2599,2600,-1,2575,2600,2576,-1,2576,2600,2601,-1,2576,2601,2577,-1,2577,2601,2602,-1,2577,2602,2578,-1,2578,2602,2603,-1,2578,2603,2579,-1,2579,2603,2604,-1,2579,2604,2580,-1,2580,2604,2605,-1,2580,2605,2581,-1,2581,2605,2606,-1,2581,2606,2582,-1,2582,2606,2607,-1,2582,2607,2583,-1,2583,2607,2608,-1,2583,2608,2584,-1,2584,2608,2609,-1,2584,2609,2585,-1,2585,2609,2610,-1,2585,2610,2586,-1,2586,2610,2611,-1,2586,2611,2587,-1,2587,2611,2612,-1,2587,2612,2588,-1,2588,2612,2613,-1,2588,2613,2589,-1,2589,2613,2614,-1,2589,2614,2590,-1,2590,2614,2615,-1,2590,2615,2591,-1,2591,2615,2616,-1,2591,2616,2592,-1,2592,2616,2617,-1,2592,2617,2593,-1,2593,2617,2618,-1,2593,2618,2594,-1,2594,2618,2619,-1,2594,2619,2595,-1,2595,2619,2620,-1,2595,2620,2596,-1,2596,2620,2621,-1,2596,2621,2597,-1,2597,2621,2598,-1,2621,2622,2598,-1,2598,2622,2623,-1,2598,2623,2599,-1,2599,2623,2624,-1,2599,2624,2600,-1,2600,2624,2625,-1,2600,2625,2601,-1,2601,2625,2626,-1,2601,2626,2602,-1,2602,2626,2627,-1,2602,2627,2603,-1,2603,2627,2628,-1,2603,2628,2604,-1,2604,2628,2629,-1,2604,2629,2605,-1,2605,2629,2630,-1,2605,2630,2606,-1,2606,2630,2631,-1,2606,2631,2607,-1,2607,2631,2632,-1,2607,2632,2608,-1,2608,2632,2633,-1,2608,2633,2609,-1,2609,2633,2634,-1,2609,2634,2610,-1,2610,2634,2635,-1,2610,2635,2611,-1,2611,2635,2636,-1,2611,2636,2612,-1,2612,2636,2637,-1,2612,2637,2613,-1,2613,2637,2638,-1,2613,2638,2614,-1,2614,2638,2639,-1,2614,2639,2615,-1,2615,2639,2640,-1,2615,2640,2616,-1,2616,2640,2641,-1,2616,2641,2617,-1,2617,2641,2642,-1,2617,2642,2618,-1,2618,2642,2643,-1,2618,2643,2619,-1,2619,2643,2644,-1,2619,2644,2620,-1,2620,2644,2645,-1,2620,2645,2621,-1,2621,2645,2622,-1,2645,2646,2622,-1,2622,2646,2647,-1,2622,2647,2623,-1,2623,2647,2648,-1,2623,2648,2624,-1,2624,2648,2649,-1,2624,2649,2625,-1,2625,2649,2650,-1,2625,2650,2626,-1,2626,2650,2651,-1,2626,2651,2627,-1,2627,2651,2652,-1,2627,2652,2628,-1,2628,2652,2653,-1,2628,2653,2629,-1,2629,2653,2654,-1,2629,2654,2630,-1,2630,2654,2655,-1,2630,2655,2631,-1,2631,2655,2656,-1,2631,2656,2632,-1,2632,2656,2657,-1,2632,2657,2633,-1,2633,2657,2658,-1,2633,2658,2634,-1,2634,2658,2659,-1,2634,2659,2635,-1,2635,2659,2660,-1,2635,2660,2636,-1,2636,2660,2661,-1,2636,2661,2637,-1,2637,2661,2662,-1,2637,2662,2638,-1,2638,2662,2663,-1,2638,2663,2639,-1,2639,2663,2664,-1,2639,2664,2640,-1,2640,2664,2665,-1,2640,2665,2641,-1,2641,2665,2666,-1,2641,2666,2642,-1,2642,2666,2667,-1,2642,2667,2643,-1,2643,2667,2668,-1,2643,2668,2644,-1,2644,2668,2669,-1,2644,2669,2645,-1,2645,2669,2646,-1,2669,2550,2646,-1,2646,2550,2549,-1,2646,2549,2647,-1,2647,2549,2552,-1,2647,2552,2648,-1,2648,2552,2553,-1,2648,2553,2649,-1,2649,2553,2554,-1,2649,2554,2650,-1,2650,2554,2555,-1,2650,2555,2651,-1,2651,2555,2556,-1,2651,2556,2652,-1,2652,2556,2557,-1,2652,2557,2653,-1,2653,2557,2558,-1,2653,2558,2654,-1,2654,2558,2559,-1,2654,2559,2655,-1,2655,2559,2560,-1,2655,2560,2656,-1,2656,2560,2561,-1,2656,2561,2657,-1,2657,2561,2562,-1,2657,2562,2658,-1,2658,2562,2563,-1,2658,2563,2659,-1,2659,2563,2564,-1,2659,2564,2660,-1,2660,2564,2565,-1,2660,2565,2661,-1,2661,2565,2566,-1,2661,2566,2662,-1,2662,2566,2567,-1,2662,2567,2663,-1,2663,2567,2568,-1,2663,2568,2664,-1,2664,2568,2569,-1,2664,2569,2665,-1,2665,2569,2570,-1,2665,2570,2666,-1,2666,2570,2571,-1,2666,2571,2667,-1,2667,2571,2572,-1,2667,2572,2668,-1,2668,2572,2573,-1,2668,2573,2669,-1,2669,2573,2550,-1,2433,2432,2347,-1,2347,2346,2433,-1,2433,2346,2344,-1,2433,2344,2430,-1,2344,2342,2430,-1,2430,2342,2341,-1,2430,2341,2431,-1,2341,2340,2431,-1,2431,2340,2339,-1,2431,2339,2434,-1,2339,2325,2434,-1,2434,2325,2324,-1,2434,2324,2435,-1,2324,2322,2435,-1,2435,2322,2321,-1,2435,2321,2436,-1,2321,2320,2436,-1,2436,2320,2338,-1,2436,2338,2437,-1,2338,2337,2437,-1,2437,2337,2336,-1,2437,2336,2440,-1,2331,2438,2332,-1,2332,2438,2439,-1,2332,2439,2334,-1,2334,2439,2440,-1,2334,2440,2335,-1,2335,2440,2336,-1,2427,2426,2432,-1,2432,2426,2347,-1,
        ]
    }
}
Shape{
    appearance Appearance {
        material  Material {
            diffuseColor 0.7803921568627451 0.7803921568627451 0.7803921568627451
            specularColor 0.6862745098039216 0.6862745098039216 0.6862745098039216
            ambientIntensity 0.7804
            transparency 0.0
            shininess 0.5
        }
    }
    geometry IndexedFaceSet {
        ccw TRUE
        solid FALSE
        coord DEF co Coordinate {
            point [
                4.8819 0.0394 3.937, 5.1181 0.0394 3.937, 4.8819 0.1969 3.7795, 5.1181 0.1969 3.7795, 5.1782 0.0 3.937, 5.1738 0.0068 3.937, 5.1735 -0.0063 3.937, 5.166 0.0164 3.937, 5.1482 -0.0309 3.937, 5.1575 -0.0245 3.937, 4.8218 0.0 3.937, 4.8262 -0.0068 3.937, 4.8265 0.0063 3.937, 4.834 -0.0164 3.937, 5.1575 0.0245 3.937, 5.1482 0.0309 3.937, 5.1385 0.0356 3.937, 4.8716 0.0384 3.937, 4.8615 0.0356 3.937, 4.8819 -0.0394 3.937, 4.8518 0.0309 3.937, 4.8425 0.0245 3.937, 5.1181 -0.0394 3.937, 5.1284 -0.0384 3.937, 5.1385 -0.0356 3.937, 4.8425 -0.0245 3.937, 4.8518 -0.0309 3.937, 4.8615 -0.0356 3.937, 5.166 -0.0164 3.937, 5.1284 0.0384 3.937, 4.834 0.0164 3.937, 4.8716 -0.0384 3.937, 4.8819 -0.1969 3.7795, 5.1181 -0.1969 3.7795, 5.1181 -0.1969 -1.4173, 4.8819 -0.1969 -1.4173, 4.8819 -0.0394 -1.5748, 5.1181 -0.0394 -1.5748, 5.1782 0.0 -1.5748, 5.1738 -0.0068 -1.5748, 5.1735 0.0063 -1.5748, 5.166 -0.0164 -1.5748, 5.1482 0.0309 -1.5748, 5.1575 0.0245 -1.5748, 4.8218 0.0 -1.5748, 4.8262 0.0068 -1.5748, 4.8265 -0.0063 -1.5748, 4.834 0.0164 -1.5748, 5.1575 -0.0245 -1.5748, 5.1482 -0.0309 -1.5748, 5.1385 -0.0356 -1.5748, 4.8716 -0.0384 -1.5748, 4.8615 -0.0356 -1.5748, 4.8819 0.0394 -1.5748, 4.8518 -0.0309 -1.5748, 4.8425 -0.0245 -1.5748, 5.1181 0.0394 -1.5748, 5.1284 0.0384 -1.5748, 5.1385 0.0356 -1.5748, 4.8425 0.0245 -1.5748, 4.8518 0.0309 -1.5748, 4.8615 0.0356 -1.5748, 5.166 0.0164 -1.5748, 5.1284 -0.0384 -1.5748, 4.834 -0.0164 -1.5748, 4.8716 0.0384 -1.5748, 4.8819 0.1969 -1.4173, 5.1181 0.1969 -1.4173, 5.1968 0.0 3.865, 5.1968 -0.1181 3.7469, 5.1968 0.1181 3.7469, 5.1968 -0.1181 -1.3847, 5.1968 0.1181 -1.3847, 5.1968 0.0 -1.5028, 4.8031 -0.1181 3.7469, 4.8031 0.0 3.865, 4.8031 0.1181 3.7469, 4.8031 -0.1181 -1.3847, 4.8031 0.1181 -1.3847, 4.8031 0.0 -1.5028, 4.8137 0.0 3.9207, 4.8716 -0.1962 3.7792, 4.8615 -0.1942 3.7784, 4.8518 -0.1909 3.777, 4.8425 -0.1863 3.7752, 4.834 -0.1806 3.7728, 4.8262 -0.1738 3.77, 4.8137 -0.1575 3.7632, 4.8058 0.0 3.8938, 4.8058 -0.1385 3.7554, 4.8716 -0.1962 -1.417, 4.8615 -0.1942 -1.4162, 4.8518 -0.1909 -1.4148, 4.8425 -0.1863 -1.413, 4.834 -0.1806 -1.4106, 4.8262 -0.1738 -1.4078, 4.8137 -0.1575 -1.401, 4.8058 -0.1385 -1.3931, 4.8262 0.1738 3.77, 4.8137 0.1575 3.7632, 4.8058 0.1385 3.7554, 4.834 0.1806 3.7728, 4.8425 0.1863 3.7752, 4.8518 0.1909 3.777, 4.8615 0.1942 3.7784, 4.8716 0.1962 3.7792, 4.8137 0.0 -1.5585, 4.8058 0.0 -1.5316, 4.8137 0.1575 -1.401, 4.8058 0.1385 -1.3931, 4.8716 0.1962 -1.417, 4.8615 0.1942 -1.4162, 4.8518 0.1909 -1.4148, 4.8425 0.1863 -1.413, 4.834 0.1806 -1.4106, 4.8262 0.1738 -1.4078, 5.1863 0.0 3.9207, 5.1738 -0.1738 3.77, 5.1863 -0.1575 3.7632, 5.1942 -0.1385 3.7554, 5.1942 0.0 3.8938, 5.166 -0.1806 3.7728, 5.1575 -0.1863 3.7752, 5.1482 -0.1909 3.777, 5.1385 -0.1942 3.7784, 5.1284 -0.1962 3.7792, 5.166 -0.1806 -1.4106, 5.1738 -0.1738 -1.4078, 5.1863 -0.1575 -1.401, 5.1942 -0.1385 -1.3931, 5.1284 -0.1962 -1.417, 5.1385 -0.1942 -1.4162, 5.1482 -0.1909 -1.4148, 5.1575 -0.1863 -1.413, 5.1284 0.1962 3.7792, 5.1385 0.1942 3.7784, 5.1482 0.1909 3.777, 5.1575 0.1863 3.7752, 5.166 0.1806 3.7728, 5.1738 0.1738 3.77, 5.1863 0.1575 3.7632, 5.1942 0.1385 3.7554, 5.1863 0.0 -1.5585, 5.1942 0.0 -1.5316, 5.1284 0.1962 -1.417, 5.1385 0.1942 -1.4162, 5.1482 0.1909 -1.4148, 5.1575 0.1863 -1.413, 5.166 0.1806 -1.4106, 5.1738 0.1738 -1.4078, 5.1863 0.1575 -1.401, 5.1942 0.1385 -1.3931
            ]
        }
        coordIndex [
            0,1,2,-1,2,1,3,-1,4,5,6,-1,6,5,7,-1,8,9,1,-1,10,11,12,-1,12,11,13,-1,7,14,6,-1,6,14,15,-1,6,15,16,-1,17,18,19,-1,19,18,20,-1,19,20,21,-1,22,23,1,-1,1,23,24,-1,1,24,8,-1,13,25,12,-1,12,25,26,-1,12,26,27,-1,9,28,1,-1,1,28,6,-1,1,6,29,-1,29,6,16,-1,22,1,19,-1,19,1,0,-1,19,0,17,-1,21,30,19,-1,19,30,12,-1,19,12,31,-1,31,12,27,-1,32,33,19,-1,19,33,22,-1,33,32,34,-1,34,32,35,-1,36,37,35,-1,35,37,34,-1,38,39,40,-1,40,39,41,-1,42,43,37,-1,44,45,46,-1,46,45,47,-1,41,48,40,-1,40,48,49,-1,40,49,50,-1,51,52,53,-1,53,52,54,-1,53,54,55,-1,56,57,37,-1,37,57,58,-1,37,58,42,-1,47,59,46,-1,46,59,60,-1,46,60,61,-1,43,62,37,-1,37,62,40,-1,37,40,63,-1,63,40,50,-1,56,37,53,-1,53,37,36,-1,53,36,51,-1,55,64,53,-1,53,64,46,-1,53,46,65,-1,65,46,61,-1,66,67,53,-1,53,67,56,-1,67,66,3,-1,3,66,2,-1,68,69,70,-1,70,69,71,-1,70,71,72,-1,72,71,73,-1,74,75,76,-1,74,76,77,-1,77,76,78,-1,77,78,79,-1,11,10,80,-1,32,19,81,-1,81,19,31,-1,81,31,82,-1,82,31,27,-1,82,27,83,-1,83,27,26,-1,83,26,84,-1,84,26,25,-1,84,25,85,-1,85,25,13,-1,85,13,86,-1,13,11,86,-1,86,11,80,-1,86,80,87,-1,87,80,88,-1,87,88,89,-1,89,88,75,-1,89,75,74,-1,35,32,81,-1,35,81,90,-1,90,81,82,-1,90,82,91,-1,91,82,83,-1,91,83,92,-1,92,83,84,-1,92,84,93,-1,93,84,85,-1,93,85,94,-1,94,85,86,-1,94,86,95,-1,95,86,87,-1,95,87,96,-1,96,87,89,-1,96,89,97,-1,97,89,74,-1,97,74,77,-1,80,10,12,-1,98,99,80,-1,80,99,100,-1,80,100,88,-1,88,100,76,-1,88,76,75,-1,80,12,98,-1,98,12,30,-1,98,30,101,-1,101,30,21,-1,101,21,102,-1,102,21,20,-1,102,20,103,-1,103,20,18,-1,103,18,104,-1,104,18,17,-1,104,17,105,-1,105,17,0,-1,105,0,2,-1,36,35,90,-1,36,90,51,-1,51,90,91,-1,51,91,52,-1,52,91,92,-1,52,92,54,-1,54,92,93,-1,54,93,55,-1,55,93,94,-1,55,94,64,-1,64,94,95,-1,64,95,46,-1,46,95,106,-1,46,106,44,-1,95,96,106,-1,106,96,97,-1,106,97,107,-1,107,97,77,-1,107,77,79,-1,98,108,99,-1,99,108,109,-1,99,109,100,-1,100,109,78,-1,100,78,76,-1,2,66,105,-1,105,66,110,-1,105,110,104,-1,104,110,111,-1,104,111,103,-1,103,111,112,-1,103,112,102,-1,102,112,113,-1,102,113,101,-1,101,113,114,-1,101,114,98,-1,98,114,115,-1,98,115,108,-1,45,44,106,-1,66,53,110,-1,110,53,65,-1,110,65,111,-1,111,65,61,-1,111,61,112,-1,112,61,60,-1,112,60,113,-1,113,60,59,-1,113,59,114,-1,114,59,47,-1,114,47,115,-1,47,45,115,-1,115,45,106,-1,115,106,108,-1,108,106,107,-1,108,107,109,-1,109,107,79,-1,109,79,78,-1,116,4,6,-1,117,118,116,-1,116,118,119,-1,116,119,120,-1,120,119,69,-1,120,69,68,-1,116,6,117,-1,117,6,28,-1,117,28,121,-1,121,28,9,-1,121,9,122,-1,122,9,8,-1,122,8,123,-1,123,8,24,-1,123,24,124,-1,124,24,23,-1,124,23,125,-1,125,23,22,-1,125,22,33,-1,122,126,121,-1,121,126,127,-1,121,127,117,-1,117,127,128,-1,117,128,118,-1,118,128,129,-1,118,129,119,-1,119,129,71,-1,119,71,69,-1,33,34,125,-1,125,34,130,-1,125,130,124,-1,124,130,131,-1,124,131,123,-1,123,131,132,-1,123,132,122,-1,122,132,133,-1,122,133,126,-1,5,4,116,-1,3,1,134,-1,134,1,29,-1,134,29,135,-1,135,29,16,-1,135,16,136,-1,136,16,15,-1,136,15,137,-1,137,15,14,-1,137,14,138,-1,138,14,7,-1,138,7,139,-1,7,5,139,-1,139,5,116,-1,139,116,140,-1,140,116,120,-1,140,120,141,-1,141,120,68,-1,141,68,70,-1,34,37,130,-1,130,37,63,-1,130,63,131,-1,131,63,50,-1,131,50,132,-1,132,50,49,-1,132,49,133,-1,133,49,48,-1,133,48,126,-1,126,48,41,-1,126,41,127,-1,39,38,142,-1,41,39,127,-1,127,39,142,-1,127,142,128,-1,128,142,143,-1,128,143,129,-1,129,143,73,-1,129,73,71,-1,67,3,134,-1,67,134,144,-1,144,134,135,-1,144,135,145,-1,145,135,136,-1,145,136,146,-1,146,136,137,-1,146,137,147,-1,147,137,148,-1,148,137,138,-1,148,138,149,-1,138,139,149,-1,149,139,140,-1,149,140,150,-1,150,140,141,-1,150,141,151,-1,151,141,70,-1,151,70,72,-1,142,38,40,-1,149,150,142,-1,142,150,151,-1,142,151,143,-1,143,151,72,-1,143,72,73,-1,142,40,149,-1,149,40,62,-1,149,62,148,-1,148,62,43,-1,148,43,147,-1,147,43,42,-1,147,42,146,-1,146,42,58,-1,146,58,145,-1,145,58,57,-1,145,57,144,-1,144,57,56,-1,144,56,67,-1,
        ]
    }
}
Shape{
    appearance Appearance {
        material  Material {
            diffuseColor 0.0 0.7529411764705882 0.0
            specularColor 0.0 0.3764705882352941 0.0
            ambientIntensity 0.442
            transparency 0.0
            shininess 0.5
        }
    }
    geometry IndexedFaceSet {
        ccw TRUE
        solid FALSE
        coord DEF co Coordinate {
            point [
                -7.9213 1.1272 4.7244, -7.9213 1.0977 4.3706, -7.2953 1.1272 4.7244, -7.2127 1.0977 4.3706, -7.1575 1.089 4.1339, -7.9213 1.0879 4.0157, -6.8425 1.089 4.1339, -6.0 1.0879 4.0157, -6.7873 1.0977 4.3706, -6.0 1.0977 4.3706, -6.0 1.1272 4.7244, -6.7047 1.1272 4.7244, -7.6081 0.5002 0.3937, -7.5145 0.596 0.3937, -7.9213 1.0879 0.3937, -7.7489 0.2513 0.3937, -7.7402 0.2684 0.3937, -7.8143 0.2165 0.3937, -7.9213 0.2165 0.3937, -7.684 0.39 0.3937, -7.1575 0.7715 0.3937, -7.1575 1.0879 0.3937, -7.2859 0.7337 0.3937, -7.4061 0.6746 0.3937, -7.7952 0.2189 0.3937, -7.7773 0.2258 0.3937, -7.7615 0.2368 0.3937, -7.8143 0.2165 1.1024, -7.9213 0.2165 1.1811, -7.4419 0.2165 1.1024, -7.4419 0.2165 1.1811, -7.8612 -0.2559 0.3937, -7.9213 -0.2559 0.3937, -7.9213 -1.0381 0.3937, -7.8408 -0.2586 0.3937, -7.4694 -1.2168 0.3937, -7.2953 -1.2672 0.3937, -7.2953 -0.8218 0.3937, -7.6445 -1.1392 0.3937, -7.3058 -0.7825 0.3937, -7.3183 -0.7661 0.3937, -7.8071 -1.0381 0.3937, -7.8055 -0.279 0.3937, -7.8218 -0.2665 0.3937, -7.298 -0.8014 0.3937, -7.1575 1.0879 1.1024, -6.8425 1.0879 0.3937, -6.0 1.0879 0.3937, -6.8425 1.0879 1.1024, -7.8071 -1.0381 4.6693, -7.9213 -1.0381 4.7182, -7.8612 -0.2559 1.1811, -7.9213 -0.2559 1.1811, -6.7147 -1.2693 1.1811, -6.7047 -1.2672 1.1811, -6.7047 -0.8218 1.1811, -7.298 -0.8014 1.1811, -7.2953 -0.8218 1.1811, -6.7204 -0.405 1.1811, -7.3058 -0.7825 1.1811, -6.8255 -0.4601 1.1811, -6.9407 -0.4885 1.1811, -6.5222 0.1178 1.1811, -6.1782 -0.2665 1.1811, -6.5581 0.2165 1.1811, -6.1592 -0.2586 1.1811, -6.0 0.2165 1.1811, -6.1388 -0.2559 1.1811, -6.0 -0.2559 1.1811, -7.0593 -0.4885 1.1811, -7.1745 -0.4601 1.1811, -7.3183 -0.7661 1.1811, -7.2796 -0.405 1.1811, -7.8055 -0.279 1.1811, -7.8408 -0.2586 1.1811, -7.8218 -0.2665 1.1811, -7.4778 0.1178 1.1811, -7.4921 -0.0 1.1811, -6.5079 0.0 1.1811, -6.5222 -0.1178 1.1811, -6.1945 -0.279 1.1811, -7.3684 -0.3263 1.1811, -7.4358 -0.2287 1.1811, -7.4778 -0.1178 1.1811, -7.2953 -1.2672 1.1811, -7.2853 -1.2693 1.1811, -7.0957 -1.2959 1.1811, -6.9043 -1.2959 1.1811, -6.5642 -0.2287 1.1811, -6.6316 -0.3263 1.1811, -6.6817 -0.7661 1.1811, -6.6942 -0.7825 1.1811, -6.702 -0.8014 1.1811, -6.301 -1.1993 4.7244, -6.1678 -1.1169 4.7244, -6.1929 -1.0381 4.6693, -7.9213 -1.0496 4.7244, -7.7793 -1.152 4.7244, -6.3387 -1.1302 4.6693, -6.356 -1.1382 4.6693, -6.4768 -1.2807 4.7244, -6.5051 -1.2073 4.6693, -6.531 -1.2153 4.6693, -6.6618 -1.3382 4.7244, -6.6801 -1.2616 4.6693, -6.715 -1.2675 4.6693, -6.8529 -1.3705 4.7244, -6.8609 -1.2922 4.6693, -6.9043 -1.2937 4.6693, -7.0466 -1.3772 4.7244, -7.0441 -1.2985 4.6693, -7.0955 -1.2934 4.6693, -7.2394 -1.3581 4.7244, -7.2265 -1.2805 4.6693, -7.2847 -1.2667 4.6693, -7.428 -1.3136 4.7244, -7.4049 -1.2384 4.6693, -7.4684 -1.2141 4.6693, -7.6091 -1.2445 4.7244, -7.5761 -1.173 4.6693, -7.6431 -1.1366 4.6693, -7.7372 -1.0854 4.6693, -6.8032 -0.1969 0.9843, -6.8032 -1.5945 0.9843, -7.1969 -0.1969 0.9843, -7.1969 -1.5945 0.9843, -6.5079 -1.5945 0.2368, -6.5079 -1.5945 0.0787, -6.1969 -1.5945 0.0787, -6.1969 -1.5945 1.1811, -7.8032 -1.5945 1.1811, -7.1969 -1.5945 0.5512, -7.4921 -1.5945 0.0787, -7.4921 -1.5945 0.2368, -7.8032 -1.5945 0.0787, -7.4903 -1.5945 0.2515, -7.4848 -1.5945 0.2653, -7.4761 -1.5945 0.2773, -7.4647 -1.5945 0.2867, -7.4513 -1.5945 0.293, -7.4368 -1.5945 0.2958, -6.5353 -1.5945 0.2867, -6.5239 -1.5945 0.2773, -6.5152 -1.5945 0.2653, -6.5097 -1.5945 0.2515, -6.6263 -1.5945 0.3078, -6.5632 -1.5945 0.2958, -6.5487 -1.5945 0.293, -7.3737 -1.5945 0.3078, -7.3157 -1.5945 0.3351, -7.2662 -1.5945 0.376, -7.2285 -1.5945 0.4279, -7.2049 -1.5945 0.4875, -6.8032 -1.5945 0.5512, -6.7951 -1.5945 0.4875, -6.7715 -1.5945 0.4279, -6.7338 -1.5945 0.376, -6.6843 -1.5945 0.3351, -6.0 1.3424 4.7244, -6.7047 1.3424 4.7244, -6.815 1.6732 4.252, -6.0 1.6732 4.252, -6.8425 1.6732 4.1339, -6.0 1.6732 3.5433, -7.1575 1.6732 4.1339, -8.0 1.6732 3.5433, -7.185 1.6732 4.252, -8.0 1.6732 4.252, -7.9213 1.3424 4.7244, -7.2953 1.3424 4.7244, -7.9213 1.3583 4.7018, -8.0 1.3583 4.7018, -6.8425 0.7715 0.3937, -6.7141 0.7337 0.3937, -6.5939 0.6746 0.3937, -6.4855 0.596 0.3937, -6.3919 0.5002 0.3937, -6.316 0.39 0.3937, -6.0 0.2165 0.3937, -6.2598 0.2684 0.3937, -6.1857 0.2165 0.3937, -6.2511 0.2513 0.3937, -6.2385 0.2368 0.3937, -6.2227 0.2258 0.3937, -6.2048 0.2189 0.3937, -6.5581 0.2165 1.1024, -6.1857 0.2165 1.1024, -6.5306 -1.2168 0.3937, -6.7047 -1.2672 0.3937, -6.3555 -1.1392 0.3937, -6.1929 -1.0381 0.3937, -6.0 -1.0381 0.3937, -6.0 -0.2559 0.3937, -6.1388 -0.2559 0.3937, -6.7047 -0.8218 0.3937, -6.6817 -0.7661 0.3937, -6.6942 -0.7825 0.3937, -6.702 -0.8014 0.3937, -6.1592 -0.2586 0.3937, -6.1782 -0.2665 0.3937, -6.1945 -0.279 0.3937, -6.5642 0.2287 1.7717, -6.5222 0.1178 1.7717, -6.5079 0.0 1.7717, -6.5222 -0.1178 1.7717, -6.5642 -0.2287 1.7717, -6.6316 -0.3263 1.7717, -6.7204 -0.405 1.7717, -6.8255 -0.4601 1.7717, -6.9407 -0.4885 1.7717, -7.0593 -0.4885 1.7717, -7.1745 -0.4601 1.7717, -7.2796 -0.405 1.7717, -7.3684 -0.3263 1.7717, -7.4358 -0.2287 1.7717, -7.4778 -0.1178 1.7717, -7.4921 0.0 1.7717, -7.4778 0.1178 1.7717, -7.4358 0.2287 1.1024, -7.4358 0.2287 1.7717, -7.3684 0.3263 1.7717, -7.3684 0.3263 1.1024, -7.2796 0.405 1.7717, -7.2796 0.405 1.1024, -7.1745 0.4601 1.7717, -7.1745 0.4601 1.1024, -7.0593 0.4885 1.7717, -7.0593 0.4885 1.1024, -6.9407 0.4885 1.7717, -6.9407 0.4885 1.1024, -6.8255 0.4601 1.7717, -6.8255 0.4601 1.1024, -6.7204 0.405 1.7717, -6.7204 0.405 1.1024, -6.6316 0.3263 1.7717, -6.6316 0.3263 1.1024, -6.5642 0.2287 1.1024, -6.0 1.3583 0.0, -6.0 1.3583 3.5433, -6.0 -1.6732 0.0, -6.0 -1.1169 4.7244, -6.0 -1.6732 4.7244, -6.0 -1.0381 4.6693, -6.0 -1.6732 1.611, -8.0 -1.6732 4.7244, -8.0 1.3583 4.7244, -8.0 1.3583 0.0, -8.0 -1.6732 0.0, -8.0 -1.6732 1.611, -8.0 1.3583 3.5433, -7.9213 1.3583 4.7244, -7.1801 -1.6732 4.7244, -6.1969 -1.6732 0.0, -6.1969 -1.6732 1.2598, -7.1801 -1.6732 1.2598, -7.8032 -1.6732 0.0, -7.8032 -1.6732 1.2598, -7.2259 -1.6732 1.686, -7.3282 -1.6732 1.9644, -7.3588 -1.6732 1.9604, -7.402 -1.6732 1.9363, -7.4178 -1.6732 1.9174, -7.2508 -1.6732 1.6718, -7.3814 -1.6732 1.9514, -7.4291 -1.6732 1.8972, -7.4423 -1.6732 1.8542, -7.4464 -1.6732 1.8056, -7.2228 -1.6732 1.6864, -7.2149 -1.6732 1.9468, -7.2162 -1.6732 1.9332, -7.2177 -1.6732 1.9288, -7.2188 -1.6732 1.9267, -7.2199 -1.6732 1.9255, -7.736 -1.6732 1.6163, -7.7383 -1.6732 1.6187, -7.2202 -1.6732 1.9703, -7.2179 -1.6732 1.9668, -7.4018 -1.6732 1.677, -7.3807 -1.6732 1.6631, -7.3574 -1.6732 1.6549, -7.4423 -1.6732 1.7564, -7.4316 -1.6732 1.72, -7.2897 -1.6732 1.656, -7.3274 -1.6732 1.6517, -7.2212 -1.6732 1.9246, -7.2225 -1.6732 1.9241, -7.2244 -1.6732 1.9238, -7.2272 -1.6732 1.9243, -7.5434 -1.6732 1.614, -7.5446 -1.6732 1.6128, -7.3817 -1.6732 1.611, -7.2171 -1.6732 1.6446, -7.2192 -1.6732 1.641, -7.1801 -1.6732 1.611, -7.2227 -1.6732 1.6373, -7.2322 -1.6732 1.9269, -7.2524 -1.6732 1.9415, -7.2709 -1.6732 1.9518, -7.6838 -1.6732 1.9952, -7.6838 -1.6732 1.6575, -7.5492 -1.6732 1.6575, -7.221 -1.6732 1.6862, -7.2198 -1.6732 1.6858, -7.2188 -1.6732 1.6851, -7.2999 -1.6732 1.9618, -7.3135 -1.6732 1.9638, -7.4175 -1.6732 1.6943, -7.7224 -1.6732 1.6112, -7.7282 -1.6732 1.6121, -7.7323 -1.6732 1.6137, -7.6855 -1.6732 1.9999, -7.6847 -1.6732 1.9986, -7.6841 -1.6732 1.9972, -7.462 -1.6732 1.9477, -7.4361 -1.6732 1.9746, -7.5439 -1.6732 1.6553, -7.5426 -1.6732 1.6537, -7.4828 -1.6732 1.6934, -7.328 -1.6732 2.0107, -7.2822 -1.6732 2.0043, -7.546 -1.6732 1.612, -7.5475 -1.6732 1.6115, -7.5497 -1.6732 1.6112, -7.2367 -1.6732 1.6284, -7.2739 -1.6732 1.6138, -7.2894 -1.6732 1.611, -7.3789 -1.6732 1.61, -7.3351 -1.6732 1.6054, -7.3175 -1.6732 1.606, -7.4836 -1.6732 1.911, -7.2487 -1.6732 1.9917, -7.2279 -1.6732 1.9782, -7.6962 -1.6732 2.0037, -7.6882 -1.6732 2.0017, -7.6867 -1.6732 2.0009, -7.4062 -1.6732 1.9936, -7.3714 -1.6732 2.0059, -7.4127 -1.6732 1.6215, -7.5404 -1.6732 1.6204, -7.5417 -1.6732 1.6167, -7.2162 -1.6732 1.9617, -7.2149 -1.6732 1.9488, -7.2151 -1.6732 1.6724, -7.2149 -1.6732 1.6627, -7.2155 -1.6732 1.6509, -7.7402 -1.6732 1.9997, -7.7392 -1.6732 2.0006, -7.547 -1.6732 1.6572, -7.4987 -1.6732 1.8631, -7.2179 -1.6732 1.6842, -7.2171 -1.6732 1.6828, -7.2157 -1.6732 1.6778, -7.4647 -1.6732 1.6636, -7.5409 -1.6732 1.6505, -7.5399 -1.6732 1.6464, -7.5457 -1.6732 1.6567, -7.4987 -1.6732 1.742, -7.5043 -1.6732 1.8029, -7.441 -1.6732 1.6393, -7.5391 -1.6732 1.6345, -7.7373 -1.6732 2.0016, -7.7373 -1.6732 2.0017, -7.7307 -1.6732 2.0034, -7.7399 -1.6732 1.6218, -7.7414 -1.6732 1.6272, -7.7417 -1.6732 1.6323, -7.7417 -1.6732 1.9952, -7.7414 -1.6732 1.9972, -7.7409 -1.6732 1.9986, -7.725 -1.6732 2.0043, -7.7128 -1.6732 2.0049, -6.4456 -1.6732 1.6185, -6.4472 -1.6732 1.6164, -6.2111 -1.6732 1.6161, -6.2096 -1.6732 1.6146, -6.9519 -1.6732 1.7995, -6.9532 -1.6732 1.7981, -6.9334 -1.6732 1.6571, -7.1357 -1.6732 1.6136, -7.1395 -1.6732 1.6162, -6.928 -1.6732 1.9641, -6.9293 -1.6732 1.9617, -6.9563 -1.6732 1.8366, -6.9304 -1.6732 1.9605, -6.4861 -1.6732 1.6117, -6.4922 -1.6732 1.613, -6.7362 -1.6732 1.6112, -6.8385 -1.6732 1.9836, -6.9527 -1.6732 1.8343, -6.9512 -1.6732 1.8323, -6.825 -1.6732 1.6121, -6.8291 -1.6732 1.6137, -6.936 -1.6732 1.6112, -6.9318 -1.6732 1.9595, -6.9333 -1.6732 1.9589, -6.9587 -1.6732 1.837, -6.9356 -1.6732 1.9586, -7.0875 -1.6732 1.837, -7.0875 -1.6732 1.9586, -6.8339 -1.6732 1.9988, -6.8303 -1.6732 2.0017, -6.9319 -1.6732 1.6565, -6.2001 -1.6732 1.6118, -6.2049 -1.6732 1.6126, -6.2078 -1.6732 1.6135, -6.2136 -1.6732 1.6205, -6.2474 -1.6732 1.7154, -6.4117 -1.6732 1.7154, -6.9359 -1.6732 2.0049, -6.9336 -1.6732 2.0045, -6.9319 -1.6732 2.0038, -6.9302 -1.6732 2.0026, -6.9292 -1.6732 2.0014, -6.9254 -1.6732 1.9813, -6.9269 -1.6732 1.9677, -6.8356 -1.6732 1.9966, -6.3021 -1.6732 2.0028, -6.2983 -1.6732 2.0012, -6.2136 -1.6732 1.6204, -6.4441 -1.6732 1.6218, -6.183 -1.6732 1.6112, -6.4496 -1.6732 1.6145, -6.4525 -1.6732 1.6131, -7.1438 -1.6732 1.9936, -7.1423 -1.6732 1.9967, -7.1405 -1.6732 1.9989, -6.9279 -1.6732 1.9986, -6.9263 -1.6732 1.9929, -6.3086 -1.6732 2.0041, -6.1579 -1.6732 1.6176, -6.1584 -1.6732 1.6162, -6.1594 -1.6732 1.6149, -6.1606 -1.6732 1.6139, -6.8353 -1.6732 1.6189, -6.9264 -1.6732 1.6216, -6.9278 -1.6732 1.6175, -7.1366 -1.6732 2.0019, -7.1325 -1.6732 2.0037, -7.1256 -1.6732 2.0049, -6.8371 -1.6732 1.9933, -6.9548 -1.6732 1.8359, -6.8382 -1.6732 1.9892, -6.7305 -1.6732 2.0049, -6.6787 -1.6732 2.0007, -6.3592 -1.6732 1.9997, -6.6378 -1.6732 1.9889, -6.6053 -1.6732 1.9707, -6.9498 -1.6732 1.8289, -6.9497 -1.6732 1.8285, -6.9486 -1.6732 1.8184, -6.9485 -1.6732 1.816, -6.9495 -1.6732 1.8051, -6.9507 -1.6732 1.8015, -7.0875 -1.6732 1.7965, -7.0875 -1.6732 1.6575, -6.9587 -1.6732 1.7965, -6.9357 -1.6732 1.6575, -6.9566 -1.6732 1.7967, -6.9549 -1.6732 1.7972, -6.9296 -1.6732 1.6144, -6.9308 -1.6732 1.613, -6.9323 -1.6732 1.6121, -6.8328 -1.6732 1.6163, -6.934 -1.6732 1.6115, -7.1421 -1.6732 1.6191, -7.1439 -1.6732 1.6224, -7.1451 -1.6732 1.6274, -6.4966 -1.6732 1.616, -6.5968 -1.6732 1.6535, -6.4956 -1.6732 1.6149, -6.6266 -1.6732 1.6335, -6.662 -1.6732 1.6199, -6.4944 -1.6732 1.614, -6.7233 -1.6732 1.6115, -6.3559 -1.6732 2.0019, -6.3509 -1.6732 2.0035, -6.1626 -1.6732 1.6129, -6.167 -1.6732 1.6119, -6.9301 -1.6732 1.655, -6.9288 -1.6732 1.6533, -6.8385 -1.6732 1.6324, -6.9269 -1.6732 1.6491, -6.826 -1.6732 2.0037, -6.8192 -1.6732 2.0049, -7.1454 -1.6732 1.6324, -7.1454 -1.6732 1.9836, -7.145 -1.6732 1.989, -6.5782 -1.6732 1.9452, -6.558 -1.6732 1.9135, -6.361 -1.6732 1.9976, -6.3626 -1.6732 1.9944, -6.3569 -1.6732 2.0014, -6.3377 -1.6732 2.0048, -6.3287 -1.6732 2.0049, -6.1601 -1.6732 1.6314, -6.1578 -1.6732 1.6232, -6.1576 -1.6732 1.6194, -6.495 -1.6732 1.6316, -6.5548 -1.6732 1.7131, -6.4975 -1.6732 1.623, -6.573 -1.6732 1.6797, -6.4976 -1.6732 1.6196, -6.4972 -1.6732 1.6175, -6.2961 -1.6732 1.9996, -6.2943 -1.6732 1.9973, -6.2927 -1.6732 1.994, -6.8369 -1.6732 1.622, -6.8382 -1.6732 1.6275, -6.9254 -1.6732 1.6342, -6.926 -1.6732 1.6452, -6.4589 -1.6732 1.6118, -6.4731 -1.6732 1.6112, -6.5429 -1.6732 1.8689, -6.5375 -1.6732 1.8138, -6.5419 -1.6732 1.7584, -7.1258 -1.6732 1.6112, -7.1317 -1.6732 1.6121, -6.8192 -1.6732 1.6112, -7.8032 1.122 0.0, -6.1969 1.122 0.0, -7.1969 -0.1969 1.7717, -6.8032 0.1969 1.7717, -6.8032 -0.1969 1.7717, -7.1969 0.1969 1.7717, -6.2048 0.2189 1.1024, -6.2227 0.2258 1.1024, -6.2385 0.2368 1.1024, -6.2511 0.2513 1.1024, -6.2598 0.2684 1.1024, -6.316 0.39 1.1024, -6.3919 0.5002 1.1024, -6.4855 0.596 1.1024, -6.5939 0.6746 1.1024, -6.7141 0.7337 1.1024, -6.8425 0.7715 1.1024, -7.1575 0.7715 1.1024, -7.2859 0.7337 1.1024, -7.4061 0.6746 1.1024, -7.5145 0.596 1.1024, -7.6081 0.5002 1.1024, -7.684 0.39 1.1024, -7.7402 0.2684 1.1024, -7.7489 0.2513 1.1024, -7.7615 0.2368 1.1024, -7.7773 0.2258 1.1024, -7.7952 0.2189 1.1024, -7.8032 1.122 0.0787, -6.1969 1.122 0.0787, -6.5079 0.6102 0.0787, -7.4921 0.6102 0.0787, -7.0647 0.8014 0.0787, -7.0458 0.7869 0.0787, -7.0793 0.8204 0.0787, -6.9542 0.7869 0.0787, -6.9353 0.8014 0.0787, -7.0237 0.7777 0.0787, -7.0 0.7746 0.0787, -6.9763 0.7777 0.0787, -6.9116 0.8898 0.0787, -6.9207 0.9119 0.0787, -6.9353 0.9309 0.0787, -6.9542 0.9454 0.0787, -7.0793 0.9119 0.0787, -7.0647 0.9309 0.0787, -7.0458 0.9454 0.0787, -7.0884 0.8898 0.0787, -7.0915 0.8661 0.0787, -7.0884 0.8425 0.0787, -6.9207 0.8204 0.0787, -6.9116 0.8425 0.0787, -6.9085 0.8661 0.0787, -6.9763 0.9546 0.0787, -7.0 0.9577 0.0787, -7.0237 0.9546 0.0787, -7.1969 0.6102 0.5512, -7.1969 0.1969 0.9843, -7.1969 0.6102 0.9843, -6.8032 0.1969 0.9843, -6.8032 0.6102 0.9843, -6.8032 0.6102 0.5512, -6.5632 0.6102 0.2958, -6.6263 0.6102 0.3078, -6.6843 0.6102 0.3351, -6.7338 0.6102 0.376, -6.7715 0.6102 0.4279, -6.7951 0.6102 0.4875, -6.5079 0.6102 0.2368, -6.5097 0.6102 0.2515, -6.5152 0.6102 0.2653, -6.5239 0.6102 0.2773, -6.5353 0.6102 0.2867, -6.5487 0.6102 0.293, -7.4921 0.6102 0.2368, -7.4368 0.6102 0.2958, -7.4513 0.6102 0.293, -7.4647 0.6102 0.2867, -7.4761 0.6102 0.2773, -7.4848 0.6102 0.2653, -7.4903 0.6102 0.2515, -7.2049 0.6102 0.4875, -7.2285 0.6102 0.4279, -7.2662 0.6102 0.376, -7.3157 0.6102 0.3351, -7.3737 0.6102 0.3078, -7.0118 0.8867 -0.0097, -7.0061 0.889 -0.0097, -7.0 0.8661 -0.0128, -7.0168 0.8829 -0.0097, -7.0205 0.878 -0.0097, -7.0229 0.8723 -0.0097, -7.0237 0.8661 -0.0097, -7.0229 0.86 -0.0097, -7.0205 0.8543 -0.0097, -7.0168 0.8494 -0.0097, -7.0118 0.8456 -0.0097, -7.0061 0.8433 -0.0097, -7.0 0.8425 -0.0097, -6.9939 0.8433 -0.0097, -6.9882 0.8456 -0.0097, -6.9832 0.8494 -0.0097, -6.9795 0.8543 -0.0097, -6.9771 0.86 -0.0097, -6.9763 0.8661 -0.0097, -6.9771 0.8723 -0.0097, -6.9795 0.878 -0.0097, -6.9832 0.8829 -0.0097, -6.9882 0.8867 -0.0097, -6.9939 0.889 -0.0097, -7.0 0.8898 -0.0097, -7.0229 0.9515 0.0551, -7.0442 0.9427 0.0551, -7.0625 0.9287 0.0551, -7.0766 0.9103 0.0551, -7.0854 0.889 0.0551, -7.0884 0.8661 0.0551, -7.0854 0.8433 0.0551, -7.0766 0.8219 0.0551, -7.0625 0.8036 0.0551, -7.0442 0.7896 0.0551, -7.0229 0.7807 0.0551, -7.0 0.7777 0.0551, -6.9771 0.7807 0.0551, -6.9558 0.7896 0.0551, -6.9375 0.8036 0.0551, -6.9234 0.8219 0.0551, -6.9146 0.8433 0.0551, -6.9116 0.8661 0.0551, -6.9146 0.889 0.0551, -6.9234 0.9103 0.0551, -6.9375 0.9287 0.0551, -6.9558 0.9427 0.0551, -6.9771 0.9515 0.0551, -7.0 0.9546 0.0551, -7.0205 0.9427 0.033, -7.0396 0.9348 0.033, -7.056 0.9222 0.033, -7.0686 0.9058 0.033, -7.0766 0.8867 0.033, -7.0793 0.8661 0.033, -7.0766 0.8456 0.033, -7.0686 0.8265 0.033, -7.056 0.8101 0.033, -7.0396 0.7975 0.033, -7.0205 0.7896 0.033, -7.0 0.7869 0.033, -6.9795 0.7896 0.033, -6.9604 0.7975 0.033, -6.944 0.8101 0.033, -6.9314 0.8265 0.033, -6.9234 0.8456 0.033, -6.9207 0.8661 0.033, -6.9234 0.8867 0.033, -6.9314 0.9058 0.033, -6.944 0.9222 0.033, -6.9604 0.9348 0.033, -6.9795 0.9427 0.033, -7.0 0.9454 0.033, -7.0168 0.9287 0.014, -7.0324 0.9222 0.014, -7.0458 0.9119 0.014, -7.056 0.8985 0.014, -7.0625 0.8829 0.014, -7.0647 0.8661 0.014, -7.0625 0.8494 0.014, -7.056 0.8338 0.014, -7.0458 0.8204 0.014, -7.0324 0.8101 0.014, -7.0168 0.8036 0.014, -7.0 0.8014 0.014, -6.9832 0.8036 0.014, -6.9676 0.8101 0.014, -6.9542 0.8204 0.014, -6.944 0.8338 0.014, -6.9375 0.8494 0.014, -6.9353 0.8661 0.014, -6.9375 0.8829 0.014, -6.944 0.8985 0.014, -6.9542 0.9119 0.014, -6.9676 0.9222 0.014, -6.9832 0.9287 0.014, -7.0 0.9309 0.014, -7.0118 0.9103 -0.0005, -7.0229 0.9058 -0.0005, -7.0324 0.8985 -0.0005, -7.0396 0.889 -0.0005, -7.0442 0.878 -0.0005, -7.0458 0.8661 -0.0005, -7.0442 0.8543 -0.0005, -7.0396 0.8433 -0.0005, -7.0324 0.8338 -0.0005, -7.0229 0.8265 -0.0005, -7.0118 0.8219 -0.0005, -7.0 0.8204 -0.0005, -6.9882 0.8219 -0.0005, -6.9771 0.8265 -0.0005, -6.9676 0.8338 -0.0005, -6.9604 0.8433 -0.0005, -6.9558 0.8543 -0.0005, -6.9542 0.8661 -0.0005, -6.9558 0.878 -0.0005, -6.9604 0.889 -0.0005, -6.9676 0.8985 -0.0005, -6.9771 0.9058 -0.0005, -6.9882 0.9103 -0.0005, -7.0 0.9119 -0.0005
            ]
        }
        coordIndex [
            0,1,2,-1,2,1,3,-1,3,1,4,-1,4,1,5,-1,4,5,6,-1,6,5,7,-1,6,7,8,-1,7,9,8,-1,8,9,10,-1,8,10,11,-1,12,13,14,-1,15,16,17,-1,17,16,18,-1,18,16,14,-1,14,16,19,-1,14,19,12,-1,20,21,22,-1,22,21,14,-1,22,14,23,-1,23,14,13,-1,24,25,17,-1,17,25,26,-1,17,26,15,-1,17,18,27,-1,27,18,28,-1,27,28,29,-1,29,28,30,-1,31,32,33,-1,31,33,34,-1,35,36,37,-1,35,37,38,-1,39,40,41,-1,41,40,42,-1,41,42,33,-1,33,42,43,-1,33,43,34,-1,38,37,41,-1,41,37,44,-1,41,44,39,-1,14,21,45,-1,46,47,48,-1,48,47,7,-1,48,7,45,-1,45,7,5,-1,45,5,14,-1,49,41,50,-1,50,41,33,-1,31,51,32,-1,32,51,52,-1,53,54,55,-1,55,56,57,-1,56,58,59,-1,59,58,60,-1,59,60,61,-1,62,63,64,-1,64,63,65,-1,64,65,66,-1,66,65,67,-1,66,67,68,-1,61,69,59,-1,59,69,70,-1,59,70,71,-1,71,70,72,-1,71,72,73,-1,52,51,28,-1,28,51,74,-1,28,74,30,-1,30,74,75,-1,30,75,76,-1,76,75,77,-1,62,78,63,-1,63,78,79,-1,63,79,80,-1,72,81,73,-1,73,81,82,-1,73,82,75,-1,75,82,83,-1,75,83,77,-1,84,85,57,-1,57,85,86,-1,57,86,55,-1,55,86,87,-1,55,87,53,-1,79,88,80,-1,80,88,89,-1,80,89,90,-1,90,89,58,-1,90,58,91,-1,91,58,56,-1,91,56,92,-1,92,56,55,-1,93,94,95,-1,50,96,49,-1,49,96,97,-1,95,98,93,-1,93,98,99,-1,93,99,100,-1,99,101,100,-1,100,101,102,-1,100,102,103,-1,102,104,103,-1,103,104,105,-1,103,105,106,-1,105,107,106,-1,106,107,108,-1,106,108,109,-1,108,110,109,-1,109,110,111,-1,109,111,112,-1,111,113,112,-1,112,113,114,-1,112,114,115,-1,114,116,115,-1,115,116,117,-1,115,117,118,-1,117,119,118,-1,118,119,120,-1,118,120,97,-1,97,120,121,-1,97,121,49,-1,122,123,124,-1,124,123,125,-1,126,127,128,-1,123,129,125,-1,125,129,130,-1,125,130,131,-1,132,133,134,-1,134,133,135,-1,134,135,130,-1,130,135,136,-1,130,136,137,-1,137,138,130,-1,130,138,139,-1,130,139,140,-1,141,142,129,-1,129,142,143,-1,129,143,128,-1,128,143,144,-1,128,144,126,-1,145,146,129,-1,129,146,147,-1,129,147,141,-1,140,148,130,-1,130,148,149,-1,130,149,150,-1,150,151,130,-1,130,151,152,-1,130,152,131,-1,123,153,129,-1,129,153,154,-1,129,154,155,-1,155,156,129,-1,129,156,157,-1,129,157,145,-1,10,158,11,-1,11,158,159,-1,160,161,162,-1,162,161,163,-1,162,163,164,-1,164,163,165,-1,164,165,166,-1,166,165,167,-1,159,158,160,-1,160,158,161,-1,168,169,170,-1,170,169,166,-1,170,166,171,-1,171,166,167,-1,46,172,173,-1,46,173,47,-1,47,173,174,-1,47,174,175,-1,175,176,47,-1,47,176,177,-1,47,177,178,-1,178,177,179,-1,178,179,180,-1,180,179,181,-1,181,182,180,-1,180,182,183,-1,180,183,184,-1,185,64,186,-1,186,64,66,-1,186,66,180,-1,180,66,178,-1,84,36,35,-1,86,85,113,-1,113,111,86,-1,86,111,110,-1,86,110,87,-1,110,108,87,-1,87,108,107,-1,87,107,53,-1,187,188,54,-1,41,49,121,-1,41,121,38,-1,121,120,38,-1,38,120,119,-1,38,119,35,-1,35,119,117,-1,35,117,84,-1,84,117,116,-1,84,116,85,-1,85,116,114,-1,85,114,113,-1,107,105,53,-1,53,105,104,-1,53,104,54,-1,54,104,102,-1,54,102,187,-1,187,102,101,-1,187,101,189,-1,189,101,99,-1,189,99,190,-1,190,99,98,-1,190,98,95,-1,191,192,193,-1,194,188,187,-1,190,195,196,-1,187,189,194,-1,194,189,190,-1,194,190,197,-1,197,190,196,-1,193,198,191,-1,191,198,199,-1,191,199,190,-1,190,199,200,-1,190,200,195,-1,62,64,201,-1,201,202,62,-1,62,202,203,-1,62,203,78,-1,78,203,204,-1,78,204,79,-1,79,204,205,-1,79,205,88,-1,88,205,206,-1,88,206,89,-1,89,206,207,-1,89,207,58,-1,58,207,208,-1,58,208,60,-1,60,208,209,-1,60,209,61,-1,61,209,210,-1,61,210,69,-1,69,210,211,-1,69,211,70,-1,70,211,212,-1,70,212,72,-1,72,212,213,-1,72,213,81,-1,81,213,214,-1,81,214,82,-1,82,214,215,-1,82,215,83,-1,83,215,216,-1,83,216,77,-1,77,216,217,-1,77,217,76,-1,218,29,30,-1,76,217,30,-1,30,217,219,-1,30,219,218,-1,218,219,220,-1,218,220,221,-1,221,220,222,-1,221,222,223,-1,223,222,224,-1,223,224,225,-1,225,224,226,-1,225,226,227,-1,227,226,228,-1,227,228,229,-1,229,228,230,-1,229,230,231,-1,231,230,232,-1,231,232,233,-1,233,232,234,-1,233,234,235,-1,235,234,201,-1,235,201,236,-1,236,201,64,-1,236,64,185,-1,237,238,7,-1,161,158,10,-1,7,47,237,-1,237,47,178,-1,237,178,239,-1,238,163,7,-1,7,163,161,-1,7,161,9,-1,9,161,10,-1,240,241,242,-1,242,241,243,-1,242,243,191,-1,191,243,239,-1,191,239,192,-1,192,239,178,-1,192,178,68,-1,68,178,66,-1,244,245,171,-1,246,247,248,-1,246,248,249,-1,167,165,171,-1,171,165,249,-1,171,249,244,-1,244,249,248,-1,168,250,245,-1,0,2,169,-1,240,94,241,-1,241,94,93,-1,106,251,103,-1,103,251,241,-1,103,241,100,-1,100,241,93,-1,106,109,251,-1,251,109,112,-1,251,112,244,-1,244,112,115,-1,244,115,118,-1,169,168,0,-1,0,168,245,-1,0,245,96,-1,96,245,244,-1,96,244,97,-1,97,244,118,-1,252,239,253,-1,253,239,243,-1,253,243,254,-1,247,255,248,-1,248,255,256,-1,257,258,259,-1,260,261,262,-1,257,259,262,-1,262,259,263,-1,262,263,260,-1,261,264,262,-1,262,264,265,-1,262,265,266,-1,267,268,269,-1,269,270,267,-1,267,270,271,-1,267,271,272,-1,273,274,248,-1,275,276,251,-1,277,278,279,-1,266,280,262,-1,262,280,281,-1,262,281,282,-1,282,281,283,-1,272,284,267,-1,267,284,285,-1,267,285,257,-1,257,285,286,-1,257,286,287,-1,288,289,290,-1,291,292,293,-1,293,292,294,-1,287,295,257,-1,257,295,296,-1,257,296,297,-1,298,299,300,-1,267,301,268,-1,268,301,302,-1,268,302,303,-1,297,304,257,-1,257,304,305,-1,257,305,258,-1,283,281,279,-1,279,281,306,-1,279,306,277,-1,307,308,248,-1,248,308,309,-1,248,309,273,-1,310,311,251,-1,251,311,312,-1,313,314,251,-1,315,316,317,-1,251,318,319,-1,289,320,290,-1,290,320,321,-1,290,321,322,-1,294,323,293,-1,293,323,324,-1,293,324,325,-1,322,307,290,-1,290,307,248,-1,290,248,326,-1,326,248,256,-1,326,256,327,-1,327,256,254,-1,327,254,328,-1,313,251,329,-1,319,330,251,-1,251,330,331,-1,251,331,275,-1,332,333,251,-1,251,333,334,-1,251,334,310,-1,314,335,251,-1,251,335,336,-1,251,336,318,-1,337,338,290,-1,290,338,339,-1,290,339,288,-1,276,340,251,-1,251,340,341,-1,251,341,293,-1,293,341,268,-1,342,343,293,-1,293,343,344,-1,293,344,291,-1,244,345,251,-1,251,345,346,-1,298,300,312,-1,312,300,347,-1,312,347,251,-1,251,347,348,-1,251,348,329,-1,303,349,268,-1,268,349,350,-1,268,350,293,-1,293,350,351,-1,293,351,342,-1,317,316,352,-1,352,316,353,-1,352,353,354,-1,315,317,355,-1,355,317,356,-1,355,356,347,-1,347,356,357,-1,347,357,348,-1,337,358,338,-1,338,358,352,-1,338,352,359,-1,359,352,354,-1,346,360,251,-1,251,360,361,-1,251,361,362,-1,274,363,248,-1,248,363,364,-1,248,364,365,-1,365,366,248,-1,248,366,367,-1,248,367,244,-1,244,367,368,-1,244,368,345,-1,362,369,251,-1,251,369,370,-1,251,370,332,-1,371,372,373,-1,373,372,374,-1,375,376,377,-1,378,379,293,-1,380,381,382,-1,382,381,383,-1,384,385,386,-1,387,388,389,-1,390,391,392,-1,383,393,382,-1,382,393,394,-1,382,394,395,-1,395,394,396,-1,395,396,397,-1,397,396,398,-1,399,400,241,-1,387,377,401,-1,402,403,372,-1,372,403,404,-1,372,404,374,-1,405,406,407,-1,408,409,241,-1,409,410,241,-1,241,410,411,-1,241,411,412,-1,241,413,414,-1,399,241,415,-1,416,417,241,-1,373,418,371,-1,371,418,405,-1,371,405,419,-1,419,405,407,-1,402,372,420,-1,420,372,421,-1,420,421,422,-1,423,424,251,-1,251,424,425,-1,412,426,241,-1,241,426,427,-1,241,427,413,-1,416,241,428,-1,429,430,243,-1,243,430,431,-1,243,431,432,-1,433,434,435,-1,425,436,251,-1,251,436,437,-1,251,437,241,-1,241,437,438,-1,241,438,408,-1,439,415,440,-1,440,415,241,-1,440,241,382,-1,382,241,414,-1,382,414,380,-1,388,387,440,-1,440,387,441,-1,440,441,439,-1,442,443,444,-1,444,443,445,-1,444,445,446,-1,389,447,387,-1,387,447,448,-1,387,448,449,-1,449,450,387,-1,387,450,451,-1,387,451,377,-1,377,451,452,-1,377,452,375,-1,453,454,455,-1,455,454,456,-1,455,456,457,-1,457,456,377,-1,457,377,458,-1,458,377,376,-1,435,459,433,-1,433,459,460,-1,433,460,461,-1,391,462,392,-1,392,462,433,-1,392,433,463,-1,463,433,461,-1,379,464,293,-1,293,464,465,-1,293,465,466,-1,467,468,469,-1,469,468,470,-1,469,470,471,-1,385,472,386,-1,386,472,469,-1,386,469,473,-1,473,469,471,-1,474,475,241,-1,432,476,243,-1,243,476,477,-1,243,477,420,-1,401,478,387,-1,387,478,479,-1,387,479,480,-1,480,479,481,-1,400,482,241,-1,241,482,483,-1,241,483,442,-1,466,484,293,-1,293,484,485,-1,293,485,251,-1,251,485,486,-1,251,486,423,-1,446,487,444,-1,444,487,488,-1,444,488,489,-1,489,488,490,-1,442,444,241,-1,241,444,491,-1,241,491,474,-1,475,492,241,-1,241,492,493,-1,241,493,428,-1,494,495,243,-1,243,495,496,-1,243,496,429,-1,497,498,499,-1,499,498,500,-1,499,500,501,-1,501,500,468,-1,501,468,502,-1,502,468,467,-1,417,503,241,-1,241,503,504,-1,241,504,243,-1,243,504,505,-1,243,505,494,-1,433,506,434,-1,434,506,507,-1,434,507,508,-1,508,507,480,-1,508,480,509,-1,509,480,481,-1,422,510,420,-1,420,510,511,-1,420,511,243,-1,243,511,293,-1,243,293,254,-1,254,293,325,-1,254,325,328,-1,488,512,490,-1,490,512,513,-1,490,513,497,-1,497,513,514,-1,497,514,498,-1,392,515,293,-1,293,515,516,-1,293,516,378,-1,390,392,517,-1,517,392,293,-1,517,293,386,-1,386,293,511,-1,386,511,384,-1,255,247,518,-1,518,247,246,-1,518,246,519,-1,519,246,237,-1,519,237,252,-1,252,237,239,-1,165,163,249,-1,249,163,238,-1,237,246,238,-1,238,246,249,-1,242,191,95,-1,95,191,190,-1,214,213,520,-1,520,213,212,-1,201,234,521,-1,521,234,232,-1,208,207,522,-1,522,207,206,-1,522,206,205,-1,212,211,520,-1,520,211,210,-1,520,210,522,-1,522,210,209,-1,522,209,208,-1,219,217,523,-1,523,217,216,-1,523,216,520,-1,520,216,215,-1,520,215,214,-1,232,230,521,-1,521,230,228,-1,521,228,523,-1,523,228,226,-1,523,226,224,-1,224,222,523,-1,523,222,220,-1,523,220,219,-1,205,204,522,-1,522,204,203,-1,522,203,521,-1,521,203,202,-1,521,202,201,-1,84,57,36,-1,36,57,37,-1,188,194,54,-1,54,194,55,-1,51,31,74,-1,74,31,34,-1,74,34,75,-1,75,34,43,-1,75,43,73,-1,73,43,42,-1,71,73,40,-1,40,73,42,-1,71,40,59,-1,59,40,39,-1,59,39,56,-1,56,39,44,-1,56,44,57,-1,57,44,37,-1,55,194,92,-1,92,194,197,-1,92,197,91,-1,91,197,196,-1,91,196,90,-1,90,196,195,-1,80,90,200,-1,200,90,195,-1,80,200,63,-1,63,200,199,-1,63,199,65,-1,65,199,198,-1,65,198,67,-1,67,198,193,-1,68,67,192,-1,192,67,193,-1,186,180,524,-1,524,180,184,-1,524,184,525,-1,525,184,183,-1,525,183,526,-1,526,183,182,-1,526,182,527,-1,527,182,181,-1,527,181,528,-1,528,181,179,-1,528,179,177,-1,528,177,529,-1,529,177,176,-1,529,176,530,-1,530,176,175,-1,530,175,531,-1,531,175,174,-1,531,174,532,-1,532,174,173,-1,532,173,533,-1,533,173,172,-1,533,172,534,-1,48,534,46,-1,46,534,172,-1,535,45,20,-1,20,45,21,-1,535,20,22,-1,535,22,536,-1,536,22,23,-1,536,23,537,-1,537,23,13,-1,537,13,538,-1,538,13,12,-1,538,12,539,-1,539,12,19,-1,539,19,540,-1,540,19,16,-1,540,16,541,-1,541,16,542,-1,542,16,15,-1,542,15,543,-1,543,15,26,-1,543,26,544,-1,544,26,25,-1,544,25,545,-1,545,25,24,-1,545,24,27,-1,27,24,17,-1,545,27,29,-1,186,524,185,-1,185,524,525,-1,185,525,526,-1,534,223,225,-1,542,543,29,-1,29,543,544,-1,29,544,545,-1,536,223,535,-1,535,223,534,-1,535,534,45,-1,45,534,48,-1,536,537,223,-1,223,537,538,-1,223,538,221,-1,221,538,539,-1,221,539,218,-1,218,539,540,-1,218,540,29,-1,29,540,541,-1,29,541,542,-1,526,527,185,-1,185,527,528,-1,185,528,236,-1,236,528,529,-1,236,529,235,-1,529,530,235,-1,235,530,531,-1,235,531,233,-1,233,531,532,-1,233,532,231,-1,231,532,533,-1,231,533,229,-1,229,533,534,-1,229,534,227,-1,227,534,225,-1,11,159,8,-1,8,159,160,-1,8,160,6,-1,6,160,162,-1,4,6,164,-1,164,6,162,-1,4,164,3,-1,3,164,166,-1,3,166,2,-1,2,166,169,-1,130,256,134,-1,134,256,255,-1,134,255,546,-1,546,255,518,-1,547,519,128,-1,128,519,252,-1,128,252,129,-1,129,252,253,-1,547,546,519,-1,519,546,518,-1,128,127,547,-1,547,127,548,-1,132,134,549,-1,549,134,546,-1,550,551,549,-1,550,549,552,-1,548,553,554,-1,551,555,549,-1,549,555,556,-1,549,556,548,-1,548,556,557,-1,548,557,553,-1,558,559,547,-1,547,559,560,-1,547,560,561,-1,562,546,563,-1,563,546,564,-1,562,565,546,-1,546,565,566,-1,546,566,549,-1,549,566,567,-1,549,567,552,-1,554,568,548,-1,548,568,569,-1,548,569,547,-1,547,569,570,-1,547,570,558,-1,561,571,547,-1,547,571,572,-1,547,572,546,-1,546,572,573,-1,546,573,564,-1,256,130,254,-1,254,130,129,-1,254,129,253,-1,131,574,575,-1,575,574,576,-1,125,131,124,-1,124,131,575,-1,124,575,520,-1,520,575,523,-1,575,576,577,-1,577,576,578,-1,153,123,579,-1,579,123,122,-1,578,579,577,-1,577,579,122,-1,577,122,521,-1,521,122,522,-1,580,146,145,-1,580,145,581,-1,581,145,157,-1,581,157,582,-1,582,157,156,-1,582,156,583,-1,583,156,155,-1,583,155,584,-1,584,155,154,-1,584,154,585,-1,585,154,153,-1,585,153,579,-1,586,126,587,-1,587,126,144,-1,587,144,588,-1,588,144,143,-1,588,143,589,-1,589,143,142,-1,589,142,590,-1,590,142,141,-1,590,141,591,-1,591,141,147,-1,591,147,580,-1,580,147,146,-1,586,548,126,-1,126,548,127,-1,549,592,132,-1,132,592,133,-1,593,140,594,-1,594,140,139,-1,594,139,595,-1,595,139,138,-1,595,138,596,-1,596,138,137,-1,596,137,597,-1,597,137,136,-1,597,136,598,-1,598,136,135,-1,598,135,592,-1,592,135,133,-1,574,131,152,-1,574,152,599,-1,599,152,151,-1,599,151,600,-1,600,151,150,-1,600,150,601,-1,601,150,149,-1,601,149,602,-1,602,149,148,-1,602,148,603,-1,603,148,140,-1,603,140,593,-1,600,584,585,-1,600,601,548,-1,548,601,602,-1,548,602,549,-1,591,580,586,-1,586,580,548,-1,580,581,548,-1,548,581,582,-1,548,582,600,-1,600,582,583,-1,600,583,584,-1,578,576,579,-1,579,576,574,-1,579,574,585,-1,585,574,599,-1,585,599,600,-1,595,596,592,-1,592,596,597,-1,592,597,598,-1,586,587,588,-1,602,603,549,-1,549,603,593,-1,549,593,592,-1,592,593,594,-1,592,594,595,-1,588,589,586,-1,586,589,590,-1,586,590,591,-1,122,124,522,-1,522,124,520,-1,575,577,523,-1,523,577,521,-1,604,605,606,-1,604,606,607,-1,608,607,606,-1,609,608,606,-1,610,609,606,-1,611,610,606,-1,612,611,606,-1,613,612,606,-1,614,613,606,-1,615,614,606,-1,616,615,606,-1,617,616,606,-1,618,617,606,-1,619,618,606,-1,620,619,606,-1,621,620,606,-1,622,621,606,-1,623,622,606,-1,624,623,606,-1,625,624,606,-1,626,625,606,-1,627,626,606,-1,628,627,606,-1,605,628,606,-1,572,629,573,-1,573,629,630,-1,573,630,564,-1,564,630,631,-1,564,631,563,-1,563,631,632,-1,563,632,562,-1,562,632,633,-1,562,633,565,-1,565,633,634,-1,565,634,566,-1,566,634,635,-1,566,635,567,-1,567,635,636,-1,567,636,552,-1,552,636,637,-1,552,637,550,-1,550,637,638,-1,550,638,551,-1,551,638,639,-1,551,639,555,-1,555,639,640,-1,555,640,556,-1,556,640,641,-1,556,641,557,-1,557,641,642,-1,557,642,553,-1,553,642,643,-1,553,643,554,-1,554,643,644,-1,554,644,568,-1,568,644,645,-1,568,645,569,-1,569,645,646,-1,569,646,570,-1,570,646,647,-1,570,647,558,-1,558,647,648,-1,558,648,559,-1,559,648,649,-1,559,649,560,-1,560,649,650,-1,560,650,561,-1,561,650,651,-1,561,651,571,-1,571,651,652,-1,571,652,572,-1,572,652,629,-1,652,653,629,-1,629,653,654,-1,629,654,630,-1,630,654,655,-1,630,655,631,-1,631,655,656,-1,631,656,632,-1,632,656,657,-1,632,657,633,-1,633,657,658,-1,633,658,634,-1,634,658,659,-1,634,659,635,-1,635,659,660,-1,635,660,636,-1,636,660,661,-1,636,661,637,-1,637,661,662,-1,637,662,638,-1,638,662,663,-1,638,663,639,-1,639,663,664,-1,639,664,640,-1,640,664,665,-1,640,665,641,-1,641,665,666,-1,641,666,642,-1,642,666,667,-1,642,667,643,-1,643,667,668,-1,643,668,644,-1,644,668,669,-1,644,669,645,-1,645,669,670,-1,645,670,646,-1,646,670,671,-1,646,671,647,-1,647,671,672,-1,647,672,648,-1,648,672,673,-1,648,673,649,-1,649,673,674,-1,649,674,650,-1,650,674,675,-1,650,675,651,-1,651,675,676,-1,651,676,652,-1,652,676,653,-1,676,677,653,-1,653,677,678,-1,653,678,654,-1,654,678,679,-1,654,679,655,-1,655,679,680,-1,655,680,656,-1,656,680,681,-1,656,681,657,-1,657,681,682,-1,657,682,658,-1,658,682,683,-1,658,683,659,-1,659,683,684,-1,659,684,660,-1,660,684,685,-1,660,685,661,-1,661,685,686,-1,661,686,662,-1,662,686,687,-1,662,687,663,-1,663,687,688,-1,663,688,664,-1,664,688,689,-1,664,689,665,-1,665,689,690,-1,665,690,666,-1,666,690,691,-1,666,691,667,-1,667,691,692,-1,667,692,668,-1,668,692,693,-1,668,693,669,-1,669,693,694,-1,669,694,670,-1,670,694,695,-1,670,695,671,-1,671,695,696,-1,671,696,672,-1,672,696,697,-1,672,697,673,-1,673,697,698,-1,673,698,674,-1,674,698,699,-1,674,699,675,-1,675,699,700,-1,675,700,676,-1,676,700,677,-1,700,701,677,-1,677,701,702,-1,677,702,678,-1,678,702,703,-1,678,703,679,-1,679,703,704,-1,679,704,680,-1,680,704,705,-1,680,705,681,-1,681,705,706,-1,681,706,682,-1,682,706,707,-1,682,707,683,-1,683,707,708,-1,683,708,684,-1,684,708,709,-1,684,709,685,-1,685,709,710,-1,685,710,686,-1,686,710,711,-1,686,711,687,-1,687,711,712,-1,687,712,688,-1,688,712,713,-1,688,713,689,-1,689,713,714,-1,689,714,690,-1,690,714,715,-1,690,715,691,-1,691,715,716,-1,691,716,692,-1,692,716,717,-1,692,717,693,-1,693,717,718,-1,693,718,694,-1,694,718,719,-1,694,719,695,-1,695,719,720,-1,695,720,696,-1,696,720,721,-1,696,721,697,-1,697,721,722,-1,697,722,698,-1,698,722,723,-1,698,723,699,-1,699,723,724,-1,699,724,700,-1,700,724,701,-1,724,605,701,-1,701,605,604,-1,701,604,702,-1,702,604,607,-1,702,607,703,-1,703,607,608,-1,703,608,704,-1,704,608,609,-1,704,609,705,-1,705,609,610,-1,705,610,706,-1,706,610,611,-1,706,611,707,-1,707,611,612,-1,707,612,708,-1,708,612,613,-1,708,613,709,-1,709,613,614,-1,709,614,710,-1,710,614,615,-1,710,615,711,-1,711,615,616,-1,711,616,712,-1,712,616,617,-1,712,617,713,-1,713,617,618,-1,713,618,714,-1,714,618,619,-1,714,619,715,-1,715,619,620,-1,715,620,716,-1,716,620,621,-1,716,621,717,-1,717,621,622,-1,717,622,718,-1,718,622,623,-1,718,623,719,-1,719,623,624,-1,719,624,720,-1,720,624,625,-1,720,625,721,-1,721,625,626,-1,721,626,722,-1,722,626,627,-1,722,627,723,-1,723,627,628,-1,723,628,724,-1,724,628,605,-1,240,242,94,-1,94,242,95,-1,28,50,52,-1,52,50,33,-1,52,33,32,-1,0,96,1,-1,1,96,50,-1,1,50,5,-1,5,50,28,-1,5,28,14,-1,14,28,18,-1,171,245,170,-1,170,245,250,-1,170,250,168,-1,
        ]
    }
}
Shape{
    appearance Appearance {
        material  Material {
            diffuseColor 1.0 1.0 1.0
            specularColor 0.5019607843137255 0.5019607843137255 0.5019607843137255
            ambientIntensity 1.0
            transparency 0.0
            shininess 0.5
        }
    }
    geometry IndexedFaceSet {
        ccw TRUE
        solid FALSE
        coord DEF co Coordinate {
            point [
                -7.7224 -1.6339 1.6112, -7.7224 -1.6732 1.6112, -7.5497 -1.6339 1.6112, -7.5497 -1.6732 1.6112, -7.7282 -1.6339 1.6121, -7.7282 -1.6732 1.6121, -7.7323 -1.6339 1.6137, -7.7323 -1.6732 1.6137, -7.736 -1.6339 1.6163, -7.736 -1.6732 1.6163, -7.7383 -1.6339 1.6187, -7.7383 -1.6732 1.6187, -7.7399 -1.6339 1.6218, -7.7399 -1.6732 1.6218, -7.7414 -1.6339 1.6272, -7.7414 -1.6732 1.6272, -7.7417 -1.6339 1.6323, -7.7417 -1.6732 1.6323, -7.7417 -1.6339 1.9952, -7.7417 -1.6732 1.9952, -7.7414 -1.6339 1.9972, -7.7414 -1.6732 1.9972, -7.7409 -1.6339 1.9986, -7.7409 -1.6732 1.9986, -7.7402 -1.6339 1.9997, -7.7402 -1.6732 1.9997, -7.7392 -1.6339 2.0006, -7.7392 -1.6732 2.0006, -7.7373 -1.6339 2.0016, -7.7373 -1.6732 2.0016, -7.7373 -1.6339 2.0017, -7.7373 -1.6732 2.0017, -7.7307 -1.6339 2.0034, -7.7307 -1.6732 2.0034, -7.725 -1.6339 2.0043, -7.725 -1.6732 2.0043, -7.7128 -1.6339 2.0049, -7.7128 -1.6732 2.0049, -7.6962 -1.6339 2.0037, -7.6962 -1.6732 2.0037, -7.6882 -1.6339 2.0017, -7.6882 -1.6732 2.0017, -7.6867 -1.6339 2.0009, -7.6867 -1.6732 2.0009, -7.6855 -1.6339 1.9999, -7.6855 -1.6732 1.9999, -7.6847 -1.6339 1.9986, -7.6847 -1.6732 1.9986, -7.6841 -1.6339 1.9972, -7.6841 -1.6732 1.9972, -7.6838 -1.6339 1.9952, -7.6838 -1.6732 1.9952, -7.6838 -1.6339 1.6575, -7.6838 -1.6732 1.6575, -7.5492 -1.6339 1.6575, -7.5492 -1.6732 1.6575, -7.547 -1.6339 1.6572, -7.547 -1.6732 1.6572, -7.5457 -1.6339 1.6567, -7.5457 -1.6732 1.6567, -7.5439 -1.6339 1.6553, -7.5439 -1.6732 1.6553, -7.5426 -1.6339 1.6537, -7.5426 -1.6732 1.6537, -7.5409 -1.6339 1.6505, -7.5409 -1.6732 1.6505, -7.5399 -1.6339 1.6464, -7.5399 -1.6732 1.6464, -7.5391 -1.6339 1.6345, -7.5391 -1.6732 1.6345, -7.5404 -1.6339 1.6204, -7.5404 -1.6732 1.6204, -7.5417 -1.6339 1.6167, -7.5417 -1.6732 1.6167, -7.5434 -1.6339 1.614, -7.5434 -1.6732 1.614, -7.5446 -1.6339 1.6128, -7.5446 -1.6732 1.6128, -7.546 -1.6339 1.612, -7.546 -1.6732 1.612, -7.5475 -1.6339 1.6115, -7.5475 -1.6732 1.6115, -6.183 -1.6732 1.6112, -6.183 -1.6339 1.6112, -6.2001 -1.6339 1.6118, -6.2001 -1.6732 1.6118, -6.2049 -1.6339 1.6126, -6.2049 -1.6732 1.6126, -6.2078 -1.6339 1.6135, -6.2078 -1.6732 1.6135, -6.2096 -1.6339 1.6146, -6.2096 -1.6732 1.6146, -6.2111 -1.6339 1.6161, -6.2111 -1.6732 1.6161, -6.2136 -1.6339 1.6204, -6.2136 -1.6732 1.6204, -6.2136 -1.6339 1.6205, -6.2136 -1.6732 1.6205, -6.2474 -1.6339 1.7154, -6.2474 -1.6732 1.7154, -6.4117 -1.6339 1.7154, -6.4117 -1.6732 1.7154, -6.4441 -1.6339 1.6218, -6.4441 -1.6732 1.6218, -6.4456 -1.6339 1.6185, -6.4456 -1.6732 1.6185, -6.4472 -1.6339 1.6164, -6.4472 -1.6732 1.6164, -6.4496 -1.6339 1.6145, -6.4496 -1.6732 1.6145, -6.4525 -1.6339 1.6131, -6.4525 -1.6732 1.6131, -6.4589 -1.6339 1.6118, -6.4589 -1.6732 1.6118, -6.4731 -1.6339 1.6112, -6.4731 -1.6732 1.6112, -6.4861 -1.6339 1.6117, -6.4861 -1.6732 1.6117, -6.4922 -1.6339 1.613, -6.4922 -1.6732 1.613, -6.4944 -1.6339 1.614, -6.4944 -1.6732 1.614, -6.4956 -1.6339 1.6149, -6.4956 -1.6732 1.6149, -6.4966 -1.6339 1.616, -6.4966 -1.6732 1.616, -6.4972 -1.6339 1.6175, -6.4972 -1.6732 1.6175, -6.4976 -1.6339 1.6196, -6.4976 -1.6732 1.6196, -6.4975 -1.6339 1.623, -6.4975 -1.6732 1.623, -6.495 -1.6339 1.6316, -6.495 -1.6732 1.6316, -6.3626 -1.6339 1.9944, -6.3626 -1.6732 1.9944, -6.361 -1.6339 1.9976, -6.361 -1.6732 1.9976, -6.3592 -1.6339 1.9997, -6.3592 -1.6732 1.9997, -6.3569 -1.6339 2.0014, -6.3569 -1.6732 2.0014, -6.3559 -1.6339 2.0019, -6.3559 -1.6732 2.0019, -6.3509 -1.6339 2.0035, -6.3509 -1.6732 2.0035, -6.3377 -1.6339 2.0048, -6.3377 -1.6732 2.0048, -6.3287 -1.6339 2.0049, -6.3287 -1.6732 2.0049, -6.3086 -1.6339 2.0041, -6.3086 -1.6732 2.0041, -6.3021 -1.6339 2.0028, -6.3021 -1.6732 2.0028, -6.2983 -1.6339 2.0012, -6.2983 -1.6732 2.0012, -6.2961 -1.6339 1.9996, -6.2961 -1.6732 1.9996, -6.2943 -1.6339 1.9973, -6.2943 -1.6732 1.9973, -6.2927 -1.6339 1.994, -6.2927 -1.6732 1.994, -6.1601 -1.6339 1.6314, -6.1601 -1.6732 1.6314, -6.1578 -1.6339 1.6232, -6.1578 -1.6732 1.6232, -6.1576 -1.6339 1.6194, -6.1576 -1.6732 1.6194, -6.1579 -1.6339 1.6176, -6.1579 -1.6732 1.6176, -6.1584 -1.6339 1.6162, -6.1584 -1.6732 1.6162, -6.1594 -1.6339 1.6149, -6.1594 -1.6732 1.6149, -6.1606 -1.6339 1.6139, -6.1606 -1.6732 1.6139, -6.1626 -1.6339 1.6129, -6.1626 -1.6732 1.6129, -6.167 -1.6339 1.6119, -6.167 -1.6732 1.6119, -6.3302 -1.6339 1.9528, -6.2612 -1.6339 1.7559, -6.3986 -1.6339 1.7559, -6.3305 -1.6339 1.9528, -6.3986 -1.6732 1.7559, -6.3305 -1.6732 1.9528, -6.2612 -1.6732 1.7559, -6.3302 -1.6732 1.9528, -6.8192 -1.6339 1.6112, -6.8192 -1.6732 1.6112, -6.7362 -1.6339 1.6112, -6.7362 -1.6732 1.6112, -6.825 -1.6339 1.6121, -6.825 -1.6732 1.6121, -6.8291 -1.6339 1.6137, -6.8291 -1.6732 1.6137, -6.8328 -1.6339 1.6163, -6.8328 -1.6732 1.6163, -6.8353 -1.6339 1.6189, -6.8353 -1.6732 1.6189, -6.8369 -1.6339 1.622, -6.8369 -1.6732 1.622, -6.8382 -1.6339 1.6275, -6.8382 -1.6732 1.6275, -6.8385 -1.6339 1.6324, -6.8385 -1.6732 1.6324, -6.8385 -1.6339 1.9836, -6.8385 -1.6732 1.9836, -6.8382 -1.6339 1.9892, -6.8382 -1.6732 1.9892, -6.8371 -1.6339 1.9933, -6.8371 -1.6732 1.9933, -6.8356 -1.6339 1.9966, -6.8356 -1.6732 1.9966, -6.8339 -1.6339 1.9988, -6.8339 -1.6732 1.9988, -6.8303 -1.6339 2.0017, -6.8303 -1.6732 2.0017, -6.826 -1.6339 2.0037, -6.826 -1.6732 2.0037, -6.8192 -1.6339 2.0049, -6.8192 -1.6732 2.0049, -6.7305 -1.6339 2.0049, -6.7305 -1.6732 2.0049, -6.6787 -1.6339 2.0007, -6.6787 -1.6732 2.0007, -6.6378 -1.6339 1.9889, -6.6378 -1.6732 1.9889, -6.6053 -1.6339 1.9707, -6.6053 -1.6732 1.9707, -6.5782 -1.6339 1.9452, -6.5782 -1.6732 1.9452, -6.558 -1.6339 1.9135, -6.558 -1.6732 1.9135, -6.5429 -1.6339 1.8689, -6.5429 -1.6732 1.8689, -6.5375 -1.6339 1.8138, -6.5375 -1.6732 1.8138, -6.5419 -1.6339 1.7584, -6.5419 -1.6732 1.7584, -6.5548 -1.6339 1.7131, -6.5548 -1.6732 1.7131, -6.573 -1.6339 1.6797, -6.573 -1.6732 1.6797, -6.5968 -1.6339 1.6535, -6.5968 -1.6732 1.6535, -6.6266 -1.6339 1.6335, -6.6266 -1.6732 1.6335, -6.662 -1.6339 1.6199, -6.662 -1.6732 1.6199, -6.7233 -1.6339 1.6115, -6.7233 -1.6732 1.6115, -6.7295 -1.6339 1.6575, -6.7806 -1.6339 1.6575, -6.7806 -1.6339 1.9586, -6.6141 -1.6339 1.7163, -6.6288 -1.6339 1.6945, -6.6455 -1.6339 1.6793, -6.695 -1.6339 1.6601, -6.6667 -1.6339 1.6677, -6.7302 -1.6339 1.9586, -6.6897 -1.6339 1.9547, -6.6635 -1.6339 1.9458, -6.6407 -1.6339 1.9313, -6.6219 -1.6339 1.9108, -6.6083 -1.6339 1.886, -6.599 -1.6339 1.8531, -6.6021 -1.6339 1.7487, -6.5955 -1.6339 1.8032, -6.5954 -1.6339 1.8115, -6.7806 -1.6732 1.9586, -6.7302 -1.6732 1.9586, -6.7806 -1.6732 1.6575, -6.7295 -1.6732 1.6575, -6.695 -1.6732 1.6601, -6.6667 -1.6732 1.6677, -6.6455 -1.6732 1.6793, -6.6288 -1.6732 1.6945, -6.6141 -1.6732 1.7163, -6.6021 -1.6732 1.7487, -6.5955 -1.6732 1.8032, -6.5954 -1.6732 1.8115, -6.599 -1.6732 1.8531, -6.6083 -1.6732 1.886, -6.6219 -1.6732 1.9108, -6.6407 -1.6732 1.9313, -6.6635 -1.6732 1.9458, -6.6897 -1.6732 1.9547, -7.1258 -1.6339 1.6112, -7.1258 -1.6732 1.6112, -6.936 -1.6339 1.6112, -6.936 -1.6732 1.6112, -7.1317 -1.6339 1.6121, -7.1317 -1.6732 1.6121, -7.1357 -1.6339 1.6136, -7.1357 -1.6732 1.6136, -7.1395 -1.6339 1.6162, -7.1395 -1.6732 1.6162, -7.1421 -1.6339 1.6191, -7.1421 -1.6732 1.6191, -7.1439 -1.6339 1.6224, -7.1439 -1.6732 1.6224, -7.1451 -1.6339 1.6274, -7.1451 -1.6732 1.6274, -7.1454 -1.6339 1.6324, -7.1454 -1.6732 1.6324, -7.1454 -1.6339 1.9836, -7.1454 -1.6732 1.9836, -7.145 -1.6339 1.989, -7.145 -1.6732 1.989, -7.1438 -1.6339 1.9936, -7.1438 -1.6732 1.9936, -7.1423 -1.6339 1.9967, -7.1423 -1.6732 1.9967, -7.1405 -1.6339 1.9989, -7.1405 -1.6732 1.9989, -7.1366 -1.6339 2.0019, -7.1366 -1.6732 2.0019, -7.1325 -1.6339 2.0037, -7.1325 -1.6732 2.0037, -7.1256 -1.6339 2.0049, -7.1256 -1.6732 2.0049, -6.9359 -1.6339 2.0049, -6.9359 -1.6732 2.0049, -6.9336 -1.6339 2.0045, -6.9336 -1.6732 2.0045, -6.9319 -1.6339 2.0038, -6.9319 -1.6732 2.0038, -6.9302 -1.6339 2.0026, -6.9302 -1.6732 2.0026, -6.9292 -1.6339 2.0014, -6.9292 -1.6732 2.0014, -6.9279 -1.6339 1.9986, -6.9279 -1.6732 1.9986, -6.9263 -1.6339 1.9929, -6.9263 -1.6732 1.9929, -6.9254 -1.6339 1.9813, -6.9254 -1.6732 1.9813, -6.9269 -1.6339 1.9677, -6.9269 -1.6732 1.9677, -6.928 -1.6339 1.9641, -6.928 -1.6732 1.9641, -6.9293 -1.6339 1.9617, -6.9293 -1.6732 1.9617, -6.9304 -1.6339 1.9605, -6.9304 -1.6732 1.9605, -6.9318 -1.6339 1.9595, -6.9318 -1.6732 1.9595, -6.9333 -1.6339 1.9589, -6.9333 -1.6732 1.9589, -6.9356 -1.6339 1.9586, -6.9356 -1.6732 1.9586, -7.0875 -1.6339 1.9586, -7.0875 -1.6732 1.9586, -7.0875 -1.6339 1.837, -7.0875 -1.6732 1.837, -6.9587 -1.6339 1.837, -6.9587 -1.6732 1.837, -6.9563 -1.6339 1.8366, -6.9563 -1.6732 1.8366, -6.9548 -1.6339 1.8359, -6.9548 -1.6732 1.8359, -6.9527 -1.6339 1.8343, -6.9527 -1.6732 1.8343, -6.9512 -1.6339 1.8323, -6.9512 -1.6732 1.8323, -6.9498 -1.6339 1.8289, -6.9498 -1.6732 1.8289, -6.9497 -1.6339 1.8285, -6.9497 -1.6732 1.8285, -6.9486 -1.6339 1.8184, -6.9486 -1.6732 1.8184, -6.9485 -1.6339 1.816, -6.9485 -1.6732 1.816, -6.9495 -1.6339 1.8051, -6.9495 -1.6732 1.8051, -6.9507 -1.6339 1.8015, -6.9507 -1.6732 1.8015, -6.9519 -1.6339 1.7995, -6.9519 -1.6732 1.7995, -6.9532 -1.6339 1.7981, -6.9532 -1.6732 1.7981, -6.9549 -1.6339 1.7972, -6.9549 -1.6732 1.7972, -6.9566 -1.6339 1.7967, -6.9566 -1.6732 1.7967, -6.9587 -1.6339 1.7965, -6.9587 -1.6732 1.7965, -7.0875 -1.6339 1.7965, -7.0875 -1.6732 1.7965, -7.0875 -1.6339 1.6575, -7.0875 -1.6732 1.6575, -6.9357 -1.6339 1.6575, -6.9357 -1.6732 1.6575, -6.9334 -1.6339 1.6571, -6.9334 -1.6732 1.6571, -6.9319 -1.6339 1.6565, -6.9319 -1.6732 1.6565, -6.9301 -1.6339 1.655, -6.9301 -1.6732 1.655, -6.9288 -1.6339 1.6533, -6.9288 -1.6732 1.6533, -6.9269 -1.6339 1.6491, -6.9269 -1.6732 1.6491, -6.926 -1.6339 1.6452, -6.926 -1.6732 1.6452, -6.9254 -1.6339 1.6342, -6.9254 -1.6732 1.6342, -6.9264 -1.6339 1.6216, -6.9264 -1.6732 1.6216, -6.9278 -1.6339 1.6175, -6.9278 -1.6732 1.6175, -6.9296 -1.6339 1.6144, -6.9296 -1.6732 1.6144, -6.9308 -1.6339 1.613, -6.9308 -1.6732 1.613, -6.9323 -1.6339 1.6121, -6.9323 -1.6732 1.6121, -6.934 -1.6339 1.6115, -6.934 -1.6732 1.6115, -7.3789 -1.6732 1.61, -7.3351 -1.6732 1.6054, -7.3789 -1.6339 1.61, -7.3351 -1.6339 1.6054, -7.3817 -1.6732 1.611, -7.4127 -1.6339 1.6215, -7.4127 -1.6732 1.6215, -7.441 -1.6339 1.6393, -7.441 -1.6732 1.6393, -7.4647 -1.6339 1.6636, -7.4647 -1.6732 1.6636, -7.4828 -1.6339 1.6934, -7.4828 -1.6732 1.6934, -7.4987 -1.6339 1.742, -7.4987 -1.6732 1.742, -7.5043 -1.6339 1.8029, -7.5043 -1.6732 1.8029, -7.4987 -1.6339 1.8631, -7.4987 -1.6732 1.8631, -7.4836 -1.6339 1.911, -7.4836 -1.6732 1.911, -7.462 -1.6339 1.9477, -7.462 -1.6732 1.9477, -7.4361 -1.6339 1.9746, -7.4361 -1.6732 1.9746, -7.4062 -1.6339 1.9936, -7.4062 -1.6732 1.9936, -7.3714 -1.6339 2.0059, -7.3714 -1.6732 2.0059, -7.328 -1.6339 2.0107, -7.328 -1.6732 2.0107, -7.2822 -1.6339 2.0043, -7.2822 -1.6732 2.0043, -7.2487 -1.6339 1.9917, -7.2487 -1.6732 1.9917, -7.2279 -1.6339 1.9782, -7.2279 -1.6732 1.9782, -7.2202 -1.6339 1.9703, -7.2202 -1.6732 1.9703, -7.2179 -1.6339 1.9668, -7.2179 -1.6732 1.9668, -7.2162 -1.6339 1.9617, -7.2162 -1.6732 1.9617, -7.2149 -1.6339 1.9488, -7.2149 -1.6732 1.9488, -7.2149 -1.6339 1.9468, -7.2149 -1.6732 1.9468, -7.2162 -1.6339 1.9332, -7.2162 -1.6732 1.9332, -7.2177 -1.6339 1.9288, -7.2177 -1.6732 1.9288, -7.2188 -1.6339 1.9267, -7.2188 -1.6732 1.9267, -7.2199 -1.6339 1.9255, -7.2199 -1.6732 1.9255, -7.2212 -1.6339 1.9246, -7.2212 -1.6732 1.9246, -7.2225 -1.6339 1.9241, -7.2225 -1.6732 1.9241, -7.2244 -1.6339 1.9238, -7.2244 -1.6732 1.9238, -7.2272 -1.6339 1.9243, -7.2272 -1.6732 1.9243, -7.2322 -1.6339 1.9269, -7.2322 -1.6732 1.9269, -7.2524 -1.6339 1.9415, -7.2524 -1.6732 1.9415, -7.2709 -1.6339 1.9518, -7.2709 -1.6732 1.9518, -7.2999 -1.6339 1.9618, -7.2999 -1.6732 1.9618, -7.3135 -1.6339 1.9638, -7.3135 -1.6732 1.9638, -7.3282 -1.6339 1.9644, -7.3282 -1.6732 1.9644, -7.3588 -1.6339 1.9604, -7.3588 -1.6732 1.9604, -7.3814 -1.6339 1.9514, -7.3814 -1.6732 1.9514, -7.402 -1.6339 1.9363, -7.402 -1.6732 1.9363, -7.4178 -1.6339 1.9174, -7.4178 -1.6732 1.9174, -7.4291 -1.6339 1.8972, -7.4291 -1.6732 1.8972, -7.4423 -1.6339 1.8542, -7.4423 -1.6732 1.8542, -7.4464 -1.6339 1.8056, -7.4464 -1.6732 1.8056, -7.4423 -1.6339 1.7564, -7.4423 -1.6732 1.7564, -7.4316 -1.6339 1.72, -7.4316 -1.6732 1.72, -7.4175 -1.6339 1.6943, -7.4175 -1.6732 1.6943, -7.4018 -1.6339 1.677, -7.4018 -1.6732 1.677, -7.3807 -1.6339 1.6631, -7.3807 -1.6732 1.6631, -7.3574 -1.6339 1.6549, -7.3574 -1.6732 1.6549, -7.3274 -1.6339 1.6517, -7.3274 -1.6732 1.6517, -7.2897 -1.6339 1.656, -7.2897 -1.6732 1.656, -7.2508 -1.6339 1.6718, -7.2508 -1.6732 1.6718, -7.2259 -1.6339 1.686, -7.2259 -1.6732 1.686, -7.2228 -1.6339 1.6864, -7.2228 -1.6732 1.6864, -7.221 -1.6339 1.6862, -7.221 -1.6732 1.6862, -7.2198 -1.6339 1.6858, -7.2198 -1.6732 1.6858, -7.2188 -1.6339 1.6851, -7.2188 -1.6732 1.6851, -7.2179 -1.6339 1.6842, -7.2179 -1.6732 1.6842, -7.2171 -1.6339 1.6828, -7.2171 -1.6732 1.6828, -7.2157 -1.6339 1.6778, -7.2157 -1.6732 1.6778, -7.2151 -1.6339 1.6724, -7.2151 -1.6732 1.6724, -7.2149 -1.6339 1.6627, -7.2149 -1.6732 1.6627, -7.2155 -1.6339 1.6509, -7.2155 -1.6732 1.6509, -7.2171 -1.6339 1.6446, -7.2171 -1.6732 1.6446, -7.2192 -1.6339 1.641, -7.2192 -1.6732 1.641, -7.2227 -1.6339 1.6373, -7.2227 -1.6732 1.6373, -7.2367 -1.6339 1.6284, -7.2367 -1.6732 1.6284, -7.2739 -1.6339 1.6138, -7.2739 -1.6732 1.6138, -7.2894 -1.6732 1.611, -7.3175 -1.6339 1.606, -7.3175 -1.6732 1.606
            ]
        }
        coordIndex [
            0,1,2,-1,2,1,3,-1,1,0,4,-1,1,4,5,-1,5,4,6,-1,5,6,7,-1,7,6,8,-1,7,8,9,-1,9,8,10,-1,9,10,11,-1,11,10,12,-1,11,12,13,-1,13,12,14,-1,13,14,15,-1,15,14,16,-1,15,16,17,-1,18,19,16,-1,16,19,17,-1,19,18,20,-1,19,20,21,-1,21,20,22,-1,21,22,23,-1,23,22,24,-1,23,24,25,-1,25,24,26,-1,25,26,27,-1,27,26,28,-1,27,28,29,-1,29,28,30,-1,29,30,31,-1,31,30,32,-1,31,32,33,-1,33,32,34,-1,33,34,35,-1,35,34,36,-1,35,36,37,-1,37,36,38,-1,37,38,39,-1,39,38,40,-1,39,40,41,-1,41,40,42,-1,41,42,43,-1,43,42,44,-1,43,44,45,-1,45,44,46,-1,45,46,47,-1,47,46,48,-1,47,48,49,-1,49,48,50,-1,49,50,51,-1,52,53,50,-1,50,53,51,-1,54,55,52,-1,52,55,53,-1,55,54,56,-1,55,56,57,-1,57,56,58,-1,57,58,59,-1,59,58,60,-1,59,60,61,-1,61,60,62,-1,61,62,63,-1,63,62,64,-1,63,64,65,-1,65,64,66,-1,65,66,67,-1,67,66,68,-1,67,68,69,-1,69,68,70,-1,69,70,71,-1,71,70,72,-1,71,72,73,-1,73,72,74,-1,73,74,75,-1,75,74,76,-1,75,76,77,-1,77,76,78,-1,77,78,79,-1,79,78,80,-1,79,80,81,-1,81,80,2,-1,81,2,3,-1,6,4,52,-1,52,4,0,-1,52,0,54,-1,54,0,2,-1,54,2,80,-1,52,14,12,-1,28,52,30,-1,30,52,32,-1,12,10,52,-1,52,10,8,-1,52,8,6,-1,80,78,54,-1,54,78,76,-1,54,76,74,-1,74,72,54,-1,54,72,70,-1,54,70,68,-1,68,66,54,-1,54,66,64,-1,54,64,62,-1,62,60,54,-1,54,60,58,-1,54,58,56,-1,24,22,26,-1,26,22,20,-1,26,20,28,-1,28,20,18,-1,28,18,52,-1,52,18,16,-1,52,16,14,-1,42,48,44,-1,44,48,46,-1,42,40,48,-1,48,40,38,-1,48,38,50,-1,50,38,36,-1,50,36,52,-1,52,36,34,-1,52,34,32,-1,82,83,84,-1,82,84,85,-1,85,84,86,-1,85,86,87,-1,87,86,88,-1,87,88,89,-1,89,88,90,-1,89,90,91,-1,91,90,92,-1,91,92,93,-1,93,92,94,-1,93,94,95,-1,95,94,96,-1,95,96,97,-1,98,99,96,-1,96,99,97,-1,100,101,98,-1,98,101,99,-1,102,103,100,-1,100,103,101,-1,103,102,104,-1,103,104,105,-1,105,104,106,-1,105,106,107,-1,107,106,108,-1,107,108,109,-1,109,108,110,-1,109,110,111,-1,111,110,112,-1,111,112,113,-1,113,112,114,-1,113,114,115,-1,115,114,116,-1,115,116,117,-1,117,116,118,-1,117,118,119,-1,119,118,120,-1,119,120,121,-1,121,120,122,-1,121,122,123,-1,123,122,124,-1,123,124,125,-1,125,124,126,-1,125,126,127,-1,127,126,128,-1,127,128,129,-1,129,128,130,-1,129,130,131,-1,131,130,132,-1,131,132,133,-1,134,135,132,-1,132,135,133,-1,135,134,136,-1,135,136,137,-1,137,136,138,-1,137,138,139,-1,139,138,140,-1,139,140,141,-1,141,140,142,-1,141,142,143,-1,143,142,144,-1,143,144,145,-1,145,144,146,-1,145,146,147,-1,147,146,148,-1,147,148,149,-1,149,148,150,-1,149,150,151,-1,151,150,152,-1,151,152,153,-1,153,152,154,-1,153,154,155,-1,155,154,156,-1,155,156,157,-1,157,156,158,-1,157,158,159,-1,159,158,160,-1,159,160,161,-1,162,163,160,-1,160,163,161,-1,163,162,164,-1,163,164,165,-1,165,164,166,-1,165,166,167,-1,167,166,168,-1,167,168,169,-1,169,168,170,-1,169,170,171,-1,171,170,172,-1,171,172,173,-1,173,172,174,-1,173,174,175,-1,175,174,176,-1,175,176,177,-1,177,176,178,-1,177,178,179,-1,179,178,83,-1,179,83,82,-1,180,181,162,-1,162,160,180,-1,180,160,158,-1,180,158,156,-1,182,100,181,-1,181,100,98,-1,181,98,162,-1,162,98,96,-1,162,96,94,-1,146,183,148,-1,148,183,180,-1,148,180,150,-1,108,106,104,-1,86,84,162,-1,156,154,180,-1,180,154,152,-1,180,152,150,-1,146,144,183,-1,183,144,142,-1,183,142,140,-1,183,134,182,-1,182,134,132,-1,182,132,100,-1,100,132,130,-1,86,162,88,-1,140,138,183,-1,183,138,136,-1,183,136,134,-1,118,116,100,-1,100,116,114,-1,100,114,102,-1,102,114,112,-1,102,112,104,-1,104,112,110,-1,104,110,108,-1,168,166,176,-1,176,166,178,-1,84,83,162,-1,162,83,178,-1,162,178,164,-1,164,178,166,-1,130,128,100,-1,100,128,126,-1,100,126,124,-1,94,92,162,-1,162,92,90,-1,162,90,88,-1,124,122,100,-1,100,122,120,-1,100,120,118,-1,168,176,170,-1,170,176,174,-1,170,174,172,-1,182,184,183,-1,183,184,185,-1,181,186,182,-1,182,186,184,-1,180,187,181,-1,181,187,186,-1,185,187,183,-1,183,187,180,-1,188,189,190,-1,190,189,191,-1,189,188,192,-1,189,192,193,-1,193,192,194,-1,193,194,195,-1,195,194,196,-1,195,196,197,-1,197,196,198,-1,197,198,199,-1,199,198,200,-1,199,200,201,-1,201,200,202,-1,201,202,203,-1,203,202,204,-1,203,204,205,-1,206,207,204,-1,204,207,205,-1,207,206,208,-1,207,208,209,-1,209,208,210,-1,209,210,211,-1,211,210,212,-1,211,212,213,-1,213,212,214,-1,213,214,215,-1,215,214,216,-1,215,216,217,-1,217,216,218,-1,217,218,219,-1,219,218,220,-1,219,220,221,-1,222,223,220,-1,220,223,221,-1,223,222,224,-1,223,224,225,-1,225,224,226,-1,225,226,227,-1,227,226,228,-1,227,228,229,-1,229,228,230,-1,229,230,231,-1,231,230,232,-1,231,232,233,-1,233,232,234,-1,233,234,235,-1,235,234,236,-1,235,236,237,-1,237,236,238,-1,237,238,239,-1,239,238,240,-1,239,240,241,-1,241,240,242,-1,241,242,243,-1,243,242,244,-1,243,244,245,-1,245,244,246,-1,245,246,247,-1,247,246,248,-1,247,248,249,-1,249,248,250,-1,249,250,251,-1,251,250,190,-1,251,190,191,-1,252,253,188,-1,254,206,253,-1,253,206,204,-1,253,204,202,-1,255,256,244,-1,212,210,254,-1,254,210,208,-1,254,208,206,-1,220,218,254,-1,202,200,253,-1,253,200,198,-1,253,198,196,-1,196,194,253,-1,253,194,192,-1,253,192,188,-1,244,256,246,-1,246,256,257,-1,246,257,248,-1,188,190,252,-1,252,190,250,-1,252,250,258,-1,258,250,248,-1,258,248,259,-1,259,248,257,-1,218,216,254,-1,254,216,214,-1,254,214,212,-1,220,254,222,-1,222,254,260,-1,222,260,224,-1,224,260,261,-1,224,261,226,-1,226,261,262,-1,226,262,228,-1,228,262,263,-1,228,263,230,-1,230,263,264,-1,230,264,232,-1,232,264,265,-1,232,265,234,-1,234,265,266,-1,234,266,236,-1,244,242,255,-1,255,242,240,-1,255,240,267,-1,267,240,238,-1,267,238,268,-1,268,238,236,-1,268,236,269,-1,269,236,266,-1,254,270,260,-1,260,270,271,-1,253,272,254,-1,254,272,270,-1,252,273,253,-1,253,273,272,-1,273,252,258,-1,273,258,274,-1,274,258,259,-1,274,259,275,-1,275,259,257,-1,275,257,276,-1,276,257,256,-1,276,256,277,-1,277,256,255,-1,277,255,278,-1,278,255,267,-1,278,267,279,-1,279,267,268,-1,279,268,280,-1,280,268,269,-1,280,269,281,-1,281,269,266,-1,281,266,282,-1,282,266,265,-1,282,265,283,-1,283,265,264,-1,283,264,284,-1,284,264,263,-1,284,263,285,-1,285,263,262,-1,285,262,286,-1,286,262,261,-1,286,261,287,-1,287,261,260,-1,287,260,271,-1,288,289,290,-1,290,289,291,-1,289,288,292,-1,289,292,293,-1,293,292,294,-1,293,294,295,-1,295,294,296,-1,295,296,297,-1,297,296,298,-1,297,298,299,-1,299,298,300,-1,299,300,301,-1,301,300,302,-1,301,302,303,-1,303,302,304,-1,303,304,305,-1,306,307,304,-1,304,307,305,-1,307,306,308,-1,307,308,309,-1,309,308,310,-1,309,310,311,-1,311,310,312,-1,311,312,313,-1,313,312,314,-1,313,314,315,-1,315,314,316,-1,315,316,317,-1,317,316,318,-1,317,318,319,-1,319,318,320,-1,319,320,321,-1,322,323,320,-1,320,323,321,-1,323,322,324,-1,323,324,325,-1,325,324,326,-1,325,326,327,-1,327,326,328,-1,327,328,329,-1,329,328,330,-1,329,330,331,-1,331,330,332,-1,331,332,333,-1,333,332,334,-1,333,334,335,-1,335,334,336,-1,335,336,337,-1,337,336,338,-1,337,338,339,-1,339,338,340,-1,339,340,341,-1,341,340,342,-1,341,342,343,-1,343,342,344,-1,343,344,345,-1,345,344,346,-1,345,346,347,-1,347,346,348,-1,347,348,349,-1,349,348,350,-1,349,350,351,-1,352,353,350,-1,350,353,351,-1,354,355,352,-1,352,355,353,-1,356,357,354,-1,354,357,355,-1,357,356,358,-1,357,358,359,-1,359,358,360,-1,359,360,361,-1,361,360,362,-1,361,362,363,-1,363,362,364,-1,363,364,365,-1,365,364,366,-1,365,366,367,-1,367,366,368,-1,367,368,369,-1,369,368,370,-1,369,370,371,-1,371,370,372,-1,371,372,373,-1,373,372,374,-1,373,374,375,-1,375,374,376,-1,375,376,377,-1,377,376,378,-1,377,378,379,-1,379,378,380,-1,379,380,381,-1,381,380,382,-1,381,382,383,-1,383,382,384,-1,383,384,385,-1,385,384,386,-1,385,386,387,-1,388,389,386,-1,386,389,387,-1,390,391,388,-1,388,391,389,-1,392,393,390,-1,390,393,391,-1,393,392,394,-1,393,394,395,-1,395,394,396,-1,395,396,397,-1,397,396,398,-1,397,398,399,-1,399,398,400,-1,399,400,401,-1,401,400,402,-1,401,402,403,-1,403,402,404,-1,403,404,405,-1,405,404,406,-1,405,406,407,-1,407,406,408,-1,407,408,409,-1,409,408,410,-1,409,410,411,-1,411,410,412,-1,411,412,413,-1,413,412,414,-1,413,414,415,-1,415,414,416,-1,415,416,417,-1,417,416,418,-1,417,418,419,-1,419,418,290,-1,419,290,291,-1,392,390,292,-1,408,406,290,-1,292,390,294,-1,290,406,288,-1,414,412,410,-1,414,410,416,-1,288,406,292,-1,292,406,404,-1,292,404,392,-1,392,404,402,-1,392,402,400,-1,408,290,410,-1,410,290,418,-1,410,418,416,-1,400,398,392,-1,392,398,396,-1,392,396,394,-1,300,298,390,-1,390,298,296,-1,390,296,294,-1,362,360,364,-1,364,360,366,-1,354,388,356,-1,356,388,366,-1,356,366,358,-1,358,366,360,-1,320,318,352,-1,352,318,316,-1,352,316,314,-1,352,308,354,-1,354,308,306,-1,354,306,388,-1,388,306,304,-1,388,304,390,-1,390,304,302,-1,390,302,300,-1,326,332,328,-1,328,332,330,-1,326,324,332,-1,332,324,322,-1,332,322,334,-1,376,374,384,-1,384,374,372,-1,384,372,386,-1,386,372,370,-1,386,370,388,-1,388,370,368,-1,388,368,366,-1,314,312,352,-1,352,312,310,-1,352,310,308,-1,342,340,322,-1,376,384,378,-1,378,384,382,-1,378,382,380,-1,340,338,322,-1,322,338,336,-1,322,336,334,-1,320,352,322,-1,322,352,350,-1,322,350,348,-1,348,346,322,-1,322,346,344,-1,322,344,342,-1,420,421,422,-1,422,421,423,-1,420,422,424,-1,424,422,425,-1,424,425,426,-1,426,425,427,-1,426,427,428,-1,428,427,429,-1,428,429,430,-1,430,429,431,-1,430,431,432,-1,432,431,433,-1,432,433,434,-1,434,433,435,-1,434,435,436,-1,436,435,437,-1,436,437,438,-1,438,437,439,-1,438,439,440,-1,440,439,441,-1,440,441,442,-1,442,441,443,-1,442,443,444,-1,444,443,445,-1,444,445,446,-1,446,445,447,-1,446,447,448,-1,448,447,449,-1,448,449,450,-1,450,449,451,-1,450,451,452,-1,452,451,453,-1,452,453,454,-1,454,453,455,-1,454,455,456,-1,456,455,457,-1,456,457,458,-1,458,457,459,-1,458,459,460,-1,460,459,461,-1,460,461,462,-1,462,461,463,-1,462,463,464,-1,464,463,465,-1,464,465,466,-1,466,465,467,-1,466,467,468,-1,468,467,469,-1,468,469,470,-1,470,469,471,-1,470,471,472,-1,472,471,473,-1,472,473,474,-1,474,473,475,-1,474,475,476,-1,476,475,477,-1,476,477,478,-1,478,477,479,-1,478,479,480,-1,480,479,481,-1,480,481,482,-1,482,481,483,-1,482,483,484,-1,484,483,485,-1,484,485,486,-1,486,485,487,-1,486,487,488,-1,488,487,489,-1,488,489,490,-1,490,489,491,-1,490,491,492,-1,492,491,493,-1,492,493,494,-1,494,493,495,-1,494,495,496,-1,496,495,497,-1,496,497,498,-1,498,497,499,-1,498,499,500,-1,500,499,501,-1,500,501,502,-1,502,501,503,-1,502,503,504,-1,504,503,505,-1,504,505,506,-1,506,505,507,-1,506,507,508,-1,508,507,509,-1,508,509,510,-1,510,509,511,-1,510,511,512,-1,512,511,513,-1,512,513,514,-1,514,513,515,-1,514,515,516,-1,516,515,517,-1,516,517,518,-1,518,517,519,-1,518,519,520,-1,520,519,521,-1,520,521,522,-1,522,521,523,-1,522,523,524,-1,524,523,525,-1,524,525,526,-1,526,525,527,-1,526,527,528,-1,528,527,529,-1,528,529,530,-1,530,529,531,-1,530,531,532,-1,532,531,533,-1,532,533,534,-1,534,533,535,-1,534,535,536,-1,536,535,537,-1,536,537,538,-1,538,537,539,-1,538,539,540,-1,540,539,541,-1,540,541,542,-1,542,541,543,-1,542,543,544,-1,544,543,545,-1,544,545,546,-1,546,545,547,-1,546,547,548,-1,548,547,549,-1,548,549,550,-1,550,549,551,-1,550,551,552,-1,552,551,553,-1,552,553,554,-1,554,553,555,-1,554,555,556,-1,556,555,557,-1,556,557,558,-1,558,557,559,-1,559,557,560,-1,559,560,561,-1,561,560,423,-1,561,423,421,-1,545,543,525,-1,525,543,541,-1,485,455,487,-1,487,455,453,-1,487,453,489,-1,489,453,451,-1,489,451,491,-1,491,451,449,-1,491,449,493,-1,467,465,483,-1,525,553,551,-1,527,525,529,-1,529,525,541,-1,529,541,531,-1,531,541,539,-1,551,549,525,-1,525,549,547,-1,525,547,545,-1,539,537,531,-1,531,537,535,-1,531,535,533,-1,521,560,523,-1,523,560,557,-1,523,557,525,-1,525,557,555,-1,525,555,553,-1,481,479,477,-1,483,465,485,-1,485,465,463,-1,485,463,461,-1,461,459,485,-1,485,459,457,-1,485,457,455,-1,481,477,483,-1,483,477,475,-1,483,475,473,-1,473,471,483,-1,483,471,469,-1,483,469,467,-1,493,449,495,-1,495,449,447,-1,495,447,497,-1,497,447,445,-1,497,445,499,-1,499,445,443,-1,499,443,501,-1,501,443,441,-1,501,441,503,-1,503,441,439,-1,503,439,505,-1,505,439,437,-1,505,437,507,-1,507,437,435,-1,507,435,509,-1,509,435,433,-1,509,433,511,-1,511,433,431,-1,511,431,513,-1,513,431,429,-1,513,429,515,-1,515,429,427,-1,515,427,517,-1,517,427,425,-1,517,425,519,-1,519,425,422,-1,519,422,521,-1,521,422,423,-1,521,423,560,-1,
        ]
    }
}
Shape{
    appearance Appearance {
        material  Material {
            diffuseColor 0.0 0.7529411764705882 0.0
            specularColor 0.0 0.3764705882352941 0.0
            ambientIntensity 0.442
            transparency 0.0
            shininess 0.5
        }
    }
    geometry IndexedFaceSet {
        ccw TRUE
        solid FALSE
        coord DEF co Coordinate {
            point [
                -6.2612 -1.6732 1.7559, -6.3302 -1.6732 1.9528, -6.3986 -1.6732 1.7559, -6.3305 -1.6732 1.9528, -6.7806 -1.6732 1.9586, -6.7806 -1.6732 1.6575, -6.7302 -1.6732 1.9586, -6.7295 -1.6732 1.6575, -6.6021 -1.6732 1.7487, -6.5955 -1.6732 1.8032, -6.5954 -1.6732 1.8115, -6.599 -1.6732 1.8531, -6.6083 -1.6732 1.886, -6.6897 -1.6732 1.9547, -6.695 -1.6732 1.6601, -6.6667 -1.6732 1.6677, -6.6455 -1.6732 1.6793, -6.6288 -1.6732 1.6945, -6.6141 -1.6732 1.7163, -6.6635 -1.6732 1.9458, -6.6219 -1.6732 1.9108, -6.6407 -1.6732 1.9313
            ]
        }
        coordIndex [
            0,1,2,-1,2,1,3,-1,4,5,6,-1,6,5,7,-1,8,9,6,-1,6,9,10,-1,10,11,6,-1,6,11,12,-1,6,12,13,-1,7,14,6,-1,6,14,15,-1,6,15,16,-1,16,17,6,-1,6,17,18,-1,6,18,8,-1,13,12,19,-1,19,12,20,-1,19,20,21,-1,
        ]
    }
}
Shape{
    appearance Appearance {
        material  Material {
            diffuseColor 0.7803921568627451 0.7803921568627451 0.7803921568627451
            specularColor 0.6862745098039216 0.6862745098039216 0.6862745098039216
            ambientIntensity 0.7804
            transparency 0.0
            shininess 0.5
        }
    }
    geometry IndexedFaceSet {
        ccw TRUE
        solid FALSE
        coord DEF co Coordinate {
            point [
                6.8819 0.0394 3.937, 7.1181 0.0394 3.937, 6.8819 0.1969 3.7795, 7.1181 0.1969 3.7795, 7.1782 0.0 3.937, 7.1738 0.0068 3.937, 7.1735 -0.0063 3.937, 7.166 0.0164 3.937, 7.1482 -0.0309 3.937, 7.1575 -0.0245 3.937, 6.8218 0.0 3.937, 6.8262 -0.0068 3.937, 6.8265 0.0063 3.937, 6.834 -0.0164 3.937, 7.1575 0.0245 3.937, 7.1482 0.0309 3.937, 7.1385 0.0356 3.937, 6.8716 0.0384 3.937, 6.8615 0.0356 3.937, 6.8819 -0.0394 3.937, 6.8518 0.0309 3.937, 6.8425 0.0245 3.937, 7.1181 -0.0394 3.937, 7.1284 -0.0384 3.937, 7.1385 -0.0356 3.937, 6.8425 -0.0245 3.937, 6.8518 -0.0309 3.937, 6.8615 -0.0356 3.937, 7.166 -0.0164 3.937, 7.1284 0.0384 3.937, 6.834 0.0164 3.937, 6.8716 -0.0384 3.937, 6.8819 -0.1969 3.7795, 7.1181 -0.1969 3.7795, 7.1181 -0.1969 -1.4173, 6.8819 -0.1969 -1.4173, 6.8819 -0.0394 -1.5748, 7.1181 -0.0394 -1.5748, 6.8218 0.0 -1.5748, 6.8262 0.0068 -1.5748, 6.8265 -0.0063 -1.5748, 6.834 0.0164 -1.5748, 7.1482 0.0309 -1.5748, 7.1575 0.0245 -1.5748, 7.1782 0.0 -1.5748, 7.1738 -0.0068 -1.5748, 7.1735 0.0063 -1.5748, 7.166 -0.0164 -1.5748, 6.8425 0.0245 -1.5748, 6.8518 0.0309 -1.5748, 6.8615 0.0356 -1.5748, 6.8716 -0.0384 -1.5748, 6.8615 -0.0356 -1.5748, 6.8819 0.0394 -1.5748, 6.8518 -0.0309 -1.5748, 6.8425 -0.0245 -1.5748, 7.1181 0.0394 -1.5748, 7.1284 0.0384 -1.5748, 7.1385 0.0356 -1.5748, 7.1575 -0.0245 -1.5748, 7.1482 -0.0309 -1.5748, 7.1385 -0.0356 -1.5748, 6.834 -0.0164 -1.5748, 6.8716 0.0384 -1.5748, 7.166 0.0164 -1.5748, 7.1284 -0.0384 -1.5748, 6.8819 0.1969 -1.4173, 7.1181 0.1969 -1.4173, 7.1969 0.0 3.865, 7.1969 -0.1181 3.7469, 7.1969 0.1181 3.7469, 7.1969 -0.1181 -1.3847, 7.1969 0.1181 -1.3847, 7.1969 0.0 -1.5028, 6.8031 -0.1181 3.7469, 6.8031 0.0 3.865, 6.8031 0.1181 3.7469, 6.8031 -0.1181 -1.3847, 6.8031 0.1181 -1.3847, 6.8031 0.0 -1.5028, 6.8137 0.0 3.9207, 6.8716 -0.1962 3.7792, 6.8615 -0.1942 3.7784, 6.8518 -0.1909 3.777, 6.8425 -0.1863 3.7752, 6.834 -0.1806 3.7728, 6.8262 -0.1738 3.77, 6.8137 -0.1575 3.7632, 6.8058 0.0 3.8938, 6.8058 -0.1385 3.7554, 6.8716 -0.1962 -1.417, 6.8615 -0.1942 -1.4162, 6.8518 -0.1909 -1.4148, 6.8425 -0.1863 -1.413, 6.834 -0.1806 -1.4106, 6.8262 -0.1738 -1.4078, 6.8137 -0.1575 -1.401, 6.8058 -0.1385 -1.3931, 6.8262 0.1738 3.77, 6.8137 0.1575 3.7632, 6.8058 0.1385 3.7554, 6.834 0.1806 3.7728, 6.8425 0.1863 3.7752, 6.8518 0.1909 3.777, 6.8615 0.1942 3.7784, 6.8716 0.1962 3.7792, 6.8137 0.0 -1.5585, 6.8058 0.0 -1.5316, 6.8137 0.1575 -1.401, 6.8058 0.1385 -1.3931, 6.8716 0.1962 -1.417, 6.8615 0.1942 -1.4162, 6.8518 0.1909 -1.4148, 6.8425 0.1863 -1.413, 6.834 0.1806 -1.4106, 6.8262 0.1738 -1.4078, 7.1863 0.0 3.9207, 7.1738 -0.1738 3.77, 7.1863 -0.1575 3.7632, 7.1942 -0.1385 3.7554, 7.1942 0.0 3.8938, 7.166 -0.1806 3.7728, 7.1575 -0.1863 3.7752, 7.1482 -0.1909 3.777, 7.1385 -0.1942 3.7784, 7.1284 -0.1962 3.7792, 7.166 -0.1806 -1.4106, 7.1738 -0.1738 -1.4078, 7.1863 -0.1575 -1.401, 7.1942 -0.1385 -1.3931, 7.1284 -0.1962 -1.417, 7.1385 -0.1942 -1.4162, 7.1482 -0.1909 -1.4148, 7.1575 -0.1863 -1.413, 7.1284 0.1962 3.7792, 7.1385 0.1942 3.7784, 7.1482 0.1909 3.777, 7.1575 0.1863 3.7752, 7.166 0.1806 3.7728, 7.1738 0.1738 3.77, 7.1863 0.1575 3.7632, 7.1942 0.1385 3.7554, 7.1863 0.0 -1.5585, 7.1942 0.0 -1.5316, 7.1284 0.1962 -1.417, 7.1385 0.1942 -1.4162, 7.1482 0.1909 -1.4148, 7.1575 0.1863 -1.413, 7.166 0.1806 -1.4106, 7.1738 0.1738 -1.4078, 7.1863 0.1575 -1.401, 7.1942 0.1385 -1.3931
            ]
        }
        coordIndex [
            0,1,2,-1,2,1,3,-1,4,5,6,-1,6,5,7,-1,8,9,1,-1,10,11,12,-1,12,11,13,-1,7,14,6,-1,6,14,15,-1,6,15,16,-1,17,18,19,-1,19,18,20,-1,19,20,21,-1,22,23,1,-1,1,23,24,-1,1,24,8,-1,13,25,12,-1,12,25,26,-1,12,26,27,-1,9,28,1,-1,1,28,6,-1,1,6,29,-1,29,6,16,-1,22,1,19,-1,19,1,0,-1,19,0,17,-1,21,30,19,-1,19,30,12,-1,19,12,31,-1,31,12,27,-1,32,33,19,-1,19,33,22,-1,33,32,34,-1,34,32,35,-1,36,37,35,-1,35,37,34,-1,38,39,40,-1,40,39,41,-1,42,43,37,-1,44,45,46,-1,46,45,47,-1,41,48,40,-1,40,48,49,-1,40,49,50,-1,51,52,53,-1,53,52,54,-1,53,54,55,-1,56,57,37,-1,37,57,58,-1,37,58,42,-1,47,59,46,-1,46,59,60,-1,46,60,61,-1,55,62,53,-1,53,62,40,-1,53,40,63,-1,63,40,50,-1,56,37,53,-1,53,37,36,-1,53,36,51,-1,43,64,37,-1,37,64,46,-1,37,46,65,-1,65,46,61,-1,66,67,53,-1,53,67,56,-1,67,66,3,-1,3,66,2,-1,68,69,70,-1,70,69,71,-1,70,71,72,-1,72,71,73,-1,74,75,76,-1,74,76,77,-1,77,76,78,-1,77,78,79,-1,11,10,80,-1,32,19,81,-1,81,19,31,-1,81,31,82,-1,82,31,27,-1,82,27,83,-1,83,27,26,-1,83,26,84,-1,84,26,25,-1,84,25,85,-1,85,25,13,-1,85,13,86,-1,13,11,86,-1,86,11,80,-1,86,80,87,-1,87,80,88,-1,87,88,89,-1,89,88,75,-1,89,75,74,-1,35,32,81,-1,35,81,90,-1,90,81,82,-1,90,82,91,-1,91,82,83,-1,91,83,92,-1,92,83,84,-1,92,84,93,-1,93,84,85,-1,93,85,94,-1,94,85,86,-1,94,86,95,-1,95,86,87,-1,95,87,96,-1,96,87,89,-1,96,89,97,-1,97,89,74,-1,97,74,77,-1,80,10,12,-1,98,99,80,-1,80,99,100,-1,80,100,88,-1,88,100,76,-1,88,76,75,-1,80,12,98,-1,98,12,30,-1,98,30,101,-1,101,30,21,-1,101,21,102,-1,102,21,20,-1,102,20,103,-1,103,20,18,-1,103,18,104,-1,104,18,17,-1,104,17,105,-1,105,17,0,-1,105,0,2,-1,36,35,90,-1,36,90,51,-1,51,90,91,-1,51,91,52,-1,52,91,92,-1,52,92,54,-1,54,92,93,-1,54,93,55,-1,55,93,94,-1,55,94,62,-1,62,94,95,-1,62,95,40,-1,40,95,106,-1,40,106,38,-1,95,96,106,-1,106,96,97,-1,106,97,107,-1,107,97,77,-1,107,77,79,-1,98,108,99,-1,99,108,109,-1,99,109,100,-1,100,109,78,-1,100,78,76,-1,2,66,105,-1,105,66,110,-1,105,110,104,-1,104,110,111,-1,104,111,103,-1,103,111,112,-1,103,112,102,-1,102,112,113,-1,102,113,101,-1,101,113,114,-1,101,114,98,-1,98,114,115,-1,98,115,108,-1,39,38,106,-1,66,53,110,-1,110,53,63,-1,110,63,111,-1,111,63,50,-1,111,50,112,-1,112,50,49,-1,112,49,113,-1,113,49,48,-1,113,48,114,-1,114,48,41,-1,114,41,115,-1,41,39,115,-1,115,39,106,-1,115,106,108,-1,108,106,107,-1,108,107,109,-1,109,107,79,-1,109,79,78,-1,116,4,6,-1,117,118,116,-1,116,118,119,-1,116,119,120,-1,120,119,69,-1,120,69,68,-1,116,6,117,-1,117,6,28,-1,117,28,121,-1,121,28,9,-1,121,9,122,-1,122,9,8,-1,122,8,123,-1,123,8,24,-1,123,24,124,-1,124,24,23,-1,124,23,125,-1,125,23,22,-1,125,22,33,-1,122,126,121,-1,121,126,127,-1,121,127,117,-1,117,127,128,-1,117,128,118,-1,118,128,129,-1,118,129,119,-1,119,129,71,-1,119,71,69,-1,33,34,125,-1,125,34,130,-1,125,130,124,-1,124,130,131,-1,124,131,123,-1,123,131,132,-1,123,132,122,-1,122,132,133,-1,122,133,126,-1,5,4,116,-1,3,1,134,-1,134,1,29,-1,134,29,135,-1,135,29,16,-1,135,16,136,-1,136,16,15,-1,136,15,137,-1,137,15,14,-1,137,14,138,-1,138,14,7,-1,138,7,139,-1,7,5,139,-1,139,5,116,-1,139,116,140,-1,140,116,120,-1,140,120,141,-1,141,120,68,-1,141,68,70,-1,34,37,130,-1,130,37,65,-1,130,65,131,-1,131,65,61,-1,131,61,132,-1,132,61,60,-1,132,60,133,-1,133,60,59,-1,133,59,126,-1,126,59,47,-1,126,47,127,-1,45,44,142,-1,47,45,127,-1,127,45,142,-1,127,142,128,-1,128,142,143,-1,128,143,129,-1,129,143,73,-1,129,73,71,-1,67,3,134,-1,67,134,144,-1,144,134,135,-1,144,135,145,-1,145,135,136,-1,145,136,146,-1,146,136,137,-1,146,137,147,-1,147,137,148,-1,148,137,138,-1,148,138,149,-1,138,139,149,-1,149,139,140,-1,149,140,150,-1,150,140,141,-1,150,141,151,-1,151,141,70,-1,151,70,72,-1,142,44,46,-1,149,150,142,-1,142,150,151,-1,142,151,143,-1,143,151,72,-1,143,72,73,-1,142,46,149,-1,149,46,64,-1,149,64,148,-1,148,64,43,-1,148,43,147,-1,147,43,42,-1,147,42,146,-1,146,42,58,-1,146,58,145,-1,145,58,57,-1,145,57,144,-1,144,57,56,-1,144,56,67,-1,
        ]
    }
}
Shape{
    appearance Appearance {
        material  Material {
            diffuseColor 0.0 0.7529411764705882 0.0
            specularColor 0.0 0.3764705882352941 0.0
            ambientIntensity 0.442
            transparency 0.0
            shininess 0.5
        }
    }
    geometry IndexedFaceSet {
        ccw TRUE
        solid FALSE
        coord DEF co Coordinate {
            point [
                7.1969 -0.1969 0.9843, 7.1969 -1.5945 0.9843, 6.8031 -0.1969 0.9843, 6.8031 -1.5945 0.9843, 7.4921 -1.5945 0.2368, 7.4921 -1.5945 0.0787, 7.8031 -1.5945 0.0787, 6.5239 -1.5945 0.2773, 6.5353 -1.5945 0.2867, 6.1968 -1.5945 1.1811, 6.5487 -1.5945 0.293, 6.5079 -1.5945 0.0787, 6.5079 -1.5945 0.2368, 6.1968 -1.5945 0.0787, 6.5097 -1.5945 0.2515, 6.5152 -1.5945 0.2653, 7.8031 -1.5945 1.1811, 6.8031 -1.5945 0.5512, 6.7951 -1.5945 0.4875, 7.3737 -1.5945 0.3078, 7.4368 -1.5945 0.2958, 7.4513 -1.5945 0.293, 7.4647 -1.5945 0.2867, 7.4761 -1.5945 0.2773, 7.4848 -1.5945 0.2653, 7.4903 -1.5945 0.2515, 6.5632 -1.5945 0.2958, 6.6263 -1.5945 0.3078, 6.6843 -1.5945 0.3351, 6.7338 -1.5945 0.376, 6.7715 -1.5945 0.4279, 7.1969 -1.5945 0.5512, 7.2049 -1.5945 0.4875, 7.2285 -1.5945 0.4279, 7.2662 -1.5945 0.376, 7.3157 -1.5945 0.3351, 6.0 1.3424 4.7244, 6.0 1.1272 4.7244, 6.7047 1.3424 4.7244, 6.7047 1.1272 4.7244, 7.185 1.6732 4.252, 8.0 1.6732 4.252, 7.1575 1.6732 4.1339, 8.0 1.6732 3.5433, 6.8425 1.6732 4.1339, 6.0 1.6732 3.5433, 6.815 1.6732 4.252, 6.0 1.6732 4.252, 8.0 1.3583 4.7018, 7.9213 1.3583 4.7018, 7.9213 1.3424 4.7244, 7.2953 1.3424 4.7244, 6.0 1.0977 4.3706, 6.7873 1.0977 4.3706, 7.2127 1.0977 4.3706, 7.1575 1.089 4.1339, 7.9213 1.0879 4.0157, 6.8425 1.089 4.1339, 6.0 1.0879 4.0157, 7.9213 1.0977 4.3706, 7.9213 1.1272 4.7244, 7.2953 1.1272 4.7244, 7.9213 1.0879 0.3937, 7.4061 0.6746 0.3937, 7.5145 0.596 0.3937, 7.1575 1.0879 0.3937, 7.1575 0.7715 0.3937, 7.2859 0.7337 0.3937, 7.6081 0.5002 0.3937, 7.684 0.39 0.3937, 7.9213 0.2165 0.3937, 7.7402 0.2684 0.3937, 7.8143 0.2165 0.3937, 7.7489 0.2513 0.3937, 7.7615 0.2368 0.3937, 7.7952 0.2189 0.3937, 7.7773 0.2258 0.3937, 6.2511 0.2513 0.3937, 6.2598 0.2684 0.3937, 6.1857 0.2165 0.3937, 6.0 0.2165 0.3937, 6.0 1.0879 0.3937, 6.316 0.39 0.3937, 6.3919 0.5002 0.3937, 6.4855 0.596 0.3937, 6.5939 0.6746 0.3937, 6.8425 1.0879 0.3937, 6.7141 0.7337 0.3937, 6.8425 0.7715 0.3937, 6.2385 0.2368 0.3937, 6.2048 0.2189 0.3937, 6.2227 0.2258 0.3937, 6.1857 0.2165 1.1024, 6.0 0.2165 1.1811, 6.5581 0.2165 1.1024, 6.5581 0.2165 1.1811, 7.4419 0.2165 1.1024, 7.4419 0.2165 1.1811, 7.8143 0.2165 1.1024, 7.9213 0.2165 1.1811, 6.7047 -1.2672 1.1811, 6.7047 -1.2672 0.3937, 6.5306 -1.2168 0.3937, 6.9043 -1.2959 1.1811, 6.7147 -1.2693 1.1811, 6.7675 -1.2795 4.6693, 6.9045 -1.2936 4.6693, 6.9509 -1.2983 4.6693, 7.0957 -1.2959 1.1811, 7.0957 -1.2938 4.6693, 7.1351 -1.2926 4.6693, 7.2853 -1.2693 1.1811, 7.4694 -1.2168 0.3937, 7.2953 -1.2672 0.3937, 7.2953 -1.2672 1.1811, 6.1929 -1.0381 0.3937, 6.1929 -1.0381 4.6693, 6.2551 -1.0805 4.6693, 6.3555 -1.1392 0.3937, 6.3569 -1.1367 4.6693, 6.4165 -1.1696 4.6693, 6.5315 -1.2142 4.6693, 6.5883 -1.2363 4.6693, 6.7153 -1.2669 4.6693, 7.285 -1.2676 4.6693, 7.3169 -1.2623 4.6693, 7.469 -1.2154 4.6693, 7.4931 -1.208 4.6693, 7.6445 -1.1392 0.3937, 7.644 -1.1382 4.6693, 7.8071 -1.0381 0.3937, 7.6604 -1.1306 4.6693, 7.8071 -1.0381 4.6693, 6.1388 -0.2559 0.3937, 6.0 -0.2559 0.3937, 6.0 -1.0381 0.3937, 6.1592 -0.2586 0.3937, 6.7047 -0.8218 0.3937, 6.7032 -0.8065 0.3937, 6.6987 -0.7917 0.3937, 6.6915 -0.7781 0.3937, 6.6817 -0.7661 0.3937, 6.1945 -0.279 0.3937, 6.1782 -0.2665 0.3937, 7.9213 -1.0381 0.3937, 7.9213 -0.2559 0.3937, 7.8612 -0.2559 0.3937, 7.3085 -0.7781 0.3937, 7.3013 -0.7917 0.3937, 7.2953 -0.8218 0.3937, 7.2968 -0.8065 0.3937, 7.8408 -0.2586 0.3937, 7.8218 -0.2665 0.3937, 7.8055 -0.279 0.3937, 7.3183 -0.7661 0.3937, 7.4778 0.1178 1.1811, 7.4358 0.2287 1.7717, 7.4778 0.1178 1.7717, 7.4921 0.0 1.7717, 7.4921 0.0 1.1811, 7.4778 -0.1178 1.7717, 7.4778 -0.1178 1.1811, 7.4358 -0.2287 1.7717, 7.4358 -0.2287 1.1811, 7.3684 -0.3263 1.7717, 7.3684 -0.3263 1.1811, 7.2796 -0.405 1.7717, 7.2796 -0.405 1.1811, 7.1745 -0.4601 1.7717, 7.1745 -0.4601 1.1811, 7.0593 -0.4885 1.7717, 7.0593 -0.4885 1.1811, 6.9407 -0.4885 1.7717, 6.9407 -0.4885 1.1811, 6.8255 -0.4601 1.7717, 6.8255 -0.4601 1.1811, 6.7204 -0.405 1.7717, 6.7204 -0.405 1.1811, 6.6316 -0.3263 1.7717, 6.6316 -0.3263 1.1811, 6.5642 -0.2287 1.7717, 6.5642 -0.2287 1.1811, 6.5222 -0.1178 1.7717, 6.5222 -0.1178 1.1811, 6.5079 0.0 1.7717, 6.5079 0.0 1.1811, 6.5222 0.1178 1.7717, 6.5222 0.1178 1.1811, 6.5642 0.2287 1.1024, 6.5642 0.2287 1.7717, 6.6316 0.3263 1.7717, 6.6316 0.3263 1.1024, 6.7204 0.405 1.7717, 6.7204 0.405 1.1024, 6.8255 0.4601 1.7717, 6.8255 0.4601 1.1024, 6.9407 0.4885 1.7717, 6.9407 0.4885 1.1024, 7.0593 0.4885 1.7717, 7.0593 0.4885 1.1024, 7.1745 0.4601 1.7717, 7.1745 0.4601 1.1024, 7.2796 0.405 1.7717, 7.2796 0.405 1.1024, 7.3684 0.3263 1.7717, 7.3684 0.3263 1.1024, 7.4358 0.2287 1.1024, 6.8425 1.0879 1.1024, 7.1575 1.0879 1.1024, 8.0 -1.6732 0.0, 8.0 1.3583 0.0, 8.0 -1.6732 4.7244, 8.0 1.3583 3.5433, 8.0 1.3583 4.7244, 6.0 -1.6732 0.0, 6.0 -1.6732 4.7244, 6.0 -1.0381 4.7244, 6.0 1.3583 0.0, 6.0 1.3583 3.5433, 6.0 -0.2559 1.1811, 7.9213 1.3583 4.7244, 7.6982 -1.1998 4.7244, 7.5213 -1.2815 4.7244, 7.335 -1.3389 4.7244, 6.0648 -1.0381 4.7244, 6.2125 -1.1467 4.7244, 6.3831 -1.2409 4.7244, 6.5648 -1.3114 4.7244, 7.9213 -1.1169 4.7244, 7.8322 -1.1169 4.7244, 7.1428 -1.3709 4.7244, 6.948 -1.377 4.7244, 6.7542 -1.3571 4.7244, 6.1968 -1.6732 0.0, 6.1968 -1.6732 1.2598, 7.8031 -1.6732 0.0, 7.8031 -1.6732 1.2598, 6.1968 1.122 0.0, 7.8031 1.122 0.0, 7.9213 -1.0381 4.6693, 6.8031 -0.1969 1.7717, 6.8031 0.1969 1.7717, 7.1969 0.1969 1.7717, 7.1969 -0.1969 1.7717, 6.7047 -0.8218 1.1811, 7.2953 -0.8218 1.1811, 6.1388 -0.2559 1.1811, 6.1592 -0.2586 1.1811, 6.1782 -0.2665 1.1811, 6.1945 -0.279 1.1811, 6.6817 -0.7661 1.1811, 6.6915 -0.7781 1.1811, 6.6987 -0.7917 1.1811, 6.7032 -0.8065 1.1811, 7.2968 -0.8065 1.1811, 7.3013 -0.7917 1.1811, 7.3085 -0.7781 1.1811, 7.3183 -0.7661 1.1811, 7.8055 -0.279 1.1811, 7.8218 -0.2665 1.1811, 7.8408 -0.2586 1.1811, 7.8612 -0.2559 1.1811, 7.9213 -0.2559 1.1811, 7.7952 0.2189 1.1024, 7.7773 0.2258 1.1024, 7.7615 0.2368 1.1024, 7.7489 0.2513 1.1024, 7.7402 0.2684 1.1024, 7.684 0.39 1.1024, 7.6081 0.5002 1.1024, 7.5145 0.596 1.1024, 7.4061 0.6746 1.1024, 7.2859 0.7337 1.1024, 7.1575 0.7715 1.1024, 6.8425 0.7715 1.1024, 6.7141 0.7337 1.1024, 6.5939 0.6746 1.1024, 6.4855 0.596 1.1024, 6.3919 0.5002 1.1024, 6.316 0.39 1.1024, 6.2598 0.2684 1.1024, 6.2511 0.2513 1.1024, 6.2385 0.2368 1.1024, 6.2227 0.2258 1.1024, 6.2048 0.2189 1.1024, 6.1968 1.122 0.0787, 7.8031 1.122 0.0787, 6.5079 0.6102 0.0787, 7.4921 0.6102 0.0787, 6.9085 0.8661 0.0787, 6.9116 0.8425 0.0787, 7.0458 0.7869 0.0787, 7.0647 0.8014 0.0787, 7.0793 0.8204 0.0787, 7.0884 0.8425 0.0787, 7.0915 0.8661 0.0787, 7.0884 0.8898 0.0787, 6.9207 0.8204 0.0787, 6.9353 0.8014 0.0787, 6.9542 0.7869 0.0787, 7.0793 0.9119 0.0787, 7.0647 0.9309 0.0787, 7.0458 0.9454 0.0787, 6.9763 0.7777 0.0787, 7.0 0.7746 0.0787, 7.0237 0.7777 0.0787, 6.9542 0.9454 0.0787, 6.9353 0.9309 0.0787, 7.0237 0.9546 0.0787, 7.0 0.9577 0.0787, 6.9763 0.9546 0.0787, 6.9207 0.9119 0.0787, 6.9116 0.8898 0.0787, 6.8031 0.6102 0.5512, 6.8031 0.1969 0.9843, 6.8031 0.6102 0.9843, 7.1969 0.1969 0.9843, 7.1969 0.6102 0.9843, 7.1969 0.6102 0.5512, 7.4368 0.6102 0.2958, 7.3737 0.6102 0.3078, 7.3157 0.6102 0.3351, 7.2662 0.6102 0.376, 7.2285 0.6102 0.4279, 7.2049 0.6102 0.4875, 7.4921 0.6102 0.2368, 7.4903 0.6102 0.2515, 7.4848 0.6102 0.2653, 7.4761 0.6102 0.2773, 7.4647 0.6102 0.2867, 7.4513 0.6102 0.293, 6.5079 0.6102 0.2368, 6.5632 0.6102 0.2958, 6.5487 0.6102 0.293, 6.5353 0.6102 0.2867, 6.5239 0.6102 0.2773, 6.5152 0.6102 0.2653, 6.5097 0.6102 0.2515, 6.7951 0.6102 0.4875, 6.7715 0.6102 0.4279, 6.7338 0.6102 0.376, 6.6843 0.6102 0.3351, 6.6263 0.6102 0.3078, 6.9882 0.8867 -0.0097, 6.9939 0.889 -0.0097, 7.0 0.8661 -0.0128, 6.9832 0.8829 -0.0097, 6.9795 0.878 -0.0097, 6.9771 0.8723 -0.0097, 6.9763 0.8661 -0.0097, 6.9771 0.86 -0.0097, 6.9795 0.8543 -0.0097, 6.9832 0.8494 -0.0097, 6.9882 0.8456 -0.0097, 6.9939 0.8433 -0.0097, 7.0 0.8425 -0.0097, 7.0061 0.8433 -0.0097, 7.0118 0.8456 -0.0097, 7.0168 0.8494 -0.0097, 7.0205 0.8543 -0.0097, 7.0229 0.86 -0.0097, 7.0237 0.8661 -0.0097, 7.0229 0.8723 -0.0097, 7.0205 0.878 -0.0097, 7.0168 0.8829 -0.0097, 7.0118 0.8867 -0.0097, 7.0061 0.889 -0.0097, 7.0 0.8898 -0.0097, 6.9771 0.9515 0.0551, 6.9558 0.9427 0.0551, 6.9375 0.9287 0.0551, 6.9234 0.9103 0.0551, 6.9146 0.889 0.0551, 6.9116 0.8661 0.0551, 6.9146 0.8433 0.0551, 6.9234 0.8219 0.0551, 6.9375 0.8036 0.0551, 6.9558 0.7896 0.0551, 6.9771 0.7807 0.0551, 7.0 0.7777 0.0551, 7.0229 0.7807 0.0551, 7.0442 0.7896 0.0551, 7.0625 0.8036 0.0551, 7.0766 0.8219 0.0551, 7.0854 0.8433 0.0551, 7.0884 0.8661 0.0551, 7.0854 0.889 0.0551, 7.0766 0.9103 0.0551, 7.0625 0.9287 0.0551, 7.0442 0.9427 0.0551, 7.0229 0.9515 0.0551, 7.0 0.9546 0.0551, 6.9795 0.9427 0.033, 6.9604 0.9348 0.033, 6.944 0.9222 0.033, 6.9314 0.9058 0.033, 6.9234 0.8867 0.033, 6.9207 0.8661 0.033, 6.9234 0.8456 0.033, 6.9314 0.8265 0.033, 6.944 0.8101 0.033, 6.9604 0.7975 0.033, 6.9795 0.7896 0.033, 7.0 0.7869 0.033, 7.0205 0.7896 0.033, 7.0396 0.7975 0.033, 7.056 0.8101 0.033, 7.0686 0.8265 0.033, 7.0766 0.8456 0.033, 7.0793 0.8661 0.033, 7.0766 0.8867 0.033, 7.0686 0.9058 0.033, 7.056 0.9222 0.033, 7.0396 0.9348 0.033, 7.0205 0.9427 0.033, 7.0 0.9454 0.033, 6.9832 0.9287 0.014, 6.9676 0.9222 0.014, 6.9542 0.9119 0.014, 6.944 0.8985 0.014, 6.9375 0.8829 0.014, 6.9353 0.8661 0.014, 6.9375 0.8494 0.014, 6.944 0.8338 0.014, 6.9542 0.8204 0.014, 6.9676 0.8101 0.014, 6.9832 0.8036 0.014, 7.0 0.8014 0.014, 7.0168 0.8036 0.014, 7.0324 0.8101 0.014, 7.0458 0.8204 0.014, 7.056 0.8338 0.014, 7.0625 0.8494 0.014, 7.0647 0.8661 0.014, 7.0625 0.8829 0.014, 7.056 0.8985 0.014, 7.0458 0.9119 0.014, 7.0324 0.9222 0.014, 7.0168 0.9287 0.014, 7.0 0.9309 0.014, 6.9882 0.9103 -0.0005, 6.9771 0.9058 -0.0005, 6.9676 0.8985 -0.0005, 6.9604 0.889 -0.0005, 6.9558 0.878 -0.0005, 6.9542 0.8661 -0.0005, 6.9558 0.8543 -0.0005, 6.9604 0.8433 -0.0005, 6.9676 0.8338 -0.0005, 6.9771 0.8265 -0.0005, 6.9882 0.8219 -0.0005, 7.0 0.8204 -0.0005, 7.0118 0.8219 -0.0005, 7.0229 0.8265 -0.0005, 7.0324 0.8338 -0.0005, 7.0396 0.8433 -0.0005, 7.0442 0.8543 -0.0005, 7.0458 0.8661 -0.0005, 7.0442 0.878 -0.0005, 7.0396 0.889 -0.0005, 7.0324 0.8985 -0.0005, 7.0229 0.9058 -0.0005, 7.0118 0.9103 -0.0005, 7.0 0.9119 -0.0005
            ]
        }
        coordIndex [
            0,1,2,-1,2,1,3,-1,4,5,6,-1,7,8,9,-1,9,8,10,-1,11,12,13,-1,13,12,14,-1,13,14,9,-1,9,14,15,-1,9,15,7,-1,1,16,3,-1,3,16,9,-1,3,9,17,-1,17,9,18,-1,19,20,16,-1,16,20,21,-1,16,21,22,-1,22,23,16,-1,16,23,24,-1,16,24,6,-1,6,24,25,-1,6,25,4,-1,10,26,9,-1,9,26,27,-1,9,27,28,-1,28,29,9,-1,9,29,30,-1,9,30,18,-1,1,31,16,-1,16,31,32,-1,16,32,33,-1,33,34,16,-1,16,34,35,-1,16,35,19,-1,36,37,38,-1,38,37,39,-1,40,41,42,-1,42,41,43,-1,42,43,44,-1,44,43,45,-1,44,45,46,-1,46,45,47,-1,48,41,49,-1,49,41,40,-1,49,40,50,-1,50,40,51,-1,46,47,38,-1,38,47,36,-1,37,52,39,-1,39,52,53,-1,54,55,56,-1,56,55,57,-1,53,52,57,-1,57,52,58,-1,57,58,56,-1,56,59,54,-1,54,59,60,-1,54,60,61,-1,62,63,64,-1,65,66,62,-1,62,66,67,-1,62,67,63,-1,64,68,62,-1,62,68,69,-1,62,69,70,-1,70,69,71,-1,70,71,72,-1,71,73,72,-1,72,73,74,-1,72,74,75,-1,75,74,76,-1,77,78,79,-1,79,78,80,-1,80,78,81,-1,81,78,82,-1,81,82,83,-1,83,84,81,-1,81,84,85,-1,81,85,86,-1,86,85,87,-1,86,87,88,-1,77,79,89,-1,89,79,90,-1,89,90,91,-1,79,80,92,-1,92,80,93,-1,92,93,94,-1,94,93,95,-1,96,97,98,-1,98,97,99,-1,98,99,72,-1,72,99,70,-1,100,101,102,-1,103,104,105,-1,105,106,103,-1,103,106,107,-1,103,107,108,-1,107,109,108,-1,108,109,110,-1,108,110,111,-1,112,113,114,-1,115,116,117,-1,115,117,118,-1,117,119,118,-1,118,119,120,-1,118,120,102,-1,102,120,121,-1,102,121,100,-1,100,121,122,-1,100,122,104,-1,104,122,123,-1,104,123,105,-1,110,124,111,-1,111,124,125,-1,111,125,114,-1,114,125,126,-1,114,126,112,-1,112,126,127,-1,112,127,128,-1,128,127,129,-1,128,129,130,-1,130,129,131,-1,130,131,132,-1,133,134,135,-1,133,135,136,-1,102,101,137,-1,102,137,118,-1,118,137,138,-1,118,138,139,-1,139,140,118,-1,118,140,141,-1,118,141,115,-1,115,141,142,-1,115,142,135,-1,135,142,143,-1,135,143,136,-1,144,145,146,-1,147,148,128,-1,113,112,149,-1,149,112,128,-1,149,128,150,-1,150,128,148,-1,146,151,144,-1,144,151,152,-1,144,152,130,-1,130,152,153,-1,130,153,128,-1,128,153,154,-1,128,154,147,-1,155,97,156,-1,156,157,155,-1,155,157,158,-1,155,158,159,-1,159,158,160,-1,159,160,161,-1,161,160,162,-1,161,162,163,-1,163,162,164,-1,163,164,165,-1,165,164,166,-1,165,166,167,-1,167,166,168,-1,167,168,169,-1,169,168,170,-1,169,170,171,-1,171,170,172,-1,171,172,173,-1,173,172,174,-1,173,174,175,-1,175,174,176,-1,175,176,177,-1,177,176,178,-1,177,178,179,-1,179,178,180,-1,179,180,181,-1,181,180,182,-1,181,182,183,-1,183,182,184,-1,183,184,185,-1,185,184,186,-1,185,186,187,-1,188,94,95,-1,187,186,95,-1,95,186,189,-1,95,189,188,-1,188,189,190,-1,188,190,191,-1,191,190,192,-1,191,192,193,-1,193,192,194,-1,193,194,195,-1,195,194,196,-1,195,196,197,-1,197,196,198,-1,197,198,199,-1,199,198,200,-1,199,200,201,-1,201,200,202,-1,201,202,203,-1,203,202,204,-1,203,204,205,-1,205,204,156,-1,205,156,206,-1,206,156,97,-1,206,97,96,-1,81,86,207,-1,65,62,208,-1,208,62,56,-1,208,56,207,-1,207,56,58,-1,207,58,81,-1,209,210,211,-1,211,210,212,-1,43,41,212,-1,212,41,48,-1,212,48,211,-1,211,48,213,-1,214,215,216,-1,37,36,52,-1,52,36,47,-1,52,47,58,-1,216,135,214,-1,214,135,134,-1,214,134,217,-1,47,45,58,-1,58,45,218,-1,58,218,81,-1,81,218,217,-1,81,217,80,-1,80,217,134,-1,80,134,93,-1,93,134,219,-1,213,220,50,-1,221,222,211,-1,211,222,223,-1,224,216,225,-1,225,216,215,-1,225,215,226,-1,226,215,227,-1,51,61,50,-1,50,61,60,-1,50,60,213,-1,213,60,228,-1,213,228,211,-1,211,228,229,-1,211,229,221,-1,223,230,211,-1,211,230,231,-1,211,231,215,-1,215,231,232,-1,215,232,227,-1,214,233,234,-1,235,209,236,-1,236,209,211,-1,236,211,234,-1,234,211,215,-1,234,215,214,-1,233,214,237,-1,237,214,217,-1,237,217,238,-1,238,217,210,-1,238,210,235,-1,235,210,209,-1,45,43,218,-1,218,43,212,-1,210,217,212,-1,212,217,218,-1,144,130,239,-1,239,130,132,-1,116,115,224,-1,224,115,135,-1,224,135,216,-1,180,178,240,-1,240,178,176,-1,192,190,241,-1,241,190,189,-1,156,204,242,-1,242,204,202,-1,242,202,200,-1,168,166,243,-1,243,166,164,-1,243,164,162,-1,176,174,240,-1,240,174,172,-1,240,172,243,-1,243,172,170,-1,243,170,168,-1,189,186,241,-1,241,186,184,-1,241,184,240,-1,240,184,182,-1,240,182,180,-1,200,198,242,-1,242,198,196,-1,242,196,241,-1,241,196,194,-1,241,194,192,-1,162,160,243,-1,243,160,158,-1,243,158,242,-1,242,158,157,-1,242,157,156,-1,100,244,101,-1,101,244,137,-1,113,149,114,-1,114,149,245,-1,246,219,133,-1,133,219,134,-1,246,133,247,-1,247,133,136,-1,247,136,248,-1,248,136,143,-1,248,143,249,-1,249,143,142,-1,250,249,141,-1,141,249,142,-1,250,141,251,-1,251,141,140,-1,251,140,252,-1,252,140,139,-1,252,139,253,-1,253,139,138,-1,253,138,244,-1,244,138,137,-1,245,149,254,-1,254,149,150,-1,254,150,255,-1,255,150,148,-1,255,148,256,-1,256,148,147,-1,256,147,257,-1,257,147,154,-1,258,257,153,-1,153,257,154,-1,258,153,259,-1,259,153,152,-1,259,152,260,-1,260,152,151,-1,260,151,261,-1,261,151,146,-1,262,261,145,-1,145,261,146,-1,261,262,99,-1,93,219,246,-1,93,246,95,-1,259,97,155,-1,183,185,248,-1,97,259,99,-1,99,259,260,-1,99,260,261,-1,246,247,95,-1,95,247,248,-1,95,248,187,-1,187,248,185,-1,183,248,181,-1,181,248,249,-1,181,249,179,-1,155,159,259,-1,259,159,161,-1,259,161,258,-1,173,175,252,-1,161,163,258,-1,258,163,165,-1,258,165,257,-1,257,165,167,-1,257,167,256,-1,256,167,169,-1,256,169,255,-1,255,169,254,-1,254,169,171,-1,254,171,245,-1,245,171,111,-1,245,111,114,-1,179,249,177,-1,177,249,250,-1,177,250,175,-1,175,250,251,-1,175,251,252,-1,252,253,173,-1,173,253,244,-1,173,244,100,-1,100,104,173,-1,173,104,103,-1,173,103,171,-1,171,103,108,-1,171,108,111,-1,98,72,263,-1,263,72,75,-1,263,75,264,-1,264,75,76,-1,264,76,265,-1,265,76,74,-1,265,74,266,-1,266,74,73,-1,266,73,267,-1,267,73,71,-1,267,71,69,-1,267,69,268,-1,268,69,68,-1,268,68,269,-1,269,68,64,-1,269,64,270,-1,270,64,63,-1,270,63,271,-1,271,63,67,-1,271,67,272,-1,272,67,66,-1,272,66,273,-1,208,273,65,-1,65,273,66,-1,274,207,88,-1,88,207,86,-1,274,88,87,-1,274,87,275,-1,275,87,85,-1,275,85,276,-1,276,85,84,-1,276,84,277,-1,277,84,83,-1,277,83,278,-1,278,83,82,-1,278,82,279,-1,279,82,78,-1,279,78,280,-1,280,78,281,-1,281,78,77,-1,281,77,282,-1,282,77,89,-1,282,89,283,-1,283,89,91,-1,283,91,284,-1,284,91,90,-1,284,90,92,-1,92,90,79,-1,98,263,96,-1,96,263,264,-1,96,264,265,-1,281,282,94,-1,282,283,94,-1,94,283,284,-1,94,284,92,-1,273,193,195,-1,205,270,203,-1,203,270,271,-1,203,271,201,-1,201,271,272,-1,201,272,199,-1,199,272,273,-1,199,273,197,-1,197,273,195,-1,265,266,96,-1,96,266,267,-1,96,267,206,-1,206,267,268,-1,206,268,205,-1,205,268,269,-1,205,269,270,-1,275,193,274,-1,274,193,273,-1,274,273,207,-1,207,273,208,-1,275,276,193,-1,193,276,277,-1,193,277,191,-1,191,277,278,-1,191,278,188,-1,188,278,279,-1,188,279,94,-1,94,279,280,-1,94,280,281,-1,61,51,54,-1,54,51,40,-1,54,40,55,-1,55,40,42,-1,57,55,44,-1,44,55,42,-1,57,44,53,-1,53,44,46,-1,53,46,39,-1,39,46,38,-1,9,234,13,-1,13,234,233,-1,13,233,285,-1,285,233,237,-1,286,238,6,-1,6,238,235,-1,6,235,16,-1,16,235,236,-1,286,285,238,-1,238,285,237,-1,287,11,13,-1,6,5,286,-1,286,5,288,-1,13,285,287,-1,287,285,289,-1,287,289,290,-1,291,292,288,-1,292,293,288,-1,288,293,294,-1,288,294,286,-1,286,294,295,-1,286,295,296,-1,290,297,287,-1,287,297,298,-1,287,298,299,-1,296,300,286,-1,286,300,301,-1,286,301,302,-1,299,303,287,-1,287,303,304,-1,287,304,288,-1,288,304,305,-1,288,305,291,-1,306,307,285,-1,302,308,286,-1,286,308,309,-1,286,309,285,-1,285,309,310,-1,285,310,306,-1,307,311,285,-1,285,311,312,-1,285,312,289,-1,234,9,236,-1,236,9,16,-1,17,313,314,-1,314,313,315,-1,3,17,2,-1,2,17,314,-1,2,314,240,-1,240,314,241,-1,314,315,316,-1,316,315,317,-1,31,1,318,-1,318,1,0,-1,317,318,316,-1,316,318,0,-1,316,0,242,-1,242,0,243,-1,319,20,19,-1,319,19,320,-1,320,19,35,-1,320,35,321,-1,321,35,34,-1,321,34,322,-1,322,34,33,-1,322,33,323,-1,323,33,32,-1,323,32,324,-1,324,32,31,-1,324,31,318,-1,325,4,326,-1,326,4,25,-1,326,25,327,-1,327,25,24,-1,327,24,328,-1,328,24,23,-1,328,23,329,-1,329,23,22,-1,329,22,330,-1,330,22,21,-1,330,21,319,-1,319,21,20,-1,325,288,4,-1,4,288,5,-1,287,331,11,-1,11,331,12,-1,332,26,333,-1,333,26,10,-1,333,10,334,-1,334,10,8,-1,334,8,335,-1,335,8,7,-1,335,7,336,-1,336,7,15,-1,336,15,337,-1,337,15,14,-1,337,14,331,-1,331,14,12,-1,313,17,18,-1,313,18,338,-1,338,18,30,-1,338,30,339,-1,339,30,29,-1,339,29,340,-1,340,29,28,-1,340,28,341,-1,341,28,27,-1,341,27,342,-1,342,27,26,-1,342,26,332,-1,321,322,340,-1,340,322,323,-1,331,287,332,-1,332,287,342,-1,342,287,341,-1,341,287,288,-1,341,288,340,-1,321,340,320,-1,320,340,288,-1,320,288,319,-1,319,288,325,-1,319,325,326,-1,334,335,333,-1,333,335,336,-1,333,336,332,-1,332,336,337,-1,332,337,331,-1,326,327,319,-1,319,327,328,-1,319,328,330,-1,330,328,329,-1,317,315,318,-1,318,315,313,-1,318,313,324,-1,324,313,338,-1,324,338,323,-1,323,338,339,-1,323,339,340,-1,0,2,243,-1,243,2,240,-1,314,316,241,-1,241,316,242,-1,343,344,345,-1,343,345,346,-1,347,346,345,-1,348,347,345,-1,349,348,345,-1,350,349,345,-1,351,350,345,-1,352,351,345,-1,353,352,345,-1,354,353,345,-1,355,354,345,-1,356,355,345,-1,357,356,345,-1,358,357,345,-1,359,358,345,-1,360,359,345,-1,361,360,345,-1,362,361,345,-1,363,362,345,-1,364,363,345,-1,365,364,345,-1,366,365,345,-1,367,366,345,-1,344,367,345,-1,309,368,310,-1,310,368,369,-1,310,369,306,-1,306,369,370,-1,306,370,307,-1,307,370,371,-1,307,371,311,-1,311,371,372,-1,311,372,312,-1,312,372,373,-1,312,373,289,-1,289,373,374,-1,289,374,290,-1,290,374,375,-1,290,375,297,-1,297,375,376,-1,297,376,298,-1,298,376,377,-1,298,377,299,-1,299,377,378,-1,299,378,303,-1,303,378,379,-1,303,379,304,-1,304,379,380,-1,304,380,305,-1,305,380,381,-1,305,381,291,-1,291,381,382,-1,291,382,292,-1,292,382,383,-1,292,383,293,-1,293,383,384,-1,293,384,294,-1,294,384,385,-1,294,385,295,-1,295,385,386,-1,295,386,296,-1,296,386,387,-1,296,387,300,-1,300,387,388,-1,300,388,301,-1,301,388,389,-1,301,389,302,-1,302,389,390,-1,302,390,308,-1,308,390,391,-1,308,391,309,-1,309,391,368,-1,391,392,368,-1,368,392,393,-1,368,393,369,-1,369,393,394,-1,369,394,370,-1,370,394,395,-1,370,395,371,-1,371,395,396,-1,371,396,372,-1,372,396,397,-1,372,397,373,-1,373,397,398,-1,373,398,374,-1,374,398,399,-1,374,399,375,-1,375,399,400,-1,375,400,376,-1,376,400,401,-1,376,401,377,-1,377,401,402,-1,377,402,378,-1,378,402,403,-1,378,403,379,-1,379,403,404,-1,379,404,380,-1,380,404,405,-1,380,405,381,-1,381,405,406,-1,381,406,382,-1,382,406,407,-1,382,407,383,-1,383,407,408,-1,383,408,384,-1,384,408,409,-1,384,409,385,-1,385,409,410,-1,385,410,386,-1,386,410,411,-1,386,411,387,-1,387,411,412,-1,387,412,388,-1,388,412,413,-1,388,413,389,-1,389,413,414,-1,389,414,390,-1,390,414,415,-1,390,415,391,-1,391,415,392,-1,415,416,392,-1,392,416,417,-1,392,417,393,-1,393,417,418,-1,393,418,394,-1,394,418,419,-1,394,419,395,-1,395,419,420,-1,395,420,396,-1,396,420,421,-1,396,421,397,-1,397,421,422,-1,397,422,398,-1,398,422,423,-1,398,423,399,-1,399,423,424,-1,399,424,400,-1,400,424,425,-1,400,425,401,-1,401,425,426,-1,401,426,402,-1,402,426,427,-1,402,427,403,-1,403,427,428,-1,403,428,404,-1,404,428,429,-1,404,429,405,-1,405,429,430,-1,405,430,406,-1,406,430,431,-1,406,431,407,-1,407,431,432,-1,407,432,408,-1,408,432,433,-1,408,433,409,-1,409,433,434,-1,409,434,410,-1,410,434,435,-1,410,435,411,-1,411,435,436,-1,411,436,412,-1,412,436,437,-1,412,437,413,-1,413,437,438,-1,413,438,414,-1,414,438,439,-1,414,439,415,-1,415,439,416,-1,439,440,416,-1,416,440,441,-1,416,441,417,-1,417,441,442,-1,417,442,418,-1,418,442,443,-1,418,443,419,-1,419,443,444,-1,419,444,420,-1,420,444,445,-1,420,445,421,-1,421,445,446,-1,421,446,422,-1,422,446,447,-1,422,447,423,-1,423,447,448,-1,423,448,424,-1,424,448,449,-1,424,449,425,-1,425,449,450,-1,425,450,426,-1,426,450,451,-1,426,451,427,-1,427,451,452,-1,427,452,428,-1,428,452,453,-1,428,453,429,-1,429,453,454,-1,429,454,430,-1,430,454,455,-1,430,455,431,-1,431,455,456,-1,431,456,432,-1,432,456,457,-1,432,457,433,-1,433,457,458,-1,433,458,434,-1,434,458,459,-1,434,459,435,-1,435,459,460,-1,435,460,436,-1,436,460,461,-1,436,461,437,-1,437,461,462,-1,437,462,438,-1,438,462,463,-1,438,463,439,-1,439,463,440,-1,463,344,440,-1,440,344,343,-1,440,343,441,-1,441,343,346,-1,441,346,442,-1,442,346,347,-1,442,347,443,-1,443,347,348,-1,443,348,444,-1,444,348,349,-1,444,349,445,-1,445,349,350,-1,445,350,446,-1,446,350,351,-1,446,351,447,-1,447,351,352,-1,447,352,448,-1,448,352,353,-1,448,353,449,-1,449,353,354,-1,449,354,450,-1,450,354,355,-1,450,355,451,-1,451,355,356,-1,451,356,452,-1,452,356,357,-1,452,357,453,-1,453,357,358,-1,453,358,454,-1,454,358,359,-1,454,359,455,-1,455,359,360,-1,455,360,456,-1,456,360,361,-1,456,361,457,-1,457,361,362,-1,457,362,458,-1,458,362,363,-1,458,363,459,-1,459,363,364,-1,459,364,460,-1,460,364,365,-1,460,365,461,-1,461,365,366,-1,461,366,462,-1,462,366,367,-1,462,367,463,-1,463,367,344,-1,221,229,132,-1,132,131,221,-1,221,131,129,-1,221,129,222,-1,129,127,222,-1,222,127,126,-1,222,126,223,-1,126,125,223,-1,223,125,124,-1,223,124,230,-1,124,110,230,-1,230,110,109,-1,230,109,231,-1,109,107,231,-1,231,107,106,-1,231,106,232,-1,106,105,232,-1,232,105,123,-1,232,123,227,-1,123,122,227,-1,227,122,121,-1,227,121,226,-1,116,224,117,-1,117,224,225,-1,117,225,119,-1,119,225,226,-1,119,226,120,-1,120,226,121,-1,132,229,239,-1,239,229,228,-1,239,228,60,-1,60,59,262,-1,262,59,56,-1,262,56,99,-1,99,56,62,-1,99,62,70,-1,239,60,144,-1,144,60,262,-1,144,262,145,-1,49,220,48,-1,48,220,213,-1,49,50,220,-1,
        ]
    }
}